ISO-10303-21;
HEADER;
/* Generated by software containing ST-Developer
 * from STEP Tools, Inc. (www.steptools.com) 
 */

FILE_DESCRIPTION(
/* description */ (''),
/* implementation_level */ '2;1');

FILE_NAME(
/* name */ 
'E:\\0 semester 10\\GP2\\2DOF_Hover\\CAD\\Workspaces\\Workspace\\guard.
stp',
/* time_stamp */ '2024-03-04T15:34:29+02:00',
/* author */ ('Lenovo'),
/* organization */ (''),
/* preprocessor_version */ 'ST-DEVELOPER v18.1',
/* originating_system */ 'Autodesk Inventor 2021',
/* authorisation */ '');

FILE_SCHEMA (('AUTOMOTIVE_DESIGN { 1 0 10303 214 3 1 1 }'));
ENDSEC;

DATA;
#10=MECHANICAL_DESIGN_GEOMETRIC_PRESENTATION_REPRESENTATION('',(#7357,#7358,
#7359,#7360,#7361,#7362,#7363,#7364,#7365,#7366,#7367,#7368,#7369,#7370,
#7371,#7372,#7373,#7374,#7375,#7376,#7377,#7378,#7379,#7380,#7381,#7382,
#7383,#7384,#7385,#7386,#7387,#7388,#7389,#7390,#7391,#7392,#7393,#7394,
#7395,#7396,#7397,#7398,#7399,#7400,#7401,#7402,#7403,#7404,#7405,#7406,
#7407,#7408,#7409,#7410,#7411,#7412,#7413,#7414,#7415,#7416,#7417,#7418,
#7419,#7420,#7421,#7422,#7423,#7424,#7425,#7426,#7427,#7428,#7429,#7430,
#7431,#7432,#7433,#7434,#7435,#7436,#7437,#7438,#7439,#7440,#7441,#7442,
#7443,#7444,#7445,#7446,#7447,#7448,#7449,#7450,#7451,#7452,#7453,#7454,
#7455,#7456,#7457,#7458,#7459,#7460,#7461,#7462,#7463,#7464,#7465,#7466,
#7467,#7468,#7469,#7470,#7471,#7472,#7473,#7474,#7475,#7476,#7477,#7478,
#7479,#7480,#7481,#7482,#7483,#7484,#7485,#7486,#7487,#7488,#7489,#7490,
#7491,#7492,#7493,#7494,#7495,#7496,#7497,#7498,#7499,#7500,#7501,#7502,
#7503,#7504,#7505,#7506,#7507,#7508,#7509,#7510,#7511,#7512,#7513,#7514,
#7515,#7516,#7517,#7518,#7519,#7520,#7521,#7522,#7523,#7524,#7525,#7526,
#7527,#7528,#7529,#7530,#7531,#7532,#7533,#7534,#7535,#7536,#7537,#7538,
#7539,#7540,#7541,#7542,#7543,#7544,#7545,#7546,#7547,#7548,#7549,#7550,
#7551,#7552,#7553,#7554,#7555,#7556,#7557,#7558,#7559,#7560,#7561,#7562,
#7563,#7564,#7565,#7566,#7567,#7568,#7569,#7570,#7571,#7572,#7573,#7574,
#7575,#7576,#7577,#7578,#7579,#7580,#7581,#7582,#7583,#7584,#7585,#7586,
#7587,#7588,#7589,#7590,#7591,#7592,#7593,#7594,#7595,#7596,#7597,#7598,
#7599,#7600,#7601,#7602,#7603,#7604,#7605,#7606,#7607,#7608,#7609,#7610,
#7611,#7612,#7613,#7614,#7615,#7616,#7617,#7618,#7619,#7620,#7621,#7622,
#7623,#7624,#7625,#7626,#7627,#7628,#7629,#7630,#7631,#7632,#7633,#7634,
#7635,#7636,#7637,#7638,#7639,#7640,#7641,#7642,#7643,#7644,#7645,#7646,
#7647,#7648,#7649,#7650,#7651,#7652,#7653,#7654,#7655,#7656,#7657,#7658,
#7659,#7660,#7661,#7662,#7663,#7664,#7665,#7666,#7667,#7668,#7669,#7670,
#7671,#7672,#7673,#7674,#7675,#7676,#7677,#7678,#7679),#15166);
#11=CONTEXT_DEPENDENT_OVER_RIDING_STYLED_ITEM('',(#15224),#15196,#7679,
(#29));
#12=CONTEXT_DEPENDENT_OVER_RIDING_STYLED_ITEM('',(#15224),#15197,#7679,
(#30));
#13=MAPPED_ITEM('',#14,#8905);
#14=REPRESENTATION_MAP(#8905,#15195);
#15=ITEM_DEFINED_TRANSFORMATION($,$,#8129,#8891);
#16=ITEM_DEFINED_TRANSFORMATION($,$,#8547,#8892);
#17=ITEM_DEFINED_TRANSFORMATION($,$,#8810,#8893);
#18=ITEM_DEFINED_TRANSFORMATION($,$,#8810,#8894);
#19=ITEM_DEFINED_TRANSFORMATION($,$,#8810,#8895);
#20=ITEM_DEFINED_TRANSFORMATION($,$,#8810,#8896);
#21=ITEM_DEFINED_TRANSFORMATION($,$,#8810,#8897);
#22=ITEM_DEFINED_TRANSFORMATION($,$,#8810,#8898);
#23=ITEM_DEFINED_TRANSFORMATION($,$,#8810,#8899);
#24=ITEM_DEFINED_TRANSFORMATION($,$,#8810,#8900);
#25=ITEM_DEFINED_TRANSFORMATION($,$,#8863,#8901);
#26=ITEM_DEFINED_TRANSFORMATION($,$,#8863,#8902);
#27=ITEM_DEFINED_TRANSFORMATION($,$,#8863,#8903);
#28=ITEM_DEFINED_TRANSFORMATION($,$,#8863,#8904);
#29=(
REPRESENTATION_RELATIONSHIP($,$,#15196,#15195)
REPRESENTATION_RELATIONSHIP_WITH_TRANSFORMATION(#15)
SHAPE_REPRESENTATION_RELATIONSHIP()
);
#30=(
REPRESENTATION_RELATIONSHIP($,$,#15197,#15195)
REPRESENTATION_RELATIONSHIP_WITH_TRANSFORMATION(#16)
SHAPE_REPRESENTATION_RELATIONSHIP()
);
#31=(
REPRESENTATION_RELATIONSHIP($,$,#15198,#15195)
REPRESENTATION_RELATIONSHIP_WITH_TRANSFORMATION(#17)
SHAPE_REPRESENTATION_RELATIONSHIP()
);
#32=(
REPRESENTATION_RELATIONSHIP($,$,#15198,#15195)
REPRESENTATION_RELATIONSHIP_WITH_TRANSFORMATION(#18)
SHAPE_REPRESENTATION_RELATIONSHIP()
);
#33=(
REPRESENTATION_RELATIONSHIP($,$,#15198,#15195)
REPRESENTATION_RELATIONSHIP_WITH_TRANSFORMATION(#19)
SHAPE_REPRESENTATION_RELATIONSHIP()
);
#34=(
REPRESENTATION_RELATIONSHIP($,$,#15198,#15195)
REPRESENTATION_RELATIONSHIP_WITH_TRANSFORMATION(#20)
SHAPE_REPRESENTATION_RELATIONSHIP()
);
#35=(
REPRESENTATION_RELATIONSHIP($,$,#15198,#15195)
REPRESENTATION_RELATIONSHIP_WITH_TRANSFORMATION(#21)
SHAPE_REPRESENTATION_RELATIONSHIP()
);
#36=(
REPRESENTATION_RELATIONSHIP($,$,#15198,#15195)
REPRESENTATION_RELATIONSHIP_WITH_TRANSFORMATION(#22)
SHAPE_REPRESENTATION_RELATIONSHIP()
);
#37=(
REPRESENTATION_RELATIONSHIP($,$,#15198,#15195)
REPRESENTATION_RELATIONSHIP_WITH_TRANSFORMATION(#23)
SHAPE_REPRESENTATION_RELATIONSHIP()
);
#38=(
REPRESENTATION_RELATIONSHIP($,$,#15198,#15195)
REPRESENTATION_RELATIONSHIP_WITH_TRANSFORMATION(#24)
SHAPE_REPRESENTATION_RELATIONSHIP()
);
#39=(
REPRESENTATION_RELATIONSHIP($,$,#15199,#15195)
REPRESENTATION_RELATIONSHIP_WITH_TRANSFORMATION(#25)
SHAPE_REPRESENTATION_RELATIONSHIP()
);
#40=(
REPRESENTATION_RELATIONSHIP($,$,#15199,#15195)
REPRESENTATION_RELATIONSHIP_WITH_TRANSFORMATION(#26)
SHAPE_REPRESENTATION_RELATIONSHIP()
);
#41=(
REPRESENTATION_RELATIONSHIP($,$,#15199,#15195)
REPRESENTATION_RELATIONSHIP_WITH_TRANSFORMATION(#27)
SHAPE_REPRESENTATION_RELATIONSHIP()
);
#42=(
REPRESENTATION_RELATIONSHIP($,$,#15199,#15195)
REPRESENTATION_RELATIONSHIP_WITH_TRANSFORMATION(#28)
SHAPE_REPRESENTATION_RELATIONSHIP()
);
#43=CONTEXT_DEPENDENT_SHAPE_REPRESENTATION(#29,#15181);
#44=CONTEXT_DEPENDENT_SHAPE_REPRESENTATION(#30,#15182);
#45=CONTEXT_DEPENDENT_SHAPE_REPRESENTATION(#31,#15183);
#46=CONTEXT_DEPENDENT_SHAPE_REPRESENTATION(#32,#15184);
#47=CONTEXT_DEPENDENT_SHAPE_REPRESENTATION(#33,#15185);
#48=CONTEXT_DEPENDENT_SHAPE_REPRESENTATION(#34,#15186);
#49=CONTEXT_DEPENDENT_SHAPE_REPRESENTATION(#35,#15187);
#50=CONTEXT_DEPENDENT_SHAPE_REPRESENTATION(#36,#15188);
#51=CONTEXT_DEPENDENT_SHAPE_REPRESENTATION(#37,#15189);
#52=CONTEXT_DEPENDENT_SHAPE_REPRESENTATION(#38,#15190);
#53=CONTEXT_DEPENDENT_SHAPE_REPRESENTATION(#39,#15191);
#54=CONTEXT_DEPENDENT_SHAPE_REPRESENTATION(#40,#15192);
#55=CONTEXT_DEPENDENT_SHAPE_REPRESENTATION(#41,#15193);
#56=CONTEXT_DEPENDENT_SHAPE_REPRESENTATION(#42,#15194);
#57=NEXT_ASSEMBLY_USAGE_OCCURRENCE('Part16:1','Part16:1','Part16:1',#15201,
#15202,'Part16:1');
#58=NEXT_ASSEMBLY_USAGE_OCCURRENCE('Part17:1','Part17:1','Part17:1',#15201,
#15203,'Part17:1');
#59=NEXT_ASSEMBLY_USAGE_OCCURRENCE('spacers for prop:1',
'spacers for prop:1','spacers for prop:1',#15201,#15204,
'spacers for prop:1');
#60=NEXT_ASSEMBLY_USAGE_OCCURRENCE('spacers for prop:2',
'spacers for prop:2','spacers for prop:2',#15201,#15204,
'spacers for prop:2');
#61=NEXT_ASSEMBLY_USAGE_OCCURRENCE('spacers for prop:3',
'spacers for prop:3','spacers for prop:3',#15201,#15204,
'spacers for prop:3');
#62=NEXT_ASSEMBLY_USAGE_OCCURRENCE('spacers for prop:4',
'spacers for prop:4','spacers for prop:4',#15201,#15204,
'spacers for prop:4');
#63=NEXT_ASSEMBLY_USAGE_OCCURRENCE('spacers for prop:5',
'spacers for prop:5','spacers for prop:5',#15201,#15204,
'spacers for prop:5');
#64=NEXT_ASSEMBLY_USAGE_OCCURRENCE('spacers for prop:6',
'spacers for prop:6','spacers for prop:6',#15201,#15204,
'spacers for prop:6');
#65=NEXT_ASSEMBLY_USAGE_OCCURRENCE('spacers for prop:7',
'spacers for prop:7','spacers for prop:7',#15201,#15204,
'spacers for prop:7');
#66=NEXT_ASSEMBLY_USAGE_OCCURRENCE('spacers for prop:8',
'spacers for prop:8','spacers for prop:8',#15201,#15204,
'spacers for prop:8');
#67=NEXT_ASSEMBLY_USAGE_OCCURRENCE('Standoff M3 M-M H 45mm:1',
'Standoff M3 M-M H 45mm:1','Standoff M3 M-M H 45mm:1',#15201,#15205,
'Standoff M3 M-M H 45mm:1');
#68=NEXT_ASSEMBLY_USAGE_OCCURRENCE('Standoff M3 M-M H 45mm:2',
'Standoff M3 M-M H 45mm:2','Standoff M3 M-M H 45mm:2',#15201,#15205,
'Standoff M3 M-M H 45mm:2');
#69=NEXT_ASSEMBLY_USAGE_OCCURRENCE('Standoff M3 M-M H 45mm:3',
'Standoff M3 M-M H 45mm:3','Standoff M3 M-M H 45mm:3',#15201,#15205,
'Standoff M3 M-M H 45mm:3');
#70=NEXT_ASSEMBLY_USAGE_OCCURRENCE('Standoff M3 M-M H 45mm:4',
'Standoff M3 M-M H 45mm:4','Standoff M3 M-M H 45mm:4',#15201,#15205,
'Standoff M3 M-M H 45mm:4');
#71=(
BOUNDED_SURFACE()
B_SPLINE_SURFACE(2,1,((#13906,#13907),(#13908,#13909),(#13910,#13911),(#13912,
#13913),(#13914,#13915),(#13916,#13917),(#13918,#13919),(#13920,#13921),
(#13922,#13923),(#13924,#13925),(#13926,#13927),(#13928,#13929),(#13930,
#13931),(#13932,#13933),(#13934,#13935),(#13936,#13937),(#13938,#13939),
(#13940,#13941),(#13942,#13943),(#13944,#13945),(#13946,#13947),(#13948,
#13949),(#13950,#13951),(#13952,#13953),(#13954,#13955),(#13956,#13957),
(#13958,#13959),(#13960,#13961),(#13962,#13963),(#13964,#13965),(#13966,
#13967),(#13968,#13969),(#13970,#13971),(#13972,#13973),(#13974,#13975),
(#13976,#13977),(#13978,#13979),(#13980,#13981),(#13982,#13983),(#13984,
#13985),(#13986,#13987),(#13988,#13989),(#13990,#13991),(#13992,#13993),
(#13994,#13995),(#13996,#13997),(#13998,#13999),(#14000,#14001),(#14002,
#14003),(#14004,#14005),(#14006,#14007),(#14008,#14009),(#14010,#14011),
(#14012,#14013),(#14014,#14015),(#14016,#14017),(#14018,#14019),(#14020,
#14021),(#14022,#14023),(#14024,#14025),(#14026,#14027),(#14028,#14029),
(#14030,#14031),(#14032,#14033),(#14034,#14035),(#14036,#14037),(#14038,
#14039),(#14040,#14041),(#14042,#14043),(#14044,#14045),(#14046,#14047),
(#14048,#14049),(#14050,#14051),(#14052,#14053),(#14054,#14055),(#14056,
#14057),(#14058,#14059),(#14060,#14061),(#14062,#14063),(#14064,#14065),
(#14066,#14067),(#14068,#14069),(#14070,#14071),(#14072,#14073),(#14074,
#14075),(#14076,#14077),(#14078,#14079),(#14080,#14081),(#14082,#14083),
(#14084,#14085),(#14086,#14087),(#14088,#14089),(#14090,#14091),(#14092,
#14093),(#14094,#14095),(#14096,#14097),(#14098,#14099),(#14100,#14101),
(#14102,#14103),(#14104,#14105),(#14106,#14107),(#14108,#14109),(#14110,
#14111),(#14112,#14113),(#14114,#14115),(#14116,#14117),(#14118,#14119),
(#14120,#14121),(#14122,#14123),(#14124,#14125),(#14126,#14127),(#14128,
#14129),(#14130,#14131),(#14132,#14133),(#14134,#14135),(#14136,#14137),
(#14138,#14139),(#14140,#14141),(#14142,#14143),(#14144,#14145),(#14146,
#14147)),.UNSPECIFIED.,.F.,.F.,.F.)
B_SPLINE_SURFACE_WITH_KNOTS((3,2,2,2,2,2,2,2,2,2,2,2,2,2,2,2,2,2,2,2,2,
2,2,2,2,2,2,2,2,2,2,2,2,2,2,2,2,2,2,2,2,2,2,2,2,2,2,2,2,2,2,2,2,2,2,2,2,
2,2,2,3),(2,2),(0.,1.76294848778124,3.52589697556249,5.28884546334373,7.05179395112497,
8.81474243890622,10.5776909266875,12.3406394144687,14.1035879022499,15.8665363900312,
17.6294848778124,19.3924333655937,21.1553818533749,22.9183303411562,24.6812788289374,
26.4442273167187,28.2071758044999,29.9701242922811,31.7330727800624,33.4960212678436,
35.2589697556249,37.0219182434061,38.7848667311874,40.5478152189686,42.3107637067498,
44.0737121945311,45.8366606823123,47.5996091700936,49.3625576578748,51.1255061456561,
52.8884546334373,54.6514031212186,56.4143516089998,58.177300096781,59.9402485845623,
61.7031970723435,63.4661455601248,65.229094047906,66.9920425356872,68.7549910234685,
70.5179395112497,72.280887999031,74.0438364868122,75.8067849745935,77.5697334623747,
79.332681950156,81.0956304379372,82.8585789257184,84.6215274134997,86.3844759012809,
88.1474243890622,89.9103728768434,91.6733213646247,93.4362698524059,95.1992183401871,
96.9621668279684,98.7251153157496,100.488063803531,102.251012291312,102.611480423665,
103.637595227902),(0.,0.459218380325213),.UNSPECIFIED.)
GEOMETRIC_REPRESENTATION_ITEM()
RATIONAL_B_SPLINE_SURFACE(((1.,1.),(0.866025403784439,0.866025403784439),
(1.,1.),(0.866025403784439,0.866025403784439),(1.,1.),(0.866025403784439,
0.866025403784439),(1.,1.),(0.866025403784439,0.866025403784439),(1.,1.),
(0.866025403784439,0.866025403784439),(1.,1.),(0.866025403784439,0.866025403784439),
(1.,1.),(0.866025403784439,0.866025403784439),(1.,1.),(0.866025403784439,
0.866025403784439),(1.,1.),(0.866025403784439,0.866025403784439),(1.,1.),
(0.866025403784439,0.866025403784439),(1.,1.),(0.866025403784439,0.866025403784439),
(1.,1.),(0.866025403784439,0.866025403784439),(1.,1.),(0.866025403784439,
0.866025403784439),(1.,1.),(0.866025403784439,0.866025403784439),(1.,1.),
(0.866025403784439,0.866025403784439),(1.,1.),(0.866025403784439,0.866025403784439),
(1.,1.),(0.866025403784439,0.866025403784439),(1.,1.),(0.866025403784439,
0.866025403784439),(1.,1.),(0.866025403784439,0.866025403784439),(1.,1.),
(0.866025403784439,0.866025403784439),(1.,1.),(0.866025403784439,0.866025403784439),
(1.,1.),(0.866025403784439,0.866025403784439),(1.,1.),(0.866025403784439,
0.866025403784439),(1.,1.),(0.866025403784439,0.866025403784439),(1.,1.),
(0.866025403784439,0.866025403784439),(1.,1.),(0.866025403784439,0.866025403784439),
(1.,1.),(0.866025403784439,0.866025403784439),(1.,1.),(0.866025403784439,
0.866025403784439),(1.,1.),(0.866025403784439,0.866025403784439),(1.,1.),
(0.866025403784439,0.866025403784439),(1.,1.),(0.866025403784439,0.866025403784439),
(1.,1.),(0.866025403784439,0.866025403784439),(1.,1.),(0.866025403784439,
0.866025403784439),(1.,1.),(0.866025403784439,0.866025403784439),(1.,1.),
(0.866025403784439,0.866025403784439),(1.,1.),(0.866025403784439,0.866025403784439),
(1.,1.),(0.866025403784439,0.866025403784439),(1.,1.),(0.866025403784439,
0.866025403784439),(1.,1.),(0.866025403784439,0.866025403784439),(1.,1.),
(0.866025403784439,0.866025403784439),(1.,1.),(0.866025403784439,0.866025403784439),
(1.,1.),(0.866025403784439,0.866025403784439),(1.,1.),(0.866025403784439,
0.866025403784439),(1.,1.),(0.866025403784439,0.866025403784439),(1.,1.),
(0.866025403784439,0.866025403784439),(1.,1.),(0.866025403784439,0.866025403784439),
(1.,1.),(0.866025403784439,0.866025403784439),(1.,1.),(0.866025403784439,
0.866025403784439),(1.,1.),(0.866025403784439,0.866025403784439),(1.,1.),
(0.866025403784439,0.866025403784439),(1.,1.),(0.866025403784439,0.866025403784439),
(1.,1.),(0.866025403784439,0.866025403784439),(1.,1.),(0.866025403784439,
0.866025403784439),(1.,1.),(0.866025403784439,0.866025403784439),(1.,1.),
(0.866025403784439,0.866025403784439),(1.,1.),(0.866025403784439,0.866025403784439),
(1.,1.),(0.866025403784439,0.866025403784439),(1.,1.),(0.866025403784439,
0.866025403784439),(1.,1.),(0.972606362117059,0.972606362117059),(0.956415018066813,
0.956415018066813),(0.956415018066813,0.956415018066813),(0.956415018066813,
0.956415018066813)))
REPRESENTATION_ITEM('')
SURFACE()
);
#72=(
BOUNDED_SURFACE()
B_SPLINE_SURFACE(2,1,((#14255,#14256),(#14257,#14258),(#14259,#14260),(#14261,
#14262),(#14263,#14264),(#14265,#14266),(#14267,#14268),(#14269,#14270),
(#14271,#14272),(#14273,#14274),(#14275,#14276),(#14277,#14278),(#14279,
#14280),(#14281,#14282),(#14283,#14284),(#14285,#14286),(#14287,#14288),
(#14289,#14290),(#14291,#14292),(#14293,#14294),(#14295,#14296),(#14297,
#14298),(#14299,#14300),(#14301,#14302),(#14303,#14304),(#14305,#14306),
(#14307,#14308),(#14309,#14310),(#14311,#14312),(#14313,#14314),(#14315,
#14316),(#14317,#14318),(#14319,#14320),(#14321,#14322),(#14323,#14324),
(#14325,#14326),(#14327,#14328),(#14329,#14330),(#14331,#14332),(#14333,
#14334),(#14335,#14336),(#14337,#14338),(#14339,#14340),(#14341,#14342),
(#14343,#14344),(#14345,#14346),(#14347,#14348),(#14349,#14350),(#14351,
#14352),(#14353,#14354),(#14355,#14356),(#14357,#14358),(#14359,#14360),
(#14361,#14362),(#14363,#14364),(#14365,#14366),(#14367,#14368),(#14369,
#14370),(#14371,#14372),(#14373,#14374),(#14375,#14376),(#14377,#14378),
(#14379,#14380),(#14381,#14382),(#14383,#14384),(#14385,#14386),(#14387,
#14388),(#14389,#14390),(#14391,#14392),(#14393,#14394),(#14395,#14396),
(#14397,#14398),(#14399,#14400),(#14401,#14402),(#14403,#14404),(#14405,
#14406),(#14407,#14408),(#14409,#14410),(#14411,#14412),(#14413,#14414),
(#14415,#14416),(#14417,#14418),(#14419,#14420),(#14421,#14422),(#14423,
#14424),(#14425,#14426),(#14427,#14428),(#14429,#14430),(#14431,#14432),
(#14433,#14434),(#14435,#14436),(#14437,#14438),(#14439,#14440),(#14441,
#14442),(#14443,#14444),(#14445,#14446),(#14447,#14448),(#14449,#14450),
(#14451,#14452),(#14453,#14454),(#14455,#14456),(#14457,#14458),(#14459,
#14460),(#14461,#14462),(#14463,#14464),(#14465,#14466),(#14467,#14468),
(#14469,#14470),(#14471,#14472),(#14473,#14474),(#14475,#14476),(#14477,
#14478),(#14479,#14480),(#14481,#14482),(#14483,#14484),(#14485,#14486),
(#14487,#14488),(#14489,#14490),(#14491,#14492)),.UNSPECIFIED.,.F.,.F.,
 .F.)
B_SPLINE_SURFACE_WITH_KNOTS((3,2,2,2,2,2,2,2,2,2,2,2,2,2,2,2,2,2,2,2,2,
2,2,2,2,2,2,2,2,2,2,2,2,2,2,2,2,2,2,2,2,2,2,2,2,2,2,2,2,2,2,2,2,2,2,2,2,
2,2,3),(2,2),(0.,1.76458991704863,3.52917983409726,5.29376975114589,7.05835966819452,
8.82294958524315,10.5875395022918,12.3521294193404,14.116719336389,15.8813092534377,
17.6458991704863,19.4104890875349,21.1750790045836,22.9396689216322,24.7042588386808,
26.4688487557294,28.2334386727781,29.9980285898267,31.7626185068753,33.527208423924,
35.2917983409726,37.0563882580212,38.8209781750699,40.5855680921185,42.3501580091671,
44.1147479262157,45.8793378432644,47.643927760313,49.4085176773616,51.1731075944103,
52.9376975114589,54.7022874285075,56.4668773455561,58.2314672626048,59.9960571796534,
61.760647096702,63.5252370137507,65.2898269307993,67.0544168478479,68.8190067648966,
70.5835966819452,72.3481865989938,74.1127765160424,75.8773664330911,77.6419563501397,
79.4065462671883,81.171136184237,82.9357261012856,84.7003160183342,86.4649059353829,
88.2294958524315,89.9940857694801,91.7586756865287,93.5232656035774,95.287855520626,
97.0524454376746,98.8170353547233,100.581625271772,102.346215188821,102.707041051543),
(0.,0.454201307929643),.UNSPECIFIED.)
GEOMETRIC_REPRESENTATION_ITEM()
RATIONAL_B_SPLINE_SURFACE(((1.,1.),(0.866025403784439,0.866025403784439),
(1.,1.),(0.866025403784439,0.866025403784439),(1.,1.),(0.866025403784439,
0.866025403784439),(1.,1.),(0.866025403784439,0.866025403784439),(1.,1.),
(0.866025403784439,0.866025403784439),(1.,1.),(0.866025403784439,0.866025403784439),
(1.,1.),(0.866025403784439,0.866025403784439),(1.,1.),(0.866025403784439,
0.866025403784439),(1.,1.),(0.866025403784439,0.866025403784439),(1.,1.),
(0.866025403784439,0.866025403784439),(1.,1.),(0.866025403784439,0.866025403784439),
(1.,1.),(0.866025403784439,0.866025403784439),(1.,1.),(0.866025403784439,
0.866025403784439),(1.,1.),(0.866025403784439,0.866025403784439),(1.,1.),
(0.866025403784439,0.866025403784439),(1.,1.),(0.866025403784439,0.866025403784439),
(1.,1.),(0.866025403784439,0.866025403784439),(1.,1.),(0.866025403784439,
0.866025403784439),(1.,1.),(0.866025403784439,0.866025403784439),(1.,1.),
(0.866025403784439,0.866025403784439),(1.,1.),(0.866025403784439,0.866025403784439),
(1.,1.),(0.866025403784439,0.866025403784439),(1.,1.),(0.866025403784439,
0.866025403784439),(1.,1.),(0.866025403784439,0.866025403784439),(1.,1.),
(0.866025403784439,0.866025403784439),(1.,1.),(0.866025403784439,0.866025403784439),
(1.,1.),(0.866025403784439,0.866025403784439),(1.,1.),(0.866025403784439,
0.866025403784439),(1.,1.),(0.866025403784439,0.866025403784439),(1.,1.),
(0.866025403784439,0.866025403784439),(1.,1.),(0.866025403784439,0.866025403784439),
(1.,1.),(0.866025403784439,0.866025403784439),(1.,1.),(0.866025403784439,
0.866025403784439),(1.,1.),(0.866025403784439,0.866025403784439),(1.,1.),
(0.866025403784439,0.866025403784439),(1.,1.),(0.866025403784439,0.866025403784439),
(1.,1.),(0.866025403784439,0.866025403784439),(1.,1.),(0.866025403784439,
0.866025403784439),(1.,1.),(0.866025403784439,0.866025403784439),(1.,1.),
(0.866025403784439,0.866025403784439),(1.,1.),(0.866025403784439,0.866025403784439),
(1.,1.),(0.866025403784439,0.866025403784439),(1.,1.),(0.866025403784439,
0.866025403784439),(1.,1.),(0.866025403784439,0.866025403784439),(1.,1.),
(0.866025403784439,0.866025403784439),(1.,1.),(0.866025403784439,0.866025403784439),
(1.,1.),(0.866025403784439,0.866025403784439),(1.,1.),(0.866025403784439,
0.866025403784439),(1.,1.),(0.866025403784439,0.866025403784439),(1.,1.),
(0.866025403784439,0.866025403784439),(1.,1.),(0.866025403784439,0.866025403784439),
(1.,1.),(0.866025403784439,0.866025403784439),(1.,1.),(0.866025403784439,
0.866025403784439),(1.,1.),(0.866025403784439,0.866025403784439),(1.,1.),
(0.866025403784439,0.866025403784439),(1.,1.),(0.866025403784439,0.866025403784439),
(1.,1.),(0.866025403784439,0.866025403784439),(1.,1.),(0.866025403784439,
0.866025403784439),(1.,1.),(0.972604683504484,0.972604683504483),(0.956413033779972,
0.956413033779972)))
REPRESENTATION_ITEM('')
SURFACE()
);
#73=(
BOUNDED_SURFACE()
B_SPLINE_SURFACE(2,1,((#14602,#14603),(#14604,#14605),(#14606,#14607),(#14608,
#14609),(#14610,#14611),(#14612,#14613),(#14614,#14615),(#14616,#14617),
(#14618,#14619),(#14620,#14621),(#14622,#14623),(#14624,#14625),(#14626,
#14627),(#14628,#14629),(#14630,#14631),(#14632,#14633),(#14634,#14635),
(#14636,#14637),(#14638,#14639),(#14640,#14641),(#14642,#14643),(#14644,
#14645),(#14646,#14647),(#14648,#14649),(#14650,#14651),(#14652,#14653),
(#14654,#14655),(#14656,#14657),(#14658,#14659),(#14660,#14661),(#14662,
#14663),(#14664,#14665),(#14666,#14667),(#14668,#14669),(#14670,#14671),
(#14672,#14673),(#14674,#14675),(#14676,#14677),(#14678,#14679),(#14680,
#14681),(#14682,#14683),(#14684,#14685),(#14686,#14687),(#14688,#14689),
(#14690,#14691),(#14692,#14693),(#14694,#14695),(#14696,#14697),(#14698,
#14699),(#14700,#14701),(#14702,#14703),(#14704,#14705),(#14706,#14707),
(#14708,#14709),(#14710,#14711),(#14712,#14713),(#14714,#14715),(#14716,
#14717),(#14718,#14719),(#14720,#14721),(#14722,#14723),(#14724,#14725),
(#14726,#14727),(#14728,#14729),(#14730,#14731),(#14732,#14733),(#14734,
#14735),(#14736,#14737),(#14738,#14739),(#14740,#14741),(#14742,#14743),
(#14744,#14745),(#14746,#14747),(#14748,#14749),(#14750,#14751),(#14752,
#14753),(#14754,#14755),(#14756,#14757),(#14758,#14759),(#14760,#14761),
(#14762,#14763),(#14764,#14765),(#14766,#14767),(#14768,#14769),(#14770,
#14771),(#14772,#14773),(#14774,#14775),(#14776,#14777),(#14778,#14779),
(#14780,#14781),(#14782,#14783),(#14784,#14785),(#14786,#14787),(#14788,
#14789),(#14790,#14791),(#14792,#14793),(#14794,#14795),(#14796,#14797),
(#14798,#14799),(#14800,#14801),(#14802,#14803),(#14804,#14805),(#14806,
#14807),(#14808,#14809),(#14810,#14811),(#14812,#14813),(#14814,#14815),
(#14816,#14817),(#14818,#14819),(#14820,#14821),(#14822,#14823),(#14824,
#14825),(#14826,#14827),(#14828,#14829),(#14830,#14831),(#14832,#14833),
(#14834,#14835),(#14836,#14837),(#14838,#14839),(#14840,#14841),(#14842,
#14843)),.UNSPECIFIED.,.F.,.F.,.F.)
B_SPLINE_SURFACE_WITH_KNOTS((3,2,2,2,2,2,2,2,2,2,2,2,2,2,2,2,2,2,2,2,2,
2,2,2,2,2,2,2,2,2,2,2,2,2,2,2,2,2,2,2,2,2,2,2,2,2,2,2,2,2,2,2,2,2,2,2,2,
2,2,2,3),(2,2),(0.,1.35782214671737,2.71564429343473,4.0734664401521,5.43128858686947,
6.78911073358683,8.1469328803042,9.50475502702156,10.8625771737389,12.2203993204563,
13.5782214671737,14.936043613891,16.2938657606084,17.6516879073258,19.0095100540431,
20.3673322007605,21.7251543474779,23.0829764941952,24.4407986409126,25.79862078763,
27.1564429343473,28.5142650810647,29.8720872277821,31.2299093744994,32.5877315212168,
33.9455536679342,35.3033758146515,36.6611979613689,38.0190201080863,39.3768422548036,
40.734664401521,42.0924865482384,43.4503086949557,44.8081308416731,46.1659529883905,
47.5237751351078,48.8815972818252,50.2394194285426,51.5972415752599,52.9550637219773,
54.3128858686947,55.670708015412,57.0285301621294,58.3863523088468,59.7441744555641,
61.1019966022815,62.4598187489989,63.8176408957162,65.1754630424336,66.5332851891509,
67.8911073358683,69.2489294825857,70.606751629303,71.9645737760204,73.3223959227378,
74.6802180694552,76.0380402161725,77.3958623628899,78.7536845096072,79.0312920768483,
79.8216049976168),(-1.16790258020139E-15,0.0625000000000023),
 .UNSPECIFIED.)
GEOMETRIC_REPRESENTATION_ITEM()
RATIONAL_B_SPLINE_SURFACE(((1.,1.),(0.866025403784439,0.866025403784439),
(1.,1.),(0.866025403784439,0.866025403784439),(1.,1.),(0.866025403784439,
0.866025403784439),(1.,1.),(0.866025403784439,0.866025403784439),(1.,1.),
(0.866025403784439,0.866025403784439),(1.,1.),(0.866025403784439,0.866025403784439),
(1.,1.),(0.866025403784439,0.866025403784439),(1.,1.),(0.866025403784439,
0.866025403784439),(1.,1.),(0.866025403784439,0.866025403784439),(1.,1.),
(0.866025403784439,0.866025403784439),(1.,1.),(0.866025403784439,0.866025403784439),
(1.,1.),(0.866025403784439,0.866025403784439),(1.,1.),(0.866025403784439,
0.866025403784439),(1.,1.),(0.866025403784439,0.866025403784439),(1.,1.),
(0.866025403784439,0.866025403784439),(1.,1.),(0.866025403784439,0.866025403784439),
(1.,1.),(0.866025403784439,0.866025403784439),(1.,1.),(0.866025403784439,
0.866025403784439),(1.,1.),(0.866025403784439,0.866025403784439),(1.,1.),
(0.866025403784439,0.866025403784439),(1.,1.),(0.866025403784439,0.866025403784439),
(1.,1.),(0.866025403784439,0.866025403784439),(1.,1.),(0.866025403784439,
0.866025403784439),(1.,1.),(0.866025403784439,0.866025403784439),(1.,1.),
(0.866025403784439,0.866025403784439),(1.,1.),(0.866025403784439,0.866025403784439),
(1.,1.),(0.866025403784439,0.866025403784439),(1.,1.),(0.866025403784439,
0.866025403784439),(1.,1.),(0.866025403784439,0.866025403784439),(1.,1.),
(0.866025403784439,0.866025403784439),(1.,1.),(0.866025403784439,0.866025403784439),
(1.,1.),(0.866025403784439,0.866025403784439),(1.,1.),(0.866025403784439,
0.866025403784439),(1.,1.),(0.866025403784439,0.866025403784439),(1.,1.),
(0.866025403784439,0.866025403784439),(1.,1.),(0.866025403784439,0.866025403784439),
(1.,1.),(0.866025403784439,0.866025403784439),(1.,1.),(0.866025403784439,
0.866025403784439),(1.,1.),(0.866025403784439,0.866025403784439),(1.,1.),
(0.866025403784439,0.866025403784439),(1.,1.),(0.866025403784439,0.866025403784439),
(1.,1.),(0.866025403784439,0.866025403784439),(1.,1.),(0.866025403784439,
0.866025403784439),(1.,1.),(0.866025403784439,0.866025403784439),(1.,1.),
(0.866025403784439,0.866025403784439),(1.,1.),(0.866025403784439,0.866025403784439),
(1.,1.),(0.866025403784439,0.866025403784439),(1.,1.),(0.866025403784439,
0.866025403784439),(1.,1.),(0.866025403784439,0.866025403784439),(1.,1.),
(0.866025403784439,0.866025403784439),(1.,1.),(0.866025403784439,0.866025403784439),
(1.,1.),(0.866025403784439,0.866025403784439),(1.,1.),(0.866025403784439,
0.866025403784439),(1.,1.),(0.866025403784439,0.866025403784439),(1.,1.),
(0.866025403784439,0.866025403784439),(1.,1.),(0.866025403784439,0.866025403784439),
(1.,1.),(0.866025403784439,0.866025403784439),(1.,1.),(0.866025403784439,
0.866025403784439),(1.,1.),(0.972608811973337,0.972608811973338),(0.956417914191324,
0.956417914191324),(0.956417914191324,0.956417914191324),(0.956417914191324,
0.956417914191324)))
REPRESENTATION_ITEM('')
SURFACE()
);
#74=(
BOUNDED_CURVE()
B_SPLINE_CURVE(2,(#13784,#13785,#13786,#13787),.UNSPECIFIED.,.F.,.F.)
B_SPLINE_CURVE_WITH_KNOTS((3,1,3),(-11.5738492223089,-7.64569880714351,
-7.19103124760235),.UNSPECIFIED.)
CURVE()
GEOMETRIC_REPRESENTATION_ITEM()
RATIONAL_B_SPLINE_CURVE((17.7206236761452,19.4500219611729,17.9207945491068,
17.7206236761452))
REPRESENTATION_ITEM('')
);
#75=(
BOUNDED_CURVE()
B_SPLINE_CURVE(2,(#13800,#13801,#13802,#13803),.UNSPECIFIED.,.F.,.F.)
B_SPLINE_CURVE_WITH_KNOTS((3,1,3),(-11.5738754391739,-7.64572863695111,
-7.19104775757455),.UNSPECIFIED.)
CURVE()
GEOMETRIC_REPRESENTATION_ITEM()
RATIONAL_B_SPLINE_CURVE((17.7206626588458,19.4500593274392,17.9208393929674,
17.7206626588322))
REPRESENTATION_ITEM('')
);
#76=(
BOUNDED_CURVE()
B_SPLINE_CURVE(2,(#13816,#13817,#13818,#13819),.UNSPECIFIED.,.F.,.F.)
B_SPLINE_CURVE_WITH_KNOTS((3,1,3),(-11.573875439172,-7.64572863694854,-7.19104775757464),
 .UNSPECIFIED.)
CURVE()
GEOMETRIC_REPRESENTATION_ITEM()
RATIONAL_B_SPLINE_CURVE((17.7206626588394,19.4500593274307,17.920839392958,
17.7206626588241))
REPRESENTATION_ITEM('')
);
#77=(
BOUNDED_CURVE()
B_SPLINE_CURVE(2,(#13832,#13833,#13834,#13835),.UNSPECIFIED.,.F.,.F.)
B_SPLINE_CURVE_WITH_KNOTS((3,1,3),(7.19103124760384,7.64569880713992,11.5738492223078),
 .UNSPECIFIED.)
CURVE()
GEOMETRIC_REPRESENTATION_ITEM()
RATIONAL_B_SPLINE_CURVE((17.7206236761349,17.920794549094,19.4500219611614,
17.7206236761348))
REPRESENTATION_ITEM('')
);
#78=(
BOUNDED_CURVE()
B_SPLINE_CURVE(2,(#13848,#13849,#13850,#13851),.UNSPECIFIED.,.F.,.F.)
B_SPLINE_CURVE_WITH_KNOTS((3,1,3),(7.19104775757393,7.64572863695032,8.91681498638012),
 .UNSPECIFIED.)
CURVE()
GEOMETRIC_REPRESENTATION_ITEM()
RATIONAL_B_SPLINE_CURVE((17.720662658829,17.9208393929641,18.5229798010001,
18.6418886047639))
REPRESENTATION_ITEM('')
);
#79=(
BOUNDED_CURVE()
B_SPLINE_CURVE(2,(#13858,#13859,#13860),.UNSPECIFIED.,.F.,.F.)
B_SPLINE_CURVE_WITH_KNOTS((3,3),(8.91681498638012,11.5738754391728),
 .UNSPECIFIED.)
CURVE()
GEOMETRIC_REPRESENTATION_ITEM()
RATIONAL_B_SPLINE_CURVE((18.6418886047639,18.8904538419811,17.7206626588442))
REPRESENTATION_ITEM('')
);
#80=(
BOUNDED_CURVE()
B_SPLINE_CURVE(2,(#13873,#13874,#13875,#13876),.UNSPECIFIED.,.F.,.F.)
B_SPLINE_CURVE_WITH_KNOTS((3,1,3),(7.19104775757381,7.64572863695225,11.573875439174),
 .UNSPECIFIED.)
CURVE()
GEOMETRIC_REPRESENTATION_ITEM()
RATIONAL_B_SPLINE_CURVE((17.7206626588351,17.9208393929712,19.4500593274427,
17.7206626588493))
REPRESENTATION_ITEM('')
);
#81=(
BOUNDED_CURVE()
B_SPLINE_CURVE(2,(#14148,#14149,#14150,#14151,#14152,#14153,#14154,#14155,
#14156,#14157,#14158,#14159,#14160,#14161,#14162,#14163,#14164,#14165,#14166,
#14167,#14168,#14169,#14170,#14171,#14172,#14173,#14174,#14175,#14176,#14177,
#14178,#14179,#14180,#14181,#14182,#14183,#14184,#14185,#14186,#14187,#14188,
#14189,#14190,#14191,#14192,#14193,#14194,#14195,#14196,#14197,#14198,#14199,
#14200,#14201,#14202,#14203,#14204,#14205,#14206,#14207,#14208,#14209,#14210,
#14211,#14212,#14213,#14214,#14215,#14216,#14217,#14218,#14219,#14220,#14221,
#14222,#14223,#14224,#14225,#14226,#14227,#14228,#14229,#14230,#14231,#14232,
#14233,#14234,#14235,#14236,#14237,#14238,#14239,#14240,#14241,#14242,#14243,
#14244,#14245,#14246,#14247,#14248,#14249,#14250,#14251,#14252,#14253,#14254),
 .UNSPECIFIED.,.F.,.F.)
B_SPLINE_CURVE_WITH_KNOTS((3,2,2,2,2,2,2,2,2,2,2,2,2,2,2,2,2,2,2,2,2,2,
2,2,2,2,2,2,2,2,2,2,2,2,2,2,2,2,2,2,2,2,2,2,2,2,2,2,2,2,2,2,2,3),(-71.7349188631606,
-70.3753118100888,-69.0157047570151,-67.6560977039414,-66.2964906508677,
-64.936883597794,-63.5772765447203,-62.2176694916465,-60.8580624385728,
-59.4984553854991,-58.1388483324254,-56.7792412793516,-55.4196342262779,
-54.0600271732042,-52.7004201201305,-51.3408130670568,-49.981206013983,
-48.6215989609093,-47.2619919078356,-45.9023848547619,-44.5427778016881,
-43.1831707486144,-41.8235636955407,-40.463956642467,-39.1043495893932,
-37.7447425363195,-36.3851354832458,-35.0255284301721,-33.6659213770983,
-32.3063143240246,-30.9467072709509,-29.5871002178772,-28.2274931648035,
-26.8678861117297,-25.508279058656,-24.1486720055823,-22.7890649525086,
-21.4294578994349,-20.0698508463611,-18.7102437932874,-17.3506367402137,
-15.99102968714,-14.6314226340662,-13.2718155809925,-11.9122085279188,-10.5526014748451,
-9.19299442177136,-7.83338736869764,-6.47378031562392,-5.11417326255019,
-3.75456620947647,-2.39495915640275,-1.03535210332903,0.),.UNSPECIFIED.)
CURVE()
GEOMETRIC_REPRESENTATION_ITEM()
RATIONAL_B_SPLINE_CURVE((1.,0.866025403785423,1.,0.866025403784439,1.,0.866025403784439,
1.,0.866025403784439,1.,0.866025403784439,1.,0.866025403784439,1.,0.866025403784439,
1.,0.866025403784439,1.,0.866025403784439,1.,0.866025403784439,1.,0.866025403784439,
1.,0.866025403784439,1.,0.866025403784439,1.,0.866025403784439,1.,0.866025403784439,
1.,0.866025403784439,1.,0.866025403784439,1.,0.866025403784439,1.,0.866025403784439,
1.,0.866025403784439,1.,0.866025403784439,1.,0.866025403784439,1.,0.866025403784439,
1.,0.866025403784439,1.,0.866025403784439,1.,0.866025403784439,1.,0.866025403784439,
1.,0.866025403784439,1.,0.866025403784439,1.,0.866025403784439,1.,0.866025403784439,
1.,0.866025403784439,1.,0.866025403784439,1.,0.866025403784439,1.,0.866025403784439,
1.,0.866025403784439,1.,0.866025403784439,1.,0.866025403784439,1.,0.866025403784439,
1.,0.866025403784439,1.,0.866025403784439,1.,0.866025403784439,1.,0.866025403784439,
1.,0.866025403784439,1.,0.866025403784439,1.,0.866025403784439,1.,0.866025403784439,
1.,0.866025403784439,1.,0.866025403784439,1.,0.866025403784439,1.,0.866025403784439,
1.,0.866025403784439,1.,0.91546042571325,1.))
REPRESENTATION_ITEM('')
);
#82=(
BOUNDED_CURVE()
B_SPLINE_CURVE(2,(#14493,#14494,#14495,#14496,#14497,#14498,#14499,#14500,
#14501,#14502,#14503,#14504,#14505,#14506,#14507,#14508,#14509,#14510,#14511,
#14512,#14513,#14514,#14515,#14516,#14517,#14518,#14519,#14520,#14521,#14522,
#14523,#14524,#14525,#14526,#14527,#14528,#14529,#14530,#14531,#14532,#14533,
#14534,#14535,#14536,#14537,#14538,#14539,#14540,#14541,#14542,#14543,#14544,
#14545,#14546,#14547,#14548,#14549,#14550,#14551,#14552,#14553,#14554,#14555,
#14556,#14557,#14558,#14559,#14560,#14561,#14562,#14563,#14564,#14565,#14566,
#14567,#14568,#14569,#14570,#14571,#14572,#14573,#14574,#14575,#14576,#14577,
#14578,#14579,#14580,#14581,#14582,#14583,#14584,#14585,#14586,#14587,#14588,
#14589,#14590,#14591,#14592,#14593,#14594,#14595,#14596,#14597,#14598,#14599,
#14600,#14601),.UNSPECIFIED.,.F.,.F.)
B_SPLINE_CURVE_WITH_KNOTS((3,2,2,2,2,2,2,2,2,2,2,2,2,2,2,2,2,2,2,2,2,2,
2,2,2,2,2,2,2,2,2,2,2,2,2,2,2,2,2,2,2,2,2,2,2,2,2,2,2,2,2,2,2,2,3),(-71.7296126194386,
-71.6626718485757,-70.3030647955019,-68.9434577424282,-67.5838506893545,
-66.2242436362808,-64.8646365832071,-63.5050295301334,-62.1454224770596,
-60.7858154239859,-59.4262083709122,-58.0666013178385,-56.7069942647647,
-55.347387211691,-53.9877801586173,-52.6281731055436,-51.2685660524698,
-49.9089589993961,-48.5493519463224,-47.1897448932487,-45.8301378401749,
-44.4705307871012,-43.1109237340275,-41.7513166809538,-40.3917096278801,
-39.0321025748063,-37.6724955217326,-36.3128884686589,-34.9532814155852,
-33.5936743625114,-32.2340673094377,-30.874460256364,-29.5148532032903,
-28.1552461502165,-26.7956390971428,-25.4360320440691,-24.0764249909954,
-22.7168179379217,-21.3572108848479,-19.9976038317742,-18.6379967787005,
-17.2783897256268,-15.9187826725531,-14.5591756194793,-13.1995685664056,
-11.8399615133319,-10.4803544602582,-9.12074740718445,-7.76114035411073,
-6.40153330103701,-5.04192624796329,-3.68231919488957,-2.32271214181585,
-0.963105088742125,0.),.UNSPECIFIED.)
CURVE()
GEOMETRIC_REPRESENTATION_ITEM()
RATIONAL_B_SPLINE_CURVE((1.,0.999596272230169,1.,0.866025403784439,1.,0.866025403784439,
1.,0.866025403784439,1.,0.866025403784439,1.,0.866025403784439,1.,0.866025403784439,
1.,0.866025403784439,1.,0.866025403784439,1.,0.866025403784439,1.,0.866025403784439,
1.,0.866025403784439,1.,0.866025403784439,1.,0.866025403784439,1.,0.866025403784439,
1.,0.866025403784439,1.,0.866025403784439,1.,0.866025403784439,1.,0.866025403784439,
1.,0.866025403784439,1.,0.866025403784439,1.,0.866025403784439,1.,0.866025403784439,
1.,0.866025403784439,1.,0.866025403784439,1.,0.866025403784439,1.,0.866025403784439,
1.,0.866025403784439,1.,0.866025403784439,1.,0.866025403784439,1.,0.866025403784439,
1.,0.866025403784439,1.,0.866025403784439,1.,0.866025403784439,1.,0.866025403784439,
1.,0.866025403784439,1.,0.866025403784439,1.,0.866025403784439,1.,0.866025403784439,
1.,0.866025403784439,1.,0.866025403784439,1.,0.866025403784439,1.,0.866025403784439,
1.,0.866025403784439,1.,0.866025403784439,1.,0.866025403784439,1.,0.866025403784439,
1.,0.866025403784439,1.,0.866025403784439,1.,0.866025403784439,1.,0.866025403784439,
1.,0.866025403784439,1.,0.866025403784439,1.,0.925614793410955,1.))
REPRESENTATION_ITEM('')
);
#83=(
BOUNDED_CURVE()
B_SPLINE_CURVE(2,(#14851,#14852,#14853,#14854),.UNSPECIFIED.,.F.,.F.)
B_SPLINE_CURVE_WITH_KNOTS((3,1,3),(39.2949581338846,42.3316745817448,50.7457753153852),
 .UNSPECIFIED.)
CURVE()
GEOMETRIC_REPRESENTATION_ITEM()
RATIONAL_B_SPLINE_CURVE((79.9242829763231,80.2068991367523,79.6599281616567,
75.9746658132488))
REPRESENTATION_ITEM('')
);
#84=(
BOUNDED_CURVE()
B_SPLINE_CURVE(2,(#14867,#14868,#14869,#14870),.UNSPECIFIED.,.F.,.F.)
B_SPLINE_CURVE_WITH_KNOTS((3,1,3),(31.8576245140997,42.3316745821858,50.7457753155273),
 .UNSPECIFIED.)
CURVE()
GEOMETRIC_REPRESENTATION_ITEM()
RATIONAL_B_SPLINE_CURVE((75.9746658144805,80.5621581175132,79.6599281628734,
75.9746658144726))
REPRESENTATION_ITEM('')
);
#85=(
BOUNDED_CURVE()
B_SPLINE_CURVE(2,(#14883,#14884,#14885,#14886),.UNSPECIFIED.,.F.,.F.)
B_SPLINE_CURVE_WITH_KNOTS((3,1,3),(31.8576245142151,42.3316745817413,50.7457753154139),
 .UNSPECIFIED.)
CURVE()
GEOMETRIC_REPRESENTATION_ITEM()
RATIONAL_B_SPLINE_CURVE((75.9746658132153,80.5621581158641,79.6599281616441,
75.9746658132115))
REPRESENTATION_ITEM('')
);
#86=(
BOUNDED_CURVE()
B_SPLINE_CURVE(2,(#14899,#14900,#14901,#14902),.UNSPECIFIED.,.F.,.F.)
B_SPLINE_CURVE_WITH_KNOTS((3,1,3),(31.8576245140251,42.3316745821781,50.745775315446),
 .UNSPECIFIED.)
CURVE()
GEOMETRIC_REPRESENTATION_ITEM()
RATIONAL_B_SPLINE_CURVE((75.9746658143922,80.562158117489,79.6599281628566,
75.9746658145208))
REPRESENTATION_ITEM('')
);
#87=(
BOUNDED_CURVE()
B_SPLINE_CURVE(2,(#14915,#14916,#14917,#14918),.UNSPECIFIED.,.F.,.F.)
B_SPLINE_CURVE_WITH_KNOTS((3,1,3),(31.8576245141696,42.3316745817426,50.7457753152975),
 .UNSPECIFIED.)
CURVE()
GEOMETRIC_REPRESENTATION_ITEM()
RATIONAL_B_SPLINE_CURVE((75.9746658131795,80.5621581158712,79.6599281616534,
75.9746658133174))
REPRESENTATION_ITEM('')
);
#88=(
BOUNDED_CURVE()
B_SPLINE_CURVE(2,(#14931,#14932,#14933,#14934),.UNSPECIFIED.,.F.,.F.)
B_SPLINE_CURVE_WITH_KNOTS((3,1,3),(31.8576245139081,42.33167458262,50.7457753156975),
 .UNSPECIFIED.)
CURVE()
GEOMETRIC_REPRESENTATION_ITEM()
RATIONAL_B_SPLINE_CURVE((75.9746658156479,80.5621581191285,79.6599281640718,
75.9746658156528))
REPRESENTATION_ITEM('')
);
#89=(
BOUNDED_CURVE()
B_SPLINE_CURVE(2,(#14946,#14947,#14948),.UNSPECIFIED.,.F.,.F.)
B_SPLINE_CURVE_WITH_KNOTS((3,3),(31.8576245142547,39.2949581338846),
 .UNSPECIFIED.)
CURVE()
GEOMETRIC_REPRESENTATION_ITEM()
RATIONAL_B_SPLINE_CURVE((75.9746658132621,79.2321173732779,79.9242829763231))
REPRESENTATION_ITEM('')
);
#90=(
BOUNDED_CURVE()
B_SPLINE_CURVE(2,(#15013,#15014,#15015,#15016),.UNSPECIFIED.,.F.,.F.)
B_SPLINE_CURVE_WITH_KNOTS((3,1,3),(-11.5989221180558,-7.67424224723078,
-7.20682079576858),.UNSPECIFIED.)
CURVE()
GEOMETRIC_REPRESENTATION_ITEM()
RATIONAL_B_SPLINE_CURVE((17.7579053528965,19.4857511082966,17.96368829505,
17.7579053528786))
REPRESENTATION_ITEM('')
);
#91=(
BOUNDED_CURVE()
B_SPLINE_CURVE(2,(#15034,#15035,#15036,#15037),.UNSPECIFIED.,.F.,.F.)
B_SPLINE_CURVE_WITH_KNOTS((3,1,3),(-11.5989221180526,-7.67424224721997,
-7.20682079577286),.UNSPECIFIED.)
CURVE()
GEOMETRIC_REPRESENTATION_ITEM()
RATIONAL_B_SPLINE_CURVE((17.757905352865,19.4857511082618,17.9636882950113,
17.7579053528473))
REPRESENTATION_ITEM('')
);
#92=(
BOUNDED_CURVE()
B_SPLINE_CURVE(2,(#15054,#15055,#15056,#15057),.UNSPECIFIED.,.F.,.F.)
B_SPLINE_CURVE_WITH_KNOTS((3,1,3),(7.20682090331258,7.67424244174272,11.5989222888445),
 .UNSPECIFIED.)
CURVE()
GEOMETRIC_REPRESENTATION_ITEM()
RATIONAL_B_SPLINE_CURVE((17.7579056068035,17.9636885872425,19.4857513516066,
17.7579056068037))
REPRESENTATION_ITEM('')
);
#93=(
BOUNDED_CURVE()
B_SPLINE_CURVE(2,(#15078,#15079,#15080),.UNSPECIFIED.,.F.,.F.)
B_SPLINE_CURVE_WITH_KNOTS((3,3),(8.93623958159985,11.5989221180599),
 .UNSPECIFIED.)
CURVE()
GEOMETRIC_REPRESENTATION_ITEM()
RATIONAL_B_SPLINE_CURVE((18.6810673966224,18.9301550318584,17.7579053528949))
REPRESENTATION_ITEM('')
);
#94=(
BOUNDED_CURVE()
B_SPLINE_CURVE(2,(#15093,#15094,#15095,#15096),.UNSPECIFIED.,.F.,.F.)
B_SPLINE_CURVE_WITH_KNOTS((3,1,3),(7.20682079576839,7.67424224724214,11.5989221180636),
 .UNSPECIFIED.)
CURVE()
GEOMETRIC_REPRESENTATION_ITEM()
RATIONAL_B_SPLINE_CURVE((17.7579053529151,17.9636882950921,19.4857511083345,
17.7579053529257))
REPRESENTATION_ITEM('')
);
#95=(
BOUNDED_CURVE()
B_SPLINE_CURVE(2,(#15109,#15110,#15111,#15112),.UNSPECIFIED.,.F.,.F.)
B_SPLINE_CURVE_WITH_KNOTS((3,1,3),(-11.5989222888449,-7.67424244174301,
-7.20682090331274),.UNSPECIFIED.)
CURVE()
GEOMETRIC_REPRESENTATION_ITEM()
RATIONAL_B_SPLINE_CURVE((17.7579056068042,19.4857513516075,17.9636885872436,
17.7579056068045))
REPRESENTATION_ITEM('')
);
#96=(
BOUNDED_CURVE()
B_SPLINE_CURVE(2,(#15123,#15124,#15125,#15126),.UNSPECIFIED.,.F.,.F.)
B_SPLINE_CURVE_WITH_KNOTS((3,1,3),(7.20682079577206,7.67424224723143,8.93623958159985),
 .UNSPECIFIED.)
CURVE()
GEOMETRIC_REPRESENTATION_ITEM()
RATIONAL_B_SPLINE_CURVE((17.7579053528835,17.9636882950534,18.5630105395291,
18.6810673966224))
REPRESENTATION_ITEM('')
);
#97=CONICAL_SURFACE('',#8836,0.161448429819013,1.0471975511966);
#98=CONICAL_SURFACE('',#8839,0.151936273953089,0.785398163397451);
#99=CONICAL_SURFACE('',#8841,0.279305310257135,1.0471975511966);
#100=CONICAL_SURFACE('',#8847,0.27930531025714,1.04719755119659);
#101=CONICAL_SURFACE('',#8881,0.27930531025714,1.04719755119659);
#102=TOROIDAL_SURFACE('',#8825,1.42524047358081,0.250000000000001);
#103=B_SPLINE_CURVE_WITH_KNOTS('',3,(#13048,#13049,#13050,#13051,#13052,
#13053,#13054,#13055,#13056,#13057),.UNSPECIFIED.,.F.,.F.,(4,2,2,2,4),(-0.16526057955211,
-0.155323159184064,-0.097627918828468,-0.0498078594767403,-1.00000014507939E-6),
 .UNSPECIFIED.);
#104=B_SPLINE_CURVE_WITH_KNOTS('',3,(#13060,#13061,#13062,#13063),
 .UNSPECIFIED.,.F.,.F.,(4,4),(-7.49073391058577,-7.44482321227132),
 .UNSPECIFIED.);
#105=B_SPLINE_CURVE_WITH_KNOTS('',3,(#13068,#13069,#13070,#13071,#13072,
#13073,#13074,#13075,#13076,#13077,#13078,#13079,#13080,#13081,#13082,#13083,
#13084,#13085,#13086,#13087,#13088,#13089,#13090,#13091,#13092,#13093,#13094,
#13095,#13096,#13097,#13098,#13099,#13100,#13101,#13102,#13103),
 .UNSPECIFIED.,.F.,.F.,(4,2,2,2,2,2,2,2,2,2,2,2,2,2,2,2,2,4),(-1.1125721066642,
-1.09363597688096,-1.03621806545574,-0.97644418576194,-0.917567722150755,
-0.860444562050711,-0.800655091069625,-0.742430509677685,-0.684461024033599,
-0.624656388023528,-0.567104941488819,-0.507152977673934,-0.448136693254356,
-0.391075032150124,-0.331310860411158,-0.272944138759794,-0.215288838814334,
-0.16526057955211),.UNSPECIFIED.);
#106=B_SPLINE_CURVE_WITH_KNOTS('',3,(#13104,#13105,#13106,#13107,#13108,
#13109,#13110,#13111,#13112,#13113,#13114,#13115,#13116,#13117,#13118,#13119,
#13120,#13121,#13122,#13123,#13124,#13125,#13126,#13127,#13128,#13129,#13130,
#13131,#13132,#13133,#13134,#13135,#13136,#13137,#13138,#13139),
 .UNSPECIFIED.,.F.,.F.,(4,2,2,2,2,2,2,2,2,2,2,2,2,2,2,2,2,4),(-7.44482321227132,
-7.43246128644752,-7.37509911964412,-7.3180861048451,-7.25904996561898,
-7.19940639776502,-7.14184801458635,-7.08203155850318,-7.02425536314543,
-6.96602565910148,-6.90630237758946,-6.84926562615082,-6.79038564547319,
-6.73067189372927,-6.67325487170894,-6.61359689629743,-6.55541977689193,
-6.49839681749393),.UNSPECIFIED.);
#107=B_SPLINE_CURVE_WITH_KNOTS('',3,(#13144,#13145,#13146,#13147,#13148,
#13149,#13150,#13151,#13152,#13153,#13154,#13155,#13156,#13157,#13158,#13159,
#13160,#13161,#13162,#13163,#13164,#13165,#13166,#13167,#13168,#13169,#13170,
#13171,#13172,#13173,#13174,#13175,#13176,#13177,#13178,#13179),
 .UNSPECIFIED.,.F.,.F.,(4,2,2,2,2,2,2,2,2,2,2,2,2,2,2,2,2,4),(-2.06026730895204,
-2.03364780623001,-1.97375107280413,-1.91618241236072,-1.85635885277697,
-1.79841871737392,-1.74017720042833,-1.68038660125788,-1.6232685986833,
-1.56437539504393,-1.50459905584824,-1.44716585403403,-1.3874944687228,
-1.33022192979025,-1.2698098475172,-1.21171251972452,-1.15329050057788,
-1.1125721066642),.UNSPECIFIED.);
#108=B_SPLINE_CURVE_WITH_KNOTS('',3,(#13180,#13181,#13182,#13183,#13184,
#13185,#13186,#13187,#13188,#13189,#13190,#13191,#13192,#13193,#13194,#13195,
#13196,#13197,#13198,#13199,#13200,#13201,#13202,#13203,#13204,#13205,#13206,
#13207,#13208,#13209,#13210,#13211,#13212,#13213,#13214,#13215,#13216,#13217),
 .UNSPECIFIED.,.F.,.F.,(4,2,2,2,2,2,2,2,2,2,2,2,2,2,2,2,2,2,4),(-6.49839681749393,
-6.49732700071184,-6.43755977605219,-6.38039877412468,-6.32165275087894,
-6.26194141317293,-6.20474148148589,-6.14535308955971,-6.08677761566765,
-6.02892596153965,-5.96877917115242,-5.91153060922278,-5.85300694566143,
-5.79334160130495,-5.73631239849555,-5.6771435723132,-5.61811087048798,
-5.56045010919375,-5.55239479196564),.UNSPECIFIED.);
#109=B_SPLINE_CURVE_WITH_KNOTS('',3,(#13222,#13223,#13224,#13225,#13226,
#13227,#13228,#13229,#13230,#13231,#13232,#13233,#13234,#13235,#13236,#13237,
#13238,#13239,#13240,#13241,#13242,#13243,#13244,#13245,#13246,#13247,#13248,
#13249,#13250,#13251,#13252,#13253,#13254,#13255,#13256,#13257),
 .UNSPECIFIED.,.F.,.F.,(4,2,2,2,2,2,2,2,2,2,2,2,2,2,2,2,2,4),(-3.00758179292577,
-2.97155889611794,-2.91272930451512,-2.85483174771971,-2.7946418206181,
-2.7372299456283,-2.67866002687365,-2.61888683249141,-2.56178181725671,
-2.50256468964248,-2.44324323911163,-2.38552687299844,-2.32553833090702,
-2.26790516276976,-2.20951764377725,-2.14974969223415,-2.09268472670009,
-2.06026730895204),.UNSPECIFIED.);
#110=B_SPLINE_CURVE_WITH_KNOTS('',3,(#13258,#13259,#13260,#13261,#13262,
#13263,#13264,#13265,#13266,#13267,#13268,#13269,#13270,#13271,#13272,#13273,
#13274,#13275,#13276,#13277,#13278,#13279,#13280,#13281,#13282,#13283,#13284,
#13285,#13286,#13287,#13288,#13289,#13290,#13291,#13292,#13293),
 .UNSPECIFIED.,.F.,.F.,(4,2,2,2,2,2,2,2,2,2,2,2,2,2,2,2,2,4),(-5.55239479196564,
-5.50051519461383,-5.44307751759155,-5.38474680999098,-5.32509640764586,
-5.26813985052739,-5.20916171607545,-5.14957906478268,-5.09207732084151,
-5.03231969211993,-4.97460175151746,-4.91642935904986,-4.85676537526388,
-4.79978538196984,-4.74096336467,-4.6813088559438,-4.62394838622005,-4.60696909653913),
 .UNSPECIFIED.);
#111=B_SPLINE_CURVE_WITH_KNOTS('',3,(#13298,#13299,#13300,#13301,#13302,
#13303,#13304,#13305,#13306,#13307,#13308,#13309,#13310,#13311,#13312,#13313,
#13314,#13315,#13316,#13317,#13318,#13319,#13320,#13321,#13322,#13323,#13324,
#13325,#13326,#13327,#13328,#13329,#13330,#13331,#13332,#13333),
 .UNSPECIFIED.,.F.,.F.,(4,2,2,2,2,2,2,2,2,2,2,2,2,2,2,2,2,4),(-3.95556934627591,
-3.91002177265703,-3.85203125250046,-3.7937969439928,-3.73399352356916,
-3.67685543155558,-3.61796903740971,-3.5581815314383,-3.50075367866363,
-3.44108906219185,-3.3826430727157,-3.3245354628179,-3.26411304728407,-3.20682317340121,
-3.14803966752323,-3.08823102454527,-3.03098702815193,-3.00758179292577),
 .UNSPECIFIED.);
#112=B_SPLINE_CURVE_WITH_KNOTS('',3,(#13334,#13335,#13336,#13337,#13338,
#13339,#13340,#13341,#13342,#13343,#13344,#13345,#13346,#13347,#13348,#13349,
#13350,#13351,#13352,#13353,#13354,#13355,#13356,#13357,#13358,#13359,#13360,
#13361,#13362,#13363,#13364,#13365,#13366,#13367,#13368,#13369),
 .UNSPECIFIED.,.F.,.F.,(4,2,2,2,2,2,2,2,2,2,2,2,2,2,2,2,2,4),(-4.60696909653913,
-4.56434913784935,-4.50623104086013,-4.44819550640482,-4.3884877154509,
-4.33138390392836,-4.2726957805324,-4.21304386305461,-4.1559003448766,-4.09657050436175,
-4.03805481377428,-3.98026026340152,-3.9201727972908,-3.8629818453736,-3.8045159461515,
-3.74491008065362,-3.68793742692025,-3.66160682448672),.UNSPECIFIED.);
#113=B_SPLINE_CURVE_WITH_KNOTS('',3,(#13374,#13375,#13376,#13377,#13378,
#13379,#13380,#13381,#13382,#13383,#13384,#13385,#13386,#13387,#13388,#13389,
#13390,#13391,#13392,#13393,#13394,#13395,#13396,#13397,#13398,#13399,#13400,
#13401,#13402,#13403,#13404,#13405,#13406,#13407,#13408,#13409),
 .UNSPECIFIED.,.F.,.F.,(4,2,2,2,2,2,2,2,2,2,2,2,2,2,2,2,2,4),(-4.90293272876836,
-4.84845784446635,-4.79101606003379,-4.73246230253141,-4.67268312769821,
-4.61558052208618,-4.5563791869086,-4.49698280432455,-4.43927856529794,
-4.37930412924762,-4.32162957210276,-4.26325404229004,-4.20347657452957,
-4.14640204516799,-4.08737675874657,-4.02739696545773,-3.9698360241542,
-3.95556934627591),.UNSPECIFIED.);
#114=B_SPLINE_CURVE_WITH_KNOTS('',3,(#13410,#13411,#13412,#13413,#13414,
#13415,#13416,#13417,#13418,#13419,#13420,#13421,#13422,#13423,#13424,#13425,
#13426,#13427,#13428,#13429,#13430,#13431,#13432,#13433,#13434,#13435,#13436,
#13437,#13438,#13439,#13440,#13441,#13442,#13443,#13444,#13445),
 .UNSPECIFIED.,.F.,.F.,(4,2,2,2,2,2,2,2,2,2,2,2,2,2,2,2,2,4),(-3.66160682448672,
-3.62882701720521,-3.56985489408131,-3.51225114100389,-3.45237544184803,
-3.39499587862577,-3.3367228456946,-3.27713200283818,-3.22023224112583,
-3.16131243473193,-3.1017911637649,-3.04434637935429,-2.98464790882272,
-2.92698862733075,-2.86887387113855,-2.80926954888513,-2.75234666817497,
-2.71716449704579),.UNSPECIFIED.);
#115=B_SPLINE_CURVE_WITH_KNOTS('',3,(#13450,#13451,#13452,#13453,#13454,
#13455,#13456,#13457,#13458,#13459,#13460,#13461,#13462,#13463,#13464,#13465,
#13466,#13467,#13468,#13469,#13470,#13471,#13472,#13473,#13474,#13475,#13476,
#13477,#13478,#13479,#13480,#13481,#13482,#13483,#13484,#13485,#13486,#13487),
 .UNSPECIFIED.,.F.,.F.,(4,2,2,2,2,2,2,2,2,2,2,2,2,2,2,2,2,2,4),(-5.85086174339347,
-5.84754890878382,-5.78774864408797,-5.73060510515517,-5.67174070371179,
-5.61195790804129,-5.55455020046344,-5.49490767397797,-5.43641290836536,
-5.37832454181081,-5.31792390126901,-5.26061675946841,-5.20185293463288,
-5.14204216392007,-5.08481263036323,-5.02540373862388,-4.96651109818586,
-4.9086295049976,-4.90293272876836),.UNSPECIFIED.);
#116=B_SPLINE_CURVE_WITH_KNOTS('',3,(#13488,#13489,#13490,#13491,#13492,
#13493,#13494,#13495,#13496,#13497,#13498,#13499,#13500,#13501,#13502,#13503,
#13504,#13505,#13506,#13507,#13508,#13509,#13510,#13511,#13512,#13513,#13514,
#13515,#13516,#13517,#13518,#13519,#13520,#13521,#13522,#13523),
 .UNSPECIFIED.,.F.,.F.,(4,2,2,2,2,2,2,2,2,2,2,2,2,2,2,2,2,4),(-2.71716449704579,
-2.6935829432776,-2.63345093473211,-2.57612877716037,-2.51656798284803,
-2.45855938594361,-2.40056356993783,-2.34091910649929,-2.28388974088865,
-2.22524237330272,-2.1656201311748,-2.10841933221581,-2.04899555911902,
-1.99047154509431,-1.93258827905344,-1.8724066868848,-1.81517338232458,
-1.77174284801402),.UNSPECIFIED.);
#117=B_SPLINE_CURVE_WITH_KNOTS('',3,(#13528,#13529,#13530,#13531,#13532,
#13533,#13534,#13535,#13536,#13537,#13538,#13539,#13540,#13541,#13542,#13543,
#13544,#13545,#13546,#13547,#13548,#13549,#13550,#13551,#13552,#13553,#13554,
#13555,#13556,#13557,#13558,#13559,#13560,#13561,#13562,#13563),
 .UNSPECIFIED.,.F.,.F.,(4,2,2,2,2,2,2,2,2,2,2,2,2,2,2,2,2,4),(-6.79810471352825,
-6.78615240988165,-6.7263830605047,-6.66929678245438,-6.61012651873645,
-6.55067126139747,-6.49299404365957,-6.43304914535402,-6.3753481086179,
-6.31699960156687,-6.25722851231432,-6.20015862973183,-6.14116018990844,
-6.08111419045342,-6.02357583090261,-5.96378628381865,-5.90576099974867,
-5.85086174339347),.UNSPECIFIED.);
#118=B_SPLINE_CURVE_WITH_KNOTS('',3,(#13564,#13565,#13566,#13567,#13568,
#13569,#13570,#13571,#13572,#13573,#13574,#13575,#13576,#13577,#13578,#13579,
#13580,#13581,#13582,#13583,#13584,#13585,#13586,#13587,#13588,#13589,#13590,
#13591,#13592,#13593,#13594,#13595,#13596,#13597,#13598,#13599),
 .UNSPECIFIED.,.F.,.F.,(4,2,2,2,2,2,2,2,2,2,2,2,2,2,2,2,2,4),(-1.77174284801402,
-1.75661760639611,-1.69694471468749,-1.63989470687827,-1.58069408049621,
-1.52172753895303,-1.46205966665292,-1.40389103532591,-1.3461559065043,
-1.28640283308273,-1.22890498388601,-1.16929288690404,-1.11032008230209,
-1.05336198519259,-0.993708947497558,-0.935383696438035,-0.877932583198665,
-0.826257822049215),.UNSPECIFIED.);
#119=B_SPLINE_CURVE_WITH_KNOTS('',3,(#13631,#13632,#13633,#13634,#13635,
#13636,#13637,#13638,#13639,#13640,#13641,#13642,#13643,#13644,#13645,#13646,
#13647,#13648,#13649,#13650,#13651,#13652,#13653,#13654,#13655,#13656,#13657,
#13658,#13659,#13660,#13661,#13662),.UNSPECIFIED.,.F.,.F.,(4,2,2,2,2,2,
2,2,2,2,2,2,2,2,2,4),(-1.13542799893792,-1.00257435861874,-0.886209666595993,
-0.766611362018028,-0.653729560601038,-0.598129561327488,-0.485866263227038,
-0.375193207726388,-0.288626631694771,-0.222683693047653,-0.151875435631536,
-0.122262057013465,-0.0771028092532293,-0.0395561793675166,-0.0201654941313565,
0.),.UNSPECIFIED.);
#120=B_SPLINE_CURVE_WITH_KNOTS('',3,(#13665,#13666,#13667,#13668,#13669,
#13670,#13671,#13672,#13673,#13674,#13675,#13676,#13677,#13678,#13679,#13680,
#13681,#13682,#13683,#13684,#13685,#13686,#13687,#13688,#13689,#13690,#13691,
#13692,#13693,#13694,#13695,#13696),.UNSPECIFIED.,.F.,.F.,(4,2,2,2,2,2,
2,2,2,2,2,2,2,2,2,4),(-0.826257822049215,-0.818003930221828,-0.760348692569904,
-0.701290185371931,-0.64212820491226,-0.58510204658983,-0.525435490381285,
-0.466918812003981,-0.409661344161631,-0.349522331044708,-0.291677545452229,
-0.233081066634239,-0.173700711782482,-0.116508167339206,-0.0590376620561801,
-9.99999999806711E-7),.UNSPECIFIED.);
#121=B_SPLINE_CURVE_WITH_KNOTS('',3,(#13699,#13700,#13701,#13702,#13703,
#13704,#13705,#13706,#13707,#13708,#13709,#13710,#13711,#13712,#13713,#13714,
#13715,#13716,#13717,#13718,#13719,#13720,#13721,#13722,#13723,#13724,#13725,
#13726),.UNSPECIFIED.,.F.,.F.,(4,2,2,2,2,2,2,2,2,2,2,2,2,4),(-7.5088053341778,
-7.47098505327885,-7.43183526618033,-7.37147206436149,-7.31416196330168,
-7.25543307144093,-7.19563596845602,-7.13843480603406,-7.0790605992705,
-7.02012033306003,-6.96226973548269,-6.90213192410647,-6.8446748476676,
-6.79810471352825),.UNSPECIFIED.);
#122=B_SPLINE_CURVE_WITH_KNOTS('',3,(#13731,#13732,#13733,#13734,#13735,
#13736,#13737,#13738,#13739,#13740,#13741,#13742,#13743,#13744,#13745,#13746),
 .UNSPECIFIED.,.F.,.F.,(4,2,2,2,2,2,2,4),(-0.118520836153535,-0.097549301293703,
-0.0900074047276704,-0.0605851051738784,-0.0328021736932508,-0.0180187742433658,
-0.0102112829250698,-9.9997525574479E-7),.UNSPECIFIED.);
#123=B_SPLINE_CURVE_WITH_KNOTS('',3,(#13747,#13748,#13749,#13750,#13751,
#13752,#13753,#13754,#13755,#13756,#13757,#13758,#13759,#13760,#13761,#13762,
#13763,#13764,#13765,#13766,#13767,#13768,#13769,#13770,#13771,#13772,#13773,
#13774,#13775,#13776,#13777,#13778,#13779,#13780),.UNSPECIFIED.,.F.,.F.,
(4,2,2,2,2,2,2,2,2,2,2,2,2,2,2,2,4),(-1.31870659315222,-1.24408340642047,
-1.16671132691865,-1.02309182070446,-0.887639951068716,-0.768349296545285,
-0.666180036888666,-0.571247063573172,-0.559175088601377,-0.469873426620432,
-0.374394804771964,-0.327168744756706,-0.278475334286296,-0.192471963271851,
-0.100334966223216,-0.0421790972462884,-9.99999999695689E-7),
 .UNSPECIFIED.);
#124=B_SPLINE_CURVE_WITH_KNOTS('',3,(#13789,#13790,#13791,#13792,#13793,
#13794,#13795,#13796,#13797,#13798),.UNSPECIFIED.,.F.,.F.,(4,2,2,2,4),(-0.0890087371859358,
-0.0860487350946245,-0.0694125090117986,-0.0527762829289727,-0.04981628083766),
 .UNSPECIFIED.);
#125=B_SPLINE_CURVE_WITH_KNOTS('',3,(#13805,#13806,#13807,#13808,#13809,
#13810,#13811,#13812,#13813,#13814),.UNSPECIFIED.,.F.,.F.,(4,2,2,2,4),(-0.0890087371868167,
-0.0860487350946244,-0.0694125090117983,-0.0527762829289724,-0.04981628083766),
 .UNSPECIFIED.);
#126=B_SPLINE_CURVE_WITH_KNOTS('',3,(#13821,#13822,#13823,#13824,#13825,
#13826,#13827,#13828,#13829,#13830),.UNSPECIFIED.,.F.,.F.,(4,2,2,2,4),(-0.0890087371868216,
-0.0860487350946261,-0.0694125090117995,-0.0527762829289734,-0.0498162808376619),
 .UNSPECIFIED.);
#127=B_SPLINE_CURVE_WITH_KNOTS('',3,(#13837,#13838,#13839,#13840,#13841,
#13842,#13843,#13844,#13845,#13846),.UNSPECIFIED.,.F.,.F.,(4,2,2,2,4),(-0.0890087371859377,
-0.0860487350946253,-0.0694125090117992,-0.0527762829289732,-0.049816280837661),
 .UNSPECIFIED.);
#128=B_SPLINE_CURVE_WITH_KNOTS('',3,(#13862,#13863,#13864,#13865,#13866,
#13867,#13868,#13869,#13870,#13871),.UNSPECIFIED.,.F.,.F.,(4,2,2,2,4),(-0.0890087371868136,
-0.0860487350946248,-0.0694125090117989,-0.0527762829289729,-0.04981628083766),
 .UNSPECIFIED.);
#129=B_SPLINE_CURVE_WITH_KNOTS('',3,(#13877,#13878,#13879,#13880,#13881,
#13882,#13883,#13884,#13885,#13886),.UNSPECIFIED.,.F.,.F.,(4,2,2,2,4),(-0.089008737186816,
-0.0860487350946239,-0.0694125090117979,-0.0527762829289718,-0.0498162808376603),
 .UNSPECIFIED.);
#130=B_SPLINE_CURVE_WITH_KNOTS('',3,(#13889,#13890,#13891,#13892,#13893,
#13894),.UNSPECIFIED.,.F.,.F.,(4,2,4),(-0.0661503934176741,-0.0330859864135774,
0.),.UNSPECIFIED.);
#131=B_SPLINE_CURVE_WITH_KNOTS('',3,(#13897,#13898,#13899,#13900,#13901,
#13902,#13903,#13904),.UNSPECIFIED.,.F.,.F.,(4,2,2,4),(-0.0674839893091505,
-0.0387708503663498,-0.0342842202189961,-1.00000013808499E-6),
 .UNSPECIFIED.);
#132=B_SPLINE_CURVE_WITH_KNOTS('',3,(#14856,#14857,#14858,#14859,#14860,
#14861,#14862,#14863,#14864,#14865),.UNSPECIFIED.,.F.,.F.,(4,2,2,2,4),(-0.199105312312245,
-0.196145310220052,-0.179509084137228,-0.162872858054401,-0.159912855963087),
 .UNSPECIFIED.);
#133=B_SPLINE_CURVE_WITH_KNOTS('',3,(#14872,#14873,#14874,#14875,#14876,
#14877,#14878,#14879,#14880,#14881),.UNSPECIFIED.,.F.,.F.,(4,2,2,2,4),(-0.199105312312247,
-0.196145310220051,-0.179509084137225,-0.162872858054399,-0.159912855963086),
 .UNSPECIFIED.);
#134=B_SPLINE_CURVE_WITH_KNOTS('',3,(#14888,#14889,#14890,#14891,#14892,
#14893,#14894,#14895,#14896,#14897),.UNSPECIFIED.,.F.,.F.,(4,2,2,2,4),(0.159912855963086,
0.162872858054398,0.179509084137224,0.196145310220051,0.199105312311363),
 .UNSPECIFIED.);
#135=B_SPLINE_CURVE_WITH_KNOTS('',3,(#14904,#14905,#14906,#14907,#14908,
#14909,#14910,#14911,#14912,#14913),.UNSPECIFIED.,.F.,.F.,(4,2,2,2,4),(0.159912855963084,
0.162872858054398,0.179509084137224,0.19614531022005,0.199105312312247),
 .UNSPECIFIED.);
#136=B_SPLINE_CURVE_WITH_KNOTS('',3,(#14920,#14921,#14922,#14923,#14924,
#14925,#14926,#14927,#14928,#14929),.UNSPECIFIED.,.F.,.F.,(4,2,2,2,4),(0.159912855963086,
0.162872858054399,0.179509084137225,0.196145310220051,0.199105312312243),
 .UNSPECIFIED.);
#137=B_SPLINE_CURVE_WITH_KNOTS('',3,(#14936,#14937,#14938,#14939,#14940,
#14941,#14942,#14943,#14944,#14945),.UNSPECIFIED.,.F.,.F.,(4,2,2,2,4),(-0.199105312311364,
-0.196145310220051,-0.179509084137225,-0.162872858054399,-0.159912855963086),
 .UNSPECIFIED.);
#138=B_SPLINE_CURVE_WITH_KNOTS('',3,(#15021,#15022,#15023,#15024,#15025,
#15026,#15027,#15028,#15029,#15030),.UNSPECIFIED.,.F.,.F.,(4,2,2,2,4),(0.159912855963084,
0.162872858054398,0.179509084137224,0.19614531022005,0.199105312312247),
 .UNSPECIFIED.);
#139=B_SPLINE_CURVE_WITH_KNOTS('',3,(#15041,#15042,#15043,#15044,#15045,
#15046,#15047,#15048,#15049,#15050),.UNSPECIFIED.,.F.,.F.,(4,2,2,2,4),(0.159912855963086,
0.162872858054399,0.179509084137225,0.196145310220051,0.199105312312243),
 .UNSPECIFIED.);
#140=B_SPLINE_CURVE_WITH_KNOTS('',3,(#15061,#15062,#15063,#15064,#15065,
#15066,#15067,#15068,#15069,#15070),.UNSPECIFIED.,.F.,.F.,(4,2,2,2,4),(-0.199105312311364,
-0.196145310220051,-0.179509084137225,-0.162872858054399,-0.159912855963086),
 .UNSPECIFIED.);
#141=B_SPLINE_CURVE_WITH_KNOTS('',3,(#15082,#15083,#15084,#15085,#15086,
#15087,#15088,#15089,#15090,#15091),.UNSPECIFIED.,.F.,.F.,(4,2,2,2,4),(-0.199105312312245,
-0.196145310220052,-0.179509084137228,-0.162872858054401,-0.159912855963087),
 .UNSPECIFIED.);
#142=B_SPLINE_CURVE_WITH_KNOTS('',3,(#15098,#15099,#15100,#15101,#15102,
#15103,#15104,#15105,#15106,#15107),.UNSPECIFIED.,.F.,.F.,(4,2,2,2,4),(-0.199105312312247,
-0.196145310220051,-0.179509084137225,-0.162872858054399,-0.159912855963086),
 .UNSPECIFIED.);
#143=B_SPLINE_CURVE_WITH_KNOTS('',3,(#15113,#15114,#15115,#15116,#15117,
#15118,#15119,#15120,#15121,#15122),.UNSPECIFIED.,.F.,.F.,(4,2,2,2,4),(0.159912855963086,
0.162872858054398,0.179509084137224,0.196145310220051,0.199105312311363),
 .UNSPECIFIED.);
#144=SHAPE_REPRESENTATION_RELATIONSHIP('SRR','None',#15196,#148);
#145=SHAPE_REPRESENTATION_RELATIONSHIP('SRR','None',#15197,#149);
#146=SHAPE_REPRESENTATION_RELATIONSHIP('SRR','None',#15198,#150);
#147=SHAPE_REPRESENTATION_RELATIONSHIP('SRR','None',#15199,#151);
#148=ADVANCED_BREP_SHAPE_REPRESENTATION('',(#152),#15162);
#149=ADVANCED_BREP_SHAPE_REPRESENTATION('',(#153),#15163);
#150=ADVANCED_BREP_SHAPE_REPRESENTATION('',(#154),#15164);
#151=ADVANCED_BREP_SHAPE_REPRESENTATION('',(#155),#15165);
#152=MANIFOLD_SOLID_BREP('Solid1',#8049);
#153=MANIFOLD_SOLID_BREP('Solid1',#8050);
#154=MANIFOLD_SOLID_BREP('Solid1',#8051);
#155=MANIFOLD_SOLID_BREP('Solid1',#8052);
#156=FACE_BOUND('',#881,.T.);
#157=FACE_BOUND('',#882,.T.);
#158=FACE_BOUND('',#883,.T.);
#159=FACE_BOUND('',#884,.T.);
#160=FACE_BOUND('',#885,.T.);
#161=FACE_BOUND('',#886,.T.);
#162=FACE_BOUND('',#887,.T.);
#163=FACE_BOUND('',#888,.T.);
#164=FACE_BOUND('',#889,.T.);
#165=FACE_BOUND('',#890,.T.);
#166=FACE_BOUND('',#891,.T.);
#167=FACE_BOUND('',#892,.T.);
#168=FACE_BOUND('',#893,.T.);
#169=FACE_BOUND('',#894,.T.);
#170=FACE_BOUND('',#895,.T.);
#171=FACE_BOUND('',#896,.T.);
#172=FACE_BOUND('',#897,.T.);
#173=FACE_BOUND('',#898,.T.);
#174=FACE_BOUND('',#899,.T.);
#175=FACE_BOUND('',#900,.T.);
#176=FACE_BOUND('',#901,.T.);
#177=FACE_BOUND('',#902,.T.);
#178=FACE_BOUND('',#903,.T.);
#179=FACE_BOUND('',#904,.T.);
#180=FACE_BOUND('',#905,.T.);
#181=FACE_BOUND('',#906,.T.);
#182=FACE_BOUND('',#907,.T.);
#183=FACE_BOUND('',#908,.T.);
#184=FACE_BOUND('',#909,.T.);
#185=FACE_BOUND('',#910,.T.);
#186=FACE_BOUND('',#911,.T.);
#187=FACE_BOUND('',#912,.T.);
#188=FACE_BOUND('',#913,.T.);
#189=FACE_BOUND('',#914,.T.);
#190=FACE_BOUND('',#915,.T.);
#191=FACE_BOUND('',#916,.T.);
#192=FACE_BOUND('',#917,.T.);
#193=FACE_BOUND('',#918,.T.);
#194=FACE_BOUND('',#919,.T.);
#195=FACE_BOUND('',#920,.T.);
#196=FACE_BOUND('',#921,.T.);
#197=FACE_BOUND('',#922,.T.);
#198=FACE_BOUND('',#923,.T.);
#199=FACE_BOUND('',#924,.T.);
#200=FACE_BOUND('',#925,.T.);
#201=FACE_BOUND('',#926,.T.);
#202=FACE_BOUND('',#927,.T.);
#203=FACE_BOUND('',#928,.T.);
#204=FACE_BOUND('',#929,.T.);
#205=FACE_BOUND('',#930,.T.);
#206=FACE_BOUND('',#931,.T.);
#207=FACE_BOUND('',#932,.T.);
#208=FACE_BOUND('',#933,.T.);
#209=FACE_BOUND('',#934,.T.);
#210=FACE_BOUND('',#935,.T.);
#211=FACE_BOUND('',#936,.T.);
#212=FACE_BOUND('',#1124,.T.);
#213=FACE_BOUND('',#1125,.T.);
#214=FACE_BOUND('',#1126,.T.);
#215=FACE_BOUND('',#1127,.T.);
#216=FACE_BOUND('',#1128,.T.);
#217=FACE_BOUND('',#1129,.T.);
#218=FACE_BOUND('',#1130,.T.);
#219=FACE_BOUND('',#1131,.T.);
#220=FACE_BOUND('',#1132,.T.);
#221=FACE_BOUND('',#1133,.T.);
#222=FACE_BOUND('',#1134,.T.);
#223=FACE_BOUND('',#1135,.T.);
#224=FACE_BOUND('',#1136,.T.);
#225=FACE_BOUND('',#1137,.T.);
#226=FACE_BOUND('',#1138,.T.);
#227=FACE_BOUND('',#1139,.T.);
#228=FACE_BOUND('',#1140,.T.);
#229=FACE_BOUND('',#1141,.T.);
#230=FACE_BOUND('',#1142,.T.);
#231=FACE_BOUND('',#1143,.T.);
#232=FACE_BOUND('',#1144,.T.);
#233=FACE_BOUND('',#1145,.T.);
#234=FACE_BOUND('',#1146,.T.);
#235=FACE_BOUND('',#1147,.T.);
#236=FACE_BOUND('',#1148,.T.);
#237=FACE_BOUND('',#1149,.T.);
#238=FACE_BOUND('',#1150,.T.);
#239=FACE_BOUND('',#1151,.T.);
#240=FACE_BOUND('',#1152,.T.);
#241=FACE_BOUND('',#1153,.T.);
#242=FACE_BOUND('',#1154,.T.);
#243=FACE_BOUND('',#1155,.T.);
#244=FACE_BOUND('',#1156,.T.);
#245=FACE_BOUND('',#1157,.T.);
#246=FACE_BOUND('',#1158,.T.);
#247=FACE_BOUND('',#1159,.T.);
#248=FACE_BOUND('',#1160,.T.);
#249=FACE_BOUND('',#1161,.T.);
#250=FACE_BOUND('',#1162,.T.);
#251=FACE_BOUND('',#1163,.T.);
#252=FACE_BOUND('',#1164,.T.);
#253=FACE_BOUND('',#1165,.T.);
#254=FACE_BOUND('',#1166,.T.);
#255=FACE_BOUND('',#1167,.T.);
#256=FACE_BOUND('',#1168,.T.);
#257=FACE_BOUND('',#1169,.T.);
#258=FACE_BOUND('',#1170,.T.);
#259=FACE_BOUND('',#1171,.T.);
#260=FACE_BOUND('',#1172,.T.);
#261=FACE_BOUND('',#1173,.T.);
#262=FACE_BOUND('',#1174,.T.);
#263=FACE_BOUND('',#1175,.T.);
#264=FACE_BOUND('',#1176,.T.);
#265=FACE_BOUND('',#1177,.T.);
#266=FACE_BOUND('',#1178,.T.);
#267=FACE_BOUND('',#1179,.T.);
#268=FACE_BOUND('',#1200,.T.);
#269=FACE_BOUND('',#1201,.T.);
#270=FACE_BOUND('',#1202,.T.);
#271=FACE_BOUND('',#1203,.T.);
#272=FACE_BOUND('',#1204,.T.);
#273=FACE_BOUND('',#1205,.T.);
#274=FACE_BOUND('',#1206,.T.);
#275=FACE_BOUND('',#1207,.T.);
#276=FACE_BOUND('',#1208,.T.);
#277=FACE_BOUND('',#1209,.T.);
#278=FACE_BOUND('',#1210,.T.);
#279=FACE_BOUND('',#1211,.T.);
#280=FACE_BOUND('',#1212,.T.);
#281=FACE_BOUND('',#1213,.T.);
#282=FACE_BOUND('',#1214,.T.);
#283=FACE_BOUND('',#1215,.T.);
#284=FACE_BOUND('',#1216,.T.);
#285=FACE_BOUND('',#1217,.T.);
#286=FACE_BOUND('',#1218,.T.);
#287=FACE_BOUND('',#1219,.T.);
#288=FACE_BOUND('',#1220,.T.);
#289=FACE_BOUND('',#1221,.T.);
#290=FACE_BOUND('',#1222,.T.);
#291=FACE_BOUND('',#1223,.T.);
#292=FACE_BOUND('',#1224,.T.);
#293=FACE_BOUND('',#1225,.T.);
#294=FACE_BOUND('',#1226,.T.);
#295=FACE_BOUND('',#1227,.T.);
#296=FACE_BOUND('',#1228,.T.);
#297=FACE_BOUND('',#1229,.T.);
#298=FACE_BOUND('',#1230,.T.);
#299=FACE_BOUND('',#1231,.T.);
#300=FACE_BOUND('',#1232,.T.);
#301=FACE_BOUND('',#1324,.T.);
#302=FACE_BOUND('',#1325,.T.);
#303=FACE_BOUND('',#1326,.T.);
#304=FACE_BOUND('',#1327,.T.);
#305=FACE_BOUND('',#1328,.T.);
#306=FACE_BOUND('',#1329,.T.);
#307=FACE_BOUND('',#1330,.T.);
#308=FACE_BOUND('',#1331,.T.);
#309=FACE_BOUND('',#1332,.T.);
#310=FACE_BOUND('',#1333,.T.);
#311=FACE_BOUND('',#1334,.T.);
#312=FACE_BOUND('',#1335,.T.);
#313=FACE_BOUND('',#1336,.T.);
#314=FACE_BOUND('',#1337,.T.);
#315=FACE_BOUND('',#1338,.T.);
#316=FACE_BOUND('',#1339,.T.);
#317=FACE_BOUND('',#1340,.T.);
#318=FACE_BOUND('',#1341,.T.);
#319=FACE_BOUND('',#1342,.T.);
#320=FACE_BOUND('',#1343,.T.);
#321=FACE_BOUND('',#1344,.T.);
#322=FACE_BOUND('',#1345,.T.);
#323=FACE_BOUND('',#1346,.T.);
#324=FACE_BOUND('',#1347,.T.);
#325=FACE_BOUND('',#1348,.T.);
#326=FACE_BOUND('',#1349,.T.);
#327=FACE_BOUND('',#1350,.T.);
#328=FACE_BOUND('',#1351,.T.);
#329=FACE_BOUND('',#1352,.T.);
#330=FACE_BOUND('',#1353,.T.);
#331=FACE_BOUND('',#1354,.T.);
#332=FACE_BOUND('',#1355,.T.);
#333=FACE_BOUND('',#1356,.T.);
#334=FACE_BOUND('',#1387,.T.);
#335=FACE_BOUND('',#1393,.T.);
#336=FACE_BOUND('',#1408,.T.);
#337=FACE_BOUND('',#1417,.T.);
#338=PLANE('',#8151);
#339=PLANE('',#8250);
#340=PLANE('',#8253);
#341=PLANE('',#8254);
#342=PLANE('',#8257);
#343=PLANE('',#8258);
#344=PLANE('',#8261);
#345=PLANE('',#8264);
#346=PLANE('',#8269);
#347=PLANE('',#8274);
#348=PLANE('',#8279);
#349=PLANE('',#8284);
#350=PLANE('',#8287);
#351=PLANE('',#8290);
#352=PLANE('',#8293);
#353=PLANE('',#8296);
#354=PLANE('',#8299);
#355=PLANE('',#8302);
#356=PLANE('',#8305);
#357=PLANE('',#8308);
#358=PLANE('',#8309);
#359=PLANE('',#8312);
#360=PLANE('',#8313);
#361=PLANE('',#8316);
#362=PLANE('',#8317);
#363=PLANE('',#8320);
#364=PLANE('',#8321);
#365=PLANE('',#8324);
#366=PLANE('',#8325);
#367=PLANE('',#8328);
#368=PLANE('',#8329);
#369=PLANE('',#8332);
#370=PLANE('',#8335);
#371=PLANE('',#8338);
#372=PLANE('',#8341);
#373=PLANE('',#8344);
#374=PLANE('',#8347);
#375=PLANE('',#8350);
#376=PLANE('',#8351);
#377=PLANE('',#8354);
#378=PLANE('',#8357);
#379=PLANE('',#8362);
#380=PLANE('',#8365);
#381=PLANE('',#8368);
#382=PLANE('',#8369);
#383=PLANE('',#8374);
#384=PLANE('',#8379);
#385=PLANE('',#8380);
#386=PLANE('',#8383);
#387=PLANE('',#8384);
#388=PLANE('',#8389);
#389=PLANE('',#8392);
#390=PLANE('',#8395);
#391=PLANE('',#8396);
#392=PLANE('',#8401);
#393=PLANE('',#8406);
#394=PLANE('',#8409);
#395=PLANE('',#8412);
#396=PLANE('',#8413);
#397=PLANE('',#8416);
#398=PLANE('',#8417);
#399=PLANE('',#8420);
#400=PLANE('',#8421);
#401=PLANE('',#8424);
#402=PLANE('',#8427);
#403=PLANE('',#8430);
#404=PLANE('',#8433);
#405=PLANE('',#8436);
#406=PLANE('',#8439);
#407=PLANE('',#8444);
#408=PLANE('',#8447);
#409=PLANE('',#8450);
#410=PLANE('',#8451);
#411=PLANE('',#8454);
#412=PLANE('',#8459);
#413=PLANE('',#8460);
#414=PLANE('',#8461);
#415=PLANE('',#8462);
#416=PLANE('',#8463);
#417=PLANE('',#8466);
#418=PLANE('',#8469);
#419=PLANE('',#8484);
#420=PLANE('',#8487);
#421=PLANE('',#8492);
#422=PLANE('',#8493);
#423=PLANE('',#8496);
#424=PLANE('',#8497);
#425=PLANE('',#8498);
#426=PLANE('',#8499);
#427=PLANE('',#8502);
#428=PLANE('',#8503);
#429=PLANE('',#8504);
#430=PLANE('',#8505);
#431=PLANE('',#8514);
#432=PLANE('',#8517);
#433=PLANE('',#8518);
#434=PLANE('',#8519);
#435=PLANE('',#8526);
#436=PLANE('',#8581);
#437=PLANE('',#8647);
#438=PLANE('',#8650);
#439=PLANE('',#8653);
#440=PLANE('',#8660);
#441=PLANE('',#8663);
#442=PLANE('',#8668);
#443=PLANE('',#8671);
#444=PLANE('',#8674);
#445=PLANE('',#8677);
#446=PLANE('',#8680);
#447=PLANE('',#8683);
#448=PLANE('',#8686);
#449=PLANE('',#8687);
#450=PLANE('',#8688);
#451=PLANE('',#8691);
#452=PLANE('',#8692);
#453=PLANE('',#8693);
#454=PLANE('',#8696);
#455=PLANE('',#8697);
#456=PLANE('',#8700);
#457=PLANE('',#8703);
#458=PLANE('',#8706);
#459=PLANE('',#8711);
#460=PLANE('',#8714);
#461=PLANE('',#8715);
#462=PLANE('',#8720);
#463=PLANE('',#8721);
#464=PLANE('',#8724);
#465=PLANE('',#8725);
#466=PLANE('',#8730);
#467=PLANE('',#8731);
#468=PLANE('',#8734);
#469=PLANE('',#8735);
#470=PLANE('',#8738);
#471=PLANE('',#8739);
#472=PLANE('',#8740);
#473=PLANE('',#8741);
#474=PLANE('',#8744);
#475=PLANE('',#8745);
#476=PLANE('',#8746);
#477=PLANE('',#8747);
#478=PLANE('',#8748);
#479=PLANE('',#8751);
#480=PLANE('',#8766);
#481=PLANE('',#8767);
#482=PLANE('',#8768);
#483=PLANE('',#8771);
#484=PLANE('',#8776);
#485=PLANE('',#8777);
#486=PLANE('',#8820);
#487=PLANE('',#8844);
#488=PLANE('',#8846);
#489=PLANE('',#8850);
#490=PLANE('',#8851);
#491=PLANE('',#8852);
#492=PLANE('',#8856);
#493=PLANE('',#8857);
#494=PLANE('',#8858);
#495=PLANE('',#8859);
#496=PLANE('',#8868);
#497=PLANE('',#8875);
#498=PLANE('',#8877);
#499=PLANE('',#8879);
#500=PLANE('',#8884);
#501=PLANE('',#8886);
#502=PLANE('',#8887);
#503=PLANE('',#8888);
#504=FACE_OUTER_BOUND('',#873,.T.);
#505=FACE_OUTER_BOUND('',#874,.T.);
#506=FACE_OUTER_BOUND('',#875,.T.);
#507=FACE_OUTER_BOUND('',#876,.T.);
#508=FACE_OUTER_BOUND('',#877,.T.);
#509=FACE_OUTER_BOUND('',#878,.T.);
#510=FACE_OUTER_BOUND('',#879,.T.);
#511=FACE_OUTER_BOUND('',#880,.T.);
#512=FACE_OUTER_BOUND('',#937,.T.);
#513=FACE_OUTER_BOUND('',#938,.T.);
#514=FACE_OUTER_BOUND('',#939,.T.);
#515=FACE_OUTER_BOUND('',#940,.T.);
#516=FACE_OUTER_BOUND('',#941,.T.);
#517=FACE_OUTER_BOUND('',#942,.T.);
#518=FACE_OUTER_BOUND('',#943,.T.);
#519=FACE_OUTER_BOUND('',#944,.T.);
#520=FACE_OUTER_BOUND('',#945,.T.);
#521=FACE_OUTER_BOUND('',#946,.T.);
#522=FACE_OUTER_BOUND('',#947,.T.);
#523=FACE_OUTER_BOUND('',#948,.T.);
#524=FACE_OUTER_BOUND('',#949,.T.);
#525=FACE_OUTER_BOUND('',#950,.T.);
#526=FACE_OUTER_BOUND('',#951,.T.);
#527=FACE_OUTER_BOUND('',#952,.T.);
#528=FACE_OUTER_BOUND('',#953,.T.);
#529=FACE_OUTER_BOUND('',#954,.T.);
#530=FACE_OUTER_BOUND('',#955,.T.);
#531=FACE_OUTER_BOUND('',#956,.T.);
#532=FACE_OUTER_BOUND('',#957,.T.);
#533=FACE_OUTER_BOUND('',#958,.T.);
#534=FACE_OUTER_BOUND('',#959,.T.);
#535=FACE_OUTER_BOUND('',#960,.T.);
#536=FACE_OUTER_BOUND('',#961,.T.);
#537=FACE_OUTER_BOUND('',#962,.T.);
#538=FACE_OUTER_BOUND('',#963,.T.);
#539=FACE_OUTER_BOUND('',#964,.T.);
#540=FACE_OUTER_BOUND('',#965,.T.);
#541=FACE_OUTER_BOUND('',#966,.T.);
#542=FACE_OUTER_BOUND('',#967,.T.);
#543=FACE_OUTER_BOUND('',#968,.T.);
#544=FACE_OUTER_BOUND('',#969,.T.);
#545=FACE_OUTER_BOUND('',#970,.T.);
#546=FACE_OUTER_BOUND('',#971,.T.);
#547=FACE_OUTER_BOUND('',#972,.T.);
#548=FACE_OUTER_BOUND('',#973,.T.);
#549=FACE_OUTER_BOUND('',#974,.T.);
#550=FACE_OUTER_BOUND('',#975,.T.);
#551=FACE_OUTER_BOUND('',#976,.T.);
#552=FACE_OUTER_BOUND('',#977,.T.);
#553=FACE_OUTER_BOUND('',#978,.T.);
#554=FACE_OUTER_BOUND('',#979,.T.);
#555=FACE_OUTER_BOUND('',#980,.T.);
#556=FACE_OUTER_BOUND('',#981,.T.);
#557=FACE_OUTER_BOUND('',#982,.T.);
#558=FACE_OUTER_BOUND('',#983,.T.);
#559=FACE_OUTER_BOUND('',#984,.T.);
#560=FACE_OUTER_BOUND('',#985,.T.);
#561=FACE_OUTER_BOUND('',#986,.T.);
#562=FACE_OUTER_BOUND('',#987,.T.);
#563=FACE_OUTER_BOUND('',#988,.T.);
#564=FACE_OUTER_BOUND('',#989,.T.);
#565=FACE_OUTER_BOUND('',#990,.T.);
#566=FACE_OUTER_BOUND('',#991,.T.);
#567=FACE_OUTER_BOUND('',#992,.T.);
#568=FACE_OUTER_BOUND('',#993,.T.);
#569=FACE_OUTER_BOUND('',#994,.T.);
#570=FACE_OUTER_BOUND('',#995,.T.);
#571=FACE_OUTER_BOUND('',#996,.T.);
#572=FACE_OUTER_BOUND('',#997,.T.);
#573=FACE_OUTER_BOUND('',#998,.T.);
#574=FACE_OUTER_BOUND('',#999,.T.);
#575=FACE_OUTER_BOUND('',#1000,.T.);
#576=FACE_OUTER_BOUND('',#1001,.T.);
#577=FACE_OUTER_BOUND('',#1002,.T.);
#578=FACE_OUTER_BOUND('',#1003,.T.);
#579=FACE_OUTER_BOUND('',#1004,.T.);
#580=FACE_OUTER_BOUND('',#1005,.T.);
#581=FACE_OUTER_BOUND('',#1006,.T.);
#582=FACE_OUTER_BOUND('',#1007,.T.);
#583=FACE_OUTER_BOUND('',#1008,.T.);
#584=FACE_OUTER_BOUND('',#1009,.T.);
#585=FACE_OUTER_BOUND('',#1010,.T.);
#586=FACE_OUTER_BOUND('',#1011,.T.);
#587=FACE_OUTER_BOUND('',#1012,.T.);
#588=FACE_OUTER_BOUND('',#1013,.T.);
#589=FACE_OUTER_BOUND('',#1014,.T.);
#590=FACE_OUTER_BOUND('',#1015,.T.);
#591=FACE_OUTER_BOUND('',#1016,.T.);
#592=FACE_OUTER_BOUND('',#1017,.T.);
#593=FACE_OUTER_BOUND('',#1018,.T.);
#594=FACE_OUTER_BOUND('',#1019,.T.);
#595=FACE_OUTER_BOUND('',#1020,.T.);
#596=FACE_OUTER_BOUND('',#1021,.T.);
#597=FACE_OUTER_BOUND('',#1022,.T.);
#598=FACE_OUTER_BOUND('',#1023,.T.);
#599=FACE_OUTER_BOUND('',#1024,.T.);
#600=FACE_OUTER_BOUND('',#1025,.T.);
#601=FACE_OUTER_BOUND('',#1026,.T.);
#602=FACE_OUTER_BOUND('',#1027,.T.);
#603=FACE_OUTER_BOUND('',#1028,.T.);
#604=FACE_OUTER_BOUND('',#1029,.T.);
#605=FACE_OUTER_BOUND('',#1030,.T.);
#606=FACE_OUTER_BOUND('',#1031,.T.);
#607=FACE_OUTER_BOUND('',#1032,.T.);
#608=FACE_OUTER_BOUND('',#1033,.T.);
#609=FACE_OUTER_BOUND('',#1034,.T.);
#610=FACE_OUTER_BOUND('',#1035,.T.);
#611=FACE_OUTER_BOUND('',#1036,.T.);
#612=FACE_OUTER_BOUND('',#1037,.T.);
#613=FACE_OUTER_BOUND('',#1038,.T.);
#614=FACE_OUTER_BOUND('',#1039,.T.);
#615=FACE_OUTER_BOUND('',#1040,.T.);
#616=FACE_OUTER_BOUND('',#1041,.T.);
#617=FACE_OUTER_BOUND('',#1042,.T.);
#618=FACE_OUTER_BOUND('',#1043,.T.);
#619=FACE_OUTER_BOUND('',#1044,.T.);
#620=FACE_OUTER_BOUND('',#1045,.T.);
#621=FACE_OUTER_BOUND('',#1046,.T.);
#622=FACE_OUTER_BOUND('',#1047,.T.);
#623=FACE_OUTER_BOUND('',#1048,.T.);
#624=FACE_OUTER_BOUND('',#1049,.T.);
#625=FACE_OUTER_BOUND('',#1050,.T.);
#626=FACE_OUTER_BOUND('',#1051,.T.);
#627=FACE_OUTER_BOUND('',#1052,.T.);
#628=FACE_OUTER_BOUND('',#1053,.T.);
#629=FACE_OUTER_BOUND('',#1054,.T.);
#630=FACE_OUTER_BOUND('',#1055,.T.);
#631=FACE_OUTER_BOUND('',#1056,.T.);
#632=FACE_OUTER_BOUND('',#1057,.T.);
#633=FACE_OUTER_BOUND('',#1058,.T.);
#634=FACE_OUTER_BOUND('',#1059,.T.);
#635=FACE_OUTER_BOUND('',#1060,.T.);
#636=FACE_OUTER_BOUND('',#1061,.T.);
#637=FACE_OUTER_BOUND('',#1062,.T.);
#638=FACE_OUTER_BOUND('',#1063,.T.);
#639=FACE_OUTER_BOUND('',#1064,.T.);
#640=FACE_OUTER_BOUND('',#1065,.T.);
#641=FACE_OUTER_BOUND('',#1066,.T.);
#642=FACE_OUTER_BOUND('',#1067,.T.);
#643=FACE_OUTER_BOUND('',#1068,.T.);
#644=FACE_OUTER_BOUND('',#1069,.T.);
#645=FACE_OUTER_BOUND('',#1070,.T.);
#646=FACE_OUTER_BOUND('',#1071,.T.);
#647=FACE_OUTER_BOUND('',#1072,.T.);
#648=FACE_OUTER_BOUND('',#1073,.T.);
#649=FACE_OUTER_BOUND('',#1074,.T.);
#650=FACE_OUTER_BOUND('',#1075,.T.);
#651=FACE_OUTER_BOUND('',#1076,.T.);
#652=FACE_OUTER_BOUND('',#1077,.T.);
#653=FACE_OUTER_BOUND('',#1078,.T.);
#654=FACE_OUTER_BOUND('',#1079,.T.);
#655=FACE_OUTER_BOUND('',#1080,.T.);
#656=FACE_OUTER_BOUND('',#1081,.T.);
#657=FACE_OUTER_BOUND('',#1082,.T.);
#658=FACE_OUTER_BOUND('',#1083,.T.);
#659=FACE_OUTER_BOUND('',#1084,.T.);
#660=FACE_OUTER_BOUND('',#1085,.T.);
#661=FACE_OUTER_BOUND('',#1086,.T.);
#662=FACE_OUTER_BOUND('',#1087,.T.);
#663=FACE_OUTER_BOUND('',#1088,.T.);
#664=FACE_OUTER_BOUND('',#1089,.T.);
#665=FACE_OUTER_BOUND('',#1090,.T.);
#666=FACE_OUTER_BOUND('',#1091,.T.);
#667=FACE_OUTER_BOUND('',#1092,.T.);
#668=FACE_OUTER_BOUND('',#1093,.T.);
#669=FACE_OUTER_BOUND('',#1094,.T.);
#670=FACE_OUTER_BOUND('',#1095,.T.);
#671=FACE_OUTER_BOUND('',#1096,.T.);
#672=FACE_OUTER_BOUND('',#1097,.T.);
#673=FACE_OUTER_BOUND('',#1098,.T.);
#674=FACE_OUTER_BOUND('',#1099,.T.);
#675=FACE_OUTER_BOUND('',#1100,.T.);
#676=FACE_OUTER_BOUND('',#1101,.T.);
#677=FACE_OUTER_BOUND('',#1102,.T.);
#678=FACE_OUTER_BOUND('',#1103,.T.);
#679=FACE_OUTER_BOUND('',#1104,.T.);
#680=FACE_OUTER_BOUND('',#1105,.T.);
#681=FACE_OUTER_BOUND('',#1106,.T.);
#682=FACE_OUTER_BOUND('',#1107,.T.);
#683=FACE_OUTER_BOUND('',#1108,.T.);
#684=FACE_OUTER_BOUND('',#1109,.T.);
#685=FACE_OUTER_BOUND('',#1110,.T.);
#686=FACE_OUTER_BOUND('',#1111,.T.);
#687=FACE_OUTER_BOUND('',#1112,.T.);
#688=FACE_OUTER_BOUND('',#1113,.T.);
#689=FACE_OUTER_BOUND('',#1114,.T.);
#690=FACE_OUTER_BOUND('',#1115,.T.);
#691=FACE_OUTER_BOUND('',#1116,.T.);
#692=FACE_OUTER_BOUND('',#1117,.T.);
#693=FACE_OUTER_BOUND('',#1118,.T.);
#694=FACE_OUTER_BOUND('',#1119,.T.);
#695=FACE_OUTER_BOUND('',#1120,.T.);
#696=FACE_OUTER_BOUND('',#1121,.T.);
#697=FACE_OUTER_BOUND('',#1122,.T.);
#698=FACE_OUTER_BOUND('',#1123,.T.);
#699=FACE_OUTER_BOUND('',#1180,.T.);
#700=FACE_OUTER_BOUND('',#1181,.T.);
#701=FACE_OUTER_BOUND('',#1182,.T.);
#702=FACE_OUTER_BOUND('',#1183,.T.);
#703=FACE_OUTER_BOUND('',#1184,.T.);
#704=FACE_OUTER_BOUND('',#1185,.T.);
#705=FACE_OUTER_BOUND('',#1186,.T.);
#706=FACE_OUTER_BOUND('',#1187,.T.);
#707=FACE_OUTER_BOUND('',#1188,.T.);
#708=FACE_OUTER_BOUND('',#1189,.T.);
#709=FACE_OUTER_BOUND('',#1190,.T.);
#710=FACE_OUTER_BOUND('',#1191,.T.);
#711=FACE_OUTER_BOUND('',#1192,.T.);
#712=FACE_OUTER_BOUND('',#1193,.T.);
#713=FACE_OUTER_BOUND('',#1194,.T.);
#714=FACE_OUTER_BOUND('',#1195,.T.);
#715=FACE_OUTER_BOUND('',#1196,.T.);
#716=FACE_OUTER_BOUND('',#1197,.T.);
#717=FACE_OUTER_BOUND('',#1198,.T.);
#718=FACE_OUTER_BOUND('',#1199,.T.);
#719=FACE_OUTER_BOUND('',#1233,.T.);
#720=FACE_OUTER_BOUND('',#1234,.T.);
#721=FACE_OUTER_BOUND('',#1235,.T.);
#722=FACE_OUTER_BOUND('',#1236,.T.);
#723=FACE_OUTER_BOUND('',#1237,.T.);
#724=FACE_OUTER_BOUND('',#1238,.T.);
#725=FACE_OUTER_BOUND('',#1239,.T.);
#726=FACE_OUTER_BOUND('',#1240,.T.);
#727=FACE_OUTER_BOUND('',#1241,.T.);
#728=FACE_OUTER_BOUND('',#1242,.T.);
#729=FACE_OUTER_BOUND('',#1243,.T.);
#730=FACE_OUTER_BOUND('',#1244,.T.);
#731=FACE_OUTER_BOUND('',#1245,.T.);
#732=FACE_OUTER_BOUND('',#1246,.T.);
#733=FACE_OUTER_BOUND('',#1247,.T.);
#734=FACE_OUTER_BOUND('',#1248,.T.);
#735=FACE_OUTER_BOUND('',#1249,.T.);
#736=FACE_OUTER_BOUND('',#1250,.T.);
#737=FACE_OUTER_BOUND('',#1251,.T.);
#738=FACE_OUTER_BOUND('',#1252,.T.);
#739=FACE_OUTER_BOUND('',#1253,.T.);
#740=FACE_OUTER_BOUND('',#1254,.T.);
#741=FACE_OUTER_BOUND('',#1255,.T.);
#742=FACE_OUTER_BOUND('',#1256,.T.);
#743=FACE_OUTER_BOUND('',#1257,.T.);
#744=FACE_OUTER_BOUND('',#1258,.T.);
#745=FACE_OUTER_BOUND('',#1259,.T.);
#746=FACE_OUTER_BOUND('',#1260,.T.);
#747=FACE_OUTER_BOUND('',#1261,.T.);
#748=FACE_OUTER_BOUND('',#1262,.T.);
#749=FACE_OUTER_BOUND('',#1263,.T.);
#750=FACE_OUTER_BOUND('',#1264,.T.);
#751=FACE_OUTER_BOUND('',#1265,.T.);
#752=FACE_OUTER_BOUND('',#1266,.T.);
#753=FACE_OUTER_BOUND('',#1267,.T.);
#754=FACE_OUTER_BOUND('',#1268,.T.);
#755=FACE_OUTER_BOUND('',#1269,.T.);
#756=FACE_OUTER_BOUND('',#1270,.T.);
#757=FACE_OUTER_BOUND('',#1271,.T.);
#758=FACE_OUTER_BOUND('',#1272,.T.);
#759=FACE_OUTER_BOUND('',#1273,.T.);
#760=FACE_OUTER_BOUND('',#1274,.T.);
#761=FACE_OUTER_BOUND('',#1275,.T.);
#762=FACE_OUTER_BOUND('',#1276,.T.);
#763=FACE_OUTER_BOUND('',#1277,.T.);
#764=FACE_OUTER_BOUND('',#1278,.T.);
#765=FACE_OUTER_BOUND('',#1279,.T.);
#766=FACE_OUTER_BOUND('',#1280,.T.);
#767=FACE_OUTER_BOUND('',#1281,.T.);
#768=FACE_OUTER_BOUND('',#1282,.T.);
#769=FACE_OUTER_BOUND('',#1283,.T.);
#770=FACE_OUTER_BOUND('',#1284,.T.);
#771=FACE_OUTER_BOUND('',#1285,.T.);
#772=FACE_OUTER_BOUND('',#1286,.T.);
#773=FACE_OUTER_BOUND('',#1287,.T.);
#774=FACE_OUTER_BOUND('',#1288,.T.);
#775=FACE_OUTER_BOUND('',#1289,.T.);
#776=FACE_OUTER_BOUND('',#1290,.T.);
#777=FACE_OUTER_BOUND('',#1291,.T.);
#778=FACE_OUTER_BOUND('',#1292,.T.);
#779=FACE_OUTER_BOUND('',#1293,.T.);
#780=FACE_OUTER_BOUND('',#1294,.T.);
#781=FACE_OUTER_BOUND('',#1295,.T.);
#782=FACE_OUTER_BOUND('',#1296,.T.);
#783=FACE_OUTER_BOUND('',#1297,.T.);
#784=FACE_OUTER_BOUND('',#1298,.T.);
#785=FACE_OUTER_BOUND('',#1299,.T.);
#786=FACE_OUTER_BOUND('',#1300,.T.);
#787=FACE_OUTER_BOUND('',#1301,.T.);
#788=FACE_OUTER_BOUND('',#1302,.T.);
#789=FACE_OUTER_BOUND('',#1303,.T.);
#790=FACE_OUTER_BOUND('',#1304,.T.);
#791=FACE_OUTER_BOUND('',#1305,.T.);
#792=FACE_OUTER_BOUND('',#1306,.T.);
#793=FACE_OUTER_BOUND('',#1307,.T.);
#794=FACE_OUTER_BOUND('',#1308,.T.);
#795=FACE_OUTER_BOUND('',#1309,.T.);
#796=FACE_OUTER_BOUND('',#1310,.T.);
#797=FACE_OUTER_BOUND('',#1311,.T.);
#798=FACE_OUTER_BOUND('',#1312,.T.);
#799=FACE_OUTER_BOUND('',#1313,.T.);
#800=FACE_OUTER_BOUND('',#1314,.T.);
#801=FACE_OUTER_BOUND('',#1315,.T.);
#802=FACE_OUTER_BOUND('',#1316,.T.);
#803=FACE_OUTER_BOUND('',#1317,.T.);
#804=FACE_OUTER_BOUND('',#1318,.T.);
#805=FACE_OUTER_BOUND('',#1319,.T.);
#806=FACE_OUTER_BOUND('',#1320,.T.);
#807=FACE_OUTER_BOUND('',#1321,.T.);
#808=FACE_OUTER_BOUND('',#1322,.T.);
#809=FACE_OUTER_BOUND('',#1323,.T.);
#810=FACE_OUTER_BOUND('',#1357,.T.);
#811=FACE_OUTER_BOUND('',#1358,.T.);
#812=FACE_OUTER_BOUND('',#1359,.T.);
#813=FACE_OUTER_BOUND('',#1360,.T.);
#814=FACE_OUTER_BOUND('',#1361,.T.);
#815=FACE_OUTER_BOUND('',#1362,.T.);
#816=FACE_OUTER_BOUND('',#1363,.T.);
#817=FACE_OUTER_BOUND('',#1364,.T.);
#818=FACE_OUTER_BOUND('',#1365,.T.);
#819=FACE_OUTER_BOUND('',#1366,.T.);
#820=FACE_OUTER_BOUND('',#1367,.T.);
#821=FACE_OUTER_BOUND('',#1368,.T.);
#822=FACE_OUTER_BOUND('',#1369,.T.);
#823=FACE_OUTER_BOUND('',#1370,.T.);
#824=FACE_OUTER_BOUND('',#1371,.T.);
#825=FACE_OUTER_BOUND('',#1372,.T.);
#826=FACE_OUTER_BOUND('',#1373,.T.);
#827=FACE_OUTER_BOUND('',#1374,.T.);
#828=FACE_OUTER_BOUND('',#1375,.T.);
#829=FACE_OUTER_BOUND('',#1376,.T.);
#830=FACE_OUTER_BOUND('',#1377,.T.);
#831=FACE_OUTER_BOUND('',#1378,.T.);
#832=FACE_OUTER_BOUND('',#1379,.T.);
#833=FACE_OUTER_BOUND('',#1380,.T.);
#834=FACE_OUTER_BOUND('',#1381,.T.);
#835=FACE_OUTER_BOUND('',#1382,.T.);
#836=FACE_OUTER_BOUND('',#1383,.T.);
#837=FACE_OUTER_BOUND('',#1384,.T.);
#838=FACE_OUTER_BOUND('',#1385,.T.);
#839=FACE_OUTER_BOUND('',#1386,.T.);
#840=FACE_OUTER_BOUND('',#1388,.T.);
#841=FACE_OUTER_BOUND('',#1389,.T.);
#842=FACE_OUTER_BOUND('',#1390,.T.);
#843=FACE_OUTER_BOUND('',#1391,.T.);
#844=FACE_OUTER_BOUND('',#1392,.T.);
#845=FACE_OUTER_BOUND('',#1394,.T.);
#846=FACE_OUTER_BOUND('',#1395,.T.);
#847=FACE_OUTER_BOUND('',#1396,.T.);
#848=FACE_OUTER_BOUND('',#1397,.T.);
#849=FACE_OUTER_BOUND('',#1398,.T.);
#850=FACE_OUTER_BOUND('',#1399,.T.);
#851=FACE_OUTER_BOUND('',#1400,.T.);
#852=FACE_OUTER_BOUND('',#1401,.T.);
#853=FACE_OUTER_BOUND('',#1402,.T.);
#854=FACE_OUTER_BOUND('',#1403,.T.);
#855=FACE_OUTER_BOUND('',#1404,.T.);
#856=FACE_OUTER_BOUND('',#1405,.T.);
#857=FACE_OUTER_BOUND('',#1406,.T.);
#858=FACE_OUTER_BOUND('',#1407,.T.);
#859=FACE_OUTER_BOUND('',#1409,.T.);
#860=FACE_OUTER_BOUND('',#1410,.T.);
#861=FACE_OUTER_BOUND('',#1411,.T.);
#862=FACE_OUTER_BOUND('',#1412,.T.);
#863=FACE_OUTER_BOUND('',#1413,.T.);
#864=FACE_OUTER_BOUND('',#1414,.T.);
#865=FACE_OUTER_BOUND('',#1415,.T.);
#866=FACE_OUTER_BOUND('',#1416,.T.);
#867=FACE_OUTER_BOUND('',#1418,.T.);
#868=FACE_OUTER_BOUND('',#1419,.T.);
#869=FACE_OUTER_BOUND('',#1420,.T.);
#870=FACE_OUTER_BOUND('',#1421,.T.);
#871=FACE_OUTER_BOUND('',#1422,.T.);
#872=FACE_OUTER_BOUND('',#1423,.T.);
#873=EDGE_LOOP('',(#4957,#4958,#4959,#4960));
#874=EDGE_LOOP('',(#4961,#4962,#4963,#4964));
#875=EDGE_LOOP('',(#4965,#4966,#4967,#4968));
#876=EDGE_LOOP('',(#4969,#4970,#4971,#4972));
#877=EDGE_LOOP('',(#4973,#4974,#4975,#4976));
#878=EDGE_LOOP('',(#4977,#4978,#4979,#4980));
#879=EDGE_LOOP('',(#4981,#4982,#4983,#4984));
#880=EDGE_LOOP('',(#4985));
#881=EDGE_LOOP('',(#4986));
#882=EDGE_LOOP('',(#4987));
#883=EDGE_LOOP('',(#4988));
#884=EDGE_LOOP('',(#4989));
#885=EDGE_LOOP('',(#4990,#4991,#4992,#4993));
#886=EDGE_LOOP('',(#4994,#4995,#4996,#4997));
#887=EDGE_LOOP('',(#4998,#4999,#5000,#5001));
#888=EDGE_LOOP('',(#5002,#5003,#5004,#5005));
#889=EDGE_LOOP('',(#5006,#5007,#5008,#5009));
#890=EDGE_LOOP('',(#5010,#5011,#5012,#5013));
#891=EDGE_LOOP('',(#5014,#5015,#5016,#5017));
#892=EDGE_LOOP('',(#5018,#5019,#5020,#5021));
#893=EDGE_LOOP('',(#5022,#5023,#5024,#5025));
#894=EDGE_LOOP('',(#5026,#5027,#5028,#5029));
#895=EDGE_LOOP('',(#5030,#5031,#5032,#5033));
#896=EDGE_LOOP('',(#5034,#5035,#5036,#5037));
#897=EDGE_LOOP('',(#5038,#5039,#5040,#5041));
#898=EDGE_LOOP('',(#5042,#5043,#5044,#5045));
#899=EDGE_LOOP('',(#5046,#5047,#5048,#5049));
#900=EDGE_LOOP('',(#5050,#5051,#5052,#5053));
#901=EDGE_LOOP('',(#5054,#5055,#5056,#5057));
#902=EDGE_LOOP('',(#5058,#5059,#5060,#5061));
#903=EDGE_LOOP('',(#5062,#5063,#5064,#5065));
#904=EDGE_LOOP('',(#5066,#5067,#5068,#5069));
#905=EDGE_LOOP('',(#5070,#5071,#5072,#5073));
#906=EDGE_LOOP('',(#5074,#5075,#5076,#5077));
#907=EDGE_LOOP('',(#5078,#5079,#5080,#5081));
#908=EDGE_LOOP('',(#5082,#5083,#5084,#5085));
#909=EDGE_LOOP('',(#5086,#5087,#5088,#5089));
#910=EDGE_LOOP('',(#5090,#5091,#5092,#5093));
#911=EDGE_LOOP('',(#5094,#5095,#5096,#5097));
#912=EDGE_LOOP('',(#5098,#5099,#5100,#5101));
#913=EDGE_LOOP('',(#5102,#5103,#5104,#5105));
#914=EDGE_LOOP('',(#5106,#5107,#5108,#5109));
#915=EDGE_LOOP('',(#5110,#5111,#5112,#5113));
#916=EDGE_LOOP('',(#5114,#5115,#5116,#5117));
#917=EDGE_LOOP('',(#5118,#5119,#5120,#5121));
#918=EDGE_LOOP('',(#5122,#5123,#5124,#5125));
#919=EDGE_LOOP('',(#5126,#5127,#5128,#5129));
#920=EDGE_LOOP('',(#5130,#5131,#5132,#5133));
#921=EDGE_LOOP('',(#5134,#5135,#5136,#5137));
#922=EDGE_LOOP('',(#5138,#5139,#5140,#5141));
#923=EDGE_LOOP('',(#5142,#5143,#5144,#5145));
#924=EDGE_LOOP('',(#5146,#5147,#5148,#5149));
#925=EDGE_LOOP('',(#5150,#5151,#5152,#5153));
#926=EDGE_LOOP('',(#5154,#5155,#5156,#5157));
#927=EDGE_LOOP('',(#5158,#5159,#5160,#5161));
#928=EDGE_LOOP('',(#5162,#5163,#5164,#5165));
#929=EDGE_LOOP('',(#5166,#5167,#5168,#5169));
#930=EDGE_LOOP('',(#5170,#5171,#5172,#5173));
#931=EDGE_LOOP('',(#5174,#5175,#5176,#5177));
#932=EDGE_LOOP('',(#5178,#5179,#5180,#5181));
#933=EDGE_LOOP('',(#5182));
#934=EDGE_LOOP('',(#5183));
#935=EDGE_LOOP('',(#5184));
#936=EDGE_LOOP('',(#5185));
#937=EDGE_LOOP('',(#5186,#5187,#5188,#5189));
#938=EDGE_LOOP('',(#5190,#5191,#5192,#5193));
#939=EDGE_LOOP('',(#5194,#5195,#5196,#5197));
#940=EDGE_LOOP('',(#5198,#5199,#5200,#5201));
#941=EDGE_LOOP('',(#5202,#5203,#5204,#5205));
#942=EDGE_LOOP('',(#5206,#5207,#5208,#5209));
#943=EDGE_LOOP('',(#5210,#5211,#5212,#5213));
#944=EDGE_LOOP('',(#5214,#5215,#5216,#5217));
#945=EDGE_LOOP('',(#5218,#5219,#5220,#5221));
#946=EDGE_LOOP('',(#5222,#5223,#5224,#5225));
#947=EDGE_LOOP('',(#5226,#5227,#5228,#5229));
#948=EDGE_LOOP('',(#5230,#5231,#5232,#5233));
#949=EDGE_LOOP('',(#5234,#5235,#5236,#5237));
#950=EDGE_LOOP('',(#5238,#5239,#5240,#5241));
#951=EDGE_LOOP('',(#5242,#5243,#5244,#5245));
#952=EDGE_LOOP('',(#5246,#5247,#5248,#5249));
#953=EDGE_LOOP('',(#5250,#5251,#5252,#5253));
#954=EDGE_LOOP('',(#5254,#5255,#5256,#5257));
#955=EDGE_LOOP('',(#5258,#5259,#5260,#5261));
#956=EDGE_LOOP('',(#5262,#5263,#5264,#5265));
#957=EDGE_LOOP('',(#5266,#5267,#5268,#5269));
#958=EDGE_LOOP('',(#5270,#5271,#5272,#5273));
#959=EDGE_LOOP('',(#5274,#5275,#5276,#5277));
#960=EDGE_LOOP('',(#5278,#5279,#5280,#5281));
#961=EDGE_LOOP('',(#5282,#5283,#5284,#5285));
#962=EDGE_LOOP('',(#5286,#5287,#5288,#5289));
#963=EDGE_LOOP('',(#5290,#5291,#5292,#5293));
#964=EDGE_LOOP('',(#5294,#5295,#5296,#5297));
#965=EDGE_LOOP('',(#5298,#5299,#5300,#5301));
#966=EDGE_LOOP('',(#5302,#5303,#5304,#5305));
#967=EDGE_LOOP('',(#5306,#5307,#5308,#5309));
#968=EDGE_LOOP('',(#5310,#5311,#5312,#5313));
#969=EDGE_LOOP('',(#5314,#5315,#5316,#5317));
#970=EDGE_LOOP('',(#5318,#5319,#5320,#5321));
#971=EDGE_LOOP('',(#5322,#5323,#5324,#5325));
#972=EDGE_LOOP('',(#5326,#5327,#5328,#5329));
#973=EDGE_LOOP('',(#5330,#5331,#5332,#5333));
#974=EDGE_LOOP('',(#5334,#5335,#5336,#5337));
#975=EDGE_LOOP('',(#5338,#5339,#5340,#5341));
#976=EDGE_LOOP('',(#5342,#5343,#5344,#5345));
#977=EDGE_LOOP('',(#5346,#5347,#5348,#5349));
#978=EDGE_LOOP('',(#5350,#5351,#5352,#5353));
#979=EDGE_LOOP('',(#5354,#5355,#5356,#5357));
#980=EDGE_LOOP('',(#5358,#5359,#5360,#5361));
#981=EDGE_LOOP('',(#5362,#5363,#5364,#5365));
#982=EDGE_LOOP('',(#5366,#5367,#5368,#5369));
#983=EDGE_LOOP('',(#5370,#5371,#5372,#5373));
#984=EDGE_LOOP('',(#5374,#5375,#5376,#5377));
#985=EDGE_LOOP('',(#5378,#5379,#5380,#5381));
#986=EDGE_LOOP('',(#5382,#5383,#5384,#5385));
#987=EDGE_LOOP('',(#5386,#5387,#5388,#5389));
#988=EDGE_LOOP('',(#5390,#5391,#5392,#5393));
#989=EDGE_LOOP('',(#5394,#5395,#5396,#5397));
#990=EDGE_LOOP('',(#5398,#5399,#5400,#5401));
#991=EDGE_LOOP('',(#5402,#5403,#5404,#5405));
#992=EDGE_LOOP('',(#5406,#5407,#5408,#5409));
#993=EDGE_LOOP('',(#5410,#5411,#5412,#5413));
#994=EDGE_LOOP('',(#5414,#5415,#5416,#5417));
#995=EDGE_LOOP('',(#5418,#5419,#5420,#5421));
#996=EDGE_LOOP('',(#5422,#5423,#5424,#5425));
#997=EDGE_LOOP('',(#5426,#5427,#5428,#5429));
#998=EDGE_LOOP('',(#5430,#5431,#5432,#5433));
#999=EDGE_LOOP('',(#5434,#5435,#5436,#5437));
#1000=EDGE_LOOP('',(#5438,#5439,#5440,#5441));
#1001=EDGE_LOOP('',(#5442,#5443,#5444,#5445));
#1002=EDGE_LOOP('',(#5446,#5447,#5448,#5449));
#1003=EDGE_LOOP('',(#5450,#5451,#5452,#5453));
#1004=EDGE_LOOP('',(#5454,#5455,#5456,#5457));
#1005=EDGE_LOOP('',(#5458,#5459,#5460,#5461));
#1006=EDGE_LOOP('',(#5462,#5463,#5464,#5465));
#1007=EDGE_LOOP('',(#5466,#5467,#5468,#5469));
#1008=EDGE_LOOP('',(#5470,#5471,#5472,#5473));
#1009=EDGE_LOOP('',(#5474,#5475,#5476,#5477));
#1010=EDGE_LOOP('',(#5478,#5479,#5480,#5481));
#1011=EDGE_LOOP('',(#5482,#5483,#5484,#5485));
#1012=EDGE_LOOP('',(#5486,#5487,#5488,#5489));
#1013=EDGE_LOOP('',(#5490,#5491,#5492,#5493));
#1014=EDGE_LOOP('',(#5494,#5495,#5496,#5497));
#1015=EDGE_LOOP('',(#5498,#5499,#5500,#5501));
#1016=EDGE_LOOP('',(#5502,#5503,#5504,#5505));
#1017=EDGE_LOOP('',(#5506,#5507,#5508,#5509));
#1018=EDGE_LOOP('',(#5510,#5511,#5512,#5513));
#1019=EDGE_LOOP('',(#5514,#5515,#5516,#5517));
#1020=EDGE_LOOP('',(#5518,#5519,#5520,#5521));
#1021=EDGE_LOOP('',(#5522,#5523,#5524,#5525));
#1022=EDGE_LOOP('',(#5526,#5527,#5528,#5529));
#1023=EDGE_LOOP('',(#5530,#5531,#5532,#5533));
#1024=EDGE_LOOP('',(#5534,#5535,#5536,#5537));
#1025=EDGE_LOOP('',(#5538,#5539,#5540,#5541));
#1026=EDGE_LOOP('',(#5542,#5543,#5544,#5545));
#1027=EDGE_LOOP('',(#5546,#5547,#5548,#5549));
#1028=EDGE_LOOP('',(#5550,#5551,#5552,#5553));
#1029=EDGE_LOOP('',(#5554,#5555,#5556,#5557));
#1030=EDGE_LOOP('',(#5558,#5559,#5560,#5561));
#1031=EDGE_LOOP('',(#5562,#5563,#5564,#5565));
#1032=EDGE_LOOP('',(#5566,#5567,#5568,#5569));
#1033=EDGE_LOOP('',(#5570,#5571,#5572,#5573));
#1034=EDGE_LOOP('',(#5574,#5575,#5576,#5577));
#1035=EDGE_LOOP('',(#5578,#5579,#5580,#5581));
#1036=EDGE_LOOP('',(#5582,#5583,#5584,#5585));
#1037=EDGE_LOOP('',(#5586,#5587,#5588,#5589));
#1038=EDGE_LOOP('',(#5590,#5591,#5592,#5593));
#1039=EDGE_LOOP('',(#5594,#5595,#5596,#5597));
#1040=EDGE_LOOP('',(#5598,#5599,#5600,#5601));
#1041=EDGE_LOOP('',(#5602,#5603,#5604,#5605));
#1042=EDGE_LOOP('',(#5606,#5607,#5608,#5609));
#1043=EDGE_LOOP('',(#5610,#5611,#5612,#5613));
#1044=EDGE_LOOP('',(#5614,#5615,#5616,#5617));
#1045=EDGE_LOOP('',(#5618,#5619,#5620,#5621));
#1046=EDGE_LOOP('',(#5622,#5623,#5624,#5625));
#1047=EDGE_LOOP('',(#5626,#5627,#5628,#5629));
#1048=EDGE_LOOP('',(#5630,#5631,#5632,#5633));
#1049=EDGE_LOOP('',(#5634,#5635,#5636,#5637));
#1050=EDGE_LOOP('',(#5638,#5639,#5640,#5641));
#1051=EDGE_LOOP('',(#5642,#5643,#5644,#5645));
#1052=EDGE_LOOP('',(#5646,#5647,#5648,#5649));
#1053=EDGE_LOOP('',(#5650,#5651,#5652,#5653));
#1054=EDGE_LOOP('',(#5654,#5655,#5656,#5657));
#1055=EDGE_LOOP('',(#5658,#5659,#5660,#5661));
#1056=EDGE_LOOP('',(#5662,#5663,#5664,#5665));
#1057=EDGE_LOOP('',(#5666,#5667,#5668,#5669));
#1058=EDGE_LOOP('',(#5670,#5671,#5672,#5673));
#1059=EDGE_LOOP('',(#5674,#5675,#5676,#5677));
#1060=EDGE_LOOP('',(#5678,#5679,#5680,#5681));
#1061=EDGE_LOOP('',(#5682,#5683,#5684,#5685));
#1062=EDGE_LOOP('',(#5686,#5687,#5688,#5689));
#1063=EDGE_LOOP('',(#5690,#5691,#5692,#5693));
#1064=EDGE_LOOP('',(#5694,#5695,#5696,#5697));
#1065=EDGE_LOOP('',(#5698,#5699,#5700,#5701));
#1066=EDGE_LOOP('',(#5702,#5703,#5704,#5705));
#1067=EDGE_LOOP('',(#5706,#5707,#5708,#5709));
#1068=EDGE_LOOP('',(#5710,#5711,#5712,#5713));
#1069=EDGE_LOOP('',(#5714,#5715,#5716,#5717));
#1070=EDGE_LOOP('',(#5718,#5719,#5720,#5721));
#1071=EDGE_LOOP('',(#5722,#5723,#5724,#5725));
#1072=EDGE_LOOP('',(#5726,#5727,#5728,#5729));
#1073=EDGE_LOOP('',(#5730,#5731,#5732,#5733));
#1074=EDGE_LOOP('',(#5734,#5735,#5736,#5737));
#1075=EDGE_LOOP('',(#5738,#5739,#5740,#5741));
#1076=EDGE_LOOP('',(#5742,#5743,#5744,#5745));
#1077=EDGE_LOOP('',(#5746,#5747,#5748,#5749));
#1078=EDGE_LOOP('',(#5750,#5751,#5752,#5753));
#1079=EDGE_LOOP('',(#5754,#5755,#5756,#5757));
#1080=EDGE_LOOP('',(#5758,#5759,#5760,#5761));
#1081=EDGE_LOOP('',(#5762,#5763,#5764,#5765));
#1082=EDGE_LOOP('',(#5766,#5767,#5768,#5769));
#1083=EDGE_LOOP('',(#5770,#5771,#5772,#5773));
#1084=EDGE_LOOP('',(#5774,#5775,#5776,#5777));
#1085=EDGE_LOOP('',(#5778,#5779,#5780,#5781));
#1086=EDGE_LOOP('',(#5782,#5783,#5784,#5785));
#1087=EDGE_LOOP('',(#5786,#5787,#5788,#5789));
#1088=EDGE_LOOP('',(#5790,#5791,#5792,#5793));
#1089=EDGE_LOOP('',(#5794,#5795,#5796,#5797));
#1090=EDGE_LOOP('',(#5798,#5799,#5800,#5801));
#1091=EDGE_LOOP('',(#5802,#5803,#5804,#5805));
#1092=EDGE_LOOP('',(#5806,#5807,#5808,#5809));
#1093=EDGE_LOOP('',(#5810,#5811,#5812,#5813));
#1094=EDGE_LOOP('',(#5814,#5815,#5816,#5817));
#1095=EDGE_LOOP('',(#5818,#5819,#5820,#5821));
#1096=EDGE_LOOP('',(#5822,#5823,#5824,#5825));
#1097=EDGE_LOOP('',(#5826,#5827,#5828,#5829));
#1098=EDGE_LOOP('',(#5830,#5831,#5832,#5833));
#1099=EDGE_LOOP('',(#5834,#5835,#5836,#5837));
#1100=EDGE_LOOP('',(#5838,#5839,#5840,#5841));
#1101=EDGE_LOOP('',(#5842,#5843,#5844,#5845));
#1102=EDGE_LOOP('',(#5846,#5847,#5848,#5849));
#1103=EDGE_LOOP('',(#5850,#5851,#5852,#5853));
#1104=EDGE_LOOP('',(#5854,#5855,#5856,#5857));
#1105=EDGE_LOOP('',(#5858,#5859,#5860,#5861));
#1106=EDGE_LOOP('',(#5862,#5863,#5864,#5865));
#1107=EDGE_LOOP('',(#5866,#5867,#5868,#5869));
#1108=EDGE_LOOP('',(#5870,#5871,#5872,#5873));
#1109=EDGE_LOOP('',(#5874,#5875,#5876,#5877));
#1110=EDGE_LOOP('',(#5878,#5879,#5880,#5881));
#1111=EDGE_LOOP('',(#5882,#5883,#5884,#5885));
#1112=EDGE_LOOP('',(#5886,#5887,#5888,#5889));
#1113=EDGE_LOOP('',(#5890,#5891,#5892,#5893));
#1114=EDGE_LOOP('',(#5894,#5895,#5896,#5897));
#1115=EDGE_LOOP('',(#5898,#5899,#5900,#5901));
#1116=EDGE_LOOP('',(#5902,#5903,#5904,#5905));
#1117=EDGE_LOOP('',(#5906,#5907,#5908,#5909));
#1118=EDGE_LOOP('',(#5910,#5911,#5912,#5913));
#1119=EDGE_LOOP('',(#5914,#5915,#5916,#5917));
#1120=EDGE_LOOP('',(#5918,#5919,#5920,#5921));
#1121=EDGE_LOOP('',(#5922,#5923,#5924,#5925));
#1122=EDGE_LOOP('',(#5926,#5927,#5928,#5929));
#1123=EDGE_LOOP('',(#5930));
#1124=EDGE_LOOP('',(#5931,#5932,#5933,#5934));
#1125=EDGE_LOOP('',(#5935,#5936,#5937,#5938));
#1126=EDGE_LOOP('',(#5939,#5940,#5941,#5942));
#1127=EDGE_LOOP('',(#5943,#5944,#5945,#5946));
#1128=EDGE_LOOP('',(#5947,#5948,#5949,#5950));
#1129=EDGE_LOOP('',(#5951,#5952,#5953,#5954));
#1130=EDGE_LOOP('',(#5955,#5956,#5957,#5958));
#1131=EDGE_LOOP('',(#5959,#5960,#5961,#5962));
#1132=EDGE_LOOP('',(#5963,#5964,#5965,#5966));
#1133=EDGE_LOOP('',(#5967,#5968,#5969,#5970));
#1134=EDGE_LOOP('',(#5971,#5972,#5973,#5974));
#1135=EDGE_LOOP('',(#5975,#5976,#5977,#5978));
#1136=EDGE_LOOP('',(#5979,#5980,#5981,#5982));
#1137=EDGE_LOOP('',(#5983,#5984,#5985,#5986));
#1138=EDGE_LOOP('',(#5987,#5988,#5989,#5990));
#1139=EDGE_LOOP('',(#5991,#5992,#5993,#5994));
#1140=EDGE_LOOP('',(#5995,#5996,#5997,#5998));
#1141=EDGE_LOOP('',(#5999,#6000,#6001,#6002));
#1142=EDGE_LOOP('',(#6003,#6004,#6005,#6006));
#1143=EDGE_LOOP('',(#6007,#6008,#6009,#6010));
#1144=EDGE_LOOP('',(#6011,#6012,#6013,#6014));
#1145=EDGE_LOOP('',(#6015,#6016,#6017,#6018));
#1146=EDGE_LOOP('',(#6019,#6020,#6021,#6022));
#1147=EDGE_LOOP('',(#6023,#6024,#6025,#6026));
#1148=EDGE_LOOP('',(#6027,#6028,#6029,#6030));
#1149=EDGE_LOOP('',(#6031,#6032,#6033,#6034));
#1150=EDGE_LOOP('',(#6035,#6036,#6037,#6038));
#1151=EDGE_LOOP('',(#6039,#6040,#6041,#6042));
#1152=EDGE_LOOP('',(#6043,#6044,#6045,#6046));
#1153=EDGE_LOOP('',(#6047,#6048,#6049,#6050));
#1154=EDGE_LOOP('',(#6051,#6052,#6053,#6054));
#1155=EDGE_LOOP('',(#6055,#6056,#6057,#6058));
#1156=EDGE_LOOP('',(#6059,#6060));
#1157=EDGE_LOOP('',(#6061,#6062));
#1158=EDGE_LOOP('',(#6063,#6064));
#1159=EDGE_LOOP('',(#6065,#6066));
#1160=EDGE_LOOP('',(#6067));
#1161=EDGE_LOOP('',(#6068));
#1162=EDGE_LOOP('',(#6069));
#1163=EDGE_LOOP('',(#6070));
#1164=EDGE_LOOP('',(#6071,#6072,#6073,#6074));
#1165=EDGE_LOOP('',(#6075,#6076,#6077,#6078));
#1166=EDGE_LOOP('',(#6079,#6080,#6081,#6082));
#1167=EDGE_LOOP('',(#6083,#6084,#6085,#6086));
#1168=EDGE_LOOP('',(#6087,#6088,#6089,#6090));
#1169=EDGE_LOOP('',(#6091,#6092,#6093,#6094));
#1170=EDGE_LOOP('',(#6095,#6096,#6097,#6098));
#1171=EDGE_LOOP('',(#6099,#6100,#6101,#6102));
#1172=EDGE_LOOP('',(#6103,#6104,#6105,#6106));
#1173=EDGE_LOOP('',(#6107,#6108,#6109,#6110));
#1174=EDGE_LOOP('',(#6111,#6112,#6113,#6114));
#1175=EDGE_LOOP('',(#6115,#6116,#6117,#6118));
#1176=EDGE_LOOP('',(#6119,#6120,#6121,#6122));
#1177=EDGE_LOOP('',(#6123,#6124,#6125,#6126));
#1178=EDGE_LOOP('',(#6127,#6128,#6129,#6130));
#1179=EDGE_LOOP('',(#6131,#6132,#6133,#6134));
#1180=EDGE_LOOP('',(#6135,#6136,#6137,#6138));
#1181=EDGE_LOOP('',(#6139,#6140,#6141,#6142));
#1182=EDGE_LOOP('',(#6143,#6144,#6145,#6146));
#1183=EDGE_LOOP('',(#6147,#6148,#6149,#6150));
#1184=EDGE_LOOP('',(#6151,#6152,#6153,#6154,#6155));
#1185=EDGE_LOOP('',(#6156,#6157,#6158,#6159,#6160));
#1186=EDGE_LOOP('',(#6161,#6162,#6163,#6164,#6165));
#1187=EDGE_LOOP('',(#6166,#6167,#6168,#6169,#6170));
#1188=EDGE_LOOP('',(#6171,#6172,#6173,#6174));
#1189=EDGE_LOOP('',(#6175,#6176,#6177,#6178));
#1190=EDGE_LOOP('',(#6179,#6180,#6181,#6182));
#1191=EDGE_LOOP('',(#6183,#6184,#6185,#6186));
#1192=EDGE_LOOP('',(#6187,#6188,#6189,#6190));
#1193=EDGE_LOOP('',(#6191,#6192,#6193,#6194));
#1194=EDGE_LOOP('',(#6195,#6196,#6197,#6198));
#1195=EDGE_LOOP('',(#6199,#6200,#6201,#6202));
#1196=EDGE_LOOP('',(#6203,#6204,#6205,#6206));
#1197=EDGE_LOOP('',(#6207,#6208,#6209,#6210));
#1198=EDGE_LOOP('',(#6211,#6212,#6213,#6214));
#1199=EDGE_LOOP('',(#6215,#6216));
#1200=EDGE_LOOP('',(#6217,#6218));
#1201=EDGE_LOOP('',(#6219,#6220));
#1202=EDGE_LOOP('',(#6221,#6222));
#1203=EDGE_LOOP('',(#6223,#6224));
#1204=EDGE_LOOP('',(#6225,#6226,#6227,#6228));
#1205=EDGE_LOOP('',(#6229,#6230,#6231,#6232));
#1206=EDGE_LOOP('',(#6233,#6234,#6235,#6236));
#1207=EDGE_LOOP('',(#6237,#6238,#6239,#6240));
#1208=EDGE_LOOP('',(#6241,#6242,#6243,#6244));
#1209=EDGE_LOOP('',(#6245,#6246,#6247,#6248));
#1210=EDGE_LOOP('',(#6249,#6250,#6251,#6252));
#1211=EDGE_LOOP('',(#6253,#6254,#6255,#6256));
#1212=EDGE_LOOP('',(#6257,#6258,#6259,#6260));
#1213=EDGE_LOOP('',(#6261,#6262,#6263,#6264));
#1214=EDGE_LOOP('',(#6265,#6266,#6267,#6268));
#1215=EDGE_LOOP('',(#6269,#6270,#6271,#6272));
#1216=EDGE_LOOP('',(#6273,#6274,#6275,#6276));
#1217=EDGE_LOOP('',(#6277,#6278,#6279,#6280));
#1218=EDGE_LOOP('',(#6281,#6282,#6283,#6284));
#1219=EDGE_LOOP('',(#6285,#6286,#6287,#6288,#6289,#6290,#6291,#6292));
#1220=EDGE_LOOP('',(#6293,#6294,#6295,#6296));
#1221=EDGE_LOOP('',(#6297,#6298,#6299,#6300));
#1222=EDGE_LOOP('',(#6301,#6302,#6303,#6304));
#1223=EDGE_LOOP('',(#6305,#6306,#6307,#6308));
#1224=EDGE_LOOP('',(#6309,#6310,#6311,#6312));
#1225=EDGE_LOOP('',(#6313,#6314,#6315,#6316));
#1226=EDGE_LOOP('',(#6317,#6318,#6319,#6320));
#1227=EDGE_LOOP('',(#6321,#6322,#6323,#6324));
#1228=EDGE_LOOP('',(#6325,#6326,#6327,#6328));
#1229=EDGE_LOOP('',(#6329,#6330));
#1230=EDGE_LOOP('',(#6331,#6332));
#1231=EDGE_LOOP('',(#6333,#6334));
#1232=EDGE_LOOP('',(#6335,#6336));
#1233=EDGE_LOOP('',(#6337,#6338,#6339,#6340));
#1234=EDGE_LOOP('',(#6341,#6342,#6343,#6344));
#1235=EDGE_LOOP('',(#6345,#6346,#6347,#6348));
#1236=EDGE_LOOP('',(#6349,#6350,#6351,#6352));
#1237=EDGE_LOOP('',(#6353,#6354,#6355,#6356));
#1238=EDGE_LOOP('',(#6357,#6358,#6359,#6360));
#1239=EDGE_LOOP('',(#6361,#6362,#6363,#6364));
#1240=EDGE_LOOP('',(#6365,#6366,#6367,#6368));
#1241=EDGE_LOOP('',(#6369,#6370,#6371,#6372));
#1242=EDGE_LOOP('',(#6373,#6374,#6375,#6376));
#1243=EDGE_LOOP('',(#6377,#6378,#6379,#6380));
#1244=EDGE_LOOP('',(#6381,#6382,#6383,#6384));
#1245=EDGE_LOOP('',(#6385,#6386,#6387,#6388));
#1246=EDGE_LOOP('',(#6389,#6390,#6391,#6392));
#1247=EDGE_LOOP('',(#6393,#6394,#6395,#6396));
#1248=EDGE_LOOP('',(#6397,#6398,#6399,#6400));
#1249=EDGE_LOOP('',(#6401,#6402,#6403,#6404));
#1250=EDGE_LOOP('',(#6405,#6406,#6407,#6408));
#1251=EDGE_LOOP('',(#6409,#6410,#6411,#6412));
#1252=EDGE_LOOP('',(#6413,#6414,#6415,#6416));
#1253=EDGE_LOOP('',(#6417,#6418,#6419,#6420));
#1254=EDGE_LOOP('',(#6421,#6422,#6423,#6424));
#1255=EDGE_LOOP('',(#6425,#6426,#6427,#6428));
#1256=EDGE_LOOP('',(#6429,#6430,#6431,#6432));
#1257=EDGE_LOOP('',(#6433,#6434,#6435,#6436));
#1258=EDGE_LOOP('',(#6437,#6438,#6439,#6440));
#1259=EDGE_LOOP('',(#6441,#6442,#6443,#6444));
#1260=EDGE_LOOP('',(#6445,#6446,#6447,#6448));
#1261=EDGE_LOOP('',(#6449,#6450,#6451,#6452));
#1262=EDGE_LOOP('',(#6453,#6454,#6455,#6456));
#1263=EDGE_LOOP('',(#6457,#6458,#6459,#6460));
#1264=EDGE_LOOP('',(#6461,#6462,#6463,#6464));
#1265=EDGE_LOOP('',(#6465,#6466,#6467,#6468));
#1266=EDGE_LOOP('',(#6469,#6470,#6471,#6472));
#1267=EDGE_LOOP('',(#6473,#6474,#6475,#6476));
#1268=EDGE_LOOP('',(#6477,#6478,#6479,#6480));
#1269=EDGE_LOOP('',(#6481,#6482,#6483,#6484));
#1270=EDGE_LOOP('',(#6485,#6486,#6487,#6488));
#1271=EDGE_LOOP('',(#6489,#6490,#6491,#6492));
#1272=EDGE_LOOP('',(#6493,#6494,#6495,#6496));
#1273=EDGE_LOOP('',(#6497,#6498,#6499,#6500));
#1274=EDGE_LOOP('',(#6501,#6502,#6503,#6504));
#1275=EDGE_LOOP('',(#6505,#6506,#6507,#6508));
#1276=EDGE_LOOP('',(#6509,#6510,#6511,#6512));
#1277=EDGE_LOOP('',(#6513,#6514,#6515,#6516));
#1278=EDGE_LOOP('',(#6517,#6518,#6519,#6520));
#1279=EDGE_LOOP('',(#6521,#6522,#6523,#6524));
#1280=EDGE_LOOP('',(#6525,#6526,#6527,#6528));
#1281=EDGE_LOOP('',(#6529,#6530,#6531,#6532));
#1282=EDGE_LOOP('',(#6533,#6534,#6535,#6536));
#1283=EDGE_LOOP('',(#6537,#6538,#6539,#6540));
#1284=EDGE_LOOP('',(#6541,#6542,#6543,#6544));
#1285=EDGE_LOOP('',(#6545,#6546,#6547,#6548));
#1286=EDGE_LOOP('',(#6549,#6550,#6551,#6552));
#1287=EDGE_LOOP('',(#6553,#6554,#6555,#6556));
#1288=EDGE_LOOP('',(#6557,#6558,#6559,#6560));
#1289=EDGE_LOOP('',(#6561,#6562,#6563,#6564));
#1290=EDGE_LOOP('',(#6565,#6566,#6567,#6568));
#1291=EDGE_LOOP('',(#6569,#6570,#6571,#6572));
#1292=EDGE_LOOP('',(#6573,#6574,#6575,#6576));
#1293=EDGE_LOOP('',(#6577,#6578,#6579,#6580));
#1294=EDGE_LOOP('',(#6581,#6582,#6583,#6584));
#1295=EDGE_LOOP('',(#6585,#6586,#6587,#6588));
#1296=EDGE_LOOP('',(#6589,#6590,#6591,#6592));
#1297=EDGE_LOOP('',(#6593,#6594,#6595,#6596));
#1298=EDGE_LOOP('',(#6597,#6598,#6599,#6600));
#1299=EDGE_LOOP('',(#6601,#6602,#6603,#6604));
#1300=EDGE_LOOP('',(#6605,#6606,#6607,#6608));
#1301=EDGE_LOOP('',(#6609,#6610,#6611,#6612));
#1302=EDGE_LOOP('',(#6613,#6614,#6615,#6616));
#1303=EDGE_LOOP('',(#6617,#6618,#6619,#6620));
#1304=EDGE_LOOP('',(#6621,#6622,#6623,#6624));
#1305=EDGE_LOOP('',(#6625,#6626,#6627,#6628));
#1306=EDGE_LOOP('',(#6629,#6630,#6631,#6632));
#1307=EDGE_LOOP('',(#6633,#6634,#6635,#6636));
#1308=EDGE_LOOP('',(#6637,#6638,#6639,#6640));
#1309=EDGE_LOOP('',(#6641,#6642,#6643,#6644));
#1310=EDGE_LOOP('',(#6645,#6646,#6647,#6648));
#1311=EDGE_LOOP('',(#6649,#6650,#6651,#6652));
#1312=EDGE_LOOP('',(#6653,#6654,#6655,#6656));
#1313=EDGE_LOOP('',(#6657,#6658,#6659,#6660));
#1314=EDGE_LOOP('',(#6661,#6662,#6663,#6664));
#1315=EDGE_LOOP('',(#6665,#6666,#6667,#6668));
#1316=EDGE_LOOP('',(#6669,#6670,#6671,#6672));
#1317=EDGE_LOOP('',(#6673,#6674,#6675,#6676));
#1318=EDGE_LOOP('',(#6677,#6678,#6679,#6680,#6681));
#1319=EDGE_LOOP('',(#6682,#6683,#6684,#6685));
#1320=EDGE_LOOP('',(#6686,#6687,#6688,#6689));
#1321=EDGE_LOOP('',(#6690,#6691,#6692,#6693));
#1322=EDGE_LOOP('',(#6694,#6695,#6696,#6697));
#1323=EDGE_LOOP('',(#6698));
#1324=EDGE_LOOP('',(#6699,#6700,#6701,#6702));
#1325=EDGE_LOOP('',(#6703,#6704,#6705,#6706));
#1326=EDGE_LOOP('',(#6707,#6708,#6709,#6710));
#1327=EDGE_LOOP('',(#6711,#6712,#6713,#6714));
#1328=EDGE_LOOP('',(#6715,#6716,#6717,#6718));
#1329=EDGE_LOOP('',(#6719,#6720,#6721,#6722));
#1330=EDGE_LOOP('',(#6723,#6724,#6725,#6726));
#1331=EDGE_LOOP('',(#6727,#6728,#6729,#6730));
#1332=EDGE_LOOP('',(#6731,#6732,#6733,#6734));
#1333=EDGE_LOOP('',(#6735,#6736,#6737,#6738));
#1334=EDGE_LOOP('',(#6739,#6740,#6741,#6742));
#1335=EDGE_LOOP('',(#6743,#6744,#6745,#6746));
#1336=EDGE_LOOP('',(#6747,#6748,#6749,#6750));
#1337=EDGE_LOOP('',(#6751,#6752,#6753,#6754));
#1338=EDGE_LOOP('',(#6755,#6756));
#1339=EDGE_LOOP('',(#6757,#6758));
#1340=EDGE_LOOP('',(#6759,#6760));
#1341=EDGE_LOOP('',(#6761,#6762));
#1342=EDGE_LOOP('',(#6763,#6764,#6765,#6766));
#1343=EDGE_LOOP('',(#6767,#6768,#6769,#6770));
#1344=EDGE_LOOP('',(#6771,#6772,#6773,#6774));
#1345=EDGE_LOOP('',(#6775,#6776,#6777,#6778));
#1346=EDGE_LOOP('',(#6779,#6780,#6781,#6782));
#1347=EDGE_LOOP('',(#6783,#6784,#6785,#6786));
#1348=EDGE_LOOP('',(#6787,#6788,#6789,#6790,#6791,#6792,#6793,#6794));
#1349=EDGE_LOOP('',(#6795,#6796));
#1350=EDGE_LOOP('',(#6797,#6798));
#1351=EDGE_LOOP('',(#6799,#6800));
#1352=EDGE_LOOP('',(#6801,#6802));
#1353=EDGE_LOOP('',(#6803,#6804,#6805,#6806));
#1354=EDGE_LOOP('',(#6807,#6808,#6809,#6810));
#1355=EDGE_LOOP('',(#6811,#6812,#6813,#6814));
#1356=EDGE_LOOP('',(#6815,#6816,#6817,#6818));
#1357=EDGE_LOOP('',(#6819,#6820,#6821,#6822,#6823,#6824));
#1358=EDGE_LOOP('',(#6825,#6826,#6827,#6828,#6829,#6830));
#1359=EDGE_LOOP('',(#6831,#6832,#6833,#6834,#6835,#6836));
#1360=EDGE_LOOP('',(#6837,#6838,#6839,#6840,#6841,#6842));
#1361=EDGE_LOOP('',(#6843,#6844,#6845,#6846));
#1362=EDGE_LOOP('',(#6847,#6848,#6849,#6850));
#1363=EDGE_LOOP('',(#6851,#6852,#6853,#6854));
#1364=EDGE_LOOP('',(#6855,#6856,#6857,#6858));
#1365=EDGE_LOOP('',(#6859,#6860,#6861,#6862,#6863,#6864));
#1366=EDGE_LOOP('',(#6865,#6866,#6867,#6868,#6869,#6870));
#1367=EDGE_LOOP('',(#6871,#6872,#6873,#6874,#6875,#6876));
#1368=EDGE_LOOP('',(#6877,#6878,#6879,#6880,#6881,#6882));
#1369=EDGE_LOOP('',(#6883,#6884,#6885,#6886));
#1370=EDGE_LOOP('',(#6887,#6888,#6889,#6890));
#1371=EDGE_LOOP('',(#6891,#6892,#6893,#6894));
#1372=EDGE_LOOP('',(#6895,#6896,#6897,#6898));
#1373=EDGE_LOOP('',(#6899,#6900,#6901,#6902));
#1374=EDGE_LOOP('',(#6903,#6904,#6905,#6906));
#1375=EDGE_LOOP('',(#6907,#6908,#6909,#6910));
#1376=EDGE_LOOP('',(#6911,#6912,#6913,#6914));
#1377=EDGE_LOOP('',(#6915,#6916));
#1378=EDGE_LOOP('',(#6917,#6918,#6919,#6920,#6921));
#1379=EDGE_LOOP('',(#6922,#6923,#6924,#6925,#6926,#6927,#6928));
#1380=EDGE_LOOP('',(#6929,#6930,#6931,#6932,#6933,#6934,#6935,#6936));
#1381=EDGE_LOOP('',(#6937,#6938,#6939,#6940));
#1382=EDGE_LOOP('',(#6941,#6942,#6943,#6944));
#1383=EDGE_LOOP('',(#6945,#6946,#6947,#6948));
#1384=EDGE_LOOP('',(#6949,#6950,#6951,#6952,#6953,#6954,#6955,#6956,#6957,
#6958,#6959,#6960,#6961,#6962,#6963,#6964,#6965));
#1385=EDGE_LOOP('',(#6966,#6967,#6968,#6969));
#1386=EDGE_LOOP('',(#6970,#6971));
#1387=EDGE_LOOP('',(#6972,#6973));
#1388=EDGE_LOOP('',(#6974,#6975,#6976,#6977,#6978,#6979,#6980,#6981,#6982,
#6983,#6984,#6985,#6986));
#1389=EDGE_LOOP('',(#6987,#6988,#6989,#6990,#6991,#6992,#6993,#6994,#6995,
#6996,#6997,#6998,#6999));
#1390=EDGE_LOOP('',(#7000,#7001,#7002,#7003,#7004));
#1391=EDGE_LOOP('',(#7005,#7006,#7007,#7008,#7009,#7010,#7011,#7012,#7013,
#7014,#7015,#7016,#7017,#7018,#7019,#7020,#7021));
#1392=EDGE_LOOP('',(#7022,#7023));
#1393=EDGE_LOOP('',(#7024));
#1394=EDGE_LOOP('',(#7025,#7026,#7027,#7028));
#1395=EDGE_LOOP('',(#7029,#7030,#7031,#7032));
#1396=EDGE_LOOP('',(#7033,#7034,#7035,#7036));
#1397=EDGE_LOOP('',(#7037,#7038,#7039,#7040));
#1398=EDGE_LOOP('',(#7041,#7042,#7043,#7044));
#1399=EDGE_LOOP('',(#7045,#7046,#7047,#7048));
#1400=EDGE_LOOP('',(#7049,#7050,#7051,#7052));
#1401=EDGE_LOOP('',(#7053,#7054,#7055,#7056,#7057));
#1402=EDGE_LOOP('',(#7058,#7059,#7060,#7061,#7062));
#1403=EDGE_LOOP('',(#7063,#7064,#7065,#7066));
#1404=EDGE_LOOP('',(#7067,#7068,#7069,#7070));
#1405=EDGE_LOOP('',(#7071,#7072,#7073,#7074));
#1406=EDGE_LOOP('',(#7075,#7076,#7077,#7078,#7079));
#1407=EDGE_LOOP('',(#7080,#7081,#7082,#7083,#7084,#7085,#7086,#7087,#7088,
#7089,#7090,#7091));
#1408=EDGE_LOOP('',(#7092));
#1409=EDGE_LOOP('',(#7093,#7094,#7095,#7096));
#1410=EDGE_LOOP('',(#7097,#7098,#7099,#7100));
#1411=EDGE_LOOP('',(#7101,#7102,#7103,#7104));
#1412=EDGE_LOOP('',(#7105,#7106,#7107,#7108));
#1413=EDGE_LOOP('',(#7109,#7110,#7111,#7112));
#1414=EDGE_LOOP('',(#7113,#7114,#7115,#7116));
#1415=EDGE_LOOP('',(#7117,#7118,#7119,#7120,#7121,#7122,#7123,#7124,#7125,
#7126,#7127,#7128,#7129,#7130,#7131,#7132,#7133));
#1416=EDGE_LOOP('',(#7134,#7135));
#1417=EDGE_LOOP('',(#7136,#7137));
#1418=EDGE_LOOP('',(#7138,#7139,#7140,#7141));
#1419=EDGE_LOOP('',(#7142,#7143,#7144,#7145));
#1420=EDGE_LOOP('',(#7146,#7147,#7148,#7149));
#1421=EDGE_LOOP('',(#7150,#7151,#7152,#7153,#7154));
#1422=EDGE_LOOP('',(#7155,#7156,#7157,#7158));
#1423=EDGE_LOOP('',(#7159,#7160,#7161,#7162));
#1424=LINE('',#11116,#2071);
#1425=LINE('',#11119,#2072);
#1426=LINE('',#11125,#2073);
#1427=LINE('',#11128,#2074);
#1428=LINE('',#11134,#2075);
#1429=LINE('',#11137,#2076);
#1430=LINE('',#11143,#2077);
#1431=LINE('',#11146,#2078);
#1432=LINE('',#11152,#2079);
#1433=LINE('',#11155,#2080);
#1434=LINE('',#11161,#2081);
#1435=LINE('',#11164,#2082);
#1436=LINE('',#11170,#2083);
#1437=LINE('',#11173,#2084);
#1438=LINE('',#11189,#2085);
#1439=LINE('',#11192,#2086);
#1440=LINE('',#11194,#2087);
#1441=LINE('',#11197,#2088);
#1442=LINE('',#11199,#2089);
#1443=LINE('',#11202,#2090);
#1444=LINE('',#11204,#2091);
#1445=LINE('',#11207,#2092);
#1446=LINE('',#11209,#2093);
#1447=LINE('',#11212,#2094);
#1448=LINE('',#11214,#2095);
#1449=LINE('',#11217,#2096);
#1450=LINE('',#11219,#2097);
#1451=LINE('',#11222,#2098);
#1452=LINE('',#11225,#2099);
#1453=LINE('',#11229,#2100);
#1454=LINE('',#11233,#2101);
#1455=LINE('',#11237,#2102);
#1456=LINE('',#11241,#2103);
#1457=LINE('',#11245,#2104);
#1458=LINE('',#11251,#2105);
#1459=LINE('',#11254,#2106);
#1460=LINE('',#11259,#2107);
#1461=LINE('',#11262,#2108);
#1462=LINE('',#11267,#2109);
#1463=LINE('',#11270,#2110);
#1464=LINE('',#11275,#2111);
#1465=LINE('',#11278,#2112);
#1466=LINE('',#11283,#2113);
#1467=LINE('',#11286,#2114);
#1468=LINE('',#11289,#2115);
#1469=LINE('',#11293,#2116);
#1470=LINE('',#11299,#2117);
#1471=LINE('',#11302,#2118);
#1472=LINE('',#11305,#2119);
#1473=LINE('',#11309,#2120);
#1474=LINE('',#11315,#2121);
#1475=LINE('',#11318,#2122);
#1476=LINE('',#11321,#2123);
#1477=LINE('',#11325,#2124);
#1478=LINE('',#11329,#2125);
#1479=LINE('',#11333,#2126);
#1480=LINE('',#11337,#2127);
#1481=LINE('',#11341,#2128);
#1482=LINE('',#11345,#2129);
#1483=LINE('',#11349,#2130);
#1484=LINE('',#11353,#2131);
#1485=LINE('',#11357,#2132);
#1486=LINE('',#11361,#2133);
#1487=LINE('',#11365,#2134);
#1488=LINE('',#11369,#2135);
#1489=LINE('',#11373,#2136);
#1490=LINE('',#11379,#2137);
#1491=LINE('',#11382,#2138);
#1492=LINE('',#11385,#2139);
#1493=LINE('',#11389,#2140);
#1494=LINE('',#11395,#2141);
#1495=LINE('',#11398,#2142);
#1496=LINE('',#11401,#2143);
#1497=LINE('',#11405,#2144);
#1498=LINE('',#11409,#2145);
#1499=LINE('',#11413,#2146);
#1500=LINE('',#11419,#2147);
#1501=LINE('',#11422,#2148);
#1502=LINE('',#11427,#2149);
#1503=LINE('',#11430,#2150);
#1504=LINE('',#11435,#2151);
#1505=LINE('',#11438,#2152);
#1506=LINE('',#11443,#2153);
#1507=LINE('',#11446,#2154);
#1508=LINE('',#11451,#2155);
#1509=LINE('',#11454,#2156);
#1510=LINE('',#11459,#2157);
#1511=LINE('',#11462,#2158);
#1512=LINE('',#11465,#2159);
#1513=LINE('',#11469,#2160);
#1514=LINE('',#11473,#2161);
#1515=LINE('',#11477,#2162);
#1516=LINE('',#11481,#2163);
#1517=LINE('',#11485,#2164);
#1518=LINE('',#11489,#2165);
#1519=LINE('',#11493,#2166);
#1520=LINE('',#11499,#2167);
#1521=LINE('',#11502,#2168);
#1522=LINE('',#11505,#2169);
#1523=LINE('',#11509,#2170);
#1524=LINE('',#11515,#2171);
#1525=LINE('',#11518,#2172);
#1526=LINE('',#11523,#2173);
#1527=LINE('',#11526,#2174);
#1528=LINE('',#11529,#2175);
#1529=LINE('',#11533,#2176);
#1530=LINE('',#11537,#2177);
#1531=LINE('',#11541,#2178);
#1532=LINE('',#11544,#2179);
#1533=LINE('',#11546,#2180);
#1534=LINE('',#11559,#2181);
#1535=LINE('',#11560,#2182);
#1536=LINE('',#11561,#2183);
#1537=LINE('',#11565,#2184);
#1538=LINE('',#11568,#2185);
#1539=LINE('',#11569,#2186);
#1540=LINE('',#11573,#2187);
#1541=LINE('',#11574,#2188);
#1542=LINE('',#11575,#2189);
#1543=LINE('',#11579,#2190);
#1544=LINE('',#11582,#2191);
#1545=LINE('',#11583,#2192);
#1546=LINE('',#11587,#2193);
#1547=LINE('',#11588,#2194);
#1548=LINE('',#11589,#2195);
#1549=LINE('',#11593,#2196);
#1550=LINE('',#11596,#2197);
#1551=LINE('',#11597,#2198);
#1552=LINE('',#11602,#2199);
#1553=LINE('',#11603,#2200);
#1554=LINE('',#11606,#2201);
#1555=LINE('',#11607,#2202);
#1556=LINE('',#11611,#2203);
#1557=LINE('',#11616,#2204);
#1558=LINE('',#11617,#2205);
#1559=LINE('',#11620,#2206);
#1560=LINE('',#11621,#2207);
#1561=LINE('',#11625,#2208);
#1562=LINE('',#11630,#2209);
#1563=LINE('',#11631,#2210);
#1564=LINE('',#11634,#2211);
#1565=LINE('',#11635,#2212);
#1566=LINE('',#11639,#2213);
#1567=LINE('',#11644,#2214);
#1568=LINE('',#11645,#2215);
#1569=LINE('',#11648,#2216);
#1570=LINE('',#11649,#2217);
#1571=LINE('',#11653,#2218);
#1572=LINE('',#11658,#2219);
#1573=LINE('',#11659,#2220);
#1574=LINE('',#11662,#2221);
#1575=LINE('',#11663,#2222);
#1576=LINE('',#11667,#2223);
#1577=LINE('',#11671,#2224);
#1578=LINE('',#11672,#2225);
#1579=LINE('',#11673,#2226);
#1580=LINE('',#11677,#2227);
#1581=LINE('',#11680,#2228);
#1582=LINE('',#11681,#2229);
#1583=LINE('',#11686,#2230);
#1584=LINE('',#11687,#2231);
#1585=LINE('',#11690,#2232);
#1586=LINE('',#11691,#2233);
#1587=LINE('',#11695,#2234);
#1588=LINE('',#11699,#2235);
#1589=LINE('',#11700,#2236);
#1590=LINE('',#11701,#2237);
#1591=LINE('',#11705,#2238);
#1592=LINE('',#11708,#2239);
#1593=LINE('',#11709,#2240);
#1594=LINE('',#11714,#2241);
#1595=LINE('',#11715,#2242);
#1596=LINE('',#11718,#2243);
#1597=LINE('',#11719,#2244);
#1598=LINE('',#11723,#2245);
#1599=LINE('',#11727,#2246);
#1600=LINE('',#11728,#2247);
#1601=LINE('',#11729,#2248);
#1602=LINE('',#11733,#2249);
#1603=LINE('',#11736,#2250);
#1604=LINE('',#11737,#2251);
#1605=LINE('',#11741,#2252);
#1606=LINE('',#11742,#2253);
#1607=LINE('',#11743,#2254);
#1608=LINE('',#11747,#2255);
#1609=LINE('',#11750,#2256);
#1610=LINE('',#11751,#2257);
#1611=LINE('',#11755,#2258);
#1612=LINE('',#11756,#2259);
#1613=LINE('',#11757,#2260);
#1614=LINE('',#11761,#2261);
#1615=LINE('',#11764,#2262);
#1616=LINE('',#11765,#2263);
#1617=LINE('',#11769,#2264);
#1618=LINE('',#11770,#2265);
#1619=LINE('',#11771,#2266);
#1620=LINE('',#11775,#2267);
#1621=LINE('',#11778,#2268);
#1622=LINE('',#11779,#2269);
#1623=LINE('',#11783,#2270);
#1624=LINE('',#11784,#2271);
#1625=LINE('',#11785,#2272);
#1626=LINE('',#11789,#2273);
#1627=LINE('',#11792,#2274);
#1628=LINE('',#11793,#2275);
#1629=LINE('',#11797,#2276);
#1630=LINE('',#11798,#2277);
#1631=LINE('',#11799,#2278);
#1632=LINE('',#11803,#2279);
#1633=LINE('',#11806,#2280);
#1634=LINE('',#11807,#2281);
#1635=LINE('',#11811,#2282);
#1636=LINE('',#11812,#2283);
#1637=LINE('',#11813,#2284);
#1638=LINE('',#11817,#2285);
#1639=LINE('',#11820,#2286);
#1640=LINE('',#11821,#2287);
#1641=LINE('',#11826,#2288);
#1642=LINE('',#11827,#2289);
#1643=LINE('',#11830,#2290);
#1644=LINE('',#11831,#2291);
#1645=LINE('',#11835,#2292);
#1646=LINE('',#11839,#2293);
#1647=LINE('',#11840,#2294);
#1648=LINE('',#11841,#2295);
#1649=LINE('',#11845,#2296);
#1650=LINE('',#11848,#2297);
#1651=LINE('',#11849,#2298);
#1652=LINE('',#11854,#2299);
#1653=LINE('',#11855,#2300);
#1654=LINE('',#11858,#2301);
#1655=LINE('',#11859,#2302);
#1656=LINE('',#11863,#2303);
#1657=LINE('',#11867,#2304);
#1658=LINE('',#11868,#2305);
#1659=LINE('',#11869,#2306);
#1660=LINE('',#11873,#2307);
#1661=LINE('',#11876,#2308);
#1662=LINE('',#11877,#2309);
#1663=LINE('',#11881,#2310);
#1664=LINE('',#11882,#2311);
#1665=LINE('',#11883,#2312);
#1666=LINE('',#11887,#2313);
#1667=LINE('',#11890,#2314);
#1668=LINE('',#11891,#2315);
#1669=LINE('',#11896,#2316);
#1670=LINE('',#11897,#2317);
#1671=LINE('',#11900,#2318);
#1672=LINE('',#11901,#2319);
#1673=LINE('',#11905,#2320);
#1674=LINE('',#11910,#2321);
#1675=LINE('',#11911,#2322);
#1676=LINE('',#11914,#2323);
#1677=LINE('',#11915,#2324);
#1678=LINE('',#11919,#2325);
#1679=LINE('',#11923,#2326);
#1680=LINE('',#11924,#2327);
#1681=LINE('',#11925,#2328);
#1682=LINE('',#11929,#2329);
#1683=LINE('',#11932,#2330);
#1684=LINE('',#11933,#2331);
#1685=LINE('',#11936,#2332);
#1686=LINE('',#11937,#2333);
#1687=LINE('',#11941,#2334);
#1688=LINE('',#11946,#2335);
#1689=LINE('',#11947,#2336);
#1690=LINE('',#11950,#2337);
#1691=LINE('',#11951,#2338);
#1692=LINE('',#11955,#2339);
#1693=LINE('',#11960,#2340);
#1694=LINE('',#11961,#2341);
#1695=LINE('',#11963,#2342);
#1696=LINE('',#11966,#2343);
#1697=LINE('',#11967,#2344);
#1698=LINE('',#11971,#2345);
#1699=LINE('',#11973,#2346);
#1700=LINE('',#11976,#2347);
#1701=LINE('',#11977,#2348);
#1702=LINE('',#11981,#2349);
#1703=LINE('',#11986,#2350);
#1704=LINE('',#11987,#2351);
#1705=LINE('',#11990,#2352);
#1706=LINE('',#11991,#2353);
#1707=LINE('',#11995,#2354);
#1708=LINE('',#11998,#2355);
#1709=LINE('',#11999,#2356);
#1710=LINE('',#12003,#2357);
#1711=LINE('',#12005,#2358);
#1712=LINE('',#12008,#2359);
#1713=LINE('',#12009,#2360);
#1714=LINE('',#12013,#2361);
#1715=LINE('',#12018,#2362);
#1716=LINE('',#12019,#2363);
#1717=LINE('',#12022,#2364);
#1718=LINE('',#12023,#2365);
#1719=LINE('',#12027,#2366);
#1720=LINE('',#12032,#2367);
#1721=LINE('',#12033,#2368);
#1722=LINE('',#12036,#2369);
#1723=LINE('',#12037,#2370);
#1724=LINE('',#12041,#2371);
#1725=LINE('',#12045,#2372);
#1726=LINE('',#12046,#2373);
#1727=LINE('',#12047,#2374);
#1728=LINE('',#12051,#2375);
#1729=LINE('',#12054,#2376);
#1730=LINE('',#12055,#2377);
#1731=LINE('',#12059,#2378);
#1732=LINE('',#12060,#2379);
#1733=LINE('',#12061,#2380);
#1734=LINE('',#12065,#2381);
#1735=LINE('',#12068,#2382);
#1736=LINE('',#12069,#2383);
#1737=LINE('',#12073,#2384);
#1738=LINE('',#12074,#2385);
#1739=LINE('',#12075,#2386);
#1740=LINE('',#12079,#2387);
#1741=LINE('',#12082,#2388);
#1742=LINE('',#12083,#2389);
#1743=LINE('',#12087,#2390);
#1744=LINE('',#12088,#2391);
#1745=LINE('',#12089,#2392);
#1746=LINE('',#12093,#2393);
#1747=LINE('',#12096,#2394);
#1748=LINE('',#12097,#2395);
#1749=LINE('',#12102,#2396);
#1750=LINE('',#12103,#2397);
#1751=LINE('',#12106,#2398);
#1752=LINE('',#12107,#2399);
#1753=LINE('',#12111,#2400);
#1754=LINE('',#12115,#2401);
#1755=LINE('',#12116,#2402);
#1756=LINE('',#12117,#2403);
#1757=LINE('',#12121,#2404);
#1758=LINE('',#12124,#2405);
#1759=LINE('',#12125,#2406);
#1760=LINE('',#12130,#2407);
#1761=LINE('',#12131,#2408);
#1762=LINE('',#12134,#2409);
#1763=LINE('',#12135,#2410);
#1764=LINE('',#12139,#2411);
#1765=LINE('',#12142,#2412);
#1766=LINE('',#12143,#2413);
#1767=LINE('',#12147,#2414);
#1768=LINE('',#12152,#2415);
#1769=LINE('',#12153,#2416);
#1770=LINE('',#12156,#2417);
#1771=LINE('',#12157,#2418);
#1772=LINE('',#12161,#2419);
#1773=LINE('',#12165,#2420);
#1774=LINE('',#12166,#2421);
#1775=LINE('',#12167,#2422);
#1776=LINE('',#12171,#2423);
#1777=LINE('',#12174,#2424);
#1778=LINE('',#12175,#2425);
#1779=LINE('',#12179,#2426);
#1780=LINE('',#12180,#2427);
#1781=LINE('',#12181,#2428);
#1782=LINE('',#12185,#2429);
#1783=LINE('',#12188,#2430);
#1784=LINE('',#12189,#2431);
#1785=LINE('',#12195,#2432);
#1786=LINE('',#12197,#2433);
#1787=LINE('',#12199,#2434);
#1788=LINE('',#12201,#2435);
#1789=LINE('',#12203,#2436);
#1790=LINE('',#12207,#2437);
#1791=LINE('',#12211,#2438);
#1792=LINE('',#12227,#2439);
#1793=LINE('',#12231,#2440);
#1794=LINE('',#12237,#2441);
#1795=LINE('',#12239,#2442);
#1796=LINE('',#12243,#2443);
#1797=LINE('',#12245,#2444);
#1798=LINE('',#12247,#2445);
#1799=LINE('',#12249,#2446);
#1800=LINE('',#12253,#2447);
#1801=LINE('',#12255,#2448);
#1802=LINE('',#12257,#2449);
#1803=LINE('',#12259,#2450);
#1804=LINE('',#12261,#2451);
#1805=LINE('',#12271,#2452);
#1806=LINE('',#12275,#2453);
#1807=LINE('',#12277,#2454);
#1808=LINE('',#12279,#2455);
#1809=LINE('',#12312,#2456);
#1810=LINE('',#12314,#2457);
#1811=LINE('',#12316,#2458);
#1812=LINE('',#12318,#2459);
#1813=LINE('',#12320,#2460);
#1814=LINE('',#12322,#2461);
#1815=LINE('',#12324,#2462);
#1816=LINE('',#12326,#2463);
#1817=LINE('',#12333,#2464);
#1818=LINE('',#12336,#2465);
#1819=LINE('',#12342,#2466);
#1820=LINE('',#12345,#2467);
#1821=LINE('',#12351,#2468);
#1822=LINE('',#12354,#2469);
#1823=LINE('',#12360,#2470);
#1824=LINE('',#12363,#2471);
#1825=LINE('',#12369,#2472);
#1826=LINE('',#12372,#2473);
#1827=LINE('',#12378,#2474);
#1828=LINE('',#12381,#2475);
#1829=LINE('',#12387,#2476);
#1830=LINE('',#12390,#2477);
#1831=LINE('',#12394,#2478);
#1832=LINE('',#12398,#2479);
#1833=LINE('',#12403,#2480);
#1834=LINE('',#12407,#2481);
#1835=LINE('',#12412,#2482);
#1836=LINE('',#12416,#2483);
#1837=LINE('',#12421,#2484);
#1838=LINE('',#12425,#2485);
#1839=LINE('',#12452,#2486);
#1840=LINE('',#12455,#2487);
#1841=LINE('',#12457,#2488);
#1842=LINE('',#12460,#2489);
#1843=LINE('',#12462,#2490);
#1844=LINE('',#12465,#2491);
#1845=LINE('',#12467,#2492);
#1846=LINE('',#12470,#2493);
#1847=LINE('',#12472,#2494);
#1848=LINE('',#12475,#2495);
#1849=LINE('',#12477,#2496);
#1850=LINE('',#12480,#2497);
#1851=LINE('',#12482,#2498);
#1852=LINE('',#12485,#2499);
#1853=LINE('',#12488,#2500);
#1854=LINE('',#12492,#2501);
#1855=LINE('',#12498,#2502);
#1856=LINE('',#12501,#2503);
#1857=LINE('',#12504,#2504);
#1858=LINE('',#12508,#2505);
#1859=LINE('',#12512,#2506);
#1860=LINE('',#12516,#2507);
#1861=LINE('',#12522,#2508);
#1862=LINE('',#12525,#2509);
#1863=LINE('',#12528,#2510);
#1864=LINE('',#12532,#2511);
#1865=LINE('',#12536,#2512);
#1866=LINE('',#12540,#2513);
#1867=LINE('',#12544,#2514);
#1868=LINE('',#12548,#2515);
#1869=LINE('',#12558,#2516);
#1870=LINE('',#12561,#2517);
#1871=LINE('',#12566,#2518);
#1872=LINE('',#12569,#2519);
#1873=LINE('',#12574,#2520);
#1874=LINE('',#12577,#2521);
#1875=LINE('',#12580,#2522);
#1876=LINE('',#12584,#2523);
#1877=LINE('',#12590,#2524);
#1878=LINE('',#12593,#2525);
#1879=LINE('',#12596,#2526);
#1880=LINE('',#12600,#2527);
#1881=LINE('',#12604,#2528);
#1882=LINE('',#12608,#2529);
#1883=LINE('',#12612,#2530);
#1884=LINE('',#12616,#2531);
#1885=LINE('',#12619,#2532);
#1886=LINE('',#12621,#2533);
#1887=LINE('',#12641,#2534);
#1888=LINE('',#12643,#2535);
#1889=LINE('',#12647,#2536);
#1890=LINE('',#12648,#2537);
#1891=LINE('',#12651,#2538);
#1892=LINE('',#12653,#2539);
#1893=LINE('',#12657,#2540);
#1894=LINE('',#12658,#2541);
#1895=LINE('',#12663,#2542);
#1896=LINE('',#12664,#2543);
#1897=LINE('',#12667,#2544);
#1898=LINE('',#12668,#2545);
#1899=LINE('',#12672,#2546);
#1900=LINE('',#12675,#2547);
#1901=LINE('',#12678,#2548);
#1902=LINE('',#12683,#2549);
#1903=LINE('',#12684,#2550);
#1904=LINE('',#12687,#2551);
#1905=LINE('',#12688,#2552);
#1906=LINE('',#12692,#2553);
#1907=LINE('',#12695,#2554);
#1908=LINE('',#12696,#2555);
#1909=LINE('',#12699,#2556);
#1910=LINE('',#12705,#2557);
#1911=LINE('',#12706,#2558);
#1912=LINE('',#12709,#2559);
#1913=LINE('',#12710,#2560);
#1914=LINE('',#12714,#2561);
#1915=LINE('',#12718,#2562);
#1916=LINE('',#12719,#2563);
#1917=LINE('',#12720,#2564);
#1918=LINE('',#12724,#2565);
#1919=LINE('',#12727,#2566);
#1920=LINE('',#12728,#2567);
#1921=LINE('',#12733,#2568);
#1922=LINE('',#12734,#2569);
#1923=LINE('',#12737,#2570);
#1924=LINE('',#12738,#2571);
#1925=LINE('',#12742,#2572);
#1926=LINE('',#12745,#2573);
#1927=LINE('',#12747,#2574);
#1928=LINE('',#12748,#2575);
#1929=LINE('',#12751,#2576);
#1930=LINE('',#12756,#2577);
#1931=LINE('',#12757,#2578);
#1932=LINE('',#12758,#2579);
#1933=LINE('',#12762,#2580);
#1934=LINE('',#12765,#2581);
#1935=LINE('',#12766,#2582);
#1936=LINE('',#12769,#2583);
#1937=LINE('',#12770,#2584);
#1938=LINE('',#12774,#2585);
#1939=LINE('',#12775,#2586);
#1940=LINE('',#12776,#2587);
#1941=LINE('',#12780,#2588);
#1942=LINE('',#12783,#2589);
#1943=LINE('',#12784,#2590);
#1944=LINE('',#12786,#2591);
#1945=LINE('',#12790,#2592);
#1946=LINE('',#12791,#2593);
#1947=LINE('',#12792,#2594);
#1948=LINE('',#12796,#2595);
#1949=LINE('',#12799,#2596);
#1950=LINE('',#12800,#2597);
#1951=LINE('',#12803,#2598);
#1952=LINE('',#12804,#2599);
#1953=LINE('',#12809,#2600);
#1954=LINE('',#12811,#2601);
#1955=LINE('',#12812,#2602);
#1956=LINE('',#12816,#2603);
#1957=LINE('',#12819,#2604);
#1958=LINE('',#12821,#2605);
#1959=LINE('',#12822,#2606);
#1960=LINE('',#12825,#2607);
#1961=LINE('',#12829,#2608);
#1962=LINE('',#12831,#2609);
#1963=LINE('',#12832,#2610);
#1964=LINE('',#12836,#2611);
#1965=LINE('',#12839,#2612);
#1966=LINE('',#12844,#2613);
#1967=LINE('',#12845,#2614);
#1968=LINE('',#12846,#2615);
#1969=LINE('',#12850,#2616);
#1970=LINE('',#12853,#2617);
#1971=LINE('',#12854,#2618);
#1972=LINE('',#12857,#2619);
#1973=LINE('',#12858,#2620);
#1974=LINE('',#12862,#2621);
#1975=LINE('',#12867,#2622);
#1976=LINE('',#12868,#2623);
#1977=LINE('',#12870,#2624);
#1978=LINE('',#12873,#2625);
#1979=LINE('',#12874,#2626);
#1980=LINE('',#12878,#2627);
#1981=LINE('',#12880,#2628);
#1982=LINE('',#12883,#2629);
#1983=LINE('',#12884,#2630);
#1984=LINE('',#12888,#2631);
#1985=LINE('',#12892,#2632);
#1986=LINE('',#12894,#2633);
#1987=LINE('',#12897,#2634);
#1988=LINE('',#12898,#2635);
#1989=LINE('',#12902,#2636);
#1990=LINE('',#12904,#2637);
#1991=LINE('',#12907,#2638);
#1992=LINE('',#12908,#2639);
#1993=LINE('',#12912,#2640);
#1994=LINE('',#12915,#2641);
#1995=LINE('',#12917,#2642);
#1996=LINE('',#12918,#2643);
#1997=LINE('',#12921,#2644);
#1998=LINE('',#12923,#2645);
#1999=LINE('',#12924,#2646);
#2000=LINE('',#12927,#2647);
#2001=LINE('',#12928,#2648);
#2002=LINE('',#12931,#2649);
#2003=LINE('',#12932,#2650);
#2004=LINE('',#12936,#2651);
#2005=LINE('',#12938,#2652);
#2006=LINE('',#12941,#2653);
#2007=LINE('',#12942,#2654);
#2008=LINE('',#12944,#2655);
#2009=LINE('',#12946,#2656);
#2010=LINE('',#12948,#2657);
#2011=LINE('',#12952,#2658);
#2012=LINE('',#12968,#2659);
#2013=LINE('',#12970,#2660);
#2014=LINE('',#12972,#2661);
#2015=LINE('',#12976,#2662);
#2016=LINE('',#12978,#2663);
#2017=LINE('',#12984,#2664);
#2018=LINE('',#13023,#2665);
#2019=LINE('',#13025,#2666);
#2020=LINE('',#13027,#2667);
#2021=LINE('',#13029,#2668);
#2022=LINE('',#13035,#2669);
#2023=LINE('',#13037,#2670);
#2024=LINE('',#13039,#2671);
#2025=LINE('',#13041,#2672);
#2026=LINE('',#13046,#2673);
#2027=LINE('',#13067,#2674);
#2028=LINE('',#13143,#2675);
#2029=LINE('',#13221,#2676);
#2030=LINE('',#13297,#2677);
#2031=LINE('',#13373,#2678);
#2032=LINE('',#13449,#2679);
#2033=LINE('',#13527,#2680);
#2034=LINE('',#13607,#2681);
#2035=LINE('',#13627,#2682);
#2036=LINE('',#13630,#2683);
#2037=LINE('',#13853,#2684);
#2038=LINE('',#14849,#2685);
#2039=LINE('',#14952,#2686);
#2040=LINE('',#14953,#2687);
#2041=LINE('',#14955,#2688);
#2042=LINE('',#14956,#2689);
#2043=LINE('',#14959,#2690);
#2044=LINE('',#14961,#2691);
#2045=LINE('',#14963,#2692);
#2046=LINE('',#14965,#2693);
#2047=LINE('',#14967,#2694);
#2048=LINE('',#14968,#2695);
#2049=LINE('',#14970,#2696);
#2050=LINE('',#14971,#2697);
#2051=LINE('',#14982,#2698);
#2052=LINE('',#14987,#2699);
#2053=LINE('',#14991,#2700);
#2054=LINE('',#14995,#2701);
#2055=LINE('',#14999,#2702);
#2056=LINE('',#15003,#2703);
#2057=LINE('',#15007,#2704);
#2058=LINE('',#15011,#2705);
#2059=LINE('',#15017,#2706);
#2060=LINE('',#15020,#2707);
#2061=LINE('',#15033,#2708);
#2062=LINE('',#15040,#2709);
#2063=LINE('',#15053,#2710);
#2064=LINE('',#15060,#2711);
#2065=LINE('',#15076,#2712);
#2066=LINE('',#15130,#2713);
#2067=LINE('',#15132,#2714);
#2068=LINE('',#15134,#2715);
#2069=LINE('',#15135,#2716);
#2070=LINE('',#15137,#2717);
#2071=VECTOR('',#8914,3.);
#2072=VECTOR('',#8917,3.);
#2073=VECTOR('',#8922,3.);
#2074=VECTOR('',#8925,3.);
#2075=VECTOR('',#8930,3.);
#2076=VECTOR('',#8933,3.);
#2077=VECTOR('',#8938,3.);
#2078=VECTOR('',#8941,3.);
#2079=VECTOR('',#8946,3.);
#2080=VECTOR('',#8949,3.);
#2081=VECTOR('',#8954,3.);
#2082=VECTOR('',#8957,3.);
#2083=VECTOR('',#8962,3.);
#2084=VECTOR('',#8965,3.);
#2085=VECTOR('',#8980,7.502038643);
#2086=VECTOR('',#8983,7.5021209230208);
#2087=VECTOR('',#8984,7.50203864102083);
#2088=VECTOR('',#8987,7.502120925);
#2089=VECTOR('',#8988,7.502038643);
#2090=VECTOR('',#8991,7.5021209230208);
#2091=VECTOR('',#8992,7.50203864102083);
#2092=VECTOR('',#8995,7.502120925);
#2093=VECTOR('',#8996,7.502038643);
#2094=VECTOR('',#8999,7.5021209230208);
#2095=VECTOR('',#9000,7.50203864102083);
#2096=VECTOR('',#9003,7.502120925);
#2097=VECTOR('',#9004,7.502038643);
#2098=VECTOR('',#9007,7.5021209230208);
#2099=VECTOR('',#9008,10.008221752);
#2100=VECTOR('',#9011,10.0079025323597);
#2101=VECTOR('',#9014,10.008221752);
#2102=VECTOR('',#9017,10.0079025323597);
#2103=VECTOR('',#9020,10.005332776);
#2104=VECTOR('',#9023,10.0051258103605);
#2105=VECTOR('',#9028,10.0053327733604);
#2106=VECTOR('',#9031,10.005125813);
#2107=VECTOR('',#9034,15.057011782);
#2108=VECTOR('',#9037,15.0547876630283);
#2109=VECTOR('',#9040,10.0082217493597);
#2110=VECTOR('',#9043,10.007902535);
#2111=VECTOR('',#9046,15.057011782);
#2112=VECTOR('',#9049,15.0547876630283);
#2113=VECTOR('',#9052,10.014315069358);
#2114=VECTOR('',#9055,10.013758776);
#2115=VECTOR('',#9056,10.0137587733582);
#2116=VECTOR('',#9059,10.014315072);
#2117=VECTOR('',#9064,15.054787667);
#2118=VECTOR('',#9067,15.0570117780277);
#2119=VECTOR('',#9068,15.0570117780277);
#2120=VECTOR('',#9071,15.054787667);
#2121=VECTOR('',#9076,15.0547876630283);
#2122=VECTOR('',#9079,15.057011782);
#2123=VECTOR('',#9080,10.0137587733582);
#2124=VECTOR('',#9083,10.014315072);
#2125=VECTOR('',#9086,15.054787667);
#2126=VECTOR('',#9089,15.0570117780277);
#2127=VECTOR('',#9092,10.007902535);
#2128=VECTOR('',#9095,10.0082217493597);
#2129=VECTOR('',#9098,15.054787667);
#2130=VECTOR('',#9101,15.0570117780277);
#2131=VECTOR('',#9104,10.014315069358);
#2132=VECTOR('',#9107,10.013758776);
#2133=VECTOR('',#9110,15.0547876630283);
#2134=VECTOR('',#9113,15.057011782);
#2135=VECTOR('',#9116,10.0137587733582);
#2136=VECTOR('',#9119,10.014315072);
#2137=VECTOR('',#9124,10.0137587733582);
#2138=VECTOR('',#9127,10.014315072);
#2139=VECTOR('',#9128,10.0079025323597);
#2140=VECTOR('',#9131,10.008221752);
#2141=VECTOR('',#9136,10.0051258103605);
#2142=VECTOR('',#9139,10.005332776);
#2143=VECTOR('',#9140,10.0053327733604);
#2144=VECTOR('',#9143,10.005125813);
#2145=VECTOR('',#9146,10.003737901);
#2146=VECTOR('',#9149,10.0035928653609);
#2147=VECTOR('',#9154,10.003592868);
#2148=VECTOR('',#9157,10.0037378983608);
#2149=VECTOR('',#9160,10.0035928653609);
#2150=VECTOR('',#9163,10.003737901);
#2151=VECTOR('',#9166,10.007902535);
#2152=VECTOR('',#9169,10.0082217493597);
#2153=VECTOR('',#9172,10.0035928653609);
#2154=VECTOR('',#9175,10.003737901);
#2155=VECTOR('',#9178,10.005125813);
#2156=VECTOR('',#9181,10.0053327733604);
#2157=VECTOR('',#9184,10.007902535);
#2158=VECTOR('',#9187,10.0082217493597);
#2159=VECTOR('',#9188,10.003592868);
#2160=VECTOR('',#9191,10.0037378983608);
#2161=VECTOR('',#9194,10.003592868);
#2162=VECTOR('',#9197,10.0037378983608);
#2163=VECTOR('',#9200,10.005332776);
#2164=VECTOR('',#9203,10.0051258103605);
#2165=VECTOR('',#9206,10.003592868);
#2166=VECTOR('',#9209,10.0037378983608);
#2167=VECTOR('',#9214,10.003737901);
#2168=VECTOR('',#9217,10.0035928653609);
#2169=VECTOR('',#9218,10.013758776);
#2170=VECTOR('',#9221,10.014315069358);
#2171=VECTOR('',#9226,10.0079025323597);
#2172=VECTOR('',#9229,10.008221752);
#2173=VECTOR('',#9232,10.013758776);
#2174=VECTOR('',#9235,10.014315069358);
#2175=VECTOR('',#9236,10.005125813);
#2176=VECTOR('',#9239,10.0053327733604);
#2177=VECTOR('',#9242,10.0051258103605);
#2178=VECTOR('',#9245,10.005332776);
#2179=VECTOR('',#9248,7.502120925);
#2180=VECTOR('',#9249,7.50203864102083);
#2181=VECTOR('',#9262,10.008221752);
#2182=VECTOR('',#9263,3.);
#2183=VECTOR('',#9264,3.);
#2184=VECTOR('',#9269,3.);
#2185=VECTOR('',#9272,10.0079025323597);
#2186=VECTOR('',#9273,3.);
#2187=VECTOR('',#9276,10.008221752);
#2188=VECTOR('',#9277,3.);
#2189=VECTOR('',#9278,3.);
#2190=VECTOR('',#9283,3.);
#2191=VECTOR('',#9286,10.0079025323597);
#2192=VECTOR('',#9287,3.);
#2193=VECTOR('',#9290,10.005332776);
#2194=VECTOR('',#9291,3.);
#2195=VECTOR('',#9292,3.);
#2196=VECTOR('',#9297,3.);
#2197=VECTOR('',#9300,10.0051258103605);
#2198=VECTOR('',#9301,3.);
#2199=VECTOR('',#9306,3.);
#2200=VECTOR('',#9307,3.);
#2201=VECTOR('',#9310,10.0053327733604);
#2202=VECTOR('',#9311,3.);
#2203=VECTOR('',#9316,3.);
#2204=VECTOR('',#9321,3.);
#2205=VECTOR('',#9322,3.);
#2206=VECTOR('',#9325,15.057011782);
#2207=VECTOR('',#9326,3.);
#2208=VECTOR('',#9331,3.);
#2209=VECTOR('',#9336,3.);
#2210=VECTOR('',#9337,3.);
#2211=VECTOR('',#9340,10.0082217493597);
#2212=VECTOR('',#9341,3.);
#2213=VECTOR('',#9346,3.);
#2214=VECTOR('',#9351,3.);
#2215=VECTOR('',#9352,3.);
#2216=VECTOR('',#9355,15.057011782);
#2217=VECTOR('',#9356,3.);
#2218=VECTOR('',#9361,3.);
#2219=VECTOR('',#9366,3.);
#2220=VECTOR('',#9367,3.);
#2221=VECTOR('',#9370,10.014315069358);
#2222=VECTOR('',#9371,3.);
#2223=VECTOR('',#9376,3.);
#2224=VECTOR('',#9379,10.0137587733582);
#2225=VECTOR('',#9380,3.);
#2226=VECTOR('',#9381,3.);
#2227=VECTOR('',#9386,3.);
#2228=VECTOR('',#9389,10.014315072);
#2229=VECTOR('',#9390,3.);
#2230=VECTOR('',#9395,3.);
#2231=VECTOR('',#9396,3.);
#2232=VECTOR('',#9399,15.054787667);
#2233=VECTOR('',#9400,3.);
#2234=VECTOR('',#9405,3.);
#2235=VECTOR('',#9408,15.0570117780277);
#2236=VECTOR('',#9409,3.);
#2237=VECTOR('',#9410,3.);
#2238=VECTOR('',#9415,3.);
#2239=VECTOR('',#9418,15.054787667);
#2240=VECTOR('',#9419,3.);
#2241=VECTOR('',#9424,3.);
#2242=VECTOR('',#9425,3.);
#2243=VECTOR('',#9428,15.0547876630283);
#2244=VECTOR('',#9429,3.);
#2245=VECTOR('',#9434,3.);
#2246=VECTOR('',#9437,10.0137587733582);
#2247=VECTOR('',#9438,3.);
#2248=VECTOR('',#9439,3.);
#2249=VECTOR('',#9444,3.);
#2250=VECTOR('',#9447,10.014315072);
#2251=VECTOR('',#9448,3.);
#2252=VECTOR('',#9451,15.054787667);
#2253=VECTOR('',#9452,3.);
#2254=VECTOR('',#9453,3.);
#2255=VECTOR('',#9458,3.);
#2256=VECTOR('',#9461,15.0570117780277);
#2257=VECTOR('',#9462,3.);
#2258=VECTOR('',#9465,10.007902535);
#2259=VECTOR('',#9466,3.);
#2260=VECTOR('',#9467,3.);
#2261=VECTOR('',#9472,3.);
#2262=VECTOR('',#9475,10.0082217493597);
#2263=VECTOR('',#9476,3.);
#2264=VECTOR('',#9479,15.054787667);
#2265=VECTOR('',#9480,3.);
#2266=VECTOR('',#9481,3.);
#2267=VECTOR('',#9486,3.);
#2268=VECTOR('',#9489,15.0570117780277);
#2269=VECTOR('',#9490,3.);
#2270=VECTOR('',#9493,10.014315069358);
#2271=VECTOR('',#9494,3.);
#2272=VECTOR('',#9495,3.);
#2273=VECTOR('',#9500,3.);
#2274=VECTOR('',#9503,10.013758776);
#2275=VECTOR('',#9504,3.);
#2276=VECTOR('',#9507,15.0547876630283);
#2277=VECTOR('',#9508,3.);
#2278=VECTOR('',#9509,3.);
#2279=VECTOR('',#9514,3.);
#2280=VECTOR('',#9517,15.057011782);
#2281=VECTOR('',#9518,3.);
#2282=VECTOR('',#9521,10.0137587733582);
#2283=VECTOR('',#9522,3.);
#2284=VECTOR('',#9523,3.);
#2285=VECTOR('',#9528,3.);
#2286=VECTOR('',#9531,10.014315072);
#2287=VECTOR('',#9532,3.);
#2288=VECTOR('',#9537,3.);
#2289=VECTOR('',#9538,3.);
#2290=VECTOR('',#9541,10.0137587733582);
#2291=VECTOR('',#9542,3.);
#2292=VECTOR('',#9547,3.);
#2293=VECTOR('',#9550,10.0079025323597);
#2294=VECTOR('',#9551,3.);
#2295=VECTOR('',#9552,3.);
#2296=VECTOR('',#9557,3.);
#2297=VECTOR('',#9560,10.008221752);
#2298=VECTOR('',#9561,3.);
#2299=VECTOR('',#9566,3.);
#2300=VECTOR('',#9567,3.);
#2301=VECTOR('',#9570,10.0051258103605);
#2302=VECTOR('',#9571,3.);
#2303=VECTOR('',#9576,3.);
#2304=VECTOR('',#9579,10.0053327733604);
#2305=VECTOR('',#9580,3.);
#2306=VECTOR('',#9581,3.);
#2307=VECTOR('',#9586,3.);
#2308=VECTOR('',#9589,10.005125813);
#2309=VECTOR('',#9590,3.);
#2310=VECTOR('',#9593,10.003737901);
#2311=VECTOR('',#9594,3.);
#2312=VECTOR('',#9595,3.);
#2313=VECTOR('',#9600,3.);
#2314=VECTOR('',#9603,10.0035928653609);
#2315=VECTOR('',#9604,3.);
#2316=VECTOR('',#9609,3.);
#2317=VECTOR('',#9610,3.);
#2318=VECTOR('',#9613,10.003592868);
#2319=VECTOR('',#9614,3.);
#2320=VECTOR('',#9619,3.);
#2321=VECTOR('',#9624,3.);
#2322=VECTOR('',#9625,3.);
#2323=VECTOR('',#9628,10.0035928653609);
#2324=VECTOR('',#9629,3.);
#2325=VECTOR('',#9634,3.);
#2326=VECTOR('',#9637,7.5021209230208);
#2327=VECTOR('',#9638,3.);
#2328=VECTOR('',#9639,3.);
#2329=VECTOR('',#9644,3.);
#2330=VECTOR('',#9647,7.502038643);
#2331=VECTOR('',#9648,3.);
#2332=VECTOR('',#9651,7.50203864102083);
#2333=VECTOR('',#9652,3.);
#2334=VECTOR('',#9657,3.);
#2335=VECTOR('',#9662,3.);
#2336=VECTOR('',#9663,3.);
#2337=VECTOR('',#9666,10.007902535);
#2338=VECTOR('',#9667,3.);
#2339=VECTOR('',#9672,3.);
#2340=VECTOR('',#9677,3.);
#2341=VECTOR('',#9678,3.);
#2342=VECTOR('',#9681,7.5021209230208);
#2343=VECTOR('',#9684,7.50203864102083);
#2344=VECTOR('',#9685,3.);
#2345=VECTOR('',#9690,3.);
#2346=VECTOR('',#9693,7.502120925);
#2347=VECTOR('',#9696,7.50203864102083);
#2348=VECTOR('',#9697,3.);
#2349=VECTOR('',#9702,3.);
#2350=VECTOR('',#9707,3.);
#2351=VECTOR('',#9708,3.);
#2352=VECTOR('',#9711,10.0035928653609);
#2353=VECTOR('',#9712,3.);
#2354=VECTOR('',#9717,3.);
#2355=VECTOR('',#9720,7.502038643);
#2356=VECTOR('',#9721,3.);
#2357=VECTOR('',#9726,3.);
#2358=VECTOR('',#9729,7.5021209230208);
#2359=VECTOR('',#9732,7.502038643);
#2360=VECTOR('',#9733,3.);
#2361=VECTOR('',#9738,3.);
#2362=VECTOR('',#9743,3.);
#2363=VECTOR('',#9744,3.);
#2364=VECTOR('',#9747,10.005125813);
#2365=VECTOR('',#9748,3.);
#2366=VECTOR('',#9753,3.);
#2367=VECTOR('',#9758,3.);
#2368=VECTOR('',#9759,3.);
#2369=VECTOR('',#9762,10.007902535);
#2370=VECTOR('',#9763,3.);
#2371=VECTOR('',#9768,3.);
#2372=VECTOR('',#9771,10.003592868);
#2373=VECTOR('',#9772,3.);
#2374=VECTOR('',#9773,3.);
#2375=VECTOR('',#9778,3.);
#2376=VECTOR('',#9781,10.0037378983608);
#2377=VECTOR('',#9782,3.);
#2378=VECTOR('',#9785,10.003592868);
#2379=VECTOR('',#9786,3.);
#2380=VECTOR('',#9787,3.);
#2381=VECTOR('',#9792,3.);
#2382=VECTOR('',#9795,10.0037378983608);
#2383=VECTOR('',#9796,3.);
#2384=VECTOR('',#9799,10.005332776);
#2385=VECTOR('',#9800,3.);
#2386=VECTOR('',#9801,3.);
#2387=VECTOR('',#9806,3.);
#2388=VECTOR('',#9809,10.0051258103605);
#2389=VECTOR('',#9810,3.);
#2390=VECTOR('',#9813,10.003592868);
#2391=VECTOR('',#9814,3.);
#2392=VECTOR('',#9815,3.);
#2393=VECTOR('',#9820,3.);
#2394=VECTOR('',#9823,10.0037378983608);
#2395=VECTOR('',#9824,3.);
#2396=VECTOR('',#9829,3.);
#2397=VECTOR('',#9830,3.);
#2398=VECTOR('',#9833,10.003737901);
#2399=VECTOR('',#9834,3.);
#2400=VECTOR('',#9839,3.);
#2401=VECTOR('',#9842,10.013758776);
#2402=VECTOR('',#9843,3.);
#2403=VECTOR('',#9844,3.);
#2404=VECTOR('',#9849,3.);
#2405=VECTOR('',#9852,10.014315069358);
#2406=VECTOR('',#9853,3.);
#2407=VECTOR('',#9858,3.);
#2408=VECTOR('',#9859,3.);
#2409=VECTOR('',#9862,10.0079025323597);
#2410=VECTOR('',#9863,3.);
#2411=VECTOR('',#9868,3.);
#2412=VECTOR('',#9871,7.50203864102083);
#2413=VECTOR('',#9872,3.);
#2414=VECTOR('',#9877,3.);
#2415=VECTOR('',#9882,3.);
#2416=VECTOR('',#9883,3.);
#2417=VECTOR('',#9886,10.013758776);
#2418=VECTOR('',#9887,3.);
#2419=VECTOR('',#9892,3.);
#2420=VECTOR('',#9895,10.005125813);
#2421=VECTOR('',#9896,3.);
#2422=VECTOR('',#9897,3.);
#2423=VECTOR('',#9902,3.);
#2424=VECTOR('',#9905,10.0053327733604);
#2425=VECTOR('',#9906,3.);
#2426=VECTOR('',#9909,10.0051258103605);
#2427=VECTOR('',#9910,3.);
#2428=VECTOR('',#9911,3.);
#2429=VECTOR('',#9916,3.);
#2430=VECTOR('',#9919,10.005332776);
#2431=VECTOR('',#9920,3.);
#2432=VECTOR('',#9931,10.005125813);
#2433=VECTOR('',#9934,15.0547876630283);
#2434=VECTOR('',#9937,10.007902535);
#2435=VECTOR('',#9940,15.0547876630283);
#2436=VECTOR('',#9943,10.013758776);
#2437=VECTOR('',#9950,15.0570117780277);
#2438=VECTOR('',#9957,15.057011782);
#2439=VECTOR('',#9988,10.014315072);
#2440=VECTOR('',#9995,10.005332776);
#2441=VECTOR('',#10006,10.0037378983608);
#2442=VECTOR('',#10009,10.003737901);
#2443=VECTOR('',#10016,7.502120925);
#2444=VECTOR('',#10019,10.0082217493597);
#2445=VECTOR('',#10022,7.502038643);
#2446=VECTOR('',#10025,7.502120925);
#2447=VECTOR('',#10030,120.);
#2448=VECTOR('',#10033,10.003737901);
#2449=VECTOR('',#10036,7.5021209230208);
#2450=VECTOR('',#10039,10.0053327733604);
#2451=VECTOR('',#10042,10.0082217493597);
#2452=VECTOR('',#10061,10.0035928653609);
#2453=VECTOR('',#10068,10.008221752);
#2454=VECTOR('',#10071,7.502120925);
#2455=VECTOR('',#10074,10.014315069358);
#2456=VECTOR('',#10115,1.5);
#2457=VECTOR('',#10118,1.5);
#2458=VECTOR('',#10121,1.5);
#2459=VECTOR('',#10124,1.5);
#2460=VECTOR('',#10127,1.5);
#2461=VECTOR('',#10130,1.5);
#2462=VECTOR('',#10133,1.5);
#2463=VECTOR('',#10136,1.5);
#2464=VECTOR('',#10143,3.);
#2465=VECTOR('',#10146,3.);
#2466=VECTOR('',#10151,3.);
#2467=VECTOR('',#10154,3.);
#2468=VECTOR('',#10159,3.);
#2469=VECTOR('',#10162,3.);
#2470=VECTOR('',#10167,3.);
#2471=VECTOR('',#10170,3.);
#2472=VECTOR('',#10175,3.);
#2473=VECTOR('',#10178,3.);
#2474=VECTOR('',#10183,3.);
#2475=VECTOR('',#10186,3.);
#2476=VECTOR('',#10191,3.);
#2477=VECTOR('',#10194,3.);
#2478=VECTOR('',#10197,3.);
#2479=VECTOR('',#10200,3.);
#2480=VECTOR('',#10205,3.);
#2481=VECTOR('',#10208,3.);
#2482=VECTOR('',#10213,3.);
#2483=VECTOR('',#10216,3.);
#2484=VECTOR('',#10221,3.);
#2485=VECTOR('',#10224,3.);
#2486=VECTOR('',#10251,7.502038643);
#2487=VECTOR('',#10254,7.5021209230208);
#2488=VECTOR('',#10255,7.50203864102083);
#2489=VECTOR('',#10258,7.502120925);
#2490=VECTOR('',#10259,7.502038643);
#2491=VECTOR('',#10262,7.5021209230208);
#2492=VECTOR('',#10263,7.50203864102083);
#2493=VECTOR('',#10266,7.502120925);
#2494=VECTOR('',#10267,7.502038643);
#2495=VECTOR('',#10270,7.5021209230208);
#2496=VECTOR('',#10271,7.50203864102083);
#2497=VECTOR('',#10274,7.502120925);
#2498=VECTOR('',#10275,7.502038643);
#2499=VECTOR('',#10278,7.5021209230208);
#2500=VECTOR('',#10279,25.0112796524016);
#2501=VECTOR('',#10282,25.0108419384017);
#2502=VECTOR('',#10287,25.0108419384017);
#2503=VECTOR('',#10290,25.0112796524016);
#2504=VECTOR('',#10291,25.0267431963975);
#2505=VECTOR('',#10294,25.0278240613972);
#2506=VECTOR('',#10297,25.0108419384017);
#2507=VECTOR('',#10300,25.0112796524016);
#2508=VECTOR('',#10305,25.0278240613972);
#2509=VECTOR('',#10308,25.0267431963975);
#2510=VECTOR('',#10309,25.0267431963975);
#2511=VECTOR('',#10312,25.0278240613972);
#2512=VECTOR('',#10315,25.0278240613972);
#2513=VECTOR('',#10318,25.0267431963975);
#2514=VECTOR('',#10321,25.0112796524016);
#2515=VECTOR('',#10324,25.0108419384017);
#2516=VECTOR('',#10337,12.542724888);
#2517=VECTOR('',#10340,12.5410593986914);
#2518=VECTOR('',#10343,12.542724888);
#2519=VECTOR('',#10346,12.5410593986914);
#2520=VECTOR('',#10349,12.541059402);
#2521=VECTOR('',#10352,12.542724884691);
#2522=VECTOR('',#10353,12.542724884691);
#2523=VECTOR('',#10356,12.541059402);
#2524=VECTOR('',#10361,12.5410593986914);
#2525=VECTOR('',#10364,12.542724888);
#2526=VECTOR('',#10365,12.541059402);
#2527=VECTOR('',#10368,12.542724884691);
#2528=VECTOR('',#10371,12.541059402);
#2529=VECTOR('',#10374,12.542724884691);
#2530=VECTOR('',#10377,12.5410593986914);
#2531=VECTOR('',#10380,12.542724888);
#2532=VECTOR('',#10383,7.502120925);
#2533=VECTOR('',#10384,7.50203864102083);
#2534=VECTOR('',#10405,3.);
#2535=VECTOR('',#10406,3.);
#2536=VECTOR('',#10411,25.0267431963975);
#2537=VECTOR('',#10412,3.);
#2538=VECTOR('',#10415,3.);
#2539=VECTOR('',#10416,3.);
#2540=VECTOR('',#10421,25.0112796524016);
#2541=VECTOR('',#10422,3.);
#2542=VECTOR('',#10427,3.);
#2543=VECTOR('',#10428,3.);
#2544=VECTOR('',#10431,12.542724888);
#2545=VECTOR('',#10432,3.);
#2546=VECTOR('',#10437,3.);
#2547=VECTOR('',#10440,3.);
#2548=VECTOR('',#10443,3.);
#2549=VECTOR('',#10448,3.);
#2550=VECTOR('',#10449,3.);
#2551=VECTOR('',#10452,12.542724888);
#2552=VECTOR('',#10453,3.);
#2553=VECTOR('',#10458,3.);
#2554=VECTOR('',#10461,25.0278240613972);
#2555=VECTOR('',#10462,3.);
#2556=VECTOR('',#10465,3.);
#2557=VECTOR('',#10472,3.);
#2558=VECTOR('',#10473,3.);
#2559=VECTOR('',#10476,12.541059402);
#2560=VECTOR('',#10477,3.);
#2561=VECTOR('',#10482,3.);
#2562=VECTOR('',#10485,12.542724884691);
#2563=VECTOR('',#10486,3.);
#2564=VECTOR('',#10487,3.);
#2565=VECTOR('',#10492,3.);
#2566=VECTOR('',#10495,12.541059402);
#2567=VECTOR('',#10496,3.);
#2568=VECTOR('',#10501,3.);
#2569=VECTOR('',#10502,3.);
#2570=VECTOR('',#10505,12.5410593986914);
#2571=VECTOR('',#10506,3.);
#2572=VECTOR('',#10511,3.);
#2573=VECTOR('',#10514,3.);
#2574=VECTOR('',#10515,3.);
#2575=VECTOR('',#10516,25.0267431963975);
#2576=VECTOR('',#10519,3.);
#2577=VECTOR('',#10524,12.541059402);
#2578=VECTOR('',#10525,3.);
#2579=VECTOR('',#10526,3.);
#2580=VECTOR('',#10531,3.);
#2581=VECTOR('',#10534,12.542724884691);
#2582=VECTOR('',#10535,3.);
#2583=VECTOR('',#10538,25.0278240613972);
#2584=VECTOR('',#10539,3.);
#2585=VECTOR('',#10542,12.541059402);
#2586=VECTOR('',#10543,3.);
#2587=VECTOR('',#10544,3.);
#2588=VECTOR('',#10549,3.);
#2589=VECTOR('',#10552,12.542724884691);
#2590=VECTOR('',#10553,3.);
#2591=VECTOR('',#10556,25.0278240613972);
#2592=VECTOR('',#10559,12.5410593986914);
#2593=VECTOR('',#10560,3.);
#2594=VECTOR('',#10561,3.);
#2595=VECTOR('',#10566,3.);
#2596=VECTOR('',#10569,12.542724888);
#2597=VECTOR('',#10570,3.);
#2598=VECTOR('',#10573,3.);
#2599=VECTOR('',#10574,25.0267431963975);
#2600=VECTOR('',#10581,3.);
#2601=VECTOR('',#10582,3.);
#2602=VECTOR('',#10583,25.0267431963975);
#2603=VECTOR('',#10588,3.);
#2604=VECTOR('',#10591,3.);
#2605=VECTOR('',#10592,3.);
#2606=VECTOR('',#10593,25.0108419384017);
#2607=VECTOR('',#10596,3.);
#2608=VECTOR('',#10601,3.);
#2609=VECTOR('',#10602,25.0112796524016);
#2610=VECTOR('',#10603,3.);
#2611=VECTOR('',#10608,3.);
#2612=VECTOR('',#10611,3.);
#2613=VECTOR('',#10616,7.5021209230208);
#2614=VECTOR('',#10617,3.);
#2615=VECTOR('',#10618,3.);
#2616=VECTOR('',#10623,3.);
#2617=VECTOR('',#10626,7.502038643);
#2618=VECTOR('',#10627,3.);
#2619=VECTOR('',#10630,7.50203864102083);
#2620=VECTOR('',#10631,3.);
#2621=VECTOR('',#10636,3.);
#2622=VECTOR('',#10641,3.);
#2623=VECTOR('',#10642,3.);
#2624=VECTOR('',#10645,7.5021209230208);
#2625=VECTOR('',#10648,7.50203864102083);
#2626=VECTOR('',#10649,3.);
#2627=VECTOR('',#10654,3.);
#2628=VECTOR('',#10657,7.502120925);
#2629=VECTOR('',#10660,7.50203864102083);
#2630=VECTOR('',#10661,3.);
#2631=VECTOR('',#10666,3.);
#2632=VECTOR('',#10671,3.);
#2633=VECTOR('',#10674,25.0108419384017);
#2634=VECTOR('',#10677,7.502038643);
#2635=VECTOR('',#10678,3.);
#2636=VECTOR('',#10683,3.);
#2637=VECTOR('',#10686,7.5021209230208);
#2638=VECTOR('',#10689,7.502038643);
#2639=VECTOR('',#10690,3.);
#2640=VECTOR('',#10695,3.);
#2641=VECTOR('',#10698,3.);
#2642=VECTOR('',#10699,25.0108419384017);
#2643=VECTOR('',#10700,3.);
#2644=VECTOR('',#10703,3.);
#2645=VECTOR('',#10704,3.);
#2646=VECTOR('',#10705,25.0112796524016);
#2647=VECTOR('',#10708,25.0278240613972);
#2648=VECTOR('',#10709,3.);
#2649=VECTOR('',#10712,7.50203864102083);
#2650=VECTOR('',#10713,3.);
#2651=VECTOR('',#10718,3.);
#2652=VECTOR('',#10721,25.0112796524016);
#2653=VECTOR('',#10724,25.0108419384017);
#2654=VECTOR('',#10725,3.);
#2655=VECTOR('',#10728,12.5410593986914);
#2656=VECTOR('',#10731,12.5410593986914);
#2657=VECTOR('',#10734,12.542724884691);
#2658=VECTOR('',#10741,12.542724888);
#2659=VECTOR('',#10772,7.502120925);
#2660=VECTOR('',#10775,7.502038643);
#2661=VECTOR('',#10778,7.502120925);
#2662=VECTOR('',#10783,120.);
#2663=VECTOR('',#10786,7.5021209230208);
#2664=VECTOR('',#10797,7.502120925);
#2665=VECTOR('',#10842,1.5);
#2666=VECTOR('',#10845,1.5);
#2667=VECTOR('',#10848,1.5);
#2668=VECTOR('',#10851,1.5);
#2669=VECTOR('',#10862,1.5);
#2670=VECTOR('',#10865,1.5);
#2671=VECTOR('',#10868,1.5);
#2672=VECTOR('',#10871,1.5);
#2673=VECTOR('',#10876,1.5);
#2674=VECTOR('',#10881,1.5);
#2675=VECTOR('',#10884,1.5);
#2676=VECTOR('',#10887,1.5);
#2677=VECTOR('',#10890,1.5);
#2678=VECTOR('',#10893,1.5);
#2679=VECTOR('',#10896,1.5);
#2680=VECTOR('',#10899,1.5);
#2681=VECTOR('',#10908,1.17524047358084);
#2682=VECTOR('',#10931,1.17524047358084);
#2683=VECTOR('',#10936,10.);
#2684=VECTOR('',#10947,0.279305310257135);
#2685=VECTOR('',#10962,0.27930531025714);
#2686=VECTOR('',#10969,10.);
#2687=VECTOR('',#10970,10.);
#2688=VECTOR('',#10973,10.);
#2689=VECTOR('',#10974,10.);
#2690=VECTOR('',#10979,10.);
#2691=VECTOR('',#10982,10.);
#2692=VECTOR('',#10985,10.);
#2693=VECTOR('',#10988,10.);
#2694=VECTOR('',#10991,10.);
#2695=VECTOR('',#10992,10.);
#2696=VECTOR('',#10995,10.);
#2697=VECTOR('',#10996,10.);
#2698=VECTOR('',#11011,1.5);
#2699=VECTOR('',#11016,10.);
#2700=VECTOR('',#11019,10.);
#2701=VECTOR('',#11022,10.);
#2702=VECTOR('',#11025,10.);
#2703=VECTOR('',#11028,10.);
#2704=VECTOR('',#11031,10.);
#2705=VECTOR('',#11036,10.);
#2706=VECTOR('',#11037,10.);
#2707=VECTOR('',#11040,10.);
#2708=VECTOR('',#11043,10.);
#2709=VECTOR('',#11046,10.);
#2710=VECTOR('',#11049,10.);
#2711=VECTOR('',#11052,10.);
#2712=VECTOR('',#11057,0.27930531025714);
#2713=VECTOR('',#11064,10.);
#2714=VECTOR('',#11067,10.);
#2715=VECTOR('',#11070,10.);
#2716=VECTOR('',#11071,10.);
#2717=VECTOR('',#11074,10.);
#2718=CIRCLE('',#8131,110.);
#2719=CIRCLE('',#8132,110.);
#2720=CIRCLE('',#8134,110.);
#2721=CIRCLE('',#8135,110.);
#2722=CIRCLE('',#8137,110.);
#2723=CIRCLE('',#8138,110.);
#2724=CIRCLE('',#8140,110.);
#2725=CIRCLE('',#8141,110.);
#2726=CIRCLE('',#8143,110.);
#2727=CIRCLE('',#8144,110.);
#2728=CIRCLE('',#8146,110.);
#2729=CIRCLE('',#8147,110.);
#2730=CIRCLE('',#8149,110.);
#2731=CIRCLE('',#8150,110.);
#2732=CIRCLE('',#8152,120.);
#2733=CIRCLE('',#8153,1.5);
#2734=CIRCLE('',#8154,1.5);
#2735=CIRCLE('',#8155,1.5);
#2736=CIRCLE('',#8156,1.5);
#2737=CIRCLE('',#8157,110.);
#2738=CIRCLE('',#8158,102.5);
#2739=CIRCLE('',#8159,102.5);
#2740=CIRCLE('',#8160,102.5);
#2741=CIRCLE('',#8161,102.5);
#2742=CIRCLE('',#8162,102.5);
#2743=CIRCLE('',#8163,102.5);
#2744=CIRCLE('',#8164,102.5);
#2745=CIRCLE('',#8165,67.5);
#2746=CIRCLE('',#8166,57.5);
#2747=CIRCLE('',#8167,67.5);
#2748=CIRCLE('',#8168,57.5);
#2749=CIRCLE('',#8169,82.5);
#2750=CIRCLE('',#8170,72.5);
#2751=CIRCLE('',#8171,72.5);
#2752=CIRCLE('',#8172,82.5);
#2753=CIRCLE('',#8173,22.5);
#2754=CIRCLE('',#8174,37.5);
#2755=CIRCLE('',#8175,57.5);
#2756=CIRCLE('',#8176,67.5);
#2757=CIRCLE('',#8177,22.5);
#2758=CIRCLE('',#8178,37.5);
#2759=CIRCLE('',#8179,42.5);
#2760=CIRCLE('',#8180,52.5);
#2761=CIRCLE('',#8181,42.5);
#2762=CIRCLE('',#8182,52.5);
#2763=CIRCLE('',#8183,37.5);
#2764=CIRCLE('',#8184,22.5);
#2765=CIRCLE('',#8185,37.5);
#2766=CIRCLE('',#8186,22.5);
#2767=CIRCLE('',#8187,37.5);
#2768=CIRCLE('',#8188,22.5);
#2769=CIRCLE('',#8189,42.5);
#2770=CIRCLE('',#8190,52.5);
#2771=CIRCLE('',#8191,22.5);
#2772=CIRCLE('',#8192,37.5);
#2773=CIRCLE('',#8193,57.5);
#2774=CIRCLE('',#8194,67.5);
#2775=CIRCLE('',#8195,22.5);
#2776=CIRCLE('',#8196,37.5);
#2777=CIRCLE('',#8197,52.5);
#2778=CIRCLE('',#8198,42.5);
#2779=CIRCLE('',#8199,22.5);
#2780=CIRCLE('',#8200,37.5);
#2781=CIRCLE('',#8201,42.5);
#2782=CIRCLE('',#8202,52.5);
#2783=CIRCLE('',#8203,52.5);
#2784=CIRCLE('',#8204,42.5);
#2785=CIRCLE('',#8205,57.5);
#2786=CIRCLE('',#8206,67.5);
#2787=CIRCLE('',#8207,82.5);
#2788=CIRCLE('',#8208,72.5);
#2789=CIRCLE('',#8209,82.5);
#2790=CIRCLE('',#8210,72.5);
#2791=CIRCLE('',#8211,97.5);
#2792=CIRCLE('',#8212,87.5);
#2793=CIRCLE('',#8213,97.5);
#2794=CIRCLE('',#8214,87.5);
#2795=CIRCLE('',#8215,97.5);
#2796=CIRCLE('',#8216,87.5);
#2797=CIRCLE('',#8217,67.5);
#2798=CIRCLE('',#8218,57.5);
#2799=CIRCLE('',#8219,97.5);
#2800=CIRCLE('',#8220,87.5);
#2801=CIRCLE('',#8221,82.5);
#2802=CIRCLE('',#8222,72.5);
#2803=CIRCLE('',#8223,67.5);
#2804=CIRCLE('',#8224,57.5);
#2805=CIRCLE('',#8225,87.5);
#2806=CIRCLE('',#8226,97.5);
#2807=CIRCLE('',#8227,87.5);
#2808=CIRCLE('',#8228,97.5);
#2809=CIRCLE('',#8229,82.5);
#2810=CIRCLE('',#8230,72.5);
#2811=CIRCLE('',#8231,87.5);
#2812=CIRCLE('',#8232,97.5);
#2813=CIRCLE('',#8233,87.5);
#2814=CIRCLE('',#8234,97.5);
#2815=CIRCLE('',#8235,42.5);
#2816=CIRCLE('',#8236,52.5);
#2817=CIRCLE('',#8237,67.5);
#2818=CIRCLE('',#8238,57.5);
#2819=CIRCLE('',#8239,52.5);
#2820=CIRCLE('',#8240,42.5);
#2821=CIRCLE('',#8241,72.5);
#2822=CIRCLE('',#8242,82.5);
#2823=CIRCLE('',#8243,72.5);
#2824=CIRCLE('',#8244,82.5);
#2825=CIRCLE('',#8245,102.5);
#2826=CIRCLE('',#8246,1.5);
#2827=CIRCLE('',#8247,1.5);
#2828=CIRCLE('',#8248,1.5);
#2829=CIRCLE('',#8249,1.5);
#2830=CIRCLE('',#8252,67.5);
#2831=CIRCLE('',#8256,67.5);
#2832=CIRCLE('',#8260,82.5);
#2833=CIRCLE('',#8263,72.5);
#2834=CIRCLE('',#8266,82.5);
#2835=CIRCLE('',#8268,22.5);
#2836=CIRCLE('',#8271,37.5);
#2837=CIRCLE('',#8273,57.5);
#2838=CIRCLE('',#8276,67.5);
#2839=CIRCLE('',#8278,22.5);
#2840=CIRCLE('',#8281,37.5);
#2841=CIRCLE('',#8283,42.5);
#2842=CIRCLE('',#8286,52.5);
#2843=CIRCLE('',#8289,42.5);
#2844=CIRCLE('',#8292,37.5);
#2845=CIRCLE('',#8295,22.5);
#2846=CIRCLE('',#8298,37.5);
#2847=CIRCLE('',#8301,37.5);
#2848=CIRCLE('',#8304,22.5);
#2849=CIRCLE('',#8307,42.5);
#2850=CIRCLE('',#8311,22.5);
#2851=CIRCLE('',#8315,57.5);
#2852=CIRCLE('',#8319,22.5);
#2853=CIRCLE('',#8323,52.5);
#2854=CIRCLE('',#8327,22.5);
#2855=CIRCLE('',#8331,42.5);
#2856=CIRCLE('',#8334,52.5);
#2857=CIRCLE('',#8337,42.5);
#2858=CIRCLE('',#8340,57.5);
#2859=CIRCLE('',#8343,82.5);
#2860=CIRCLE('',#8346,72.5);
#2861=CIRCLE('',#8349,82.5);
#2862=CIRCLE('',#8353,97.5);
#2863=CIRCLE('',#8356,97.5);
#2864=CIRCLE('',#8359,87.5);
#2865=CIRCLE('',#8361,97.5);
#2866=CIRCLE('',#8364,87.5);
#2867=CIRCLE('',#8367,110.);
#2868=CIRCLE('',#8371,102.5);
#2869=CIRCLE('',#8373,67.5);
#2870=CIRCLE('',#8376,57.5);
#2871=CIRCLE('',#8378,102.5);
#2872=CIRCLE('',#8382,102.5);
#2873=CIRCLE('',#8386,102.5);
#2874=CIRCLE('',#8388,97.5);
#2875=CIRCLE('',#8391,87.5);
#2876=CIRCLE('',#8394,102.5);
#2877=CIRCLE('',#8398,102.5);
#2878=CIRCLE('',#8400,82.5);
#2879=CIRCLE('',#8403,72.5);
#2880=CIRCLE('',#8405,67.5);
#2881=CIRCLE('',#8408,57.5);
#2882=CIRCLE('',#8411,87.5);
#2883=CIRCLE('',#8415,87.5);
#2884=CIRCLE('',#8419,82.5);
#2885=CIRCLE('',#8423,87.5);
#2886=CIRCLE('',#8426,87.5);
#2887=CIRCLE('',#8429,97.5);
#2888=CIRCLE('',#8432,42.5);
#2889=CIRCLE('',#8435,67.5);
#2890=CIRCLE('',#8438,57.5);
#2891=CIRCLE('',#8441,102.5);
#2892=CIRCLE('',#8443,52.5);
#2893=CIRCLE('',#8446,42.5);
#2894=CIRCLE('',#8449,72.5);
#2895=CIRCLE('',#8453,72.5);
#2896=CIRCLE('',#8456,57.5);
#2897=CIRCLE('',#8458,72.5);
#2898=CIRCLE('',#8465,52.5);
#2899=CIRCLE('',#8468,22.5);
#2900=CIRCLE('',#8471,52.5);
#2901=CIRCLE('',#8473,37.5);
#2902=CIRCLE('',#8475,67.5);
#2903=CIRCLE('',#8477,37.5);
#2904=CIRCLE('',#8479,42.5);
#2905=CIRCLE('',#8481,37.5);
#2906=CIRCLE('',#8483,52.5);
#2907=CIRCLE('',#8486,67.5);
#2908=CIRCLE('',#8489,72.5);
#2909=CIRCLE('',#8491,87.5);
#2910=CIRCLE('',#8495,102.5);
#2911=CIRCLE('',#8501,120.);
#2912=CIRCLE('',#8507,97.5);
#2913=CIRCLE('',#8509,97.5);
#2914=CIRCLE('',#8511,72.5);
#2915=CIRCLE('',#8513,97.5);
#2916=CIRCLE('',#8516,52.5);
#2917=CIRCLE('',#8521,82.5);
#2918=CIRCLE('',#8523,82.5);
#2919=CIRCLE('',#8525,57.5);
#2920=CIRCLE('',#8527,1.5);
#2921=CIRCLE('',#8528,1.5);
#2922=CIRCLE('',#8529,1.5);
#2923=CIRCLE('',#8530,1.5);
#2924=CIRCLE('',#8531,1.5);
#2925=CIRCLE('',#8532,1.5);
#2926=CIRCLE('',#8533,1.5);
#2927=CIRCLE('',#8534,1.5);
#2928=CIRCLE('',#8535,1.5);
#2929=CIRCLE('',#8536,1.5);
#2930=CIRCLE('',#8537,1.5);
#2931=CIRCLE('',#8538,1.5);
#2932=CIRCLE('',#8549,110.);
#2933=CIRCLE('',#8550,110.);
#2934=CIRCLE('',#8552,110.);
#2935=CIRCLE('',#8553,110.);
#2936=CIRCLE('',#8555,110.);
#2937=CIRCLE('',#8556,110.);
#2938=CIRCLE('',#8558,110.);
#2939=CIRCLE('',#8559,110.);
#2940=CIRCLE('',#8561,110.);
#2941=CIRCLE('',#8562,110.);
#2942=CIRCLE('',#8564,110.);
#2943=CIRCLE('',#8565,110.);
#2944=CIRCLE('',#8567,110.);
#2945=CIRCLE('',#8568,110.);
#2946=CIRCLE('',#8570,15.);
#2947=CIRCLE('',#8571,15.);
#2948=CIRCLE('',#8573,15.);
#2949=CIRCLE('',#8574,15.);
#2950=CIRCLE('',#8576,15.);
#2951=CIRCLE('',#8577,15.);
#2952=CIRCLE('',#8579,15.);
#2953=CIRCLE('',#8580,15.);
#2954=CIRCLE('',#8582,120.);
#2955=CIRCLE('',#8583,120.);
#2956=CIRCLE('',#8584,1.5);
#2957=CIRCLE('',#8585,1.5);
#2958=CIRCLE('',#8586,1.5);
#2959=CIRCLE('',#8587,1.5);
#2960=CIRCLE('',#8588,1.5);
#2961=CIRCLE('',#8589,1.5);
#2962=CIRCLE('',#8590,1.5);
#2963=CIRCLE('',#8591,1.5);
#2964=CIRCLE('',#8592,110.);
#2965=CIRCLE('',#8593,102.5);
#2966=CIRCLE('',#8594,102.5);
#2967=CIRCLE('',#8595,102.5);
#2968=CIRCLE('',#8596,102.5);
#2969=CIRCLE('',#8597,102.5);
#2970=CIRCLE('',#8598,102.5);
#2971=CIRCLE('',#8599,102.5);
#2972=CIRCLE('',#8600,97.5);
#2973=CIRCLE('',#8601,72.5);
#2974=CIRCLE('',#8602,97.5);
#2975=CIRCLE('',#8603,72.5);
#2976=CIRCLE('',#8604,42.5);
#2977=CIRCLE('',#8605,67.5);
#2978=CIRCLE('',#8606,72.5);
#2979=CIRCLE('',#8607,97.5);
#2980=CIRCLE('',#8608,42.5);
#2981=CIRCLE('',#8609,67.5);
#2982=CIRCLE('',#8610,42.5);
#2983=CIRCLE('',#8611,67.5);
#2984=CIRCLE('',#8612,67.5);
#2985=CIRCLE('',#8613,42.5);
#2986=CIRCLE('',#8614,97.5);
#2987=CIRCLE('',#8615,72.5);
#2988=CIRCLE('',#8616,1.75);
#2989=CIRCLE('',#8617,1.75);
#2990=CIRCLE('',#8618,1.75);
#2991=CIRCLE('',#8619,1.75);
#2992=CIRCLE('',#8620,25.);
#2993=CIRCLE('',#8621,37.5);
#2994=CIRCLE('',#8622,25.);
#2995=CIRCLE('',#8623,37.5);
#2996=CIRCLE('',#8624,37.5);
#2997=CIRCLE('',#8625,25.);
#2998=CIRCLE('',#8626,37.5);
#2999=CIRCLE('',#8627,25.);
#3000=CIRCLE('',#8628,37.5);
#3001=CIRCLE('',#8629,25.);
#3002=CIRCLE('',#8630,25.);
#3003=CIRCLE('',#8631,37.5);
#3004=CIRCLE('',#8632,25.);
#3005=CIRCLE('',#8633,37.5);
#3006=CIRCLE('',#8634,25.);
#3007=CIRCLE('',#8635,37.5);
#3008=CIRCLE('',#8636,102.5);
#3009=CIRCLE('',#8637,1.5);
#3010=CIRCLE('',#8638,1.5);
#3011=CIRCLE('',#8639,1.5);
#3012=CIRCLE('',#8640,1.5);
#3013=CIRCLE('',#8641,1.5);
#3014=CIRCLE('',#8642,1.5);
#3015=CIRCLE('',#8643,1.5);
#3016=CIRCLE('',#8644,1.5);
#3017=CIRCLE('',#8646,67.5);
#3018=CIRCLE('',#8649,72.5);
#3019=CIRCLE('',#8652,25.);
#3020=CIRCLE('',#8655,37.5);
#3021=CIRCLE('',#8657,67.5);
#3022=CIRCLE('',#8659,25.);
#3023=CIRCLE('',#8662,37.5);
#3024=CIRCLE('',#8665,42.5);
#3025=CIRCLE('',#8667,37.5);
#3026=CIRCLE('',#8670,25.);
#3027=CIRCLE('',#8673,37.5);
#3028=CIRCLE('',#8676,37.5);
#3029=CIRCLE('',#8679,25.);
#3030=CIRCLE('',#8682,42.5);
#3031=CIRCLE('',#8685,25.);
#3032=CIRCLE('',#8690,25.);
#3033=CIRCLE('',#8695,25.);
#3034=CIRCLE('',#8699,42.5);
#3035=CIRCLE('',#8702,42.5);
#3036=CIRCLE('',#8705,72.5);
#3037=CIRCLE('',#8708,97.5);
#3038=CIRCLE('',#8710,97.5);
#3039=CIRCLE('',#8713,110.);
#3040=CIRCLE('',#8717,102.5);
#3041=CIRCLE('',#8719,102.5);
#3042=CIRCLE('',#8723,102.5);
#3043=CIRCLE('',#8727,102.5);
#3044=CIRCLE('',#8729,97.5);
#3045=CIRCLE('',#8733,102.5);
#3046=CIRCLE('',#8737,102.5);
#3047=CIRCLE('',#8743,102.5);
#3048=CIRCLE('',#8750,25.);
#3049=CIRCLE('',#8753,37.5);
#3050=CIRCLE('',#8755,67.5);
#3051=CIRCLE('',#8757,37.5);
#3052=CIRCLE('',#8759,37.5);
#3053=CIRCLE('',#8761,67.5);
#3054=CIRCLE('',#8763,72.5);
#3055=CIRCLE('',#8765,102.5);
#3056=CIRCLE('',#8770,120.);
#3057=CIRCLE('',#8773,72.5);
#3058=CIRCLE('',#8775,97.5);
#3059=CIRCLE('',#8778,1.5);
#3060=CIRCLE('',#8779,1.5);
#3061=CIRCLE('',#8780,1.5);
#3062=CIRCLE('',#8781,1.5);
#3063=CIRCLE('',#8782,1.5);
#3064=CIRCLE('',#8783,1.5);
#3065=CIRCLE('',#8784,1.5);
#3066=CIRCLE('',#8785,1.5);
#3067=CIRCLE('',#8786,1.75);
#3068=CIRCLE('',#8787,1.75);
#3069=CIRCLE('',#8788,1.75);
#3070=CIRCLE('',#8789,1.75);
#3071=CIRCLE('',#8790,1.5);
#3072=CIRCLE('',#8791,1.5);
#3073=CIRCLE('',#8792,1.5);
#3074=CIRCLE('',#8793,1.5);
#3075=CIRCLE('',#8794,1.5);
#3076=CIRCLE('',#8795,1.5);
#3077=CIRCLE('',#8796,1.5);
#3078=CIRCLE('',#8797,1.5);
#3079=CIRCLE('',#8812,1.50000000000002);
#3080=CIRCLE('',#8821,1.17524047358084);
#3081=CIRCLE('',#8822,1.17524047358084);
#3082=CIRCLE('',#8824,1.17524047358084);
#3083=CIRCLE('',#8826,1.42524047358084);
#3084=CIRCLE('',#8827,1.42524047358084);
#3085=CIRCLE('',#8828,0.250000000000001);
#3086=CIRCLE('',#8829,1.17524047358084);
#3087=CIRCLE('',#8830,1.17524047358084);
#3088=CIRCLE('',#8831,1.17524047358084);
#3089=CIRCLE('',#8833,1.17524047358084);
#3090=CIRCLE('',#8834,1.17524047358086);
#3091=CIRCLE('',#8835,1.17524047358086);
#3092=CIRCLE('',#8838,1.50000000000002);
#3093=CIRCLE('',#8840,1.25000000000002);
#3094=CIRCLE('',#8842,2.205);
#3095=CIRCLE('',#8843,2.205);
#3096=CIRCLE('',#8845,1.17524047358085);
#3097=CIRCLE('',#8848,2.205);
#3098=CIRCLE('',#8849,2.205);
#3099=CIRCLE('',#8865,1.5);
#3100=CIRCLE('',#8866,1.5);
#3101=CIRCLE('',#8867,1.5);
#3102=CIRCLE('',#8869,0.3825);
#3103=CIRCLE('',#8870,0.3825);
#3104=CIRCLE('',#8871,0.3825);
#3105=CIRCLE('',#8872,0.3825);
#3106=CIRCLE('',#8873,0.3825);
#3107=CIRCLE('',#8874,0.3825);
#3108=CIRCLE('',#8882,2.205);
#3109=CIRCLE('',#8883,2.205);
#3110=VERTEX_POINT('',#11112);
#3111=VERTEX_POINT('',#11113);
#3112=VERTEX_POINT('',#11115);
#3113=VERTEX_POINT('',#11117);
#3114=VERTEX_POINT('',#11121);
#3115=VERTEX_POINT('',#11122);
#3116=VERTEX_POINT('',#11124);
#3117=VERTEX_POINT('',#11126);
#3118=VERTEX_POINT('',#11130);
#3119=VERTEX_POINT('',#11131);
#3120=VERTEX_POINT('',#11133);
#3121=VERTEX_POINT('',#11135);
#3122=VERTEX_POINT('',#11139);
#3123=VERTEX_POINT('',#11140);
#3124=VERTEX_POINT('',#11142);
#3125=VERTEX_POINT('',#11144);
#3126=VERTEX_POINT('',#11148);
#3127=VERTEX_POINT('',#11149);
#3128=VERTEX_POINT('',#11151);
#3129=VERTEX_POINT('',#11153);
#3130=VERTEX_POINT('',#11157);
#3131=VERTEX_POINT('',#11158);
#3132=VERTEX_POINT('',#11160);
#3133=VERTEX_POINT('',#11162);
#3134=VERTEX_POINT('',#11166);
#3135=VERTEX_POINT('',#11167);
#3136=VERTEX_POINT('',#11169);
#3137=VERTEX_POINT('',#11171);
#3138=VERTEX_POINT('',#11175);
#3139=VERTEX_POINT('',#11177);
#3140=VERTEX_POINT('',#11179);
#3141=VERTEX_POINT('',#11181);
#3142=VERTEX_POINT('',#11183);
#3143=VERTEX_POINT('',#11185);
#3144=VERTEX_POINT('',#11186);
#3145=VERTEX_POINT('',#11188);
#3146=VERTEX_POINT('',#11190);
#3147=VERTEX_POINT('',#11193);
#3148=VERTEX_POINT('',#11195);
#3149=VERTEX_POINT('',#11198);
#3150=VERTEX_POINT('',#11200);
#3151=VERTEX_POINT('',#11203);
#3152=VERTEX_POINT('',#11205);
#3153=VERTEX_POINT('',#11208);
#3154=VERTEX_POINT('',#11210);
#3155=VERTEX_POINT('',#11213);
#3156=VERTEX_POINT('',#11215);
#3157=VERTEX_POINT('',#11218);
#3158=VERTEX_POINT('',#11220);
#3159=VERTEX_POINT('',#11223);
#3160=VERTEX_POINT('',#11224);
#3161=VERTEX_POINT('',#11226);
#3162=VERTEX_POINT('',#11228);
#3163=VERTEX_POINT('',#11231);
#3164=VERTEX_POINT('',#11232);
#3165=VERTEX_POINT('',#11234);
#3166=VERTEX_POINT('',#11236);
#3167=VERTEX_POINT('',#11239);
#3168=VERTEX_POINT('',#11240);
#3169=VERTEX_POINT('',#11242);
#3170=VERTEX_POINT('',#11244);
#3171=VERTEX_POINT('',#11247);
#3172=VERTEX_POINT('',#11248);
#3173=VERTEX_POINT('',#11250);
#3174=VERTEX_POINT('',#11252);
#3175=VERTEX_POINT('',#11255);
#3176=VERTEX_POINT('',#11256);
#3177=VERTEX_POINT('',#11258);
#3178=VERTEX_POINT('',#11260);
#3179=VERTEX_POINT('',#11263);
#3180=VERTEX_POINT('',#11264);
#3181=VERTEX_POINT('',#11266);
#3182=VERTEX_POINT('',#11268);
#3183=VERTEX_POINT('',#11271);
#3184=VERTEX_POINT('',#11272);
#3185=VERTEX_POINT('',#11274);
#3186=VERTEX_POINT('',#11276);
#3187=VERTEX_POINT('',#11279);
#3188=VERTEX_POINT('',#11280);
#3189=VERTEX_POINT('',#11282);
#3190=VERTEX_POINT('',#11284);
#3191=VERTEX_POINT('',#11287);
#3192=VERTEX_POINT('',#11288);
#3193=VERTEX_POINT('',#11290);
#3194=VERTEX_POINT('',#11292);
#3195=VERTEX_POINT('',#11295);
#3196=VERTEX_POINT('',#11296);
#3197=VERTEX_POINT('',#11298);
#3198=VERTEX_POINT('',#11300);
#3199=VERTEX_POINT('',#11303);
#3200=VERTEX_POINT('',#11304);
#3201=VERTEX_POINT('',#11306);
#3202=VERTEX_POINT('',#11308);
#3203=VERTEX_POINT('',#11311);
#3204=VERTEX_POINT('',#11312);
#3205=VERTEX_POINT('',#11314);
#3206=VERTEX_POINT('',#11316);
#3207=VERTEX_POINT('',#11319);
#3208=VERTEX_POINT('',#11320);
#3209=VERTEX_POINT('',#11322);
#3210=VERTEX_POINT('',#11324);
#3211=VERTEX_POINT('',#11327);
#3212=VERTEX_POINT('',#11328);
#3213=VERTEX_POINT('',#11330);
#3214=VERTEX_POINT('',#11332);
#3215=VERTEX_POINT('',#11335);
#3216=VERTEX_POINT('',#11336);
#3217=VERTEX_POINT('',#11338);
#3218=VERTEX_POINT('',#11340);
#3219=VERTEX_POINT('',#11343);
#3220=VERTEX_POINT('',#11344);
#3221=VERTEX_POINT('',#11346);
#3222=VERTEX_POINT('',#11348);
#3223=VERTEX_POINT('',#11351);
#3224=VERTEX_POINT('',#11352);
#3225=VERTEX_POINT('',#11354);
#3226=VERTEX_POINT('',#11356);
#3227=VERTEX_POINT('',#11359);
#3228=VERTEX_POINT('',#11360);
#3229=VERTEX_POINT('',#11362);
#3230=VERTEX_POINT('',#11364);
#3231=VERTEX_POINT('',#11367);
#3232=VERTEX_POINT('',#11368);
#3233=VERTEX_POINT('',#11370);
#3234=VERTEX_POINT('',#11372);
#3235=VERTEX_POINT('',#11375);
#3236=VERTEX_POINT('',#11376);
#3237=VERTEX_POINT('',#11378);
#3238=VERTEX_POINT('',#11380);
#3239=VERTEX_POINT('',#11383);
#3240=VERTEX_POINT('',#11384);
#3241=VERTEX_POINT('',#11386);
#3242=VERTEX_POINT('',#11388);
#3243=VERTEX_POINT('',#11391);
#3244=VERTEX_POINT('',#11392);
#3245=VERTEX_POINT('',#11394);
#3246=VERTEX_POINT('',#11396);
#3247=VERTEX_POINT('',#11399);
#3248=VERTEX_POINT('',#11400);
#3249=VERTEX_POINT('',#11402);
#3250=VERTEX_POINT('',#11404);
#3251=VERTEX_POINT('',#11407);
#3252=VERTEX_POINT('',#11408);
#3253=VERTEX_POINT('',#11410);
#3254=VERTEX_POINT('',#11412);
#3255=VERTEX_POINT('',#11415);
#3256=VERTEX_POINT('',#11416);
#3257=VERTEX_POINT('',#11418);
#3258=VERTEX_POINT('',#11420);
#3259=VERTEX_POINT('',#11423);
#3260=VERTEX_POINT('',#11424);
#3261=VERTEX_POINT('',#11426);
#3262=VERTEX_POINT('',#11428);
#3263=VERTEX_POINT('',#11431);
#3264=VERTEX_POINT('',#11432);
#3265=VERTEX_POINT('',#11434);
#3266=VERTEX_POINT('',#11436);
#3267=VERTEX_POINT('',#11439);
#3268=VERTEX_POINT('',#11440);
#3269=VERTEX_POINT('',#11442);
#3270=VERTEX_POINT('',#11444);
#3271=VERTEX_POINT('',#11447);
#3272=VERTEX_POINT('',#11448);
#3273=VERTEX_POINT('',#11450);
#3274=VERTEX_POINT('',#11452);
#3275=VERTEX_POINT('',#11455);
#3276=VERTEX_POINT('',#11456);
#3277=VERTEX_POINT('',#11458);
#3278=VERTEX_POINT('',#11460);
#3279=VERTEX_POINT('',#11463);
#3280=VERTEX_POINT('',#11464);
#3281=VERTEX_POINT('',#11466);
#3282=VERTEX_POINT('',#11468);
#3283=VERTEX_POINT('',#11471);
#3284=VERTEX_POINT('',#11472);
#3285=VERTEX_POINT('',#11474);
#3286=VERTEX_POINT('',#11476);
#3287=VERTEX_POINT('',#11479);
#3288=VERTEX_POINT('',#11480);
#3289=VERTEX_POINT('',#11482);
#3290=VERTEX_POINT('',#11484);
#3291=VERTEX_POINT('',#11487);
#3292=VERTEX_POINT('',#11488);
#3293=VERTEX_POINT('',#11490);
#3294=VERTEX_POINT('',#11492);
#3295=VERTEX_POINT('',#11495);
#3296=VERTEX_POINT('',#11496);
#3297=VERTEX_POINT('',#11498);
#3298=VERTEX_POINT('',#11500);
#3299=VERTEX_POINT('',#11503);
#3300=VERTEX_POINT('',#11504);
#3301=VERTEX_POINT('',#11506);
#3302=VERTEX_POINT('',#11508);
#3303=VERTEX_POINT('',#11511);
#3304=VERTEX_POINT('',#11512);
#3305=VERTEX_POINT('',#11514);
#3306=VERTEX_POINT('',#11516);
#3307=VERTEX_POINT('',#11519);
#3308=VERTEX_POINT('',#11520);
#3309=VERTEX_POINT('',#11522);
#3310=VERTEX_POINT('',#11524);
#3311=VERTEX_POINT('',#11527);
#3312=VERTEX_POINT('',#11528);
#3313=VERTEX_POINT('',#11530);
#3314=VERTEX_POINT('',#11532);
#3315=VERTEX_POINT('',#11535);
#3316=VERTEX_POINT('',#11536);
#3317=VERTEX_POINT('',#11538);
#3318=VERTEX_POINT('',#11540);
#3319=VERTEX_POINT('',#11543);
#3320=VERTEX_POINT('',#11545);
#3321=VERTEX_POINT('',#11548);
#3322=VERTEX_POINT('',#11550);
#3323=VERTEX_POINT('',#11552);
#3324=VERTEX_POINT('',#11554);
#3325=VERTEX_POINT('',#11557);
#3326=VERTEX_POINT('',#11558);
#3327=VERTEX_POINT('',#11563);
#3328=VERTEX_POINT('',#11567);
#3329=VERTEX_POINT('',#11571);
#3330=VERTEX_POINT('',#11572);
#3331=VERTEX_POINT('',#11577);
#3332=VERTEX_POINT('',#11581);
#3333=VERTEX_POINT('',#11585);
#3334=VERTEX_POINT('',#11586);
#3335=VERTEX_POINT('',#11591);
#3336=VERTEX_POINT('',#11595);
#3337=VERTEX_POINT('',#11599);
#3338=VERTEX_POINT('',#11600);
#3339=VERTEX_POINT('',#11605);
#3340=VERTEX_POINT('',#11609);
#3341=VERTEX_POINT('',#11613);
#3342=VERTEX_POINT('',#11614);
#3343=VERTEX_POINT('',#11619);
#3344=VERTEX_POINT('',#11623);
#3345=VERTEX_POINT('',#11627);
#3346=VERTEX_POINT('',#11628);
#3347=VERTEX_POINT('',#11633);
#3348=VERTEX_POINT('',#11637);
#3349=VERTEX_POINT('',#11641);
#3350=VERTEX_POINT('',#11642);
#3351=VERTEX_POINT('',#11647);
#3352=VERTEX_POINT('',#11651);
#3353=VERTEX_POINT('',#11655);
#3354=VERTEX_POINT('',#11656);
#3355=VERTEX_POINT('',#11661);
#3356=VERTEX_POINT('',#11665);
#3357=VERTEX_POINT('',#11669);
#3358=VERTEX_POINT('',#11670);
#3359=VERTEX_POINT('',#11675);
#3360=VERTEX_POINT('',#11679);
#3361=VERTEX_POINT('',#11683);
#3362=VERTEX_POINT('',#11684);
#3363=VERTEX_POINT('',#11689);
#3364=VERTEX_POINT('',#11693);
#3365=VERTEX_POINT('',#11697);
#3366=VERTEX_POINT('',#11698);
#3367=VERTEX_POINT('',#11703);
#3368=VERTEX_POINT('',#11707);
#3369=VERTEX_POINT('',#11711);
#3370=VERTEX_POINT('',#11712);
#3371=VERTEX_POINT('',#11717);
#3372=VERTEX_POINT('',#11721);
#3373=VERTEX_POINT('',#11725);
#3374=VERTEX_POINT('',#11726);
#3375=VERTEX_POINT('',#11731);
#3376=VERTEX_POINT('',#11735);
#3377=VERTEX_POINT('',#11739);
#3378=VERTEX_POINT('',#11740);
#3379=VERTEX_POINT('',#11745);
#3380=VERTEX_POINT('',#11749);
#3381=VERTEX_POINT('',#11753);
#3382=VERTEX_POINT('',#11754);
#3383=VERTEX_POINT('',#11759);
#3384=VERTEX_POINT('',#11763);
#3385=VERTEX_POINT('',#11767);
#3386=VERTEX_POINT('',#11768);
#3387=VERTEX_POINT('',#11773);
#3388=VERTEX_POINT('',#11777);
#3389=VERTEX_POINT('',#11781);
#3390=VERTEX_POINT('',#11782);
#3391=VERTEX_POINT('',#11787);
#3392=VERTEX_POINT('',#11791);
#3393=VERTEX_POINT('',#11795);
#3394=VERTEX_POINT('',#11796);
#3395=VERTEX_POINT('',#11801);
#3396=VERTEX_POINT('',#11805);
#3397=VERTEX_POINT('',#11809);
#3398=VERTEX_POINT('',#11810);
#3399=VERTEX_POINT('',#11815);
#3400=VERTEX_POINT('',#11819);
#3401=VERTEX_POINT('',#11823);
#3402=VERTEX_POINT('',#11824);
#3403=VERTEX_POINT('',#11829);
#3404=VERTEX_POINT('',#11833);
#3405=VERTEX_POINT('',#11837);
#3406=VERTEX_POINT('',#11838);
#3407=VERTEX_POINT('',#11843);
#3408=VERTEX_POINT('',#11847);
#3409=VERTEX_POINT('',#11851);
#3410=VERTEX_POINT('',#11852);
#3411=VERTEX_POINT('',#11857);
#3412=VERTEX_POINT('',#11861);
#3413=VERTEX_POINT('',#11865);
#3414=VERTEX_POINT('',#11866);
#3415=VERTEX_POINT('',#11871);
#3416=VERTEX_POINT('',#11875);
#3417=VERTEX_POINT('',#11879);
#3418=VERTEX_POINT('',#11880);
#3419=VERTEX_POINT('',#11885);
#3420=VERTEX_POINT('',#11889);
#3421=VERTEX_POINT('',#11893);
#3422=VERTEX_POINT('',#11894);
#3423=VERTEX_POINT('',#11899);
#3424=VERTEX_POINT('',#11903);
#3425=VERTEX_POINT('',#11907);
#3426=VERTEX_POINT('',#11908);
#3427=VERTEX_POINT('',#11913);
#3428=VERTEX_POINT('',#11917);
#3429=VERTEX_POINT('',#11921);
#3430=VERTEX_POINT('',#11922);
#3431=VERTEX_POINT('',#11927);
#3432=VERTEX_POINT('',#11931);
#3433=VERTEX_POINT('',#11935);
#3434=VERTEX_POINT('',#11939);
#3435=VERTEX_POINT('',#11943);
#3436=VERTEX_POINT('',#11944);
#3437=VERTEX_POINT('',#11949);
#3438=VERTEX_POINT('',#11953);
#3439=VERTEX_POINT('',#11957);
#3440=VERTEX_POINT('',#11958);
#3441=VERTEX_POINT('',#11965);
#3442=VERTEX_POINT('',#11969);
#3443=VERTEX_POINT('',#11975);
#3444=VERTEX_POINT('',#11979);
#3445=VERTEX_POINT('',#11983);
#3446=VERTEX_POINT('',#11984);
#3447=VERTEX_POINT('',#11989);
#3448=VERTEX_POINT('',#11993);
#3449=VERTEX_POINT('',#11997);
#3450=VERTEX_POINT('',#12001);
#3451=VERTEX_POINT('',#12007);
#3452=VERTEX_POINT('',#12011);
#3453=VERTEX_POINT('',#12015);
#3454=VERTEX_POINT('',#12016);
#3455=VERTEX_POINT('',#12021);
#3456=VERTEX_POINT('',#12025);
#3457=VERTEX_POINT('',#12029);
#3458=VERTEX_POINT('',#12030);
#3459=VERTEX_POINT('',#12035);
#3460=VERTEX_POINT('',#12039);
#3461=VERTEX_POINT('',#12043);
#3462=VERTEX_POINT('',#12044);
#3463=VERTEX_POINT('',#12049);
#3464=VERTEX_POINT('',#12053);
#3465=VERTEX_POINT('',#12057);
#3466=VERTEX_POINT('',#12058);
#3467=VERTEX_POINT('',#12063);
#3468=VERTEX_POINT('',#12067);
#3469=VERTEX_POINT('',#12071);
#3470=VERTEX_POINT('',#12072);
#3471=VERTEX_POINT('',#12077);
#3472=VERTEX_POINT('',#12081);
#3473=VERTEX_POINT('',#12085);
#3474=VERTEX_POINT('',#12086);
#3475=VERTEX_POINT('',#12091);
#3476=VERTEX_POINT('',#12095);
#3477=VERTEX_POINT('',#12099);
#3478=VERTEX_POINT('',#12100);
#3479=VERTEX_POINT('',#12105);
#3480=VERTEX_POINT('',#12109);
#3481=VERTEX_POINT('',#12113);
#3482=VERTEX_POINT('',#12114);
#3483=VERTEX_POINT('',#12119);
#3484=VERTEX_POINT('',#12123);
#3485=VERTEX_POINT('',#12127);
#3486=VERTEX_POINT('',#12128);
#3487=VERTEX_POINT('',#12133);
#3488=VERTEX_POINT('',#12137);
#3489=VERTEX_POINT('',#12141);
#3490=VERTEX_POINT('',#12145);
#3491=VERTEX_POINT('',#12149);
#3492=VERTEX_POINT('',#12150);
#3493=VERTEX_POINT('',#12155);
#3494=VERTEX_POINT('',#12159);
#3495=VERTEX_POINT('',#12163);
#3496=VERTEX_POINT('',#12164);
#3497=VERTEX_POINT('',#12169);
#3498=VERTEX_POINT('',#12173);
#3499=VERTEX_POINT('',#12177);
#3500=VERTEX_POINT('',#12178);
#3501=VERTEX_POINT('',#12183);
#3502=VERTEX_POINT('',#12187);
#3503=VERTEX_POINT('',#12251);
#3504=VERTEX_POINT('',#12287);
#3505=VERTEX_POINT('',#12288);
#3506=VERTEX_POINT('',#12291);
#3507=VERTEX_POINT('',#12292);
#3508=VERTEX_POINT('',#12295);
#3509=VERTEX_POINT('',#12296);
#3510=VERTEX_POINT('',#12299);
#3511=VERTEX_POINT('',#12300);
#3512=VERTEX_POINT('',#12303);
#3513=VERTEX_POINT('',#12305);
#3514=VERTEX_POINT('',#12307);
#3515=VERTEX_POINT('',#12309);
#3516=VERTEX_POINT('',#12329);
#3517=VERTEX_POINT('',#12330);
#3518=VERTEX_POINT('',#12332);
#3519=VERTEX_POINT('',#12334);
#3520=VERTEX_POINT('',#12338);
#3521=VERTEX_POINT('',#12339);
#3522=VERTEX_POINT('',#12341);
#3523=VERTEX_POINT('',#12343);
#3524=VERTEX_POINT('',#12347);
#3525=VERTEX_POINT('',#12348);
#3526=VERTEX_POINT('',#12350);
#3527=VERTEX_POINT('',#12352);
#3528=VERTEX_POINT('',#12356);
#3529=VERTEX_POINT('',#12357);
#3530=VERTEX_POINT('',#12359);
#3531=VERTEX_POINT('',#12361);
#3532=VERTEX_POINT('',#12365);
#3533=VERTEX_POINT('',#12366);
#3534=VERTEX_POINT('',#12368);
#3535=VERTEX_POINT('',#12370);
#3536=VERTEX_POINT('',#12374);
#3537=VERTEX_POINT('',#12375);
#3538=VERTEX_POINT('',#12377);
#3539=VERTEX_POINT('',#12379);
#3540=VERTEX_POINT('',#12383);
#3541=VERTEX_POINT('',#12384);
#3542=VERTEX_POINT('',#12386);
#3543=VERTEX_POINT('',#12388);
#3544=VERTEX_POINT('',#12392);
#3545=VERTEX_POINT('',#12393);
#3546=VERTEX_POINT('',#12395);
#3547=VERTEX_POINT('',#12397);
#3548=VERTEX_POINT('',#12401);
#3549=VERTEX_POINT('',#12402);
#3550=VERTEX_POINT('',#12404);
#3551=VERTEX_POINT('',#12406);
#3552=VERTEX_POINT('',#12410);
#3553=VERTEX_POINT('',#12411);
#3554=VERTEX_POINT('',#12413);
#3555=VERTEX_POINT('',#12415);
#3556=VERTEX_POINT('',#12419);
#3557=VERTEX_POINT('',#12420);
#3558=VERTEX_POINT('',#12422);
#3559=VERTEX_POINT('',#12424);
#3560=VERTEX_POINT('',#12428);
#3561=VERTEX_POINT('',#12429);
#3562=VERTEX_POINT('',#12432);
#3563=VERTEX_POINT('',#12433);
#3564=VERTEX_POINT('',#12436);
#3565=VERTEX_POINT('',#12437);
#3566=VERTEX_POINT('',#12440);
#3567=VERTEX_POINT('',#12441);
#3568=VERTEX_POINT('',#12444);
#3569=VERTEX_POINT('',#12445);
#3570=VERTEX_POINT('',#12448);
#3571=VERTEX_POINT('',#12449);
#3572=VERTEX_POINT('',#12451);
#3573=VERTEX_POINT('',#12453);
#3574=VERTEX_POINT('',#12456);
#3575=VERTEX_POINT('',#12458);
#3576=VERTEX_POINT('',#12461);
#3577=VERTEX_POINT('',#12463);
#3578=VERTEX_POINT('',#12466);
#3579=VERTEX_POINT('',#12468);
#3580=VERTEX_POINT('',#12471);
#3581=VERTEX_POINT('',#12473);
#3582=VERTEX_POINT('',#12476);
#3583=VERTEX_POINT('',#12478);
#3584=VERTEX_POINT('',#12481);
#3585=VERTEX_POINT('',#12483);
#3586=VERTEX_POINT('',#12486);
#3587=VERTEX_POINT('',#12487);
#3588=VERTEX_POINT('',#12489);
#3589=VERTEX_POINT('',#12491);
#3590=VERTEX_POINT('',#12494);
#3591=VERTEX_POINT('',#12495);
#3592=VERTEX_POINT('',#12497);
#3593=VERTEX_POINT('',#12499);
#3594=VERTEX_POINT('',#12502);
#3595=VERTEX_POINT('',#12503);
#3596=VERTEX_POINT('',#12505);
#3597=VERTEX_POINT('',#12507);
#3598=VERTEX_POINT('',#12510);
#3599=VERTEX_POINT('',#12511);
#3600=VERTEX_POINT('',#12513);
#3601=VERTEX_POINT('',#12515);
#3602=VERTEX_POINT('',#12518);
#3603=VERTEX_POINT('',#12519);
#3604=VERTEX_POINT('',#12521);
#3605=VERTEX_POINT('',#12523);
#3606=VERTEX_POINT('',#12526);
#3607=VERTEX_POINT('',#12527);
#3608=VERTEX_POINT('',#12529);
#3609=VERTEX_POINT('',#12531);
#3610=VERTEX_POINT('',#12534);
#3611=VERTEX_POINT('',#12535);
#3612=VERTEX_POINT('',#12537);
#3613=VERTEX_POINT('',#12539);
#3614=VERTEX_POINT('',#12542);
#3615=VERTEX_POINT('',#12543);
#3616=VERTEX_POINT('',#12545);
#3617=VERTEX_POINT('',#12547);
#3618=VERTEX_POINT('',#12554);
#3619=VERTEX_POINT('',#12555);
#3620=VERTEX_POINT('',#12557);
#3621=VERTEX_POINT('',#12559);
#3622=VERTEX_POINT('',#12562);
#3623=VERTEX_POINT('',#12563);
#3624=VERTEX_POINT('',#12565);
#3625=VERTEX_POINT('',#12567);
#3626=VERTEX_POINT('',#12570);
#3627=VERTEX_POINT('',#12571);
#3628=VERTEX_POINT('',#12573);
#3629=VERTEX_POINT('',#12575);
#3630=VERTEX_POINT('',#12578);
#3631=VERTEX_POINT('',#12579);
#3632=VERTEX_POINT('',#12581);
#3633=VERTEX_POINT('',#12583);
#3634=VERTEX_POINT('',#12586);
#3635=VERTEX_POINT('',#12587);
#3636=VERTEX_POINT('',#12589);
#3637=VERTEX_POINT('',#12591);
#3638=VERTEX_POINT('',#12594);
#3639=VERTEX_POINT('',#12595);
#3640=VERTEX_POINT('',#12597);
#3641=VERTEX_POINT('',#12599);
#3642=VERTEX_POINT('',#12602);
#3643=VERTEX_POINT('',#12603);
#3644=VERTEX_POINT('',#12605);
#3645=VERTEX_POINT('',#12607);
#3646=VERTEX_POINT('',#12610);
#3647=VERTEX_POINT('',#12611);
#3648=VERTEX_POINT('',#12613);
#3649=VERTEX_POINT('',#12615);
#3650=VERTEX_POINT('',#12618);
#3651=VERTEX_POINT('',#12620);
#3652=VERTEX_POINT('',#12623);
#3653=VERTEX_POINT('',#12624);
#3654=VERTEX_POINT('',#12627);
#3655=VERTEX_POINT('',#12628);
#3656=VERTEX_POINT('',#12631);
#3657=VERTEX_POINT('',#12632);
#3658=VERTEX_POINT('',#12635);
#3659=VERTEX_POINT('',#12636);
#3660=VERTEX_POINT('',#12640);
#3661=VERTEX_POINT('',#12642);
#3662=VERTEX_POINT('',#12646);
#3663=VERTEX_POINT('',#12650);
#3664=VERTEX_POINT('',#12652);
#3665=VERTEX_POINT('',#12656);
#3666=VERTEX_POINT('',#12660);
#3667=VERTEX_POINT('',#12661);
#3668=VERTEX_POINT('',#12666);
#3669=VERTEX_POINT('',#12670);
#3670=VERTEX_POINT('',#12674);
#3671=VERTEX_POINT('',#12676);
#3672=VERTEX_POINT('',#12680);
#3673=VERTEX_POINT('',#12681);
#3674=VERTEX_POINT('',#12686);
#3675=VERTEX_POINT('',#12690);
#3676=VERTEX_POINT('',#12694);
#3677=VERTEX_POINT('',#12698);
#3678=VERTEX_POINT('',#12702);
#3679=VERTEX_POINT('',#12703);
#3680=VERTEX_POINT('',#12708);
#3681=VERTEX_POINT('',#12712);
#3682=VERTEX_POINT('',#12716);
#3683=VERTEX_POINT('',#12717);
#3684=VERTEX_POINT('',#12722);
#3685=VERTEX_POINT('',#12726);
#3686=VERTEX_POINT('',#12730);
#3687=VERTEX_POINT('',#12731);
#3688=VERTEX_POINT('',#12736);
#3689=VERTEX_POINT('',#12740);
#3690=VERTEX_POINT('',#12744);
#3691=VERTEX_POINT('',#12746);
#3692=VERTEX_POINT('',#12750);
#3693=VERTEX_POINT('',#12754);
#3694=VERTEX_POINT('',#12755);
#3695=VERTEX_POINT('',#12760);
#3696=VERTEX_POINT('',#12764);
#3697=VERTEX_POINT('',#12768);
#3698=VERTEX_POINT('',#12772);
#3699=VERTEX_POINT('',#12773);
#3700=VERTEX_POINT('',#12778);
#3701=VERTEX_POINT('',#12782);
#3702=VERTEX_POINT('',#12788);
#3703=VERTEX_POINT('',#12789);
#3704=VERTEX_POINT('',#12794);
#3705=VERTEX_POINT('',#12798);
#3706=VERTEX_POINT('',#12802);
#3707=VERTEX_POINT('',#12808);
#3708=VERTEX_POINT('',#12810);
#3709=VERTEX_POINT('',#12814);
#3710=VERTEX_POINT('',#12818);
#3711=VERTEX_POINT('',#12820);
#3712=VERTEX_POINT('',#12824);
#3713=VERTEX_POINT('',#12828);
#3714=VERTEX_POINT('',#12830);
#3715=VERTEX_POINT('',#12834);
#3716=VERTEX_POINT('',#12838);
#3717=VERTEX_POINT('',#12842);
#3718=VERTEX_POINT('',#12843);
#3719=VERTEX_POINT('',#12848);
#3720=VERTEX_POINT('',#12852);
#3721=VERTEX_POINT('',#12856);
#3722=VERTEX_POINT('',#12860);
#3723=VERTEX_POINT('',#12864);
#3724=VERTEX_POINT('',#12865);
#3725=VERTEX_POINT('',#12872);
#3726=VERTEX_POINT('',#12876);
#3727=VERTEX_POINT('',#12882);
#3728=VERTEX_POINT('',#12886);
#3729=VERTEX_POINT('',#12890);
#3730=VERTEX_POINT('',#12896);
#3731=VERTEX_POINT('',#12900);
#3732=VERTEX_POINT('',#12906);
#3733=VERTEX_POINT('',#12910);
#3734=VERTEX_POINT('',#12914);
#3735=VERTEX_POINT('',#12916);
#3736=VERTEX_POINT('',#12920);
#3737=VERTEX_POINT('',#12922);
#3738=VERTEX_POINT('',#12926);
#3739=VERTEX_POINT('',#12930);
#3740=VERTEX_POINT('',#12934);
#3741=VERTEX_POINT('',#12940);
#3742=VERTEX_POINT('',#12974);
#3743=VERTEX_POINT('',#12986);
#3744=VERTEX_POINT('',#12987);
#3745=VERTEX_POINT('',#12990);
#3746=VERTEX_POINT('',#12991);
#3747=VERTEX_POINT('',#12994);
#3748=VERTEX_POINT('',#12995);
#3749=VERTEX_POINT('',#12998);
#3750=VERTEX_POINT('',#12999);
#3751=VERTEX_POINT('',#13006);
#3752=VERTEX_POINT('',#13007);
#3753=VERTEX_POINT('',#13010);
#3754=VERTEX_POINT('',#13011);
#3755=VERTEX_POINT('',#13014);
#3756=VERTEX_POINT('',#13015);
#3757=VERTEX_POINT('',#13018);
#3758=VERTEX_POINT('',#13019);
#3759=VERTEX_POINT('',#13044);
#3760=VERTEX_POINT('',#13045);
#3761=VERTEX_POINT('',#13047);
#3762=VERTEX_POINT('',#13058);
#3763=VERTEX_POINT('',#13065);
#3764=VERTEX_POINT('',#13066);
#3765=VERTEX_POINT('',#13141);
#3766=VERTEX_POINT('',#13142);
#3767=VERTEX_POINT('',#13219);
#3768=VERTEX_POINT('',#13220);
#3769=VERTEX_POINT('',#13295);
#3770=VERTEX_POINT('',#13296);
#3771=VERTEX_POINT('',#13371);
#3772=VERTEX_POINT('',#13372);
#3773=VERTEX_POINT('',#13447);
#3774=VERTEX_POINT('',#13448);
#3775=VERTEX_POINT('',#13525);
#3776=VERTEX_POINT('',#13526);
#3777=VERTEX_POINT('',#13601);
#3778=VERTEX_POINT('',#13602);
#3779=VERTEX_POINT('',#13606);
#3780=VERTEX_POINT('',#13610);
#3781=VERTEX_POINT('',#13611);
#3782=VERTEX_POINT('',#13614);
#3783=VERTEX_POINT('',#13616);
#3784=VERTEX_POINT('',#13618);
#3785=VERTEX_POINT('',#13622);
#3786=VERTEX_POINT('',#13623);
#3787=VERTEX_POINT('',#13625);
#3788=VERTEX_POINT('',#13664);
#3789=VERTEX_POINT('',#13697);
#3790=VERTEX_POINT('',#13728);
#3791=VERTEX_POINT('',#13729);
#3792=VERTEX_POINT('',#13782);
#3793=VERTEX_POINT('',#13783);
#3794=VERTEX_POINT('',#13788);
#3795=VERTEX_POINT('',#13799);
#3796=VERTEX_POINT('',#13804);
#3797=VERTEX_POINT('',#13815);
#3798=VERTEX_POINT('',#13820);
#3799=VERTEX_POINT('',#13831);
#3800=VERTEX_POINT('',#13836);
#3801=VERTEX_POINT('',#13847);
#3802=VERTEX_POINT('',#13852);
#3803=VERTEX_POINT('',#13854);
#3804=VERTEX_POINT('',#13857);
#3805=VERTEX_POINT('',#13861);
#3806=VERTEX_POINT('',#13872);
#3807=VERTEX_POINT('',#13888);
#3808=VERTEX_POINT('',#13895);
#3809=VERTEX_POINT('',#14845);
#3810=VERTEX_POINT('',#14846);
#3811=VERTEX_POINT('',#14848);
#3812=VERTEX_POINT('',#14850);
#3813=VERTEX_POINT('',#14855);
#3814=VERTEX_POINT('',#14866);
#3815=VERTEX_POINT('',#14871);
#3816=VERTEX_POINT('',#14882);
#3817=VERTEX_POINT('',#14887);
#3818=VERTEX_POINT('',#14898);
#3819=VERTEX_POINT('',#14903);
#3820=VERTEX_POINT('',#14914);
#3821=VERTEX_POINT('',#14919);
#3822=VERTEX_POINT('',#14930);
#3823=VERTEX_POINT('',#14935);
#3824=VERTEX_POINT('',#14977);
#3825=VERTEX_POINT('',#14978);
#3826=VERTEX_POINT('',#14981);
#3827=VERTEX_POINT('',#14985);
#3828=VERTEX_POINT('',#14986);
#3829=VERTEX_POINT('',#14988);
#3830=VERTEX_POINT('',#14990);
#3831=VERTEX_POINT('',#14992);
#3832=VERTEX_POINT('',#14994);
#3833=VERTEX_POINT('',#14996);
#3834=VERTEX_POINT('',#14998);
#3835=VERTEX_POINT('',#15000);
#3836=VERTEX_POINT('',#15002);
#3837=VERTEX_POINT('',#15004);
#3838=VERTEX_POINT('',#15006);
#3839=VERTEX_POINT('',#15010);
#3840=VERTEX_POINT('',#15012);
#3841=VERTEX_POINT('',#15019);
#3842=VERTEX_POINT('',#15032);
#3843=VERTEX_POINT('',#15039);
#3844=VERTEX_POINT('',#15052);
#3845=VERTEX_POINT('',#15059);
#3846=VERTEX_POINT('',#15072);
#3847=VERTEX_POINT('',#15073);
#3848=VERTEX_POINT('',#15075);
#3849=VERTEX_POINT('',#15077);
#3850=VERTEX_POINT('',#15081);
#3851=VERTEX_POINT('',#15092);
#3852=VERTEX_POINT('',#15097);
#3853=VERTEX_POINT('',#15108);
#3854=EDGE_CURVE('',#3110,#3111,#2718,.T.);
#3855=EDGE_CURVE('',#3111,#3112,#1424,.T.);
#3856=EDGE_CURVE('',#3113,#3112,#2719,.T.);
#3857=EDGE_CURVE('',#3110,#3113,#1425,.T.);
#3858=EDGE_CURVE('',#3114,#3115,#2720,.T.);
#3859=EDGE_CURVE('',#3115,#3116,#1426,.T.);
#3860=EDGE_CURVE('',#3117,#3116,#2721,.T.);
#3861=EDGE_CURVE('',#3114,#3117,#1427,.T.);
#3862=EDGE_CURVE('',#3118,#3119,#2722,.T.);
#3863=EDGE_CURVE('',#3119,#3120,#1428,.T.);
#3864=EDGE_CURVE('',#3121,#3120,#2723,.T.);
#3865=EDGE_CURVE('',#3118,#3121,#1429,.T.);
#3866=EDGE_CURVE('',#3122,#3123,#2724,.T.);
#3867=EDGE_CURVE('',#3123,#3124,#1430,.T.);
#3868=EDGE_CURVE('',#3125,#3124,#2725,.T.);
#3869=EDGE_CURVE('',#3122,#3125,#1431,.T.);
#3870=EDGE_CURVE('',#3126,#3127,#2726,.T.);
#3871=EDGE_CURVE('',#3127,#3128,#1432,.T.);
#3872=EDGE_CURVE('',#3129,#3128,#2727,.T.);
#3873=EDGE_CURVE('',#3126,#3129,#1433,.T.);
#3874=EDGE_CURVE('',#3130,#3131,#2728,.T.);
#3875=EDGE_CURVE('',#3131,#3132,#1434,.T.);
#3876=EDGE_CURVE('',#3133,#3132,#2729,.T.);
#3877=EDGE_CURVE('',#3130,#3133,#1435,.T.);
#3878=EDGE_CURVE('',#3134,#3135,#2730,.T.);
#3879=EDGE_CURVE('',#3135,#3136,#1436,.T.);
#3880=EDGE_CURVE('',#3137,#3136,#2731,.T.);
#3881=EDGE_CURVE('',#3134,#3137,#1437,.T.);
#3882=EDGE_CURVE('',#3138,#3138,#2732,.T.);
#3883=EDGE_CURVE('',#3139,#3139,#2733,.T.);
#3884=EDGE_CURVE('',#3140,#3140,#2734,.T.);
#3885=EDGE_CURVE('',#3141,#3141,#2735,.T.);
#3886=EDGE_CURVE('',#3142,#3142,#2736,.T.);
#3887=EDGE_CURVE('',#3143,#3144,#2737,.T.);
#3888=EDGE_CURVE('',#3145,#3143,#1438,.T.);
#3889=EDGE_CURVE('',#3145,#3146,#2738,.T.);
#3890=EDGE_CURVE('',#3146,#3144,#1439,.T.);
#3891=EDGE_CURVE('',#3147,#3134,#1440,.T.);
#3892=EDGE_CURVE('',#3147,#3148,#2739,.T.);
#3893=EDGE_CURVE('',#3148,#3135,#1441,.T.);
#3894=EDGE_CURVE('',#3149,#3130,#1442,.T.);
#3895=EDGE_CURVE('',#3149,#3150,#2740,.T.);
#3896=EDGE_CURVE('',#3150,#3131,#1443,.T.);
#3897=EDGE_CURVE('',#3151,#3126,#1444,.T.);
#3898=EDGE_CURVE('',#3151,#3152,#2741,.T.);
#3899=EDGE_CURVE('',#3152,#3127,#1445,.T.);
#3900=EDGE_CURVE('',#3153,#3122,#1446,.T.);
#3901=EDGE_CURVE('',#3153,#3154,#2742,.T.);
#3902=EDGE_CURVE('',#3154,#3123,#1447,.T.);
#3903=EDGE_CURVE('',#3155,#3118,#1448,.T.);
#3904=EDGE_CURVE('',#3155,#3156,#2743,.T.);
#3905=EDGE_CURVE('',#3156,#3119,#1449,.T.);
#3906=EDGE_CURVE('',#3157,#3114,#1450,.T.);
#3907=EDGE_CURVE('',#3157,#3158,#2744,.T.);
#3908=EDGE_CURVE('',#3158,#3115,#1451,.T.);
#3909=EDGE_CURVE('',#3159,#3160,#1452,.T.);
#3910=EDGE_CURVE('',#3161,#3160,#2745,.T.);
#3911=EDGE_CURVE('',#3162,#3161,#1453,.T.);
#3912=EDGE_CURVE('',#3162,#3159,#2746,.T.);
#3913=EDGE_CURVE('',#3163,#3164,#1454,.T.);
#3914=EDGE_CURVE('',#3165,#3164,#2747,.T.);
#3915=EDGE_CURVE('',#3166,#3165,#1455,.T.);
#3916=EDGE_CURVE('',#3166,#3163,#2748,.T.);
#3917=EDGE_CURVE('',#3167,#3168,#1456,.T.);
#3918=EDGE_CURVE('',#3169,#3168,#2749,.T.);
#3919=EDGE_CURVE('',#3170,#3169,#1457,.T.);
#3920=EDGE_CURVE('',#3170,#3167,#2750,.T.);
#3921=EDGE_CURVE('',#3171,#3172,#2751,.T.);
#3922=EDGE_CURVE('',#3172,#3173,#1458,.T.);
#3923=EDGE_CURVE('',#3174,#3173,#2752,.T.);
#3924=EDGE_CURVE('',#3171,#3174,#1459,.T.);
#3925=EDGE_CURVE('',#3175,#3176,#2753,.T.);
#3926=EDGE_CURVE('',#3176,#3177,#1460,.T.);
#3927=EDGE_CURVE('',#3178,#3177,#2754,.T.);
#3928=EDGE_CURVE('',#3175,#3178,#1461,.T.);
#3929=EDGE_CURVE('',#3179,#3180,#2755,.T.);
#3930=EDGE_CURVE('',#3180,#3181,#1462,.T.);
#3931=EDGE_CURVE('',#3182,#3181,#2756,.T.);
#3932=EDGE_CURVE('',#3179,#3182,#1463,.T.);
#3933=EDGE_CURVE('',#3183,#3184,#2757,.T.);
#3934=EDGE_CURVE('',#3184,#3185,#1464,.T.);
#3935=EDGE_CURVE('',#3186,#3185,#2758,.T.);
#3936=EDGE_CURVE('',#3183,#3186,#1465,.T.);
#3937=EDGE_CURVE('',#3187,#3188,#2759,.T.);
#3938=EDGE_CURVE('',#3188,#3189,#1466,.T.);
#3939=EDGE_CURVE('',#3190,#3189,#2760,.T.);
#3940=EDGE_CURVE('',#3187,#3190,#1467,.T.);
#3941=EDGE_CURVE('',#3191,#3192,#1468,.T.);
#3942=EDGE_CURVE('',#3191,#3193,#2761,.T.);
#3943=EDGE_CURVE('',#3193,#3194,#1469,.T.);
#3944=EDGE_CURVE('',#3192,#3194,#2762,.T.);
#3945=EDGE_CURVE('',#3195,#3196,#2763,.T.);
#3946=EDGE_CURVE('',#3197,#3195,#1470,.T.);
#3947=EDGE_CURVE('',#3197,#3198,#2764,.T.);
#3948=EDGE_CURVE('',#3198,#3196,#1471,.T.);
#3949=EDGE_CURVE('',#3199,#3200,#1472,.T.);
#3950=EDGE_CURVE('',#3201,#3200,#2765,.T.);
#3951=EDGE_CURVE('',#3202,#3201,#1473,.T.);
#3952=EDGE_CURVE('',#3202,#3199,#2766,.T.);
#3953=EDGE_CURVE('',#3203,#3204,#2767,.T.);
#3954=EDGE_CURVE('',#3205,#3203,#1474,.T.);
#3955=EDGE_CURVE('',#3205,#3206,#2768,.T.);
#3956=EDGE_CURVE('',#3206,#3204,#1475,.T.);
#3957=EDGE_CURVE('',#3207,#3208,#1476,.T.);
#3958=EDGE_CURVE('',#3207,#3209,#2769,.T.);
#3959=EDGE_CURVE('',#3209,#3210,#1477,.T.);
#3960=EDGE_CURVE('',#3208,#3210,#2770,.T.);
#3961=EDGE_CURVE('',#3211,#3212,#1478,.T.);
#3962=EDGE_CURVE('',#3211,#3213,#2771,.T.);
#3963=EDGE_CURVE('',#3213,#3214,#1479,.T.);
#3964=EDGE_CURVE('',#3212,#3214,#2772,.T.);
#3965=EDGE_CURVE('',#3215,#3216,#1480,.T.);
#3966=EDGE_CURVE('',#3215,#3217,#2773,.T.);
#3967=EDGE_CURVE('',#3217,#3218,#1481,.T.);
#3968=EDGE_CURVE('',#3216,#3218,#2774,.T.);
#3969=EDGE_CURVE('',#3219,#3220,#1482,.T.);
#3970=EDGE_CURVE('',#3219,#3221,#2775,.T.);
#3971=EDGE_CURVE('',#3221,#3222,#1483,.T.);
#3972=EDGE_CURVE('',#3220,#3222,#2776,.T.);
#3973=EDGE_CURVE('',#3223,#3224,#1484,.T.);
#3974=EDGE_CURVE('',#3225,#3224,#2777,.T.);
#3975=EDGE_CURVE('',#3226,#3225,#1485,.T.);
#3976=EDGE_CURVE('',#3226,#3223,#2778,.T.);
#3977=EDGE_CURVE('',#3227,#3228,#1486,.T.);
#3978=EDGE_CURVE('',#3227,#3229,#2779,.T.);
#3979=EDGE_CURVE('',#3229,#3230,#1487,.T.);
#3980=EDGE_CURVE('',#3228,#3230,#2780,.T.);
#3981=EDGE_CURVE('',#3231,#3232,#1488,.T.);
#3982=EDGE_CURVE('',#3231,#3233,#2781,.T.);
#3983=EDGE_CURVE('',#3233,#3234,#1489,.T.);
#3984=EDGE_CURVE('',#3232,#3234,#2782,.T.);
#3985=EDGE_CURVE('',#3235,#3236,#2783,.T.);
#3986=EDGE_CURVE('',#3237,#3235,#1490,.T.);
#3987=EDGE_CURVE('',#3237,#3238,#2784,.T.);
#3988=EDGE_CURVE('',#3238,#3236,#1491,.T.);
#3989=EDGE_CURVE('',#3239,#3240,#1492,.T.);
#3990=EDGE_CURVE('',#3239,#3241,#2785,.T.);
#3991=EDGE_CURVE('',#3241,#3242,#1493,.T.);
#3992=EDGE_CURVE('',#3240,#3242,#2786,.T.);
#3993=EDGE_CURVE('',#3243,#3244,#2787,.T.);
#3994=EDGE_CURVE('',#3245,#3243,#1494,.T.);
#3995=EDGE_CURVE('',#3245,#3246,#2788,.T.);
#3996=EDGE_CURVE('',#3246,#3244,#1495,.T.);
#3997=EDGE_CURVE('',#3247,#3248,#1496,.T.);
#3998=EDGE_CURVE('',#3249,#3248,#2789,.T.);
#3999=EDGE_CURVE('',#3250,#3249,#1497,.T.);
#4000=EDGE_CURVE('',#3250,#3247,#2790,.T.);
#4001=EDGE_CURVE('',#3251,#3252,#1498,.T.);
#4002=EDGE_CURVE('',#3253,#3252,#2791,.T.);
#4003=EDGE_CURVE('',#3254,#3253,#1499,.T.);
#4004=EDGE_CURVE('',#3254,#3251,#2792,.T.);
#4005=EDGE_CURVE('',#3255,#3256,#2793,.T.);
#4006=EDGE_CURVE('',#3257,#3255,#1500,.T.);
#4007=EDGE_CURVE('',#3257,#3258,#2794,.T.);
#4008=EDGE_CURVE('',#3258,#3256,#1501,.T.);
#4009=EDGE_CURVE('',#3259,#3260,#2795,.T.);
#4010=EDGE_CURVE('',#3261,#3259,#1502,.T.);
#4011=EDGE_CURVE('',#3261,#3262,#2796,.T.);
#4012=EDGE_CURVE('',#3262,#3260,#1503,.T.);
#4013=EDGE_CURVE('',#3263,#3264,#2797,.T.);
#4014=EDGE_CURVE('',#3265,#3263,#1504,.T.);
#4015=EDGE_CURVE('',#3265,#3266,#2798,.T.);
#4016=EDGE_CURVE('',#3266,#3264,#1505,.T.);
#4017=EDGE_CURVE('',#3267,#3268,#2799,.T.);
#4018=EDGE_CURVE('',#3269,#3267,#1506,.T.);
#4019=EDGE_CURVE('',#3269,#3270,#2800,.T.);
#4020=EDGE_CURVE('',#3270,#3268,#1507,.T.);
#4021=EDGE_CURVE('',#3271,#3272,#2801,.T.);
#4022=EDGE_CURVE('',#3273,#3271,#1508,.T.);
#4023=EDGE_CURVE('',#3273,#3274,#2802,.T.);
#4024=EDGE_CURVE('',#3274,#3272,#1509,.T.);
#4025=EDGE_CURVE('',#3275,#3276,#2803,.T.);
#4026=EDGE_CURVE('',#3277,#3275,#1510,.T.);
#4027=EDGE_CURVE('',#3277,#3278,#2804,.T.);
#4028=EDGE_CURVE('',#3278,#3276,#1511,.T.);
#4029=EDGE_CURVE('',#3279,#3280,#1512,.T.);
#4030=EDGE_CURVE('',#3279,#3281,#2805,.T.);
#4031=EDGE_CURVE('',#3281,#3282,#1513,.T.);
#4032=EDGE_CURVE('',#3280,#3282,#2806,.T.);
#4033=EDGE_CURVE('',#3283,#3284,#1514,.T.);
#4034=EDGE_CURVE('',#3283,#3285,#2807,.T.);
#4035=EDGE_CURVE('',#3285,#3286,#1515,.T.);
#4036=EDGE_CURVE('',#3284,#3286,#2808,.T.);
#4037=EDGE_CURVE('',#3287,#3288,#1516,.T.);
#4038=EDGE_CURVE('',#3289,#3288,#2809,.T.);
#4039=EDGE_CURVE('',#3290,#3289,#1517,.T.);
#4040=EDGE_CURVE('',#3290,#3287,#2810,.T.);
#4041=EDGE_CURVE('',#3291,#3292,#1518,.T.);
#4042=EDGE_CURVE('',#3291,#3293,#2811,.T.);
#4043=EDGE_CURVE('',#3293,#3294,#1519,.T.);
#4044=EDGE_CURVE('',#3292,#3294,#2812,.T.);
#4045=EDGE_CURVE('',#3295,#3296,#2813,.T.);
#4046=EDGE_CURVE('',#3296,#3297,#1520,.T.);
#4047=EDGE_CURVE('',#3298,#3297,#2814,.T.);
#4048=EDGE_CURVE('',#3295,#3298,#1521,.T.);
#4049=EDGE_CURVE('',#3299,#3300,#1522,.T.);
#4050=EDGE_CURVE('',#3299,#3301,#2815,.T.);
#4051=EDGE_CURVE('',#3301,#3302,#1523,.T.);
#4052=EDGE_CURVE('',#3300,#3302,#2816,.T.);
#4053=EDGE_CURVE('',#3303,#3304,#2817,.T.);
#4054=EDGE_CURVE('',#3305,#3303,#1524,.T.);
#4055=EDGE_CURVE('',#3305,#3306,#2818,.T.);
#4056=EDGE_CURVE('',#3306,#3304,#1525,.T.);
#4057=EDGE_CURVE('',#3307,#3308,#2819,.T.);
#4058=EDGE_CURVE('',#3309,#3307,#1526,.T.);
#4059=EDGE_CURVE('',#3309,#3310,#2820,.T.);
#4060=EDGE_CURVE('',#3310,#3308,#1527,.T.);
#4061=EDGE_CURVE('',#3311,#3312,#1528,.T.);
#4062=EDGE_CURVE('',#3311,#3313,#2821,.T.);
#4063=EDGE_CURVE('',#3313,#3314,#1529,.T.);
#4064=EDGE_CURVE('',#3312,#3314,#2822,.T.);
#4065=EDGE_CURVE('',#3315,#3316,#1530,.T.);
#4066=EDGE_CURVE('',#3315,#3317,#2823,.T.);
#4067=EDGE_CURVE('',#3317,#3318,#1531,.T.);
#4068=EDGE_CURVE('',#3316,#3318,#2824,.T.);
#4069=EDGE_CURVE('',#3319,#3111,#1532,.T.);
#4070=EDGE_CURVE('',#3320,#3110,#1533,.T.);
#4071=EDGE_CURVE('',#3320,#3319,#2825,.T.);
#4072=EDGE_CURVE('',#3321,#3321,#2826,.T.);
#4073=EDGE_CURVE('',#3322,#3322,#2827,.T.);
#4074=EDGE_CURVE('',#3323,#3323,#2828,.T.);
#4075=EDGE_CURVE('',#3324,#3324,#2829,.T.);
#4076=EDGE_CURVE('',#3325,#3326,#1534,.T.);
#4077=EDGE_CURVE('',#3160,#3326,#1535,.T.);
#4078=EDGE_CURVE('',#3159,#3325,#1536,.T.);
#4079=EDGE_CURVE('',#3327,#3326,#2830,.T.);
#4080=EDGE_CURVE('',#3161,#3327,#1537,.T.);
#4081=EDGE_CURVE('',#3328,#3327,#1538,.T.);
#4082=EDGE_CURVE('',#3162,#3328,#1539,.T.);
#4083=EDGE_CURVE('',#3329,#3330,#1540,.T.);
#4084=EDGE_CURVE('',#3164,#3330,#1541,.T.);
#4085=EDGE_CURVE('',#3163,#3329,#1542,.T.);
#4086=EDGE_CURVE('',#3331,#3330,#2831,.T.);
#4087=EDGE_CURVE('',#3165,#3331,#1543,.T.);
#4088=EDGE_CURVE('',#3332,#3331,#1544,.T.);
#4089=EDGE_CURVE('',#3166,#3332,#1545,.T.);
#4090=EDGE_CURVE('',#3333,#3334,#1546,.T.);
#4091=EDGE_CURVE('',#3168,#3334,#1547,.T.);
#4092=EDGE_CURVE('',#3167,#3333,#1548,.T.);
#4093=EDGE_CURVE('',#3335,#3334,#2832,.T.);
#4094=EDGE_CURVE('',#3169,#3335,#1549,.T.);
#4095=EDGE_CURVE('',#3336,#3335,#1550,.T.);
#4096=EDGE_CURVE('',#3170,#3336,#1551,.T.);
#4097=EDGE_CURVE('',#3337,#3338,#2833,.T.);
#4098=EDGE_CURVE('',#3172,#3338,#1552,.T.);
#4099=EDGE_CURVE('',#3171,#3337,#1553,.T.);
#4100=EDGE_CURVE('',#3338,#3339,#1554,.T.);
#4101=EDGE_CURVE('',#3173,#3339,#1555,.T.);
#4102=EDGE_CURVE('',#3340,#3339,#2834,.T.);
#4103=EDGE_CURVE('',#3174,#3340,#1556,.T.);
#4104=EDGE_CURVE('',#3341,#3342,#2835,.T.);
#4105=EDGE_CURVE('',#3176,#3342,#1557,.T.);
#4106=EDGE_CURVE('',#3175,#3341,#1558,.T.);
#4107=EDGE_CURVE('',#3342,#3343,#1559,.T.);
#4108=EDGE_CURVE('',#3177,#3343,#1560,.T.);
#4109=EDGE_CURVE('',#3344,#3343,#2836,.T.);
#4110=EDGE_CURVE('',#3178,#3344,#1561,.T.);
#4111=EDGE_CURVE('',#3345,#3346,#2837,.T.);
#4112=EDGE_CURVE('',#3180,#3346,#1562,.T.);
#4113=EDGE_CURVE('',#3179,#3345,#1563,.T.);
#4114=EDGE_CURVE('',#3346,#3347,#1564,.T.);
#4115=EDGE_CURVE('',#3181,#3347,#1565,.T.);
#4116=EDGE_CURVE('',#3348,#3347,#2838,.T.);
#4117=EDGE_CURVE('',#3182,#3348,#1566,.T.);
#4118=EDGE_CURVE('',#3349,#3350,#2839,.T.);
#4119=EDGE_CURVE('',#3184,#3350,#1567,.T.);
#4120=EDGE_CURVE('',#3183,#3349,#1568,.T.);
#4121=EDGE_CURVE('',#3350,#3351,#1569,.T.);
#4122=EDGE_CURVE('',#3185,#3351,#1570,.T.);
#4123=EDGE_CURVE('',#3352,#3351,#2840,.T.);
#4124=EDGE_CURVE('',#3186,#3352,#1571,.T.);
#4125=EDGE_CURVE('',#3353,#3354,#2841,.T.);
#4126=EDGE_CURVE('',#3188,#3354,#1572,.T.);
#4127=EDGE_CURVE('',#3187,#3353,#1573,.T.);
#4128=EDGE_CURVE('',#3354,#3355,#1574,.T.);
#4129=EDGE_CURVE('',#3189,#3355,#1575,.T.);
#4130=EDGE_CURVE('',#3356,#3355,#2842,.T.);
#4131=EDGE_CURVE('',#3190,#3356,#1576,.T.);
#4132=EDGE_CURVE('',#3357,#3358,#1577,.T.);
#4133=EDGE_CURVE('',#3191,#3357,#1578,.T.);
#4134=EDGE_CURVE('',#3192,#3358,#1579,.T.);
#4135=EDGE_CURVE('',#3357,#3359,#2843,.T.);
#4136=EDGE_CURVE('',#3193,#3359,#1580,.T.);
#4137=EDGE_CURVE('',#3359,#3360,#1581,.T.);
#4138=EDGE_CURVE('',#3194,#3360,#1582,.T.);
#4139=EDGE_CURVE('',#3361,#3362,#2844,.T.);
#4140=EDGE_CURVE('',#3195,#3361,#1583,.T.);
#4141=EDGE_CURVE('',#3196,#3362,#1584,.T.);
#4142=EDGE_CURVE('',#3363,#3361,#1585,.T.);
#4143=EDGE_CURVE('',#3197,#3363,#1586,.T.);
#4144=EDGE_CURVE('',#3363,#3364,#2845,.T.);
#4145=EDGE_CURVE('',#3198,#3364,#1587,.T.);
#4146=EDGE_CURVE('',#3365,#3366,#1588,.T.);
#4147=EDGE_CURVE('',#3200,#3366,#1589,.T.);
#4148=EDGE_CURVE('',#3199,#3365,#1590,.T.);
#4149=EDGE_CURVE('',#3367,#3366,#2846,.T.);
#4150=EDGE_CURVE('',#3201,#3367,#1591,.T.);
#4151=EDGE_CURVE('',#3368,#3367,#1592,.T.);
#4152=EDGE_CURVE('',#3202,#3368,#1593,.T.);
#4153=EDGE_CURVE('',#3369,#3370,#2847,.T.);
#4154=EDGE_CURVE('',#3203,#3369,#1594,.T.);
#4155=EDGE_CURVE('',#3204,#3370,#1595,.T.);
#4156=EDGE_CURVE('',#3371,#3369,#1596,.T.);
#4157=EDGE_CURVE('',#3205,#3371,#1597,.T.);
#4158=EDGE_CURVE('',#3371,#3372,#2848,.T.);
#4159=EDGE_CURVE('',#3206,#3372,#1598,.T.);
#4160=EDGE_CURVE('',#3373,#3374,#1599,.T.);
#4161=EDGE_CURVE('',#3207,#3373,#1600,.T.);
#4162=EDGE_CURVE('',#3208,#3374,#1601,.T.);
#4163=EDGE_CURVE('',#3373,#3375,#2849,.T.);
#4164=EDGE_CURVE('',#3209,#3375,#1602,.T.);
#4165=EDGE_CURVE('',#3375,#3376,#1603,.T.);
#4166=EDGE_CURVE('',#3210,#3376,#1604,.T.);
#4167=EDGE_CURVE('',#3377,#3378,#1605,.T.);
#4168=EDGE_CURVE('',#3211,#3377,#1606,.T.);
#4169=EDGE_CURVE('',#3212,#3378,#1607,.T.);
#4170=EDGE_CURVE('',#3377,#3379,#2850,.T.);
#4171=EDGE_CURVE('',#3213,#3379,#1608,.T.);
#4172=EDGE_CURVE('',#3379,#3380,#1609,.T.);
#4173=EDGE_CURVE('',#3214,#3380,#1610,.T.);
#4174=EDGE_CURVE('',#3381,#3382,#1611,.T.);
#4175=EDGE_CURVE('',#3215,#3381,#1612,.T.);
#4176=EDGE_CURVE('',#3216,#3382,#1613,.T.);
#4177=EDGE_CURVE('',#3381,#3383,#2851,.T.);
#4178=EDGE_CURVE('',#3217,#3383,#1614,.T.);
#4179=EDGE_CURVE('',#3383,#3384,#1615,.T.);
#4180=EDGE_CURVE('',#3218,#3384,#1616,.T.);
#4181=EDGE_CURVE('',#3385,#3386,#1617,.T.);
#4182=EDGE_CURVE('',#3219,#3385,#1618,.T.);
#4183=EDGE_CURVE('',#3220,#3386,#1619,.T.);
#4184=EDGE_CURVE('',#3385,#3387,#2852,.T.);
#4185=EDGE_CURVE('',#3221,#3387,#1620,.T.);
#4186=EDGE_CURVE('',#3387,#3388,#1621,.T.);
#4187=EDGE_CURVE('',#3222,#3388,#1622,.T.);
#4188=EDGE_CURVE('',#3389,#3390,#1623,.T.);
#4189=EDGE_CURVE('',#3224,#3390,#1624,.T.);
#4190=EDGE_CURVE('',#3223,#3389,#1625,.T.);
#4191=EDGE_CURVE('',#3391,#3390,#2853,.T.);
#4192=EDGE_CURVE('',#3225,#3391,#1626,.T.);
#4193=EDGE_CURVE('',#3392,#3391,#1627,.T.);
#4194=EDGE_CURVE('',#3226,#3392,#1628,.T.);
#4195=EDGE_CURVE('',#3393,#3394,#1629,.T.);
#4196=EDGE_CURVE('',#3227,#3393,#1630,.T.);
#4197=EDGE_CURVE('',#3228,#3394,#1631,.T.);
#4198=EDGE_CURVE('',#3393,#3395,#2854,.T.);
#4199=EDGE_CURVE('',#3229,#3395,#1632,.T.);
#4200=EDGE_CURVE('',#3395,#3396,#1633,.T.);
#4201=EDGE_CURVE('',#3230,#3396,#1634,.T.);
#4202=EDGE_CURVE('',#3397,#3398,#1635,.T.);
#4203=EDGE_CURVE('',#3231,#3397,#1636,.T.);
#4204=EDGE_CURVE('',#3232,#3398,#1637,.T.);
#4205=EDGE_CURVE('',#3397,#3399,#2855,.T.);
#4206=EDGE_CURVE('',#3233,#3399,#1638,.T.);
#4207=EDGE_CURVE('',#3399,#3400,#1639,.T.);
#4208=EDGE_CURVE('',#3234,#3400,#1640,.T.);
#4209=EDGE_CURVE('',#3401,#3402,#2856,.T.);
#4210=EDGE_CURVE('',#3235,#3401,#1641,.T.);
#4211=EDGE_CURVE('',#3236,#3402,#1642,.T.);
#4212=EDGE_CURVE('',#3403,#3401,#1643,.T.);
#4213=EDGE_CURVE('',#3237,#3403,#1644,.T.);
#4214=EDGE_CURVE('',#3403,#3404,#2857,.T.);
#4215=EDGE_CURVE('',#3238,#3404,#1645,.T.);
#4216=EDGE_CURVE('',#3405,#3406,#1646,.T.);
#4217=EDGE_CURVE('',#3239,#3405,#1647,.T.);
#4218=EDGE_CURVE('',#3240,#3406,#1648,.T.);
#4219=EDGE_CURVE('',#3405,#3407,#2858,.T.);
#4220=EDGE_CURVE('',#3241,#3407,#1649,.T.);
#4221=EDGE_CURVE('',#3407,#3408,#1650,.T.);
#4222=EDGE_CURVE('',#3242,#3408,#1651,.T.);
#4223=EDGE_CURVE('',#3409,#3410,#2859,.T.);
#4224=EDGE_CURVE('',#3243,#3409,#1652,.T.);
#4225=EDGE_CURVE('',#3244,#3410,#1653,.T.);
#4226=EDGE_CURVE('',#3411,#3409,#1654,.T.);
#4227=EDGE_CURVE('',#3245,#3411,#1655,.T.);
#4228=EDGE_CURVE('',#3411,#3412,#2860,.T.);
#4229=EDGE_CURVE('',#3246,#3412,#1656,.T.);
#4230=EDGE_CURVE('',#3413,#3414,#1657,.T.);
#4231=EDGE_CURVE('',#3248,#3414,#1658,.T.);
#4232=EDGE_CURVE('',#3247,#3413,#1659,.T.);
#4233=EDGE_CURVE('',#3415,#3414,#2861,.T.);
#4234=EDGE_CURVE('',#3249,#3415,#1660,.T.);
#4235=EDGE_CURVE('',#3416,#3415,#1661,.T.);
#4236=EDGE_CURVE('',#3250,#3416,#1662,.T.);
#4237=EDGE_CURVE('',#3417,#3418,#1663,.T.);
#4238=EDGE_CURVE('',#3252,#3418,#1664,.T.);
#4239=EDGE_CURVE('',#3251,#3417,#1665,.T.);
#4240=EDGE_CURVE('',#3419,#3418,#2862,.T.);
#4241=EDGE_CURVE('',#3253,#3419,#1666,.T.);
#4242=EDGE_CURVE('',#3420,#3419,#1667,.T.);
#4243=EDGE_CURVE('',#3254,#3420,#1668,.T.);
#4244=EDGE_CURVE('',#3421,#3422,#2863,.T.);
#4245=EDGE_CURVE('',#3255,#3421,#1669,.T.);
#4246=EDGE_CURVE('',#3256,#3422,#1670,.T.);
#4247=EDGE_CURVE('',#3423,#3421,#1671,.T.);
#4248=EDGE_CURVE('',#3257,#3423,#1672,.T.);
#4249=EDGE_CURVE('',#3423,#3424,#2864,.T.);
#4250=EDGE_CURVE('',#3258,#3424,#1673,.T.);
#4251=EDGE_CURVE('',#3425,#3426,#2865,.T.);
#4252=EDGE_CURVE('',#3259,#3425,#1674,.T.);
#4253=EDGE_CURVE('',#3260,#3426,#1675,.T.);
#4254=EDGE_CURVE('',#3427,#3425,#1676,.T.);
#4255=EDGE_CURVE('',#3261,#3427,#1677,.T.);
#4256=EDGE_CURVE('',#3427,#3428,#2866,.T.);
#4257=EDGE_CURVE('',#3262,#3428,#1678,.T.);
#4258=EDGE_CURVE('',#3429,#3430,#1679,.T.);
#4259=EDGE_CURVE('',#3144,#3430,#1680,.T.);
#4260=EDGE_CURVE('',#3146,#3429,#1681,.T.);
#4261=EDGE_CURVE('',#3431,#3430,#2867,.T.);
#4262=EDGE_CURVE('',#3143,#3431,#1682,.T.);
#4263=EDGE_CURVE('',#3432,#3431,#1683,.T.);
#4264=EDGE_CURVE('',#3145,#3432,#1684,.T.);
#4265=EDGE_CURVE('',#3433,#3137,#1685,.T.);
#4266=EDGE_CURVE('',#3147,#3433,#1686,.T.);
#4267=EDGE_CURVE('',#3433,#3434,#2868,.T.);
#4268=EDGE_CURVE('',#3148,#3434,#1687,.T.);
#4269=EDGE_CURVE('',#3435,#3436,#2869,.T.);
#4270=EDGE_CURVE('',#3263,#3435,#1688,.T.);
#4271=EDGE_CURVE('',#3264,#3436,#1689,.T.);
#4272=EDGE_CURVE('',#3437,#3435,#1690,.T.);
#4273=EDGE_CURVE('',#3265,#3437,#1691,.T.);
#4274=EDGE_CURVE('',#3437,#3438,#2870,.T.);
#4275=EDGE_CURVE('',#3266,#3438,#1692,.T.);
#4276=EDGE_CURVE('',#3439,#3440,#2871,.T.);
#4277=EDGE_CURVE('',#3154,#3440,#1693,.T.);
#4278=EDGE_CURVE('',#3153,#3439,#1694,.T.);
#4279=EDGE_CURVE('',#3440,#3124,#1695,.T.);
#4280=EDGE_CURVE('',#3441,#3129,#1696,.T.);
#4281=EDGE_CURVE('',#3151,#3441,#1697,.T.);
#4282=EDGE_CURVE('',#3441,#3442,#2872,.T.);
#4283=EDGE_CURVE('',#3152,#3442,#1698,.T.);
#4284=EDGE_CURVE('',#3442,#3128,#1699,.T.);
#4285=EDGE_CURVE('',#3443,#3121,#1700,.T.);
#4286=EDGE_CURVE('',#3155,#3443,#1701,.T.);
#4287=EDGE_CURVE('',#3443,#3444,#2873,.T.);
#4288=EDGE_CURVE('',#3156,#3444,#1702,.T.);
#4289=EDGE_CURVE('',#3445,#3446,#2874,.T.);
#4290=EDGE_CURVE('',#3267,#3445,#1703,.T.);
#4291=EDGE_CURVE('',#3268,#3446,#1704,.T.);
#4292=EDGE_CURVE('',#3447,#3445,#1705,.T.);
#4293=EDGE_CURVE('',#3269,#3447,#1706,.T.);
#4294=EDGE_CURVE('',#3447,#3448,#2875,.T.);
#4295=EDGE_CURVE('',#3270,#3448,#1707,.T.);
#4296=EDGE_CURVE('',#3449,#3133,#1708,.T.);
#4297=EDGE_CURVE('',#3149,#3449,#1709,.T.);
#4298=EDGE_CURVE('',#3449,#3450,#2876,.T.);
#4299=EDGE_CURVE('',#3150,#3450,#1710,.T.);
#4300=EDGE_CURVE('',#3450,#3132,#1711,.T.);
#4301=EDGE_CURVE('',#3451,#3117,#1712,.T.);
#4302=EDGE_CURVE('',#3157,#3451,#1713,.T.);
#4303=EDGE_CURVE('',#3451,#3452,#2877,.T.);
#4304=EDGE_CURVE('',#3158,#3452,#1714,.T.);
#4305=EDGE_CURVE('',#3453,#3454,#2878,.T.);
#4306=EDGE_CURVE('',#3271,#3453,#1715,.T.);
#4307=EDGE_CURVE('',#3272,#3454,#1716,.T.);
#4308=EDGE_CURVE('',#3455,#3453,#1717,.T.);
#4309=EDGE_CURVE('',#3273,#3455,#1718,.T.);
#4310=EDGE_CURVE('',#3455,#3456,#2879,.T.);
#4311=EDGE_CURVE('',#3274,#3456,#1719,.T.);
#4312=EDGE_CURVE('',#3457,#3458,#2880,.T.);
#4313=EDGE_CURVE('',#3275,#3457,#1720,.T.);
#4314=EDGE_CURVE('',#3276,#3458,#1721,.T.);
#4315=EDGE_CURVE('',#3459,#3457,#1722,.T.);
#4316=EDGE_CURVE('',#3277,#3459,#1723,.T.);
#4317=EDGE_CURVE('',#3459,#3460,#2881,.T.);
#4318=EDGE_CURVE('',#3278,#3460,#1724,.T.);
#4319=EDGE_CURVE('',#3461,#3462,#1725,.T.);
#4320=EDGE_CURVE('',#3279,#3461,#1726,.T.);
#4321=EDGE_CURVE('',#3280,#3462,#1727,.T.);
#4322=EDGE_CURVE('',#3461,#3463,#2882,.T.);
#4323=EDGE_CURVE('',#3281,#3463,#1728,.T.);
#4324=EDGE_CURVE('',#3463,#3464,#1729,.T.);
#4325=EDGE_CURVE('',#3282,#3464,#1730,.T.);
#4326=EDGE_CURVE('',#3465,#3466,#1731,.T.);
#4327=EDGE_CURVE('',#3283,#3465,#1732,.T.);
#4328=EDGE_CURVE('',#3284,#3466,#1733,.T.);
#4329=EDGE_CURVE('',#3465,#3467,#2883,.T.);
#4330=EDGE_CURVE('',#3285,#3467,#1734,.T.);
#4331=EDGE_CURVE('',#3467,#3468,#1735,.T.);
#4332=EDGE_CURVE('',#3286,#3468,#1736,.T.);
#4333=EDGE_CURVE('',#3469,#3470,#1737,.T.);
#4334=EDGE_CURVE('',#3288,#3470,#1738,.T.);
#4335=EDGE_CURVE('',#3287,#3469,#1739,.T.);
#4336=EDGE_CURVE('',#3471,#3470,#2884,.T.);
#4337=EDGE_CURVE('',#3289,#3471,#1740,.T.);
#4338=EDGE_CURVE('',#3472,#3471,#1741,.T.);
#4339=EDGE_CURVE('',#3290,#3472,#1742,.T.);
#4340=EDGE_CURVE('',#3473,#3474,#1743,.T.);
#4341=EDGE_CURVE('',#3291,#3473,#1744,.T.);
#4342=EDGE_CURVE('',#3292,#3474,#1745,.T.);
#4343=EDGE_CURVE('',#3473,#3475,#2885,.T.);
#4344=EDGE_CURVE('',#3293,#3475,#1746,.T.);
#4345=EDGE_CURVE('',#3475,#3476,#1747,.T.);
#4346=EDGE_CURVE('',#3294,#3476,#1748,.T.);
#4347=EDGE_CURVE('',#3477,#3478,#2886,.T.);
#4348=EDGE_CURVE('',#3296,#3478,#1749,.T.);
#4349=EDGE_CURVE('',#3295,#3477,#1750,.T.);
#4350=EDGE_CURVE('',#3478,#3479,#1751,.T.);
#4351=EDGE_CURVE('',#3297,#3479,#1752,.T.);
#4352=EDGE_CURVE('',#3480,#3479,#2887,.T.);
#4353=EDGE_CURVE('',#3298,#3480,#1753,.T.);
#4354=EDGE_CURVE('',#3481,#3482,#1754,.T.);
#4355=EDGE_CURVE('',#3299,#3481,#1755,.T.);
#4356=EDGE_CURVE('',#3300,#3482,#1756,.T.);
#4357=EDGE_CURVE('',#3481,#3483,#2888,.T.);
#4358=EDGE_CURVE('',#3301,#3483,#1757,.T.);
#4359=EDGE_CURVE('',#3483,#3484,#1758,.T.);
#4360=EDGE_CURVE('',#3302,#3484,#1759,.T.);
#4361=EDGE_CURVE('',#3485,#3486,#2889,.T.);
#4362=EDGE_CURVE('',#3303,#3485,#1760,.T.);
#4363=EDGE_CURVE('',#3304,#3486,#1761,.T.);
#4364=EDGE_CURVE('',#3487,#3485,#1762,.T.);
#4365=EDGE_CURVE('',#3305,#3487,#1763,.T.);
#4366=EDGE_CURVE('',#3487,#3488,#2890,.T.);
#4367=EDGE_CURVE('',#3306,#3488,#1764,.T.);
#4368=EDGE_CURVE('',#3489,#3113,#1765,.T.);
#4369=EDGE_CURVE('',#3320,#3489,#1766,.T.);
#4370=EDGE_CURVE('',#3489,#3490,#2891,.T.);
#4371=EDGE_CURVE('',#3319,#3490,#1767,.T.);
#4372=EDGE_CURVE('',#3491,#3492,#2892,.T.);
#4373=EDGE_CURVE('',#3307,#3491,#1768,.T.);
#4374=EDGE_CURVE('',#3308,#3492,#1769,.T.);
#4375=EDGE_CURVE('',#3493,#3491,#1770,.T.);
#4376=EDGE_CURVE('',#3309,#3493,#1771,.T.);
#4377=EDGE_CURVE('',#3493,#3494,#2893,.T.);
#4378=EDGE_CURVE('',#3310,#3494,#1772,.T.);
#4379=EDGE_CURVE('',#3495,#3496,#1773,.T.);
#4380=EDGE_CURVE('',#3311,#3495,#1774,.T.);
#4381=EDGE_CURVE('',#3312,#3496,#1775,.T.);
#4382=EDGE_CURVE('',#3495,#3497,#2894,.T.);
#4383=EDGE_CURVE('',#3313,#3497,#1776,.T.);
#4384=EDGE_CURVE('',#3497,#3498,#1777,.T.);
#4385=EDGE_CURVE('',#3314,#3498,#1778,.T.);
#4386=EDGE_CURVE('',#3499,#3500,#1779,.T.);
#4387=EDGE_CURVE('',#3315,#3499,#1780,.T.);
#4388=EDGE_CURVE('',#3316,#3500,#1781,.T.);
#4389=EDGE_CURVE('',#3499,#3501,#2895,.T.);
#4390=EDGE_CURVE('',#3317,#3501,#1782,.T.);
#4391=EDGE_CURVE('',#3501,#3502,#1783,.T.);
#4392=EDGE_CURVE('',#3318,#3502,#1784,.T.);
#4393=EDGE_CURVE('',#3332,#3329,#2896,.T.);
#4394=EDGE_CURVE('',#3336,#3333,#2897,.T.);
#4395=EDGE_CURVE('',#3337,#3340,#1785,.T.);
#4396=EDGE_CURVE('',#3341,#3344,#1786,.T.);
#4397=EDGE_CURVE('',#3345,#3348,#1787,.T.);
#4398=EDGE_CURVE('',#3349,#3352,#1788,.T.);
#4399=EDGE_CURVE('',#3353,#3356,#1789,.T.);
#4400=EDGE_CURVE('',#3358,#3360,#2898,.T.);
#4401=EDGE_CURVE('',#3364,#3362,#1790,.T.);
#4402=EDGE_CURVE('',#3368,#3365,#2899,.T.);
#4403=EDGE_CURVE('',#3372,#3370,#1791,.T.);
#4404=EDGE_CURVE('',#3374,#3376,#2900,.T.);
#4405=EDGE_CURVE('',#3378,#3380,#2901,.T.);
#4406=EDGE_CURVE('',#3382,#3384,#2902,.T.);
#4407=EDGE_CURVE('',#3386,#3388,#2903,.T.);
#4408=EDGE_CURVE('',#3392,#3389,#2904,.T.);
#4409=EDGE_CURVE('',#3394,#3396,#2905,.T.);
#4410=EDGE_CURVE('',#3398,#3400,#2906,.T.);
#4411=EDGE_CURVE('',#3404,#3402,#1792,.T.);
#4412=EDGE_CURVE('',#3406,#3408,#2907,.T.);
#4413=EDGE_CURVE('',#3412,#3410,#1793,.T.);
#4414=EDGE_CURVE('',#3416,#3413,#2908,.T.);
#4415=EDGE_CURVE('',#3420,#3417,#2909,.T.);
#4416=EDGE_CURVE('',#3424,#3422,#1794,.T.);
#4417=EDGE_CURVE('',#3428,#3426,#1795,.T.);
#4418=EDGE_CURVE('',#3432,#3429,#2910,.T.);
#4419=EDGE_CURVE('',#3434,#3136,#1796,.T.);
#4420=EDGE_CURVE('',#3438,#3436,#1797,.T.);
#4421=EDGE_CURVE('',#3439,#3125,#1798,.T.);
#4422=EDGE_CURVE('',#3444,#3120,#1799,.T.);
#4423=EDGE_CURVE('',#3503,#3503,#2911,.T.);
#4424=EDGE_CURVE('',#3503,#3138,#1800,.T.);
#4425=EDGE_CURVE('',#3448,#3446,#1801,.T.);
#4426=EDGE_CURVE('',#3452,#3116,#1802,.T.);
#4427=EDGE_CURVE('',#3456,#3454,#1803,.T.);
#4428=EDGE_CURVE('',#3460,#3458,#1804,.T.);
#4429=EDGE_CURVE('',#3462,#3464,#2912,.T.);
#4430=EDGE_CURVE('',#3466,#3468,#2913,.T.);
#4431=EDGE_CURVE('',#3472,#3469,#2914,.T.);
#4432=EDGE_CURVE('',#3474,#3476,#2915,.T.);
#4433=EDGE_CURVE('',#3477,#3480,#1805,.T.);
#4434=EDGE_CURVE('',#3482,#3484,#2916,.T.);
#4435=EDGE_CURVE('',#3488,#3486,#1806,.T.);
#4436=EDGE_CURVE('',#3490,#3112,#1807,.T.);
#4437=EDGE_CURVE('',#3494,#3492,#1808,.T.);
#4438=EDGE_CURVE('',#3496,#3498,#2917,.T.);
#4439=EDGE_CURVE('',#3500,#3502,#2918,.T.);
#4440=EDGE_CURVE('',#3328,#3325,#2919,.T.);
#4441=EDGE_CURVE('',#3504,#3505,#2920,.T.);
#4442=EDGE_CURVE('',#3505,#3504,#2921,.T.);
#4443=EDGE_CURVE('',#3506,#3507,#2922,.T.);
#4444=EDGE_CURVE('',#3507,#3506,#2923,.T.);
#4445=EDGE_CURVE('',#3508,#3509,#2924,.T.);
#4446=EDGE_CURVE('',#3509,#3508,#2925,.T.);
#4447=EDGE_CURVE('',#3510,#3511,#2926,.T.);
#4448=EDGE_CURVE('',#3511,#3510,#2927,.T.);
#4449=EDGE_CURVE('',#3512,#3512,#2928,.T.);
#4450=EDGE_CURVE('',#3513,#3513,#2929,.T.);
#4451=EDGE_CURVE('',#3514,#3514,#2930,.T.);
#4452=EDGE_CURVE('',#3515,#3515,#2931,.T.);
#4453=EDGE_CURVE('',#3324,#3515,#1809,.T.);
#4454=EDGE_CURVE('',#3323,#3514,#1810,.T.);
#4455=EDGE_CURVE('',#3322,#3513,#1811,.T.);
#4456=EDGE_CURVE('',#3321,#3512,#1812,.T.);
#4457=EDGE_CURVE('',#3142,#3511,#1813,.T.);
#4458=EDGE_CURVE('',#3141,#3509,#1814,.T.);
#4459=EDGE_CURVE('',#3140,#3507,#1815,.T.);
#4460=EDGE_CURVE('',#3139,#3505,#1816,.T.);
#4461=EDGE_CURVE('',#3516,#3517,#2932,.T.);
#4462=EDGE_CURVE('',#3517,#3518,#1817,.T.);
#4463=EDGE_CURVE('',#3519,#3518,#2933,.T.);
#4464=EDGE_CURVE('',#3516,#3519,#1818,.T.);
#4465=EDGE_CURVE('',#3520,#3521,#2934,.T.);
#4466=EDGE_CURVE('',#3521,#3522,#1819,.T.);
#4467=EDGE_CURVE('',#3523,#3522,#2935,.T.);
#4468=EDGE_CURVE('',#3520,#3523,#1820,.T.);
#4469=EDGE_CURVE('',#3524,#3525,#2936,.T.);
#4470=EDGE_CURVE('',#3525,#3526,#1821,.T.);
#4471=EDGE_CURVE('',#3527,#3526,#2937,.T.);
#4472=EDGE_CURVE('',#3524,#3527,#1822,.T.);
#4473=EDGE_CURVE('',#3528,#3529,#2938,.T.);
#4474=EDGE_CURVE('',#3529,#3530,#1823,.T.);
#4475=EDGE_CURVE('',#3531,#3530,#2939,.T.);
#4476=EDGE_CURVE('',#3528,#3531,#1824,.T.);
#4477=EDGE_CURVE('',#3532,#3533,#2940,.T.);
#4478=EDGE_CURVE('',#3533,#3534,#1825,.T.);
#4479=EDGE_CURVE('',#3535,#3534,#2941,.T.);
#4480=EDGE_CURVE('',#3532,#3535,#1826,.T.);
#4481=EDGE_CURVE('',#3536,#3537,#2942,.T.);
#4482=EDGE_CURVE('',#3537,#3538,#1827,.T.);
#4483=EDGE_CURVE('',#3539,#3538,#2943,.T.);
#4484=EDGE_CURVE('',#3536,#3539,#1828,.T.);
#4485=EDGE_CURVE('',#3540,#3541,#2944,.T.);
#4486=EDGE_CURVE('',#3541,#3542,#1829,.T.);
#4487=EDGE_CURVE('',#3543,#3542,#2945,.T.);
#4488=EDGE_CURVE('',#3540,#3543,#1830,.T.);
#4489=EDGE_CURVE('',#3544,#3545,#1831,.T.);
#4490=EDGE_CURVE('',#3544,#3546,#2946,.T.);
#4491=EDGE_CURVE('',#3547,#3546,#1832,.T.);
#4492=EDGE_CURVE('',#3547,#3545,#2947,.T.);
#4493=EDGE_CURVE('',#3548,#3549,#1833,.T.);
#4494=EDGE_CURVE('',#3548,#3550,#2948,.T.);
#4495=EDGE_CURVE('',#3551,#3550,#1834,.T.);
#4496=EDGE_CURVE('',#3551,#3549,#2949,.T.);
#4497=EDGE_CURVE('',#3552,#3553,#1835,.T.);
#4498=EDGE_CURVE('',#3552,#3554,#2950,.T.);
#4499=EDGE_CURVE('',#3555,#3554,#1836,.T.);
#4500=EDGE_CURVE('',#3555,#3553,#2951,.T.);
#4501=EDGE_CURVE('',#3556,#3557,#1837,.T.);
#4502=EDGE_CURVE('',#3556,#3558,#2952,.T.);
#4503=EDGE_CURVE('',#3559,#3558,#1838,.T.);
#4504=EDGE_CURVE('',#3559,#3557,#2953,.T.);
#4505=EDGE_CURVE('',#3560,#3561,#2954,.T.);
#4506=EDGE_CURVE('',#3561,#3560,#2955,.T.);
#4507=EDGE_CURVE('',#3562,#3563,#2956,.T.);
#4508=EDGE_CURVE('',#3563,#3562,#2957,.T.);
#4509=EDGE_CURVE('',#3564,#3565,#2958,.T.);
#4510=EDGE_CURVE('',#3565,#3564,#2959,.T.);
#4511=EDGE_CURVE('',#3566,#3567,#2960,.T.);
#4512=EDGE_CURVE('',#3567,#3566,#2961,.T.);
#4513=EDGE_CURVE('',#3568,#3569,#2962,.T.);
#4514=EDGE_CURVE('',#3569,#3568,#2963,.T.);
#4515=EDGE_CURVE('',#3570,#3571,#2964,.T.);
#4516=EDGE_CURVE('',#3572,#3570,#1839,.T.);
#4517=EDGE_CURVE('',#3572,#3573,#2965,.T.);
#4518=EDGE_CURVE('',#3573,#3571,#1840,.T.);
#4519=EDGE_CURVE('',#3574,#3540,#1841,.T.);
#4520=EDGE_CURVE('',#3574,#3575,#2966,.T.);
#4521=EDGE_CURVE('',#3575,#3541,#1842,.T.);
#4522=EDGE_CURVE('',#3576,#3536,#1843,.T.);
#4523=EDGE_CURVE('',#3576,#3577,#2967,.T.);
#4524=EDGE_CURVE('',#3577,#3537,#1844,.T.);
#4525=EDGE_CURVE('',#3578,#3532,#1845,.T.);
#4526=EDGE_CURVE('',#3578,#3579,#2968,.T.);
#4527=EDGE_CURVE('',#3579,#3533,#1846,.T.);
#4528=EDGE_CURVE('',#3580,#3528,#1847,.T.);
#4529=EDGE_CURVE('',#3580,#3581,#2969,.T.);
#4530=EDGE_CURVE('',#3581,#3529,#1848,.T.);
#4531=EDGE_CURVE('',#3582,#3524,#1849,.T.);
#4532=EDGE_CURVE('',#3582,#3583,#2970,.T.);
#4533=EDGE_CURVE('',#3583,#3525,#1850,.T.);
#4534=EDGE_CURVE('',#3584,#3520,#1851,.T.);
#4535=EDGE_CURVE('',#3584,#3585,#2971,.T.);
#4536=EDGE_CURVE('',#3585,#3521,#1852,.T.);
#4537=EDGE_CURVE('',#3586,#3587,#1853,.T.);
#4538=EDGE_CURVE('',#3588,#3587,#2972,.T.);
#4539=EDGE_CURVE('',#3589,#3588,#1854,.T.);
#4540=EDGE_CURVE('',#3589,#3586,#2973,.T.);
#4541=EDGE_CURVE('',#3590,#3591,#2974,.T.);
#4542=EDGE_CURVE('',#3592,#3590,#1855,.T.);
#4543=EDGE_CURVE('',#3592,#3593,#2975,.T.);
#4544=EDGE_CURVE('',#3593,#3591,#1856,.T.);
#4545=EDGE_CURVE('',#3594,#3595,#1857,.T.);
#4546=EDGE_CURVE('',#3594,#3596,#2976,.T.);
#4547=EDGE_CURVE('',#3596,#3597,#1858,.T.);
#4548=EDGE_CURVE('',#3595,#3597,#2977,.T.);
#4549=EDGE_CURVE('',#3598,#3599,#1859,.T.);
#4550=EDGE_CURVE('',#3598,#3600,#2978,.T.);
#4551=EDGE_CURVE('',#3600,#3601,#1860,.T.);
#4552=EDGE_CURVE('',#3599,#3601,#2979,.T.);
#4553=EDGE_CURVE('',#3602,#3603,#2980,.T.);
#4554=EDGE_CURVE('',#3603,#3604,#1861,.T.);
#4555=EDGE_CURVE('',#3605,#3604,#2981,.T.);
#4556=EDGE_CURVE('',#3602,#3605,#1862,.T.);
#4557=EDGE_CURVE('',#3606,#3607,#1863,.T.);
#4558=EDGE_CURVE('',#3606,#3608,#2982,.T.);
#4559=EDGE_CURVE('',#3608,#3609,#1864,.T.);
#4560=EDGE_CURVE('',#3607,#3609,#2983,.T.);
#4561=EDGE_CURVE('',#3610,#3611,#1865,.T.);
#4562=EDGE_CURVE('',#3612,#3611,#2984,.T.);
#4563=EDGE_CURVE('',#3613,#3612,#1866,.T.);
#4564=EDGE_CURVE('',#3613,#3610,#2985,.T.);
#4565=EDGE_CURVE('',#3614,#3615,#1867,.T.);
#4566=EDGE_CURVE('',#3616,#3615,#2986,.T.);
#4567=EDGE_CURVE('',#3617,#3616,#1868,.T.);
#4568=EDGE_CURVE('',#3617,#3614,#2987,.T.);
#4569=EDGE_CURVE('',#3548,#3545,#2988,.T.);
#4570=EDGE_CURVE('',#3547,#3558,#2989,.T.);
#4571=EDGE_CURVE('',#3556,#3553,#2990,.T.);
#4572=EDGE_CURVE('',#3555,#3550,#2991,.T.);
#4573=EDGE_CURVE('',#3618,#3619,#2992,.T.);
#4574=EDGE_CURVE('',#3619,#3620,#1869,.T.);
#4575=EDGE_CURVE('',#3621,#3620,#2993,.T.);
#4576=EDGE_CURVE('',#3618,#3621,#1870,.T.);
#4577=EDGE_CURVE('',#3622,#3623,#2994,.T.);
#4578=EDGE_CURVE('',#3623,#3624,#1871,.T.);
#4579=EDGE_CURVE('',#3625,#3624,#2995,.T.);
#4580=EDGE_CURVE('',#3622,#3625,#1872,.T.);
#4581=EDGE_CURVE('',#3626,#3627,#2996,.T.);
#4582=EDGE_CURVE('',#3628,#3626,#1873,.T.);
#4583=EDGE_CURVE('',#3628,#3629,#2997,.T.);
#4584=EDGE_CURVE('',#3629,#3627,#1874,.T.);
#4585=EDGE_CURVE('',#3630,#3631,#1875,.T.);
#4586=EDGE_CURVE('',#3632,#3631,#2998,.T.);
#4587=EDGE_CURVE('',#3633,#3632,#1876,.T.);
#4588=EDGE_CURVE('',#3633,#3630,#2999,.T.);
#4589=EDGE_CURVE('',#3634,#3635,#3000,.T.);
#4590=EDGE_CURVE('',#3636,#3634,#1877,.T.);
#4591=EDGE_CURVE('',#3636,#3637,#3001,.T.);
#4592=EDGE_CURVE('',#3637,#3635,#1878,.T.);
#4593=EDGE_CURVE('',#3638,#3639,#1879,.T.);
#4594=EDGE_CURVE('',#3638,#3640,#3002,.T.);
#4595=EDGE_CURVE('',#3640,#3641,#1880,.T.);
#4596=EDGE_CURVE('',#3639,#3641,#3003,.T.);
#4597=EDGE_CURVE('',#3642,#3643,#1881,.T.);
#4598=EDGE_CURVE('',#3642,#3644,#3004,.T.);
#4599=EDGE_CURVE('',#3644,#3645,#1882,.T.);
#4600=EDGE_CURVE('',#3643,#3645,#3005,.T.);
#4601=EDGE_CURVE('',#3646,#3647,#1883,.T.);
#4602=EDGE_CURVE('',#3646,#3648,#3006,.T.);
#4603=EDGE_CURVE('',#3648,#3649,#1884,.T.);
#4604=EDGE_CURVE('',#3647,#3649,#3007,.T.);
#4605=EDGE_CURVE('',#3650,#3517,#1885,.T.);
#4606=EDGE_CURVE('',#3651,#3516,#1886,.T.);
#4607=EDGE_CURVE('',#3651,#3650,#3008,.T.);
#4608=EDGE_CURVE('',#3652,#3653,#3009,.T.);
#4609=EDGE_CURVE('',#3653,#3652,#3010,.T.);
#4610=EDGE_CURVE('',#3654,#3655,#3011,.T.);
#4611=EDGE_CURVE('',#3655,#3654,#3012,.T.);
#4612=EDGE_CURVE('',#3656,#3657,#3013,.T.);
#4613=EDGE_CURVE('',#3657,#3656,#3014,.T.);
#4614=EDGE_CURVE('',#3658,#3659,#3015,.T.);
#4615=EDGE_CURVE('',#3659,#3658,#3016,.T.);
#4616=EDGE_CURVE('',#3605,#3660,#1887,.T.);
#4617=EDGE_CURVE('',#3604,#3661,#1888,.T.);
#4618=EDGE_CURVE('',#3660,#3661,#3017,.T.);
#4619=EDGE_CURVE('',#3662,#3660,#1889,.T.);
#4620=EDGE_CURVE('',#3602,#3662,#1890,.T.);
#4621=EDGE_CURVE('',#3586,#3663,#1891,.T.);
#4622=EDGE_CURVE('',#3589,#3664,#1892,.T.);
#4623=EDGE_CURVE('',#3664,#3663,#3018,.T.);
#4624=EDGE_CURVE('',#3663,#3665,#1893,.T.);
#4625=EDGE_CURVE('',#3587,#3665,#1894,.T.);
#4626=EDGE_CURVE('',#3666,#3667,#3019,.T.);
#4627=EDGE_CURVE('',#3619,#3667,#1895,.T.);
#4628=EDGE_CURVE('',#3618,#3666,#1896,.T.);
#4629=EDGE_CURVE('',#3667,#3668,#1897,.T.);
#4630=EDGE_CURVE('',#3620,#3668,#1898,.T.);
#4631=EDGE_CURVE('',#3669,#3668,#3020,.T.);
#4632=EDGE_CURVE('',#3621,#3669,#1899,.T.);
#4633=EDGE_CURVE('',#3611,#3670,#1900,.T.);
#4634=EDGE_CURVE('',#3671,#3670,#3021,.T.);
#4635=EDGE_CURVE('',#3612,#3671,#1901,.T.);
#4636=EDGE_CURVE('',#3672,#3673,#3022,.T.);
#4637=EDGE_CURVE('',#3623,#3673,#1902,.T.);
#4638=EDGE_CURVE('',#3622,#3672,#1903,.T.);
#4639=EDGE_CURVE('',#3673,#3674,#1904,.T.);
#4640=EDGE_CURVE('',#3624,#3674,#1905,.T.);
#4641=EDGE_CURVE('',#3675,#3674,#3023,.T.);
#4642=EDGE_CURVE('',#3625,#3675,#1906,.T.);
#4643=EDGE_CURVE('',#3676,#3670,#1907,.T.);
#4644=EDGE_CURVE('',#3610,#3676,#1908,.T.);
#4645=EDGE_CURVE('',#3603,#3677,#1909,.T.);
#4646=EDGE_CURVE('',#3662,#3677,#3024,.T.);
#4647=EDGE_CURVE('',#3678,#3679,#3025,.T.);
#4648=EDGE_CURVE('',#3626,#3678,#1910,.T.);
#4649=EDGE_CURVE('',#3627,#3679,#1911,.T.);
#4650=EDGE_CURVE('',#3680,#3678,#1912,.T.);
#4651=EDGE_CURVE('',#3628,#3680,#1913,.T.);
#4652=EDGE_CURVE('',#3680,#3681,#3026,.T.);
#4653=EDGE_CURVE('',#3629,#3681,#1914,.T.);
#4654=EDGE_CURVE('',#3682,#3683,#1915,.T.);
#4655=EDGE_CURVE('',#3631,#3683,#1916,.T.);
#4656=EDGE_CURVE('',#3630,#3682,#1917,.T.);
#4657=EDGE_CURVE('',#3684,#3683,#3027,.T.);
#4658=EDGE_CURVE('',#3632,#3684,#1918,.T.);
#4659=EDGE_CURVE('',#3685,#3684,#1919,.T.);
#4660=EDGE_CURVE('',#3633,#3685,#1920,.T.);
#4661=EDGE_CURVE('',#3686,#3687,#3028,.T.);
#4662=EDGE_CURVE('',#3634,#3686,#1921,.T.);
#4663=EDGE_CURVE('',#3635,#3687,#1922,.T.);
#4664=EDGE_CURVE('',#3688,#3686,#1923,.T.);
#4665=EDGE_CURVE('',#3636,#3688,#1924,.T.);
#4666=EDGE_CURVE('',#3688,#3689,#3029,.T.);
#4667=EDGE_CURVE('',#3637,#3689,#1925,.T.);
#4668=EDGE_CURVE('',#3606,#3690,#1926,.T.);
#4669=EDGE_CURVE('',#3607,#3691,#1927,.T.);
#4670=EDGE_CURVE('',#3690,#3691,#1928,.T.);
#4671=EDGE_CURVE('',#3608,#3692,#1929,.T.);
#4672=EDGE_CURVE('',#3690,#3692,#3030,.T.);
#4673=EDGE_CURVE('',#3693,#3694,#1930,.T.);
#4674=EDGE_CURVE('',#3638,#3693,#1931,.T.);
#4675=EDGE_CURVE('',#3639,#3694,#1932,.T.);
#4676=EDGE_CURVE('',#3693,#3695,#3031,.T.);
#4677=EDGE_CURVE('',#3640,#3695,#1933,.T.);
#4678=EDGE_CURVE('',#3695,#3696,#1934,.T.);
#4679=EDGE_CURVE('',#3641,#3696,#1935,.T.);
#4680=EDGE_CURVE('',#3692,#3697,#1936,.T.);
#4681=EDGE_CURVE('',#3609,#3697,#1937,.T.);
#4682=EDGE_CURVE('',#3698,#3699,#1938,.T.);
#4683=EDGE_CURVE('',#3642,#3698,#1939,.T.);
#4684=EDGE_CURVE('',#3643,#3699,#1940,.T.);
#4685=EDGE_CURVE('',#3698,#3700,#3032,.T.);
#4686=EDGE_CURVE('',#3644,#3700,#1941,.T.);
#4687=EDGE_CURVE('',#3700,#3701,#1942,.T.);
#4688=EDGE_CURVE('',#3645,#3701,#1943,.T.);
#4689=EDGE_CURVE('',#3677,#3661,#1944,.T.);
#4690=EDGE_CURVE('',#3702,#3703,#1945,.T.);
#4691=EDGE_CURVE('',#3646,#3702,#1946,.T.);
#4692=EDGE_CURVE('',#3647,#3703,#1947,.T.);
#4693=EDGE_CURVE('',#3702,#3704,#3033,.T.);
#4694=EDGE_CURVE('',#3648,#3704,#1948,.T.);
#4695=EDGE_CURVE('',#3704,#3705,#1949,.T.);
#4696=EDGE_CURVE('',#3649,#3705,#1950,.T.);
#4697=EDGE_CURVE('',#3613,#3706,#1951,.T.);
#4698=EDGE_CURVE('',#3706,#3671,#1952,.T.);
#4699=EDGE_CURVE('',#3706,#3676,#3034,.T.);
#4700=EDGE_CURVE('',#3594,#3707,#1953,.T.);
#4701=EDGE_CURVE('',#3595,#3708,#1954,.T.);
#4702=EDGE_CURVE('',#3707,#3708,#1955,.T.);
#4703=EDGE_CURVE('',#3707,#3709,#3035,.T.);
#4704=EDGE_CURVE('',#3596,#3709,#1956,.T.);
#4705=EDGE_CURVE('',#3598,#3710,#1957,.T.);
#4706=EDGE_CURVE('',#3599,#3711,#1958,.T.);
#4707=EDGE_CURVE('',#3710,#3711,#1959,.T.);
#4708=EDGE_CURVE('',#3600,#3712,#1960,.T.);
#4709=EDGE_CURVE('',#3710,#3712,#3036,.T.);
#4710=EDGE_CURVE('',#3593,#3713,#1961,.T.);
#4711=EDGE_CURVE('',#3713,#3714,#1962,.T.);
#4712=EDGE_CURVE('',#3591,#3714,#1963,.T.);
#4713=EDGE_CURVE('',#3715,#3714,#3037,.T.);
#4714=EDGE_CURVE('',#3590,#3715,#1964,.T.);
#4715=EDGE_CURVE('',#3601,#3716,#1965,.T.);
#4716=EDGE_CURVE('',#3711,#3716,#3038,.T.);
#4717=EDGE_CURVE('',#3717,#3718,#1966,.T.);
#4718=EDGE_CURVE('',#3571,#3718,#1967,.T.);
#4719=EDGE_CURVE('',#3573,#3717,#1968,.T.);
#4720=EDGE_CURVE('',#3719,#3718,#3039,.T.);
#4721=EDGE_CURVE('',#3570,#3719,#1969,.T.);
#4722=EDGE_CURVE('',#3720,#3719,#1970,.T.);
#4723=EDGE_CURVE('',#3572,#3720,#1971,.T.);
#4724=EDGE_CURVE('',#3721,#3543,#1972,.T.);
#4725=EDGE_CURVE('',#3574,#3721,#1973,.T.);
#4726=EDGE_CURVE('',#3721,#3722,#3040,.T.);
#4727=EDGE_CURVE('',#3575,#3722,#1974,.T.);
#4728=EDGE_CURVE('',#3723,#3724,#3041,.T.);
#4729=EDGE_CURVE('',#3581,#3724,#1975,.T.);
#4730=EDGE_CURVE('',#3580,#3723,#1976,.T.);
#4731=EDGE_CURVE('',#3724,#3530,#1977,.T.);
#4732=EDGE_CURVE('',#3725,#3535,#1978,.T.);
#4733=EDGE_CURVE('',#3578,#3725,#1979,.T.);
#4734=EDGE_CURVE('',#3725,#3726,#3042,.T.);
#4735=EDGE_CURVE('',#3579,#3726,#1980,.T.);
#4736=EDGE_CURVE('',#3726,#3534,#1981,.T.);
#4737=EDGE_CURVE('',#3727,#3527,#1982,.T.);
#4738=EDGE_CURVE('',#3582,#3727,#1983,.T.);
#4739=EDGE_CURVE('',#3727,#3728,#3043,.T.);
#4740=EDGE_CURVE('',#3583,#3728,#1984,.T.);
#4741=EDGE_CURVE('',#3729,#3665,#3044,.T.);
#4742=EDGE_CURVE('',#3588,#3729,#1985,.T.);
#4743=EDGE_CURVE('',#3664,#3729,#1986,.T.);
#4744=EDGE_CURVE('',#3730,#3539,#1987,.T.);
#4745=EDGE_CURVE('',#3576,#3730,#1988,.T.);
#4746=EDGE_CURVE('',#3730,#3731,#3045,.T.);
#4747=EDGE_CURVE('',#3577,#3731,#1989,.T.);
#4748=EDGE_CURVE('',#3731,#3538,#1990,.T.);
#4749=EDGE_CURVE('',#3732,#3523,#1991,.T.);
#4750=EDGE_CURVE('',#3584,#3732,#1992,.T.);
#4751=EDGE_CURVE('',#3732,#3733,#3046,.T.);
#4752=EDGE_CURVE('',#3585,#3733,#1993,.T.);
#4753=EDGE_CURVE('',#3616,#3734,#1994,.T.);
#4754=EDGE_CURVE('',#3735,#3734,#1995,.T.);
#4755=EDGE_CURVE('',#3617,#3735,#1996,.T.);
#4756=EDGE_CURVE('',#3615,#3736,#1997,.T.);
#4757=EDGE_CURVE('',#3614,#3737,#1998,.T.);
#4758=EDGE_CURVE('',#3737,#3736,#1999,.T.);
#4759=EDGE_CURVE('',#3709,#3738,#2000,.T.);
#4760=EDGE_CURVE('',#3597,#3738,#2001,.T.);
#4761=EDGE_CURVE('',#3739,#3519,#2002,.T.);
#4762=EDGE_CURVE('',#3651,#3739,#2003,.T.);
#4763=EDGE_CURVE('',#3739,#3740,#3047,.T.);
#4764=EDGE_CURVE('',#3650,#3740,#2004,.T.);
#4765=EDGE_CURVE('',#3712,#3716,#2005,.T.);
#4766=EDGE_CURVE('',#3741,#3715,#2006,.T.);
#4767=EDGE_CURVE('',#3592,#3741,#2007,.T.);
#4768=EDGE_CURVE('',#3666,#3669,#2008,.T.);
#4769=EDGE_CURVE('',#3672,#3675,#2009,.T.);
#4770=EDGE_CURVE('',#3681,#3679,#2010,.T.);
#4771=EDGE_CURVE('',#3685,#3682,#3048,.T.);
#4772=EDGE_CURVE('',#3689,#3687,#2011,.T.);
#4773=EDGE_CURVE('',#3694,#3696,#3049,.T.);
#4774=EDGE_CURVE('',#3691,#3697,#3050,.T.);
#4775=EDGE_CURVE('',#3699,#3701,#3051,.T.);
#4776=EDGE_CURVE('',#3703,#3705,#3052,.T.);
#4777=EDGE_CURVE('',#3708,#3738,#3053,.T.);
#4778=EDGE_CURVE('',#3741,#3713,#3054,.T.);
#4779=EDGE_CURVE('',#3720,#3717,#3055,.T.);
#4780=EDGE_CURVE('',#3722,#3542,#2012,.T.);
#4781=EDGE_CURVE('',#3723,#3531,#2013,.T.);
#4782=EDGE_CURVE('',#3728,#3526,#2014,.T.);
#4783=EDGE_CURVE('',#3742,#3742,#3056,.T.);
#4784=EDGE_CURVE('',#3742,#3561,#2015,.T.);
#4785=EDGE_CURVE('',#3733,#3522,#2016,.T.);
#4786=EDGE_CURVE('',#3735,#3737,#3057,.T.);
#4787=EDGE_CURVE('',#3734,#3736,#3058,.T.);
#4788=EDGE_CURVE('',#3740,#3518,#2017,.T.);
#4789=EDGE_CURVE('',#3743,#3744,#3059,.T.);
#4790=EDGE_CURVE('',#3744,#3743,#3060,.T.);
#4791=EDGE_CURVE('',#3745,#3746,#3061,.T.);
#4792=EDGE_CURVE('',#3746,#3745,#3062,.T.);
#4793=EDGE_CURVE('',#3747,#3748,#3063,.T.);
#4794=EDGE_CURVE('',#3748,#3747,#3064,.T.);
#4795=EDGE_CURVE('',#3749,#3750,#3065,.T.);
#4796=EDGE_CURVE('',#3750,#3749,#3066,.T.);
#4797=EDGE_CURVE('',#3549,#3544,#3067,.T.);
#4798=EDGE_CURVE('',#3554,#3551,#3068,.T.);
#4799=EDGE_CURVE('',#3557,#3552,#3069,.T.);
#4800=EDGE_CURVE('',#3546,#3559,#3070,.T.);
#4801=EDGE_CURVE('',#3751,#3752,#3071,.T.);
#4802=EDGE_CURVE('',#3752,#3751,#3072,.T.);
#4803=EDGE_CURVE('',#3753,#3754,#3073,.T.);
#4804=EDGE_CURVE('',#3754,#3753,#3074,.T.);
#4805=EDGE_CURVE('',#3755,#3756,#3075,.T.);
#4806=EDGE_CURVE('',#3756,#3755,#3076,.T.);
#4807=EDGE_CURVE('',#3757,#3758,#3077,.T.);
#4808=EDGE_CURVE('',#3758,#3757,#3078,.T.);
#4809=EDGE_CURVE('',#3659,#3758,#2018,.T.);
#4810=EDGE_CURVE('',#3657,#3756,#2019,.T.);
#4811=EDGE_CURVE('',#3655,#3754,#2020,.T.);
#4812=EDGE_CURVE('',#3653,#3752,#2021,.T.);
#4813=EDGE_CURVE('',#3750,#3569,#2022,.T.);
#4814=EDGE_CURVE('',#3748,#3567,#2023,.T.);
#4815=EDGE_CURVE('',#3746,#3565,#2024,.T.);
#4816=EDGE_CURVE('',#3744,#3563,#2025,.T.);
#4817=EDGE_CURVE('',#3759,#3760,#2026,.T.);
#4818=EDGE_CURVE('',#3759,#3761,#103,.T.);
#4819=EDGE_CURVE('',#3761,#3762,#3079,.T.);
#4820=EDGE_CURVE('',#3762,#3760,#104,.T.);
#4821=EDGE_CURVE('',#3763,#3764,#2027,.T.);
#4822=EDGE_CURVE('',#3763,#3759,#105,.T.);
#4823=EDGE_CURVE('',#3760,#3764,#106,.T.);
#4824=EDGE_CURVE('',#3765,#3766,#2028,.T.);
#4825=EDGE_CURVE('',#3765,#3763,#107,.T.);
#4826=EDGE_CURVE('',#3764,#3766,#108,.T.);
#4827=EDGE_CURVE('',#3767,#3768,#2029,.T.);
#4828=EDGE_CURVE('',#3767,#3765,#109,.T.);
#4829=EDGE_CURVE('',#3766,#3768,#110,.T.);
#4830=EDGE_CURVE('',#3769,#3770,#2030,.T.);
#4831=EDGE_CURVE('',#3769,#3767,#111,.T.);
#4832=EDGE_CURVE('',#3768,#3770,#112,.T.);
#4833=EDGE_CURVE('',#3771,#3772,#2031,.T.);
#4834=EDGE_CURVE('',#3771,#3769,#113,.T.);
#4835=EDGE_CURVE('',#3770,#3772,#114,.T.);
#4836=EDGE_CURVE('',#3773,#3774,#2032,.T.);
#4837=EDGE_CURVE('',#3773,#3771,#115,.T.);
#4838=EDGE_CURVE('',#3772,#3774,#116,.T.);
#4839=EDGE_CURVE('',#3775,#3776,#2033,.T.);
#4840=EDGE_CURVE('',#3775,#3773,#117,.T.);
#4841=EDGE_CURVE('',#3774,#3776,#118,.T.);
#4842=EDGE_CURVE('',#3777,#3778,#3080,.T.);
#4843=EDGE_CURVE('',#3778,#3777,#3081,.T.);
#4844=EDGE_CURVE('',#3778,#3779,#2034,.T.);
#4845=EDGE_CURVE('',#3779,#3779,#3082,.T.);
#4846=EDGE_CURVE('',#3780,#3781,#3083,.T.);
#4847=EDGE_CURVE('',#3781,#3780,#3084,.T.);
#4848=EDGE_CURVE('',#3781,#3782,#3085,.T.);
#4849=EDGE_CURVE('',#3783,#3782,#3086,.T.);
#4850=EDGE_CURVE('',#3784,#3783,#3087,.T.);
#4851=EDGE_CURVE('',#3782,#3784,#3088,.T.);
#4852=EDGE_CURVE('',#3785,#3786,#3089,.T.);
#4853=EDGE_CURVE('',#3786,#3787,#3090,.T.);
#4854=EDGE_CURVE('',#3787,#3784,#2035,.T.);
#4855=EDGE_CURVE('',#3787,#3785,#3091,.T.);
#4856=EDGE_CURVE('',#3785,#3762,#2036,.T.);
#4857=EDGE_CURVE('',#3761,#3786,#119,.T.);
#4858=EDGE_CURVE('',#3776,#3788,#120,.T.);
#4859=EDGE_CURVE('',#3789,#3788,#3092,.T.);
#4860=EDGE_CURVE('',#3789,#3775,#121,.T.);
#4861=EDGE_CURVE('',#3790,#3791,#3093,.T.);
#4862=EDGE_CURVE('',#3791,#3789,#122,.T.);
#4863=EDGE_CURVE('',#3788,#3790,#123,.T.);
#4864=EDGE_CURVE('',#3792,#3793,#74,.T.);
#4865=EDGE_CURVE('',#3792,#3794,#124,.T.);
#4866=EDGE_CURVE('',#3795,#3794,#75,.T.);
#4867=EDGE_CURVE('',#3795,#3796,#125,.T.);
#4868=EDGE_CURVE('',#3797,#3796,#76,.T.);
#4869=EDGE_CURVE('',#3797,#3798,#126,.T.);
#4870=EDGE_CURVE('',#3798,#3799,#77,.T.);
#4871=EDGE_CURVE('',#3799,#3800,#127,.T.);
#4872=EDGE_CURVE('',#3800,#3801,#78,.T.);
#4873=EDGE_CURVE('',#3801,#3802,#2037,.T.);
#4874=EDGE_CURVE('',#3802,#3803,#3094,.T.);
#4875=EDGE_CURVE('',#3803,#3802,#3095,.T.);
#4876=EDGE_CURVE('',#3801,#3804,#79,.T.);
#4877=EDGE_CURVE('',#3804,#3805,#128,.T.);
#4878=EDGE_CURVE('',#3805,#3806,#80,.T.);
#4879=EDGE_CURVE('',#3806,#3793,#129,.T.);
#4880=EDGE_CURVE('',#3790,#3807,#130,.T.);
#4881=EDGE_CURVE('',#3807,#3808,#3096,.T.);
#4882=EDGE_CURVE('',#3808,#3791,#131,.T.);
#4883=EDGE_CURVE('',#3807,#3785,#81,.T.);
#4884=EDGE_CURVE('',#3786,#3808,#82,.T.);
#4885=EDGE_CURVE('',#3809,#3810,#3097,.T.);
#4886=EDGE_CURVE('',#3810,#3811,#2038,.T.);
#4887=EDGE_CURVE('',#3811,#3812,#83,.T.);
#4888=EDGE_CURVE('',#3812,#3813,#132,.T.);
#4889=EDGE_CURVE('',#3813,#3814,#84,.T.);
#4890=EDGE_CURVE('',#3814,#3815,#133,.T.);
#4891=EDGE_CURVE('',#3816,#3815,#85,.F.);
#4892=EDGE_CURVE('',#3817,#3816,#134,.T.);
#4893=EDGE_CURVE('',#3818,#3817,#86,.F.);
#4894=EDGE_CURVE('',#3819,#3818,#135,.T.);
#4895=EDGE_CURVE('',#3820,#3819,#87,.F.);
#4896=EDGE_CURVE('',#3821,#3820,#136,.T.);
#4897=EDGE_CURVE('',#3822,#3821,#88,.F.);
#4898=EDGE_CURVE('',#3822,#3823,#137,.T.);
#4899=EDGE_CURVE('',#3823,#3811,#89,.T.);
#4900=EDGE_CURVE('',#3810,#3809,#3098,.T.);
#4901=EDGE_CURVE('',#3819,#3795,#2039,.T.);
#4902=EDGE_CURVE('',#3794,#3820,#2040,.T.);
#4903=EDGE_CURVE('',#3817,#3797,#2041,.T.);
#4904=EDGE_CURVE('',#3796,#3818,#2042,.T.);
#4905=EDGE_CURVE('',#3798,#3816,#2043,.T.);
#4906=EDGE_CURVE('',#3821,#3792,#2044,.T.);
#4907=EDGE_CURVE('',#3815,#3799,#2045,.T.);
#4908=EDGE_CURVE('',#3793,#3822,#2046,.T.);
#4909=EDGE_CURVE('',#3813,#3804,#2047,.T.);
#4910=EDGE_CURVE('',#3800,#3814,#2048,.T.);
#4911=EDGE_CURVE('',#3823,#3806,#2049,.T.);
#4912=EDGE_CURVE('',#3805,#3812,#2050,.T.);
#4913=EDGE_CURVE('',#3824,#3825,#3099,.T.);
#4914=EDGE_CURVE('',#3825,#3824,#3100,.T.);
#4915=EDGE_CURVE('',#3825,#3826,#2051,.T.);
#4916=EDGE_CURVE('',#3826,#3826,#3101,.T.);
#4917=EDGE_CURVE('',#3827,#3828,#2052,.T.);
#4918=EDGE_CURVE('',#3829,#3827,#3102,.T.);
#4919=EDGE_CURVE('',#3830,#3829,#2053,.T.);
#4920=EDGE_CURVE('',#3831,#3830,#3103,.T.);
#4921=EDGE_CURVE('',#3832,#3831,#2054,.T.);
#4922=EDGE_CURVE('',#3833,#3832,#3104,.T.);
#4923=EDGE_CURVE('',#3834,#3833,#2055,.T.);
#4924=EDGE_CURVE('',#3835,#3834,#3105,.T.);
#4925=EDGE_CURVE('',#3836,#3835,#2056,.T.);
#4926=EDGE_CURVE('',#3837,#3836,#3106,.T.);
#4927=EDGE_CURVE('',#3838,#3837,#2057,.T.);
#4928=EDGE_CURVE('',#3828,#3838,#3107,.T.);
#4929=EDGE_CURVE('',#3833,#3839,#2058,.T.);
#4930=EDGE_CURVE('',#3839,#3840,#90,.T.);
#4931=EDGE_CURVE('',#3840,#3834,#2059,.T.);
#4932=EDGE_CURVE('',#3841,#3832,#2060,.T.);
#4933=EDGE_CURVE('',#3841,#3839,#138,.T.);
#4934=EDGE_CURVE('',#3831,#3842,#2061,.T.);
#4935=EDGE_CURVE('',#3842,#3841,#91,.T.);
#4936=EDGE_CURVE('',#3843,#3830,#2062,.T.);
#4937=EDGE_CURVE('',#3843,#3842,#139,.T.);
#4938=EDGE_CURVE('',#3829,#3844,#2063,.T.);
#4939=EDGE_CURVE('',#3844,#3843,#92,.F.);
#4940=EDGE_CURVE('',#3845,#3827,#2064,.T.);
#4941=EDGE_CURVE('',#3844,#3845,#140,.T.);
#4942=EDGE_CURVE('',#3846,#3847,#3108,.T.);
#4943=EDGE_CURVE('',#3847,#3848,#2065,.T.);
#4944=EDGE_CURVE('',#3848,#3849,#93,.T.);
#4945=EDGE_CURVE('',#3849,#3850,#141,.T.);
#4946=EDGE_CURVE('',#3850,#3851,#94,.T.);
#4947=EDGE_CURVE('',#3851,#3852,#142,.T.);
#4948=EDGE_CURVE('',#3853,#3852,#95,.T.);
#4949=EDGE_CURVE('',#3840,#3853,#143,.T.);
#4950=EDGE_CURVE('',#3845,#3848,#96,.T.);
#4951=EDGE_CURVE('',#3847,#3846,#3109,.T.);
#4952=EDGE_CURVE('',#3835,#3853,#2066,.T.);
#4953=EDGE_CURVE('',#3852,#3836,#2067,.T.);
#4954=EDGE_CURVE('',#3837,#3851,#2068,.T.);
#4955=EDGE_CURVE('',#3850,#3838,#2069,.T.);
#4956=EDGE_CURVE('',#3828,#3849,#2070,.T.);
#4957=ORIENTED_EDGE('',*,*,#3854,.T.);
#4958=ORIENTED_EDGE('',*,*,#3855,.T.);
#4959=ORIENTED_EDGE('',*,*,#3856,.F.);
#4960=ORIENTED_EDGE('',*,*,#3857,.F.);
#4961=ORIENTED_EDGE('',*,*,#3858,.T.);
#4962=ORIENTED_EDGE('',*,*,#3859,.T.);
#4963=ORIENTED_EDGE('',*,*,#3860,.F.);
#4964=ORIENTED_EDGE('',*,*,#3861,.F.);
#4965=ORIENTED_EDGE('',*,*,#3862,.T.);
#4966=ORIENTED_EDGE('',*,*,#3863,.T.);
#4967=ORIENTED_EDGE('',*,*,#3864,.F.);
#4968=ORIENTED_EDGE('',*,*,#3865,.F.);
#4969=ORIENTED_EDGE('',*,*,#3866,.T.);
#4970=ORIENTED_EDGE('',*,*,#3867,.T.);
#4971=ORIENTED_EDGE('',*,*,#3868,.F.);
#4972=ORIENTED_EDGE('',*,*,#3869,.F.);
#4973=ORIENTED_EDGE('',*,*,#3870,.T.);
#4974=ORIENTED_EDGE('',*,*,#3871,.T.);
#4975=ORIENTED_EDGE('',*,*,#3872,.F.);
#4976=ORIENTED_EDGE('',*,*,#3873,.F.);
#4977=ORIENTED_EDGE('',*,*,#3874,.T.);
#4978=ORIENTED_EDGE('',*,*,#3875,.T.);
#4979=ORIENTED_EDGE('',*,*,#3876,.F.);
#4980=ORIENTED_EDGE('',*,*,#3877,.F.);
#4981=ORIENTED_EDGE('',*,*,#3878,.T.);
#4982=ORIENTED_EDGE('',*,*,#3879,.T.);
#4983=ORIENTED_EDGE('',*,*,#3880,.F.);
#4984=ORIENTED_EDGE('',*,*,#3881,.F.);
#4985=ORIENTED_EDGE('',*,*,#3882,.T.);
#4986=ORIENTED_EDGE('',*,*,#3883,.F.);
#4987=ORIENTED_EDGE('',*,*,#3884,.F.);
#4988=ORIENTED_EDGE('',*,*,#3885,.F.);
#4989=ORIENTED_EDGE('',*,*,#3886,.F.);
#4990=ORIENTED_EDGE('',*,*,#3887,.F.);
#4991=ORIENTED_EDGE('',*,*,#3888,.F.);
#4992=ORIENTED_EDGE('',*,*,#3889,.T.);
#4993=ORIENTED_EDGE('',*,*,#3890,.T.);
#4994=ORIENTED_EDGE('',*,*,#3878,.F.);
#4995=ORIENTED_EDGE('',*,*,#3891,.F.);
#4996=ORIENTED_EDGE('',*,*,#3892,.T.);
#4997=ORIENTED_EDGE('',*,*,#3893,.T.);
#4998=ORIENTED_EDGE('',*,*,#3874,.F.);
#4999=ORIENTED_EDGE('',*,*,#3894,.F.);
#5000=ORIENTED_EDGE('',*,*,#3895,.T.);
#5001=ORIENTED_EDGE('',*,*,#3896,.T.);
#5002=ORIENTED_EDGE('',*,*,#3870,.F.);
#5003=ORIENTED_EDGE('',*,*,#3897,.F.);
#5004=ORIENTED_EDGE('',*,*,#3898,.T.);
#5005=ORIENTED_EDGE('',*,*,#3899,.T.);
#5006=ORIENTED_EDGE('',*,*,#3866,.F.);
#5007=ORIENTED_EDGE('',*,*,#3900,.F.);
#5008=ORIENTED_EDGE('',*,*,#3901,.T.);
#5009=ORIENTED_EDGE('',*,*,#3902,.T.);
#5010=ORIENTED_EDGE('',*,*,#3862,.F.);
#5011=ORIENTED_EDGE('',*,*,#3903,.F.);
#5012=ORIENTED_EDGE('',*,*,#3904,.T.);
#5013=ORIENTED_EDGE('',*,*,#3905,.T.);
#5014=ORIENTED_EDGE('',*,*,#3858,.F.);
#5015=ORIENTED_EDGE('',*,*,#3906,.F.);
#5016=ORIENTED_EDGE('',*,*,#3907,.T.);
#5017=ORIENTED_EDGE('',*,*,#3908,.T.);
#5018=ORIENTED_EDGE('',*,*,#3909,.T.);
#5019=ORIENTED_EDGE('',*,*,#3910,.F.);
#5020=ORIENTED_EDGE('',*,*,#3911,.F.);
#5021=ORIENTED_EDGE('',*,*,#3912,.T.);
#5022=ORIENTED_EDGE('',*,*,#3913,.T.);
#5023=ORIENTED_EDGE('',*,*,#3914,.F.);
#5024=ORIENTED_EDGE('',*,*,#3915,.F.);
#5025=ORIENTED_EDGE('',*,*,#3916,.T.);
#5026=ORIENTED_EDGE('',*,*,#3917,.T.);
#5027=ORIENTED_EDGE('',*,*,#3918,.F.);
#5028=ORIENTED_EDGE('',*,*,#3919,.F.);
#5029=ORIENTED_EDGE('',*,*,#3920,.T.);
#5030=ORIENTED_EDGE('',*,*,#3921,.T.);
#5031=ORIENTED_EDGE('',*,*,#3922,.T.);
#5032=ORIENTED_EDGE('',*,*,#3923,.F.);
#5033=ORIENTED_EDGE('',*,*,#3924,.F.);
#5034=ORIENTED_EDGE('',*,*,#3925,.T.);
#5035=ORIENTED_EDGE('',*,*,#3926,.T.);
#5036=ORIENTED_EDGE('',*,*,#3927,.F.);
#5037=ORIENTED_EDGE('',*,*,#3928,.F.);
#5038=ORIENTED_EDGE('',*,*,#3929,.T.);
#5039=ORIENTED_EDGE('',*,*,#3930,.T.);
#5040=ORIENTED_EDGE('',*,*,#3931,.F.);
#5041=ORIENTED_EDGE('',*,*,#3932,.F.);
#5042=ORIENTED_EDGE('',*,*,#3933,.T.);
#5043=ORIENTED_EDGE('',*,*,#3934,.T.);
#5044=ORIENTED_EDGE('',*,*,#3935,.F.);
#5045=ORIENTED_EDGE('',*,*,#3936,.F.);
#5046=ORIENTED_EDGE('',*,*,#3937,.T.);
#5047=ORIENTED_EDGE('',*,*,#3938,.T.);
#5048=ORIENTED_EDGE('',*,*,#3939,.F.);
#5049=ORIENTED_EDGE('',*,*,#3940,.F.);
#5050=ORIENTED_EDGE('',*,*,#3941,.F.);
#5051=ORIENTED_EDGE('',*,*,#3942,.T.);
#5052=ORIENTED_EDGE('',*,*,#3943,.T.);
#5053=ORIENTED_EDGE('',*,*,#3944,.F.);
#5054=ORIENTED_EDGE('',*,*,#3945,.F.);
#5055=ORIENTED_EDGE('',*,*,#3946,.F.);
#5056=ORIENTED_EDGE('',*,*,#3947,.T.);
#5057=ORIENTED_EDGE('',*,*,#3948,.T.);
#5058=ORIENTED_EDGE('',*,*,#3949,.T.);
#5059=ORIENTED_EDGE('',*,*,#3950,.F.);
#5060=ORIENTED_EDGE('',*,*,#3951,.F.);
#5061=ORIENTED_EDGE('',*,*,#3952,.T.);
#5062=ORIENTED_EDGE('',*,*,#3953,.F.);
#5063=ORIENTED_EDGE('',*,*,#3954,.F.);
#5064=ORIENTED_EDGE('',*,*,#3955,.T.);
#5065=ORIENTED_EDGE('',*,*,#3956,.T.);
#5066=ORIENTED_EDGE('',*,*,#3957,.F.);
#5067=ORIENTED_EDGE('',*,*,#3958,.T.);
#5068=ORIENTED_EDGE('',*,*,#3959,.T.);
#5069=ORIENTED_EDGE('',*,*,#3960,.F.);
#5070=ORIENTED_EDGE('',*,*,#3961,.F.);
#5071=ORIENTED_EDGE('',*,*,#3962,.T.);
#5072=ORIENTED_EDGE('',*,*,#3963,.T.);
#5073=ORIENTED_EDGE('',*,*,#3964,.F.);
#5074=ORIENTED_EDGE('',*,*,#3965,.F.);
#5075=ORIENTED_EDGE('',*,*,#3966,.T.);
#5076=ORIENTED_EDGE('',*,*,#3967,.T.);
#5077=ORIENTED_EDGE('',*,*,#3968,.F.);
#5078=ORIENTED_EDGE('',*,*,#3969,.F.);
#5079=ORIENTED_EDGE('',*,*,#3970,.T.);
#5080=ORIENTED_EDGE('',*,*,#3971,.T.);
#5081=ORIENTED_EDGE('',*,*,#3972,.F.);
#5082=ORIENTED_EDGE('',*,*,#3973,.T.);
#5083=ORIENTED_EDGE('',*,*,#3974,.F.);
#5084=ORIENTED_EDGE('',*,*,#3975,.F.);
#5085=ORIENTED_EDGE('',*,*,#3976,.T.);
#5086=ORIENTED_EDGE('',*,*,#3977,.F.);
#5087=ORIENTED_EDGE('',*,*,#3978,.T.);
#5088=ORIENTED_EDGE('',*,*,#3979,.T.);
#5089=ORIENTED_EDGE('',*,*,#3980,.F.);
#5090=ORIENTED_EDGE('',*,*,#3981,.F.);
#5091=ORIENTED_EDGE('',*,*,#3982,.T.);
#5092=ORIENTED_EDGE('',*,*,#3983,.T.);
#5093=ORIENTED_EDGE('',*,*,#3984,.F.);
#5094=ORIENTED_EDGE('',*,*,#3985,.F.);
#5095=ORIENTED_EDGE('',*,*,#3986,.F.);
#5096=ORIENTED_EDGE('',*,*,#3987,.T.);
#5097=ORIENTED_EDGE('',*,*,#3988,.T.);
#5098=ORIENTED_EDGE('',*,*,#3989,.F.);
#5099=ORIENTED_EDGE('',*,*,#3990,.T.);
#5100=ORIENTED_EDGE('',*,*,#3991,.T.);
#5101=ORIENTED_EDGE('',*,*,#3992,.F.);
#5102=ORIENTED_EDGE('',*,*,#3993,.F.);
#5103=ORIENTED_EDGE('',*,*,#3994,.F.);
#5104=ORIENTED_EDGE('',*,*,#3995,.T.);
#5105=ORIENTED_EDGE('',*,*,#3996,.T.);
#5106=ORIENTED_EDGE('',*,*,#3997,.T.);
#5107=ORIENTED_EDGE('',*,*,#3998,.F.);
#5108=ORIENTED_EDGE('',*,*,#3999,.F.);
#5109=ORIENTED_EDGE('',*,*,#4000,.T.);
#5110=ORIENTED_EDGE('',*,*,#4001,.T.);
#5111=ORIENTED_EDGE('',*,*,#4002,.F.);
#5112=ORIENTED_EDGE('',*,*,#4003,.F.);
#5113=ORIENTED_EDGE('',*,*,#4004,.T.);
#5114=ORIENTED_EDGE('',*,*,#4005,.F.);
#5115=ORIENTED_EDGE('',*,*,#4006,.F.);
#5116=ORIENTED_EDGE('',*,*,#4007,.T.);
#5117=ORIENTED_EDGE('',*,*,#4008,.T.);
#5118=ORIENTED_EDGE('',*,*,#4009,.F.);
#5119=ORIENTED_EDGE('',*,*,#4010,.F.);
#5120=ORIENTED_EDGE('',*,*,#4011,.T.);
#5121=ORIENTED_EDGE('',*,*,#4012,.T.);
#5122=ORIENTED_EDGE('',*,*,#4013,.F.);
#5123=ORIENTED_EDGE('',*,*,#4014,.F.);
#5124=ORIENTED_EDGE('',*,*,#4015,.T.);
#5125=ORIENTED_EDGE('',*,*,#4016,.T.);
#5126=ORIENTED_EDGE('',*,*,#4017,.F.);
#5127=ORIENTED_EDGE('',*,*,#4018,.F.);
#5128=ORIENTED_EDGE('',*,*,#4019,.T.);
#5129=ORIENTED_EDGE('',*,*,#4020,.T.);
#5130=ORIENTED_EDGE('',*,*,#4021,.F.);
#5131=ORIENTED_EDGE('',*,*,#4022,.F.);
#5132=ORIENTED_EDGE('',*,*,#4023,.T.);
#5133=ORIENTED_EDGE('',*,*,#4024,.T.);
#5134=ORIENTED_EDGE('',*,*,#4025,.F.);
#5135=ORIENTED_EDGE('',*,*,#4026,.F.);
#5136=ORIENTED_EDGE('',*,*,#4027,.T.);
#5137=ORIENTED_EDGE('',*,*,#4028,.T.);
#5138=ORIENTED_EDGE('',*,*,#4029,.F.);
#5139=ORIENTED_EDGE('',*,*,#4030,.T.);
#5140=ORIENTED_EDGE('',*,*,#4031,.T.);
#5141=ORIENTED_EDGE('',*,*,#4032,.F.);
#5142=ORIENTED_EDGE('',*,*,#4033,.F.);
#5143=ORIENTED_EDGE('',*,*,#4034,.T.);
#5144=ORIENTED_EDGE('',*,*,#4035,.T.);
#5145=ORIENTED_EDGE('',*,*,#4036,.F.);
#5146=ORIENTED_EDGE('',*,*,#4037,.T.);
#5147=ORIENTED_EDGE('',*,*,#4038,.F.);
#5148=ORIENTED_EDGE('',*,*,#4039,.F.);
#5149=ORIENTED_EDGE('',*,*,#4040,.T.);
#5150=ORIENTED_EDGE('',*,*,#4041,.F.);
#5151=ORIENTED_EDGE('',*,*,#4042,.T.);
#5152=ORIENTED_EDGE('',*,*,#4043,.T.);
#5153=ORIENTED_EDGE('',*,*,#4044,.F.);
#5154=ORIENTED_EDGE('',*,*,#4045,.T.);
#5155=ORIENTED_EDGE('',*,*,#4046,.T.);
#5156=ORIENTED_EDGE('',*,*,#4047,.F.);
#5157=ORIENTED_EDGE('',*,*,#4048,.F.);
#5158=ORIENTED_EDGE('',*,*,#4049,.F.);
#5159=ORIENTED_EDGE('',*,*,#4050,.T.);
#5160=ORIENTED_EDGE('',*,*,#4051,.T.);
#5161=ORIENTED_EDGE('',*,*,#4052,.F.);
#5162=ORIENTED_EDGE('',*,*,#4053,.F.);
#5163=ORIENTED_EDGE('',*,*,#4054,.F.);
#5164=ORIENTED_EDGE('',*,*,#4055,.T.);
#5165=ORIENTED_EDGE('',*,*,#4056,.T.);
#5166=ORIENTED_EDGE('',*,*,#4057,.F.);
#5167=ORIENTED_EDGE('',*,*,#4058,.F.);
#5168=ORIENTED_EDGE('',*,*,#4059,.T.);
#5169=ORIENTED_EDGE('',*,*,#4060,.T.);
#5170=ORIENTED_EDGE('',*,*,#4061,.F.);
#5171=ORIENTED_EDGE('',*,*,#4062,.T.);
#5172=ORIENTED_EDGE('',*,*,#4063,.T.);
#5173=ORIENTED_EDGE('',*,*,#4064,.F.);
#5174=ORIENTED_EDGE('',*,*,#4065,.F.);
#5175=ORIENTED_EDGE('',*,*,#4066,.T.);
#5176=ORIENTED_EDGE('',*,*,#4067,.T.);
#5177=ORIENTED_EDGE('',*,*,#4068,.F.);
#5178=ORIENTED_EDGE('',*,*,#4069,.T.);
#5179=ORIENTED_EDGE('',*,*,#3854,.F.);
#5180=ORIENTED_EDGE('',*,*,#4070,.F.);
#5181=ORIENTED_EDGE('',*,*,#4071,.T.);
#5182=ORIENTED_EDGE('',*,*,#4072,.F.);
#5183=ORIENTED_EDGE('',*,*,#4073,.F.);
#5184=ORIENTED_EDGE('',*,*,#4074,.F.);
#5185=ORIENTED_EDGE('',*,*,#4075,.F.);
#5186=ORIENTED_EDGE('',*,*,#4076,.T.);
#5187=ORIENTED_EDGE('',*,*,#4077,.F.);
#5188=ORIENTED_EDGE('',*,*,#3909,.F.);
#5189=ORIENTED_EDGE('',*,*,#4078,.T.);
#5190=ORIENTED_EDGE('',*,*,#4079,.F.);
#5191=ORIENTED_EDGE('',*,*,#4080,.F.);
#5192=ORIENTED_EDGE('',*,*,#3910,.T.);
#5193=ORIENTED_EDGE('',*,*,#4077,.T.);
#5194=ORIENTED_EDGE('',*,*,#4081,.F.);
#5195=ORIENTED_EDGE('',*,*,#4082,.F.);
#5196=ORIENTED_EDGE('',*,*,#3911,.T.);
#5197=ORIENTED_EDGE('',*,*,#4080,.T.);
#5198=ORIENTED_EDGE('',*,*,#4083,.T.);
#5199=ORIENTED_EDGE('',*,*,#4084,.F.);
#5200=ORIENTED_EDGE('',*,*,#3913,.F.);
#5201=ORIENTED_EDGE('',*,*,#4085,.T.);
#5202=ORIENTED_EDGE('',*,*,#4086,.F.);
#5203=ORIENTED_EDGE('',*,*,#4087,.F.);
#5204=ORIENTED_EDGE('',*,*,#3914,.T.);
#5205=ORIENTED_EDGE('',*,*,#4084,.T.);
#5206=ORIENTED_EDGE('',*,*,#4088,.F.);
#5207=ORIENTED_EDGE('',*,*,#4089,.F.);
#5208=ORIENTED_EDGE('',*,*,#3915,.T.);
#5209=ORIENTED_EDGE('',*,*,#4087,.T.);
#5210=ORIENTED_EDGE('',*,*,#4090,.T.);
#5211=ORIENTED_EDGE('',*,*,#4091,.F.);
#5212=ORIENTED_EDGE('',*,*,#3917,.F.);
#5213=ORIENTED_EDGE('',*,*,#4092,.T.);
#5214=ORIENTED_EDGE('',*,*,#4093,.F.);
#5215=ORIENTED_EDGE('',*,*,#4094,.F.);
#5216=ORIENTED_EDGE('',*,*,#3918,.T.);
#5217=ORIENTED_EDGE('',*,*,#4091,.T.);
#5218=ORIENTED_EDGE('',*,*,#4095,.F.);
#5219=ORIENTED_EDGE('',*,*,#4096,.F.);
#5220=ORIENTED_EDGE('',*,*,#3919,.T.);
#5221=ORIENTED_EDGE('',*,*,#4094,.T.);
#5222=ORIENTED_EDGE('',*,*,#4097,.T.);
#5223=ORIENTED_EDGE('',*,*,#4098,.F.);
#5224=ORIENTED_EDGE('',*,*,#3921,.F.);
#5225=ORIENTED_EDGE('',*,*,#4099,.T.);
#5226=ORIENTED_EDGE('',*,*,#4100,.T.);
#5227=ORIENTED_EDGE('',*,*,#4101,.F.);
#5228=ORIENTED_EDGE('',*,*,#3922,.F.);
#5229=ORIENTED_EDGE('',*,*,#4098,.T.);
#5230=ORIENTED_EDGE('',*,*,#4102,.F.);
#5231=ORIENTED_EDGE('',*,*,#4103,.F.);
#5232=ORIENTED_EDGE('',*,*,#3923,.T.);
#5233=ORIENTED_EDGE('',*,*,#4101,.T.);
#5234=ORIENTED_EDGE('',*,*,#4104,.T.);
#5235=ORIENTED_EDGE('',*,*,#4105,.F.);
#5236=ORIENTED_EDGE('',*,*,#3925,.F.);
#5237=ORIENTED_EDGE('',*,*,#4106,.T.);
#5238=ORIENTED_EDGE('',*,*,#4107,.T.);
#5239=ORIENTED_EDGE('',*,*,#4108,.F.);
#5240=ORIENTED_EDGE('',*,*,#3926,.F.);
#5241=ORIENTED_EDGE('',*,*,#4105,.T.);
#5242=ORIENTED_EDGE('',*,*,#4109,.F.);
#5243=ORIENTED_EDGE('',*,*,#4110,.F.);
#5244=ORIENTED_EDGE('',*,*,#3927,.T.);
#5245=ORIENTED_EDGE('',*,*,#4108,.T.);
#5246=ORIENTED_EDGE('',*,*,#4111,.T.);
#5247=ORIENTED_EDGE('',*,*,#4112,.F.);
#5248=ORIENTED_EDGE('',*,*,#3929,.F.);
#5249=ORIENTED_EDGE('',*,*,#4113,.T.);
#5250=ORIENTED_EDGE('',*,*,#4114,.T.);
#5251=ORIENTED_EDGE('',*,*,#4115,.F.);
#5252=ORIENTED_EDGE('',*,*,#3930,.F.);
#5253=ORIENTED_EDGE('',*,*,#4112,.T.);
#5254=ORIENTED_EDGE('',*,*,#4116,.F.);
#5255=ORIENTED_EDGE('',*,*,#4117,.F.);
#5256=ORIENTED_EDGE('',*,*,#3931,.T.);
#5257=ORIENTED_EDGE('',*,*,#4115,.T.);
#5258=ORIENTED_EDGE('',*,*,#4118,.T.);
#5259=ORIENTED_EDGE('',*,*,#4119,.F.);
#5260=ORIENTED_EDGE('',*,*,#3933,.F.);
#5261=ORIENTED_EDGE('',*,*,#4120,.T.);
#5262=ORIENTED_EDGE('',*,*,#4121,.T.);
#5263=ORIENTED_EDGE('',*,*,#4122,.F.);
#5264=ORIENTED_EDGE('',*,*,#3934,.F.);
#5265=ORIENTED_EDGE('',*,*,#4119,.T.);
#5266=ORIENTED_EDGE('',*,*,#4123,.F.);
#5267=ORIENTED_EDGE('',*,*,#4124,.F.);
#5268=ORIENTED_EDGE('',*,*,#3935,.T.);
#5269=ORIENTED_EDGE('',*,*,#4122,.T.);
#5270=ORIENTED_EDGE('',*,*,#4125,.T.);
#5271=ORIENTED_EDGE('',*,*,#4126,.F.);
#5272=ORIENTED_EDGE('',*,*,#3937,.F.);
#5273=ORIENTED_EDGE('',*,*,#4127,.T.);
#5274=ORIENTED_EDGE('',*,*,#4128,.T.);
#5275=ORIENTED_EDGE('',*,*,#4129,.F.);
#5276=ORIENTED_EDGE('',*,*,#3938,.F.);
#5277=ORIENTED_EDGE('',*,*,#4126,.T.);
#5278=ORIENTED_EDGE('',*,*,#4130,.F.);
#5279=ORIENTED_EDGE('',*,*,#4131,.F.);
#5280=ORIENTED_EDGE('',*,*,#3939,.T.);
#5281=ORIENTED_EDGE('',*,*,#4129,.T.);
#5282=ORIENTED_EDGE('',*,*,#4132,.F.);
#5283=ORIENTED_EDGE('',*,*,#4133,.F.);
#5284=ORIENTED_EDGE('',*,*,#3941,.T.);
#5285=ORIENTED_EDGE('',*,*,#4134,.T.);
#5286=ORIENTED_EDGE('',*,*,#4135,.T.);
#5287=ORIENTED_EDGE('',*,*,#4136,.F.);
#5288=ORIENTED_EDGE('',*,*,#3942,.F.);
#5289=ORIENTED_EDGE('',*,*,#4133,.T.);
#5290=ORIENTED_EDGE('',*,*,#4137,.T.);
#5291=ORIENTED_EDGE('',*,*,#4138,.F.);
#5292=ORIENTED_EDGE('',*,*,#3943,.F.);
#5293=ORIENTED_EDGE('',*,*,#4136,.T.);
#5294=ORIENTED_EDGE('',*,*,#4139,.F.);
#5295=ORIENTED_EDGE('',*,*,#4140,.F.);
#5296=ORIENTED_EDGE('',*,*,#3945,.T.);
#5297=ORIENTED_EDGE('',*,*,#4141,.T.);
#5298=ORIENTED_EDGE('',*,*,#4142,.F.);
#5299=ORIENTED_EDGE('',*,*,#4143,.F.);
#5300=ORIENTED_EDGE('',*,*,#3946,.T.);
#5301=ORIENTED_EDGE('',*,*,#4140,.T.);
#5302=ORIENTED_EDGE('',*,*,#4144,.T.);
#5303=ORIENTED_EDGE('',*,*,#4145,.F.);
#5304=ORIENTED_EDGE('',*,*,#3947,.F.);
#5305=ORIENTED_EDGE('',*,*,#4143,.T.);
#5306=ORIENTED_EDGE('',*,*,#4146,.T.);
#5307=ORIENTED_EDGE('',*,*,#4147,.F.);
#5308=ORIENTED_EDGE('',*,*,#3949,.F.);
#5309=ORIENTED_EDGE('',*,*,#4148,.T.);
#5310=ORIENTED_EDGE('',*,*,#4149,.F.);
#5311=ORIENTED_EDGE('',*,*,#4150,.F.);
#5312=ORIENTED_EDGE('',*,*,#3950,.T.);
#5313=ORIENTED_EDGE('',*,*,#4147,.T.);
#5314=ORIENTED_EDGE('',*,*,#4151,.F.);
#5315=ORIENTED_EDGE('',*,*,#4152,.F.);
#5316=ORIENTED_EDGE('',*,*,#3951,.T.);
#5317=ORIENTED_EDGE('',*,*,#4150,.T.);
#5318=ORIENTED_EDGE('',*,*,#4153,.F.);
#5319=ORIENTED_EDGE('',*,*,#4154,.F.);
#5320=ORIENTED_EDGE('',*,*,#3953,.T.);
#5321=ORIENTED_EDGE('',*,*,#4155,.T.);
#5322=ORIENTED_EDGE('',*,*,#4156,.F.);
#5323=ORIENTED_EDGE('',*,*,#4157,.F.);
#5324=ORIENTED_EDGE('',*,*,#3954,.T.);
#5325=ORIENTED_EDGE('',*,*,#4154,.T.);
#5326=ORIENTED_EDGE('',*,*,#4158,.T.);
#5327=ORIENTED_EDGE('',*,*,#4159,.F.);
#5328=ORIENTED_EDGE('',*,*,#3955,.F.);
#5329=ORIENTED_EDGE('',*,*,#4157,.T.);
#5330=ORIENTED_EDGE('',*,*,#4160,.F.);
#5331=ORIENTED_EDGE('',*,*,#4161,.F.);
#5332=ORIENTED_EDGE('',*,*,#3957,.T.);
#5333=ORIENTED_EDGE('',*,*,#4162,.T.);
#5334=ORIENTED_EDGE('',*,*,#4163,.T.);
#5335=ORIENTED_EDGE('',*,*,#4164,.F.);
#5336=ORIENTED_EDGE('',*,*,#3958,.F.);
#5337=ORIENTED_EDGE('',*,*,#4161,.T.);
#5338=ORIENTED_EDGE('',*,*,#4165,.T.);
#5339=ORIENTED_EDGE('',*,*,#4166,.F.);
#5340=ORIENTED_EDGE('',*,*,#3959,.F.);
#5341=ORIENTED_EDGE('',*,*,#4164,.T.);
#5342=ORIENTED_EDGE('',*,*,#4167,.F.);
#5343=ORIENTED_EDGE('',*,*,#4168,.F.);
#5344=ORIENTED_EDGE('',*,*,#3961,.T.);
#5345=ORIENTED_EDGE('',*,*,#4169,.T.);
#5346=ORIENTED_EDGE('',*,*,#4170,.T.);
#5347=ORIENTED_EDGE('',*,*,#4171,.F.);
#5348=ORIENTED_EDGE('',*,*,#3962,.F.);
#5349=ORIENTED_EDGE('',*,*,#4168,.T.);
#5350=ORIENTED_EDGE('',*,*,#4172,.T.);
#5351=ORIENTED_EDGE('',*,*,#4173,.F.);
#5352=ORIENTED_EDGE('',*,*,#3963,.F.);
#5353=ORIENTED_EDGE('',*,*,#4171,.T.);
#5354=ORIENTED_EDGE('',*,*,#4174,.F.);
#5355=ORIENTED_EDGE('',*,*,#4175,.F.);
#5356=ORIENTED_EDGE('',*,*,#3965,.T.);
#5357=ORIENTED_EDGE('',*,*,#4176,.T.);
#5358=ORIENTED_EDGE('',*,*,#4177,.T.);
#5359=ORIENTED_EDGE('',*,*,#4178,.F.);
#5360=ORIENTED_EDGE('',*,*,#3966,.F.);
#5361=ORIENTED_EDGE('',*,*,#4175,.T.);
#5362=ORIENTED_EDGE('',*,*,#4179,.T.);
#5363=ORIENTED_EDGE('',*,*,#4180,.F.);
#5364=ORIENTED_EDGE('',*,*,#3967,.F.);
#5365=ORIENTED_EDGE('',*,*,#4178,.T.);
#5366=ORIENTED_EDGE('',*,*,#4181,.F.);
#5367=ORIENTED_EDGE('',*,*,#4182,.F.);
#5368=ORIENTED_EDGE('',*,*,#3969,.T.);
#5369=ORIENTED_EDGE('',*,*,#4183,.T.);
#5370=ORIENTED_EDGE('',*,*,#4184,.T.);
#5371=ORIENTED_EDGE('',*,*,#4185,.F.);
#5372=ORIENTED_EDGE('',*,*,#3970,.F.);
#5373=ORIENTED_EDGE('',*,*,#4182,.T.);
#5374=ORIENTED_EDGE('',*,*,#4186,.T.);
#5375=ORIENTED_EDGE('',*,*,#4187,.F.);
#5376=ORIENTED_EDGE('',*,*,#3971,.F.);
#5377=ORIENTED_EDGE('',*,*,#4185,.T.);
#5378=ORIENTED_EDGE('',*,*,#4188,.T.);
#5379=ORIENTED_EDGE('',*,*,#4189,.F.);
#5380=ORIENTED_EDGE('',*,*,#3973,.F.);
#5381=ORIENTED_EDGE('',*,*,#4190,.T.);
#5382=ORIENTED_EDGE('',*,*,#4191,.F.);
#5383=ORIENTED_EDGE('',*,*,#4192,.F.);
#5384=ORIENTED_EDGE('',*,*,#3974,.T.);
#5385=ORIENTED_EDGE('',*,*,#4189,.T.);
#5386=ORIENTED_EDGE('',*,*,#4193,.F.);
#5387=ORIENTED_EDGE('',*,*,#4194,.F.);
#5388=ORIENTED_EDGE('',*,*,#3975,.T.);
#5389=ORIENTED_EDGE('',*,*,#4192,.T.);
#5390=ORIENTED_EDGE('',*,*,#4195,.F.);
#5391=ORIENTED_EDGE('',*,*,#4196,.F.);
#5392=ORIENTED_EDGE('',*,*,#3977,.T.);
#5393=ORIENTED_EDGE('',*,*,#4197,.T.);
#5394=ORIENTED_EDGE('',*,*,#4198,.T.);
#5395=ORIENTED_EDGE('',*,*,#4199,.F.);
#5396=ORIENTED_EDGE('',*,*,#3978,.F.);
#5397=ORIENTED_EDGE('',*,*,#4196,.T.);
#5398=ORIENTED_EDGE('',*,*,#4200,.T.);
#5399=ORIENTED_EDGE('',*,*,#4201,.F.);
#5400=ORIENTED_EDGE('',*,*,#3979,.F.);
#5401=ORIENTED_EDGE('',*,*,#4199,.T.);
#5402=ORIENTED_EDGE('',*,*,#4202,.F.);
#5403=ORIENTED_EDGE('',*,*,#4203,.F.);
#5404=ORIENTED_EDGE('',*,*,#3981,.T.);
#5405=ORIENTED_EDGE('',*,*,#4204,.T.);
#5406=ORIENTED_EDGE('',*,*,#4205,.T.);
#5407=ORIENTED_EDGE('',*,*,#4206,.F.);
#5408=ORIENTED_EDGE('',*,*,#3982,.F.);
#5409=ORIENTED_EDGE('',*,*,#4203,.T.);
#5410=ORIENTED_EDGE('',*,*,#4207,.T.);
#5411=ORIENTED_EDGE('',*,*,#4208,.F.);
#5412=ORIENTED_EDGE('',*,*,#3983,.F.);
#5413=ORIENTED_EDGE('',*,*,#4206,.T.);
#5414=ORIENTED_EDGE('',*,*,#4209,.F.);
#5415=ORIENTED_EDGE('',*,*,#4210,.F.);
#5416=ORIENTED_EDGE('',*,*,#3985,.T.);
#5417=ORIENTED_EDGE('',*,*,#4211,.T.);
#5418=ORIENTED_EDGE('',*,*,#4212,.F.);
#5419=ORIENTED_EDGE('',*,*,#4213,.F.);
#5420=ORIENTED_EDGE('',*,*,#3986,.T.);
#5421=ORIENTED_EDGE('',*,*,#4210,.T.);
#5422=ORIENTED_EDGE('',*,*,#4214,.T.);
#5423=ORIENTED_EDGE('',*,*,#4215,.F.);
#5424=ORIENTED_EDGE('',*,*,#3987,.F.);
#5425=ORIENTED_EDGE('',*,*,#4213,.T.);
#5426=ORIENTED_EDGE('',*,*,#4216,.F.);
#5427=ORIENTED_EDGE('',*,*,#4217,.F.);
#5428=ORIENTED_EDGE('',*,*,#3989,.T.);
#5429=ORIENTED_EDGE('',*,*,#4218,.T.);
#5430=ORIENTED_EDGE('',*,*,#4219,.T.);
#5431=ORIENTED_EDGE('',*,*,#4220,.F.);
#5432=ORIENTED_EDGE('',*,*,#3990,.F.);
#5433=ORIENTED_EDGE('',*,*,#4217,.T.);
#5434=ORIENTED_EDGE('',*,*,#4221,.T.);
#5435=ORIENTED_EDGE('',*,*,#4222,.F.);
#5436=ORIENTED_EDGE('',*,*,#3991,.F.);
#5437=ORIENTED_EDGE('',*,*,#4220,.T.);
#5438=ORIENTED_EDGE('',*,*,#4223,.F.);
#5439=ORIENTED_EDGE('',*,*,#4224,.F.);
#5440=ORIENTED_EDGE('',*,*,#3993,.T.);
#5441=ORIENTED_EDGE('',*,*,#4225,.T.);
#5442=ORIENTED_EDGE('',*,*,#4226,.F.);
#5443=ORIENTED_EDGE('',*,*,#4227,.F.);
#5444=ORIENTED_EDGE('',*,*,#3994,.T.);
#5445=ORIENTED_EDGE('',*,*,#4224,.T.);
#5446=ORIENTED_EDGE('',*,*,#4228,.T.);
#5447=ORIENTED_EDGE('',*,*,#4229,.F.);
#5448=ORIENTED_EDGE('',*,*,#3995,.F.);
#5449=ORIENTED_EDGE('',*,*,#4227,.T.);
#5450=ORIENTED_EDGE('',*,*,#4230,.T.);
#5451=ORIENTED_EDGE('',*,*,#4231,.F.);
#5452=ORIENTED_EDGE('',*,*,#3997,.F.);
#5453=ORIENTED_EDGE('',*,*,#4232,.T.);
#5454=ORIENTED_EDGE('',*,*,#4233,.F.);
#5455=ORIENTED_EDGE('',*,*,#4234,.F.);
#5456=ORIENTED_EDGE('',*,*,#3998,.T.);
#5457=ORIENTED_EDGE('',*,*,#4231,.T.);
#5458=ORIENTED_EDGE('',*,*,#4235,.F.);
#5459=ORIENTED_EDGE('',*,*,#4236,.F.);
#5460=ORIENTED_EDGE('',*,*,#3999,.T.);
#5461=ORIENTED_EDGE('',*,*,#4234,.T.);
#5462=ORIENTED_EDGE('',*,*,#4237,.T.);
#5463=ORIENTED_EDGE('',*,*,#4238,.F.);
#5464=ORIENTED_EDGE('',*,*,#4001,.F.);
#5465=ORIENTED_EDGE('',*,*,#4239,.T.);
#5466=ORIENTED_EDGE('',*,*,#4240,.F.);
#5467=ORIENTED_EDGE('',*,*,#4241,.F.);
#5468=ORIENTED_EDGE('',*,*,#4002,.T.);
#5469=ORIENTED_EDGE('',*,*,#4238,.T.);
#5470=ORIENTED_EDGE('',*,*,#4242,.F.);
#5471=ORIENTED_EDGE('',*,*,#4243,.F.);
#5472=ORIENTED_EDGE('',*,*,#4003,.T.);
#5473=ORIENTED_EDGE('',*,*,#4241,.T.);
#5474=ORIENTED_EDGE('',*,*,#4244,.F.);
#5475=ORIENTED_EDGE('',*,*,#4245,.F.);
#5476=ORIENTED_EDGE('',*,*,#4005,.T.);
#5477=ORIENTED_EDGE('',*,*,#4246,.T.);
#5478=ORIENTED_EDGE('',*,*,#4247,.F.);
#5479=ORIENTED_EDGE('',*,*,#4248,.F.);
#5480=ORIENTED_EDGE('',*,*,#4006,.T.);
#5481=ORIENTED_EDGE('',*,*,#4245,.T.);
#5482=ORIENTED_EDGE('',*,*,#4249,.T.);
#5483=ORIENTED_EDGE('',*,*,#4250,.F.);
#5484=ORIENTED_EDGE('',*,*,#4007,.F.);
#5485=ORIENTED_EDGE('',*,*,#4248,.T.);
#5486=ORIENTED_EDGE('',*,*,#4251,.F.);
#5487=ORIENTED_EDGE('',*,*,#4252,.F.);
#5488=ORIENTED_EDGE('',*,*,#4009,.T.);
#5489=ORIENTED_EDGE('',*,*,#4253,.T.);
#5490=ORIENTED_EDGE('',*,*,#4254,.F.);
#5491=ORIENTED_EDGE('',*,*,#4255,.F.);
#5492=ORIENTED_EDGE('',*,*,#4010,.T.);
#5493=ORIENTED_EDGE('',*,*,#4252,.T.);
#5494=ORIENTED_EDGE('',*,*,#4256,.T.);
#5495=ORIENTED_EDGE('',*,*,#4257,.F.);
#5496=ORIENTED_EDGE('',*,*,#4011,.F.);
#5497=ORIENTED_EDGE('',*,*,#4255,.T.);
#5498=ORIENTED_EDGE('',*,*,#4258,.T.);
#5499=ORIENTED_EDGE('',*,*,#4259,.F.);
#5500=ORIENTED_EDGE('',*,*,#3890,.F.);
#5501=ORIENTED_EDGE('',*,*,#4260,.T.);
#5502=ORIENTED_EDGE('',*,*,#4261,.F.);
#5503=ORIENTED_EDGE('',*,*,#4262,.F.);
#5504=ORIENTED_EDGE('',*,*,#3887,.T.);
#5505=ORIENTED_EDGE('',*,*,#4259,.T.);
#5506=ORIENTED_EDGE('',*,*,#4263,.F.);
#5507=ORIENTED_EDGE('',*,*,#4264,.F.);
#5508=ORIENTED_EDGE('',*,*,#3888,.T.);
#5509=ORIENTED_EDGE('',*,*,#4262,.T.);
#5510=ORIENTED_EDGE('',*,*,#4265,.F.);
#5511=ORIENTED_EDGE('',*,*,#4266,.F.);
#5512=ORIENTED_EDGE('',*,*,#3891,.T.);
#5513=ORIENTED_EDGE('',*,*,#3881,.T.);
#5514=ORIENTED_EDGE('',*,*,#4267,.T.);
#5515=ORIENTED_EDGE('',*,*,#4268,.F.);
#5516=ORIENTED_EDGE('',*,*,#3892,.F.);
#5517=ORIENTED_EDGE('',*,*,#4266,.T.);
#5518=ORIENTED_EDGE('',*,*,#4269,.F.);
#5519=ORIENTED_EDGE('',*,*,#4270,.F.);
#5520=ORIENTED_EDGE('',*,*,#4013,.T.);
#5521=ORIENTED_EDGE('',*,*,#4271,.T.);
#5522=ORIENTED_EDGE('',*,*,#4272,.F.);
#5523=ORIENTED_EDGE('',*,*,#4273,.F.);
#5524=ORIENTED_EDGE('',*,*,#4014,.T.);
#5525=ORIENTED_EDGE('',*,*,#4270,.T.);
#5526=ORIENTED_EDGE('',*,*,#4274,.T.);
#5527=ORIENTED_EDGE('',*,*,#4275,.F.);
#5528=ORIENTED_EDGE('',*,*,#4015,.F.);
#5529=ORIENTED_EDGE('',*,*,#4273,.T.);
#5530=ORIENTED_EDGE('',*,*,#4276,.T.);
#5531=ORIENTED_EDGE('',*,*,#4277,.F.);
#5532=ORIENTED_EDGE('',*,*,#3901,.F.);
#5533=ORIENTED_EDGE('',*,*,#4278,.T.);
#5534=ORIENTED_EDGE('',*,*,#4279,.T.);
#5535=ORIENTED_EDGE('',*,*,#3867,.F.);
#5536=ORIENTED_EDGE('',*,*,#3902,.F.);
#5537=ORIENTED_EDGE('',*,*,#4277,.T.);
#5538=ORIENTED_EDGE('',*,*,#4280,.F.);
#5539=ORIENTED_EDGE('',*,*,#4281,.F.);
#5540=ORIENTED_EDGE('',*,*,#3897,.T.);
#5541=ORIENTED_EDGE('',*,*,#3873,.T.);
#5542=ORIENTED_EDGE('',*,*,#4282,.T.);
#5543=ORIENTED_EDGE('',*,*,#4283,.F.);
#5544=ORIENTED_EDGE('',*,*,#3898,.F.);
#5545=ORIENTED_EDGE('',*,*,#4281,.T.);
#5546=ORIENTED_EDGE('',*,*,#4284,.T.);
#5547=ORIENTED_EDGE('',*,*,#3871,.F.);
#5548=ORIENTED_EDGE('',*,*,#3899,.F.);
#5549=ORIENTED_EDGE('',*,*,#4283,.T.);
#5550=ORIENTED_EDGE('',*,*,#4285,.F.);
#5551=ORIENTED_EDGE('',*,*,#4286,.F.);
#5552=ORIENTED_EDGE('',*,*,#3903,.T.);
#5553=ORIENTED_EDGE('',*,*,#3865,.T.);
#5554=ORIENTED_EDGE('',*,*,#4287,.T.);
#5555=ORIENTED_EDGE('',*,*,#4288,.F.);
#5556=ORIENTED_EDGE('',*,*,#3904,.F.);
#5557=ORIENTED_EDGE('',*,*,#4286,.T.);
#5558=ORIENTED_EDGE('',*,*,#4289,.F.);
#5559=ORIENTED_EDGE('',*,*,#4290,.F.);
#5560=ORIENTED_EDGE('',*,*,#4017,.T.);
#5561=ORIENTED_EDGE('',*,*,#4291,.T.);
#5562=ORIENTED_EDGE('',*,*,#4292,.F.);
#5563=ORIENTED_EDGE('',*,*,#4293,.F.);
#5564=ORIENTED_EDGE('',*,*,#4018,.T.);
#5565=ORIENTED_EDGE('',*,*,#4290,.T.);
#5566=ORIENTED_EDGE('',*,*,#4294,.T.);
#5567=ORIENTED_EDGE('',*,*,#4295,.F.);
#5568=ORIENTED_EDGE('',*,*,#4019,.F.);
#5569=ORIENTED_EDGE('',*,*,#4293,.T.);
#5570=ORIENTED_EDGE('',*,*,#4296,.F.);
#5571=ORIENTED_EDGE('',*,*,#4297,.F.);
#5572=ORIENTED_EDGE('',*,*,#3894,.T.);
#5573=ORIENTED_EDGE('',*,*,#3877,.T.);
#5574=ORIENTED_EDGE('',*,*,#4298,.T.);
#5575=ORIENTED_EDGE('',*,*,#4299,.F.);
#5576=ORIENTED_EDGE('',*,*,#3895,.F.);
#5577=ORIENTED_EDGE('',*,*,#4297,.T.);
#5578=ORIENTED_EDGE('',*,*,#4300,.T.);
#5579=ORIENTED_EDGE('',*,*,#3875,.F.);
#5580=ORIENTED_EDGE('',*,*,#3896,.F.);
#5581=ORIENTED_EDGE('',*,*,#4299,.T.);
#5582=ORIENTED_EDGE('',*,*,#4301,.F.);
#5583=ORIENTED_EDGE('',*,*,#4302,.F.);
#5584=ORIENTED_EDGE('',*,*,#3906,.T.);
#5585=ORIENTED_EDGE('',*,*,#3861,.T.);
#5586=ORIENTED_EDGE('',*,*,#4303,.T.);
#5587=ORIENTED_EDGE('',*,*,#4304,.F.);
#5588=ORIENTED_EDGE('',*,*,#3907,.F.);
#5589=ORIENTED_EDGE('',*,*,#4302,.T.);
#5590=ORIENTED_EDGE('',*,*,#4305,.F.);
#5591=ORIENTED_EDGE('',*,*,#4306,.F.);
#5592=ORIENTED_EDGE('',*,*,#4021,.T.);
#5593=ORIENTED_EDGE('',*,*,#4307,.T.);
#5594=ORIENTED_EDGE('',*,*,#4308,.F.);
#5595=ORIENTED_EDGE('',*,*,#4309,.F.);
#5596=ORIENTED_EDGE('',*,*,#4022,.T.);
#5597=ORIENTED_EDGE('',*,*,#4306,.T.);
#5598=ORIENTED_EDGE('',*,*,#4310,.T.);
#5599=ORIENTED_EDGE('',*,*,#4311,.F.);
#5600=ORIENTED_EDGE('',*,*,#4023,.F.);
#5601=ORIENTED_EDGE('',*,*,#4309,.T.);
#5602=ORIENTED_EDGE('',*,*,#4312,.F.);
#5603=ORIENTED_EDGE('',*,*,#4313,.F.);
#5604=ORIENTED_EDGE('',*,*,#4025,.T.);
#5605=ORIENTED_EDGE('',*,*,#4314,.T.);
#5606=ORIENTED_EDGE('',*,*,#4315,.F.);
#5607=ORIENTED_EDGE('',*,*,#4316,.F.);
#5608=ORIENTED_EDGE('',*,*,#4026,.T.);
#5609=ORIENTED_EDGE('',*,*,#4313,.T.);
#5610=ORIENTED_EDGE('',*,*,#4317,.T.);
#5611=ORIENTED_EDGE('',*,*,#4318,.F.);
#5612=ORIENTED_EDGE('',*,*,#4027,.F.);
#5613=ORIENTED_EDGE('',*,*,#4316,.T.);
#5614=ORIENTED_EDGE('',*,*,#4319,.F.);
#5615=ORIENTED_EDGE('',*,*,#4320,.F.);
#5616=ORIENTED_EDGE('',*,*,#4029,.T.);
#5617=ORIENTED_EDGE('',*,*,#4321,.T.);
#5618=ORIENTED_EDGE('',*,*,#4322,.T.);
#5619=ORIENTED_EDGE('',*,*,#4323,.F.);
#5620=ORIENTED_EDGE('',*,*,#4030,.F.);
#5621=ORIENTED_EDGE('',*,*,#4320,.T.);
#5622=ORIENTED_EDGE('',*,*,#4324,.T.);
#5623=ORIENTED_EDGE('',*,*,#4325,.F.);
#5624=ORIENTED_EDGE('',*,*,#4031,.F.);
#5625=ORIENTED_EDGE('',*,*,#4323,.T.);
#5626=ORIENTED_EDGE('',*,*,#4326,.F.);
#5627=ORIENTED_EDGE('',*,*,#4327,.F.);
#5628=ORIENTED_EDGE('',*,*,#4033,.T.);
#5629=ORIENTED_EDGE('',*,*,#4328,.T.);
#5630=ORIENTED_EDGE('',*,*,#4329,.T.);
#5631=ORIENTED_EDGE('',*,*,#4330,.F.);
#5632=ORIENTED_EDGE('',*,*,#4034,.F.);
#5633=ORIENTED_EDGE('',*,*,#4327,.T.);
#5634=ORIENTED_EDGE('',*,*,#4331,.T.);
#5635=ORIENTED_EDGE('',*,*,#4332,.F.);
#5636=ORIENTED_EDGE('',*,*,#4035,.F.);
#5637=ORIENTED_EDGE('',*,*,#4330,.T.);
#5638=ORIENTED_EDGE('',*,*,#4333,.T.);
#5639=ORIENTED_EDGE('',*,*,#4334,.F.);
#5640=ORIENTED_EDGE('',*,*,#4037,.F.);
#5641=ORIENTED_EDGE('',*,*,#4335,.T.);
#5642=ORIENTED_EDGE('',*,*,#4336,.F.);
#5643=ORIENTED_EDGE('',*,*,#4337,.F.);
#5644=ORIENTED_EDGE('',*,*,#4038,.T.);
#5645=ORIENTED_EDGE('',*,*,#4334,.T.);
#5646=ORIENTED_EDGE('',*,*,#4338,.F.);
#5647=ORIENTED_EDGE('',*,*,#4339,.F.);
#5648=ORIENTED_EDGE('',*,*,#4039,.T.);
#5649=ORIENTED_EDGE('',*,*,#4337,.T.);
#5650=ORIENTED_EDGE('',*,*,#4340,.F.);
#5651=ORIENTED_EDGE('',*,*,#4341,.F.);
#5652=ORIENTED_EDGE('',*,*,#4041,.T.);
#5653=ORIENTED_EDGE('',*,*,#4342,.T.);
#5654=ORIENTED_EDGE('',*,*,#4343,.T.);
#5655=ORIENTED_EDGE('',*,*,#4344,.F.);
#5656=ORIENTED_EDGE('',*,*,#4042,.F.);
#5657=ORIENTED_EDGE('',*,*,#4341,.T.);
#5658=ORIENTED_EDGE('',*,*,#4345,.T.);
#5659=ORIENTED_EDGE('',*,*,#4346,.F.);
#5660=ORIENTED_EDGE('',*,*,#4043,.F.);
#5661=ORIENTED_EDGE('',*,*,#4344,.T.);
#5662=ORIENTED_EDGE('',*,*,#4347,.T.);
#5663=ORIENTED_EDGE('',*,*,#4348,.F.);
#5664=ORIENTED_EDGE('',*,*,#4045,.F.);
#5665=ORIENTED_EDGE('',*,*,#4349,.T.);
#5666=ORIENTED_EDGE('',*,*,#4350,.T.);
#5667=ORIENTED_EDGE('',*,*,#4351,.F.);
#5668=ORIENTED_EDGE('',*,*,#4046,.F.);
#5669=ORIENTED_EDGE('',*,*,#4348,.T.);
#5670=ORIENTED_EDGE('',*,*,#4352,.F.);
#5671=ORIENTED_EDGE('',*,*,#4353,.F.);
#5672=ORIENTED_EDGE('',*,*,#4047,.T.);
#5673=ORIENTED_EDGE('',*,*,#4351,.T.);
#5674=ORIENTED_EDGE('',*,*,#4354,.F.);
#5675=ORIENTED_EDGE('',*,*,#4355,.F.);
#5676=ORIENTED_EDGE('',*,*,#4049,.T.);
#5677=ORIENTED_EDGE('',*,*,#4356,.T.);
#5678=ORIENTED_EDGE('',*,*,#4357,.T.);
#5679=ORIENTED_EDGE('',*,*,#4358,.F.);
#5680=ORIENTED_EDGE('',*,*,#4050,.F.);
#5681=ORIENTED_EDGE('',*,*,#4355,.T.);
#5682=ORIENTED_EDGE('',*,*,#4359,.T.);
#5683=ORIENTED_EDGE('',*,*,#4360,.F.);
#5684=ORIENTED_EDGE('',*,*,#4051,.F.);
#5685=ORIENTED_EDGE('',*,*,#4358,.T.);
#5686=ORIENTED_EDGE('',*,*,#4361,.F.);
#5687=ORIENTED_EDGE('',*,*,#4362,.F.);
#5688=ORIENTED_EDGE('',*,*,#4053,.T.);
#5689=ORIENTED_EDGE('',*,*,#4363,.T.);
#5690=ORIENTED_EDGE('',*,*,#4364,.F.);
#5691=ORIENTED_EDGE('',*,*,#4365,.F.);
#5692=ORIENTED_EDGE('',*,*,#4054,.T.);
#5693=ORIENTED_EDGE('',*,*,#4362,.T.);
#5694=ORIENTED_EDGE('',*,*,#4366,.T.);
#5695=ORIENTED_EDGE('',*,*,#4367,.F.);
#5696=ORIENTED_EDGE('',*,*,#4055,.F.);
#5697=ORIENTED_EDGE('',*,*,#4365,.T.);
#5698=ORIENTED_EDGE('',*,*,#4368,.F.);
#5699=ORIENTED_EDGE('',*,*,#4369,.F.);
#5700=ORIENTED_EDGE('',*,*,#4070,.T.);
#5701=ORIENTED_EDGE('',*,*,#3857,.T.);
#5702=ORIENTED_EDGE('',*,*,#4370,.T.);
#5703=ORIENTED_EDGE('',*,*,#4371,.F.);
#5704=ORIENTED_EDGE('',*,*,#4071,.F.);
#5705=ORIENTED_EDGE('',*,*,#4369,.T.);
#5706=ORIENTED_EDGE('',*,*,#4372,.F.);
#5707=ORIENTED_EDGE('',*,*,#4373,.F.);
#5708=ORIENTED_EDGE('',*,*,#4057,.T.);
#5709=ORIENTED_EDGE('',*,*,#4374,.T.);
#5710=ORIENTED_EDGE('',*,*,#4375,.F.);
#5711=ORIENTED_EDGE('',*,*,#4376,.F.);
#5712=ORIENTED_EDGE('',*,*,#4058,.T.);
#5713=ORIENTED_EDGE('',*,*,#4373,.T.);
#5714=ORIENTED_EDGE('',*,*,#4377,.T.);
#5715=ORIENTED_EDGE('',*,*,#4378,.F.);
#5716=ORIENTED_EDGE('',*,*,#4059,.F.);
#5717=ORIENTED_EDGE('',*,*,#4376,.T.);
#5718=ORIENTED_EDGE('',*,*,#4379,.F.);
#5719=ORIENTED_EDGE('',*,*,#4380,.F.);
#5720=ORIENTED_EDGE('',*,*,#4061,.T.);
#5721=ORIENTED_EDGE('',*,*,#4381,.T.);
#5722=ORIENTED_EDGE('',*,*,#4382,.T.);
#5723=ORIENTED_EDGE('',*,*,#4383,.F.);
#5724=ORIENTED_EDGE('',*,*,#4062,.F.);
#5725=ORIENTED_EDGE('',*,*,#4380,.T.);
#5726=ORIENTED_EDGE('',*,*,#4384,.T.);
#5727=ORIENTED_EDGE('',*,*,#4385,.F.);
#5728=ORIENTED_EDGE('',*,*,#4063,.F.);
#5729=ORIENTED_EDGE('',*,*,#4383,.T.);
#5730=ORIENTED_EDGE('',*,*,#4386,.F.);
#5731=ORIENTED_EDGE('',*,*,#4387,.F.);
#5732=ORIENTED_EDGE('',*,*,#4065,.T.);
#5733=ORIENTED_EDGE('',*,*,#4388,.T.);
#5734=ORIENTED_EDGE('',*,*,#4389,.T.);
#5735=ORIENTED_EDGE('',*,*,#4390,.F.);
#5736=ORIENTED_EDGE('',*,*,#4066,.F.);
#5737=ORIENTED_EDGE('',*,*,#4387,.T.);
#5738=ORIENTED_EDGE('',*,*,#4391,.T.);
#5739=ORIENTED_EDGE('',*,*,#4392,.F.);
#5740=ORIENTED_EDGE('',*,*,#4067,.F.);
#5741=ORIENTED_EDGE('',*,*,#4390,.T.);
#5742=ORIENTED_EDGE('',*,*,#4393,.T.);
#5743=ORIENTED_EDGE('',*,*,#4085,.F.);
#5744=ORIENTED_EDGE('',*,*,#3916,.F.);
#5745=ORIENTED_EDGE('',*,*,#4089,.T.);
#5746=ORIENTED_EDGE('',*,*,#4394,.T.);
#5747=ORIENTED_EDGE('',*,*,#4092,.F.);
#5748=ORIENTED_EDGE('',*,*,#3920,.F.);
#5749=ORIENTED_EDGE('',*,*,#4096,.T.);
#5750=ORIENTED_EDGE('',*,*,#4395,.F.);
#5751=ORIENTED_EDGE('',*,*,#4099,.F.);
#5752=ORIENTED_EDGE('',*,*,#3924,.T.);
#5753=ORIENTED_EDGE('',*,*,#4103,.T.);
#5754=ORIENTED_EDGE('',*,*,#4396,.F.);
#5755=ORIENTED_EDGE('',*,*,#4106,.F.);
#5756=ORIENTED_EDGE('',*,*,#3928,.T.);
#5757=ORIENTED_EDGE('',*,*,#4110,.T.);
#5758=ORIENTED_EDGE('',*,*,#4397,.F.);
#5759=ORIENTED_EDGE('',*,*,#4113,.F.);
#5760=ORIENTED_EDGE('',*,*,#3932,.T.);
#5761=ORIENTED_EDGE('',*,*,#4117,.T.);
#5762=ORIENTED_EDGE('',*,*,#4398,.F.);
#5763=ORIENTED_EDGE('',*,*,#4120,.F.);
#5764=ORIENTED_EDGE('',*,*,#3936,.T.);
#5765=ORIENTED_EDGE('',*,*,#4124,.T.);
#5766=ORIENTED_EDGE('',*,*,#4399,.F.);
#5767=ORIENTED_EDGE('',*,*,#4127,.F.);
#5768=ORIENTED_EDGE('',*,*,#3940,.T.);
#5769=ORIENTED_EDGE('',*,*,#4131,.T.);
#5770=ORIENTED_EDGE('',*,*,#4400,.F.);
#5771=ORIENTED_EDGE('',*,*,#4134,.F.);
#5772=ORIENTED_EDGE('',*,*,#3944,.T.);
#5773=ORIENTED_EDGE('',*,*,#4138,.T.);
#5774=ORIENTED_EDGE('',*,*,#4401,.T.);
#5775=ORIENTED_EDGE('',*,*,#4141,.F.);
#5776=ORIENTED_EDGE('',*,*,#3948,.F.);
#5777=ORIENTED_EDGE('',*,*,#4145,.T.);
#5778=ORIENTED_EDGE('',*,*,#4402,.T.);
#5779=ORIENTED_EDGE('',*,*,#4148,.F.);
#5780=ORIENTED_EDGE('',*,*,#3952,.F.);
#5781=ORIENTED_EDGE('',*,*,#4152,.T.);
#5782=ORIENTED_EDGE('',*,*,#4403,.T.);
#5783=ORIENTED_EDGE('',*,*,#4155,.F.);
#5784=ORIENTED_EDGE('',*,*,#3956,.F.);
#5785=ORIENTED_EDGE('',*,*,#4159,.T.);
#5786=ORIENTED_EDGE('',*,*,#4404,.F.);
#5787=ORIENTED_EDGE('',*,*,#4162,.F.);
#5788=ORIENTED_EDGE('',*,*,#3960,.T.);
#5789=ORIENTED_EDGE('',*,*,#4166,.T.);
#5790=ORIENTED_EDGE('',*,*,#4405,.F.);
#5791=ORIENTED_EDGE('',*,*,#4169,.F.);
#5792=ORIENTED_EDGE('',*,*,#3964,.T.);
#5793=ORIENTED_EDGE('',*,*,#4173,.T.);
#5794=ORIENTED_EDGE('',*,*,#4406,.F.);
#5795=ORIENTED_EDGE('',*,*,#4176,.F.);
#5796=ORIENTED_EDGE('',*,*,#3968,.T.);
#5797=ORIENTED_EDGE('',*,*,#4180,.T.);
#5798=ORIENTED_EDGE('',*,*,#4407,.F.);
#5799=ORIENTED_EDGE('',*,*,#4183,.F.);
#5800=ORIENTED_EDGE('',*,*,#3972,.T.);
#5801=ORIENTED_EDGE('',*,*,#4187,.T.);
#5802=ORIENTED_EDGE('',*,*,#4408,.T.);
#5803=ORIENTED_EDGE('',*,*,#4190,.F.);
#5804=ORIENTED_EDGE('',*,*,#3976,.F.);
#5805=ORIENTED_EDGE('',*,*,#4194,.T.);
#5806=ORIENTED_EDGE('',*,*,#4409,.F.);
#5807=ORIENTED_EDGE('',*,*,#4197,.F.);
#5808=ORIENTED_EDGE('',*,*,#3980,.T.);
#5809=ORIENTED_EDGE('',*,*,#4201,.T.);
#5810=ORIENTED_EDGE('',*,*,#4410,.F.);
#5811=ORIENTED_EDGE('',*,*,#4204,.F.);
#5812=ORIENTED_EDGE('',*,*,#3984,.T.);
#5813=ORIENTED_EDGE('',*,*,#4208,.T.);
#5814=ORIENTED_EDGE('',*,*,#4411,.T.);
#5815=ORIENTED_EDGE('',*,*,#4211,.F.);
#5816=ORIENTED_EDGE('',*,*,#3988,.F.);
#5817=ORIENTED_EDGE('',*,*,#4215,.T.);
#5818=ORIENTED_EDGE('',*,*,#4412,.F.);
#5819=ORIENTED_EDGE('',*,*,#4218,.F.);
#5820=ORIENTED_EDGE('',*,*,#3992,.T.);
#5821=ORIENTED_EDGE('',*,*,#4222,.T.);
#5822=ORIENTED_EDGE('',*,*,#4413,.T.);
#5823=ORIENTED_EDGE('',*,*,#4225,.F.);
#5824=ORIENTED_EDGE('',*,*,#3996,.F.);
#5825=ORIENTED_EDGE('',*,*,#4229,.T.);
#5826=ORIENTED_EDGE('',*,*,#4414,.T.);
#5827=ORIENTED_EDGE('',*,*,#4232,.F.);
#5828=ORIENTED_EDGE('',*,*,#4000,.F.);
#5829=ORIENTED_EDGE('',*,*,#4236,.T.);
#5830=ORIENTED_EDGE('',*,*,#4415,.T.);
#5831=ORIENTED_EDGE('',*,*,#4239,.F.);
#5832=ORIENTED_EDGE('',*,*,#4004,.F.);
#5833=ORIENTED_EDGE('',*,*,#4243,.T.);
#5834=ORIENTED_EDGE('',*,*,#4416,.T.);
#5835=ORIENTED_EDGE('',*,*,#4246,.F.);
#5836=ORIENTED_EDGE('',*,*,#4008,.F.);
#5837=ORIENTED_EDGE('',*,*,#4250,.T.);
#5838=ORIENTED_EDGE('',*,*,#4417,.T.);
#5839=ORIENTED_EDGE('',*,*,#4253,.F.);
#5840=ORIENTED_EDGE('',*,*,#4012,.F.);
#5841=ORIENTED_EDGE('',*,*,#4257,.T.);
#5842=ORIENTED_EDGE('',*,*,#4418,.T.);
#5843=ORIENTED_EDGE('',*,*,#4260,.F.);
#5844=ORIENTED_EDGE('',*,*,#3889,.F.);
#5845=ORIENTED_EDGE('',*,*,#4264,.T.);
#5846=ORIENTED_EDGE('',*,*,#4419,.T.);
#5847=ORIENTED_EDGE('',*,*,#3879,.F.);
#5848=ORIENTED_EDGE('',*,*,#3893,.F.);
#5849=ORIENTED_EDGE('',*,*,#4268,.T.);
#5850=ORIENTED_EDGE('',*,*,#4420,.T.);
#5851=ORIENTED_EDGE('',*,*,#4271,.F.);
#5852=ORIENTED_EDGE('',*,*,#4016,.F.);
#5853=ORIENTED_EDGE('',*,*,#4275,.T.);
#5854=ORIENTED_EDGE('',*,*,#4421,.F.);
#5855=ORIENTED_EDGE('',*,*,#4278,.F.);
#5856=ORIENTED_EDGE('',*,*,#3900,.T.);
#5857=ORIENTED_EDGE('',*,*,#3869,.T.);
#5858=ORIENTED_EDGE('',*,*,#4422,.T.);
#5859=ORIENTED_EDGE('',*,*,#3863,.F.);
#5860=ORIENTED_EDGE('',*,*,#3905,.F.);
#5861=ORIENTED_EDGE('',*,*,#4288,.T.);
#5862=ORIENTED_EDGE('',*,*,#4423,.T.);
#5863=ORIENTED_EDGE('',*,*,#4424,.T.);
#5864=ORIENTED_EDGE('',*,*,#3882,.F.);
#5865=ORIENTED_EDGE('',*,*,#4424,.F.);
#5866=ORIENTED_EDGE('',*,*,#4425,.T.);
#5867=ORIENTED_EDGE('',*,*,#4291,.F.);
#5868=ORIENTED_EDGE('',*,*,#4020,.F.);
#5869=ORIENTED_EDGE('',*,*,#4295,.T.);
#5870=ORIENTED_EDGE('',*,*,#4426,.T.);
#5871=ORIENTED_EDGE('',*,*,#3859,.F.);
#5872=ORIENTED_EDGE('',*,*,#3908,.F.);
#5873=ORIENTED_EDGE('',*,*,#4304,.T.);
#5874=ORIENTED_EDGE('',*,*,#4427,.T.);
#5875=ORIENTED_EDGE('',*,*,#4307,.F.);
#5876=ORIENTED_EDGE('',*,*,#4024,.F.);
#5877=ORIENTED_EDGE('',*,*,#4311,.T.);
#5878=ORIENTED_EDGE('',*,*,#4428,.T.);
#5879=ORIENTED_EDGE('',*,*,#4314,.F.);
#5880=ORIENTED_EDGE('',*,*,#4028,.F.);
#5881=ORIENTED_EDGE('',*,*,#4318,.T.);
#5882=ORIENTED_EDGE('',*,*,#4429,.F.);
#5883=ORIENTED_EDGE('',*,*,#4321,.F.);
#5884=ORIENTED_EDGE('',*,*,#4032,.T.);
#5885=ORIENTED_EDGE('',*,*,#4325,.T.);
#5886=ORIENTED_EDGE('',*,*,#4430,.F.);
#5887=ORIENTED_EDGE('',*,*,#4328,.F.);
#5888=ORIENTED_EDGE('',*,*,#4036,.T.);
#5889=ORIENTED_EDGE('',*,*,#4332,.T.);
#5890=ORIENTED_EDGE('',*,*,#4431,.T.);
#5891=ORIENTED_EDGE('',*,*,#4335,.F.);
#5892=ORIENTED_EDGE('',*,*,#4040,.F.);
#5893=ORIENTED_EDGE('',*,*,#4339,.T.);
#5894=ORIENTED_EDGE('',*,*,#4432,.F.);
#5895=ORIENTED_EDGE('',*,*,#4342,.F.);
#5896=ORIENTED_EDGE('',*,*,#4044,.T.);
#5897=ORIENTED_EDGE('',*,*,#4346,.T.);
#5898=ORIENTED_EDGE('',*,*,#4433,.F.);
#5899=ORIENTED_EDGE('',*,*,#4349,.F.);
#5900=ORIENTED_EDGE('',*,*,#4048,.T.);
#5901=ORIENTED_EDGE('',*,*,#4353,.T.);
#5902=ORIENTED_EDGE('',*,*,#4434,.F.);
#5903=ORIENTED_EDGE('',*,*,#4356,.F.);
#5904=ORIENTED_EDGE('',*,*,#4052,.T.);
#5905=ORIENTED_EDGE('',*,*,#4360,.T.);
#5906=ORIENTED_EDGE('',*,*,#4435,.T.);
#5907=ORIENTED_EDGE('',*,*,#4363,.F.);
#5908=ORIENTED_EDGE('',*,*,#4056,.F.);
#5909=ORIENTED_EDGE('',*,*,#4367,.T.);
#5910=ORIENTED_EDGE('',*,*,#4436,.T.);
#5911=ORIENTED_EDGE('',*,*,#3855,.F.);
#5912=ORIENTED_EDGE('',*,*,#4069,.F.);
#5913=ORIENTED_EDGE('',*,*,#4371,.T.);
#5914=ORIENTED_EDGE('',*,*,#4437,.T.);
#5915=ORIENTED_EDGE('',*,*,#4374,.F.);
#5916=ORIENTED_EDGE('',*,*,#4060,.F.);
#5917=ORIENTED_EDGE('',*,*,#4378,.T.);
#5918=ORIENTED_EDGE('',*,*,#4438,.F.);
#5919=ORIENTED_EDGE('',*,*,#4381,.F.);
#5920=ORIENTED_EDGE('',*,*,#4064,.T.);
#5921=ORIENTED_EDGE('',*,*,#4385,.T.);
#5922=ORIENTED_EDGE('',*,*,#4439,.F.);
#5923=ORIENTED_EDGE('',*,*,#4388,.F.);
#5924=ORIENTED_EDGE('',*,*,#4068,.T.);
#5925=ORIENTED_EDGE('',*,*,#4392,.T.);
#5926=ORIENTED_EDGE('',*,*,#4440,.T.);
#5927=ORIENTED_EDGE('',*,*,#4078,.F.);
#5928=ORIENTED_EDGE('',*,*,#3912,.F.);
#5929=ORIENTED_EDGE('',*,*,#4082,.T.);
#5930=ORIENTED_EDGE('',*,*,#4423,.F.);
#5931=ORIENTED_EDGE('',*,*,#3864,.T.);
#5932=ORIENTED_EDGE('',*,*,#4422,.F.);
#5933=ORIENTED_EDGE('',*,*,#4287,.F.);
#5934=ORIENTED_EDGE('',*,*,#4285,.T.);
#5935=ORIENTED_EDGE('',*,*,#4280,.T.);
#5936=ORIENTED_EDGE('',*,*,#3872,.T.);
#5937=ORIENTED_EDGE('',*,*,#4284,.F.);
#5938=ORIENTED_EDGE('',*,*,#4282,.F.);
#5939=ORIENTED_EDGE('',*,*,#4276,.F.);
#5940=ORIENTED_EDGE('',*,*,#4421,.T.);
#5941=ORIENTED_EDGE('',*,*,#3868,.T.);
#5942=ORIENTED_EDGE('',*,*,#4279,.F.);
#5943=ORIENTED_EDGE('',*,*,#4269,.T.);
#5944=ORIENTED_EDGE('',*,*,#4420,.F.);
#5945=ORIENTED_EDGE('',*,*,#4274,.F.);
#5946=ORIENTED_EDGE('',*,*,#4272,.T.);
#5947=ORIENTED_EDGE('',*,*,#3880,.T.);
#5948=ORIENTED_EDGE('',*,*,#4419,.F.);
#5949=ORIENTED_EDGE('',*,*,#4267,.F.);
#5950=ORIENTED_EDGE('',*,*,#4265,.T.);
#5951=ORIENTED_EDGE('',*,*,#4258,.F.);
#5952=ORIENTED_EDGE('',*,*,#4418,.F.);
#5953=ORIENTED_EDGE('',*,*,#4263,.T.);
#5954=ORIENTED_EDGE('',*,*,#4261,.T.);
#5955=ORIENTED_EDGE('',*,*,#4251,.T.);
#5956=ORIENTED_EDGE('',*,*,#4417,.F.);
#5957=ORIENTED_EDGE('',*,*,#4256,.F.);
#5958=ORIENTED_EDGE('',*,*,#4254,.T.);
#5959=ORIENTED_EDGE('',*,*,#4244,.T.);
#5960=ORIENTED_EDGE('',*,*,#4416,.F.);
#5961=ORIENTED_EDGE('',*,*,#4249,.F.);
#5962=ORIENTED_EDGE('',*,*,#4247,.T.);
#5963=ORIENTED_EDGE('',*,*,#4237,.F.);
#5964=ORIENTED_EDGE('',*,*,#4415,.F.);
#5965=ORIENTED_EDGE('',*,*,#4242,.T.);
#5966=ORIENTED_EDGE('',*,*,#4240,.T.);
#5967=ORIENTED_EDGE('',*,*,#4230,.F.);
#5968=ORIENTED_EDGE('',*,*,#4414,.F.);
#5969=ORIENTED_EDGE('',*,*,#4235,.T.);
#5970=ORIENTED_EDGE('',*,*,#4233,.T.);
#5971=ORIENTED_EDGE('',*,*,#4223,.T.);
#5972=ORIENTED_EDGE('',*,*,#4413,.F.);
#5973=ORIENTED_EDGE('',*,*,#4228,.F.);
#5974=ORIENTED_EDGE('',*,*,#4226,.T.);
#5975=ORIENTED_EDGE('',*,*,#4216,.T.);
#5976=ORIENTED_EDGE('',*,*,#4412,.T.);
#5977=ORIENTED_EDGE('',*,*,#4221,.F.);
#5978=ORIENTED_EDGE('',*,*,#4219,.F.);
#5979=ORIENTED_EDGE('',*,*,#4209,.T.);
#5980=ORIENTED_EDGE('',*,*,#4411,.F.);
#5981=ORIENTED_EDGE('',*,*,#4214,.F.);
#5982=ORIENTED_EDGE('',*,*,#4212,.T.);
#5983=ORIENTED_EDGE('',*,*,#4202,.T.);
#5984=ORIENTED_EDGE('',*,*,#4410,.T.);
#5985=ORIENTED_EDGE('',*,*,#4207,.F.);
#5986=ORIENTED_EDGE('',*,*,#4205,.F.);
#5987=ORIENTED_EDGE('',*,*,#4195,.T.);
#5988=ORIENTED_EDGE('',*,*,#4409,.T.);
#5989=ORIENTED_EDGE('',*,*,#4200,.F.);
#5990=ORIENTED_EDGE('',*,*,#4198,.F.);
#5991=ORIENTED_EDGE('',*,*,#4188,.F.);
#5992=ORIENTED_EDGE('',*,*,#4408,.F.);
#5993=ORIENTED_EDGE('',*,*,#4193,.T.);
#5994=ORIENTED_EDGE('',*,*,#4191,.T.);
#5995=ORIENTED_EDGE('',*,*,#4181,.T.);
#5996=ORIENTED_EDGE('',*,*,#4407,.T.);
#5997=ORIENTED_EDGE('',*,*,#4186,.F.);
#5998=ORIENTED_EDGE('',*,*,#4184,.F.);
#5999=ORIENTED_EDGE('',*,*,#4174,.T.);
#6000=ORIENTED_EDGE('',*,*,#4406,.T.);
#6001=ORIENTED_EDGE('',*,*,#4179,.F.);
#6002=ORIENTED_EDGE('',*,*,#4177,.F.);
#6003=ORIENTED_EDGE('',*,*,#4167,.T.);
#6004=ORIENTED_EDGE('',*,*,#4405,.T.);
#6005=ORIENTED_EDGE('',*,*,#4172,.F.);
#6006=ORIENTED_EDGE('',*,*,#4170,.F.);
#6007=ORIENTED_EDGE('',*,*,#4160,.T.);
#6008=ORIENTED_EDGE('',*,*,#4404,.T.);
#6009=ORIENTED_EDGE('',*,*,#4165,.F.);
#6010=ORIENTED_EDGE('',*,*,#4163,.F.);
#6011=ORIENTED_EDGE('',*,*,#4153,.T.);
#6012=ORIENTED_EDGE('',*,*,#4403,.F.);
#6013=ORIENTED_EDGE('',*,*,#4158,.F.);
#6014=ORIENTED_EDGE('',*,*,#4156,.T.);
#6015=ORIENTED_EDGE('',*,*,#4146,.F.);
#6016=ORIENTED_EDGE('',*,*,#4402,.F.);
#6017=ORIENTED_EDGE('',*,*,#4151,.T.);
#6018=ORIENTED_EDGE('',*,*,#4149,.T.);
#6019=ORIENTED_EDGE('',*,*,#4139,.T.);
#6020=ORIENTED_EDGE('',*,*,#4401,.F.);
#6021=ORIENTED_EDGE('',*,*,#4144,.F.);
#6022=ORIENTED_EDGE('',*,*,#4142,.T.);
#6023=ORIENTED_EDGE('',*,*,#4132,.T.);
#6024=ORIENTED_EDGE('',*,*,#4400,.T.);
#6025=ORIENTED_EDGE('',*,*,#4137,.F.);
#6026=ORIENTED_EDGE('',*,*,#4135,.F.);
#6027=ORIENTED_EDGE('',*,*,#4125,.F.);
#6028=ORIENTED_EDGE('',*,*,#4399,.T.);
#6029=ORIENTED_EDGE('',*,*,#4130,.T.);
#6030=ORIENTED_EDGE('',*,*,#4128,.F.);
#6031=ORIENTED_EDGE('',*,*,#4118,.F.);
#6032=ORIENTED_EDGE('',*,*,#4398,.T.);
#6033=ORIENTED_EDGE('',*,*,#4123,.T.);
#6034=ORIENTED_EDGE('',*,*,#4121,.F.);
#6035=ORIENTED_EDGE('',*,*,#4111,.F.);
#6036=ORIENTED_EDGE('',*,*,#4397,.T.);
#6037=ORIENTED_EDGE('',*,*,#4116,.T.);
#6038=ORIENTED_EDGE('',*,*,#4114,.F.);
#6039=ORIENTED_EDGE('',*,*,#4104,.F.);
#6040=ORIENTED_EDGE('',*,*,#4396,.T.);
#6041=ORIENTED_EDGE('',*,*,#4109,.T.);
#6042=ORIENTED_EDGE('',*,*,#4107,.F.);
#6043=ORIENTED_EDGE('',*,*,#4097,.F.);
#6044=ORIENTED_EDGE('',*,*,#4395,.T.);
#6045=ORIENTED_EDGE('',*,*,#4102,.T.);
#6046=ORIENTED_EDGE('',*,*,#4100,.F.);
#6047=ORIENTED_EDGE('',*,*,#4090,.F.);
#6048=ORIENTED_EDGE('',*,*,#4394,.F.);
#6049=ORIENTED_EDGE('',*,*,#4095,.T.);
#6050=ORIENTED_EDGE('',*,*,#4093,.T.);
#6051=ORIENTED_EDGE('',*,*,#4083,.F.);
#6052=ORIENTED_EDGE('',*,*,#4393,.F.);
#6053=ORIENTED_EDGE('',*,*,#4088,.T.);
#6054=ORIENTED_EDGE('',*,*,#4086,.T.);
#6055=ORIENTED_EDGE('',*,*,#4076,.F.);
#6056=ORIENTED_EDGE('',*,*,#4440,.F.);
#6057=ORIENTED_EDGE('',*,*,#4081,.T.);
#6058=ORIENTED_EDGE('',*,*,#4079,.T.);
#6059=ORIENTED_EDGE('',*,*,#4441,.F.);
#6060=ORIENTED_EDGE('',*,*,#4442,.F.);
#6061=ORIENTED_EDGE('',*,*,#4443,.F.);
#6062=ORIENTED_EDGE('',*,*,#4444,.F.);
#6063=ORIENTED_EDGE('',*,*,#4445,.F.);
#6064=ORIENTED_EDGE('',*,*,#4446,.F.);
#6065=ORIENTED_EDGE('',*,*,#4447,.F.);
#6066=ORIENTED_EDGE('',*,*,#4448,.F.);
#6067=ORIENTED_EDGE('',*,*,#4449,.F.);
#6068=ORIENTED_EDGE('',*,*,#4450,.F.);
#6069=ORIENTED_EDGE('',*,*,#4451,.F.);
#6070=ORIENTED_EDGE('',*,*,#4452,.F.);
#6071=ORIENTED_EDGE('',*,*,#4386,.T.);
#6072=ORIENTED_EDGE('',*,*,#4439,.T.);
#6073=ORIENTED_EDGE('',*,*,#4391,.F.);
#6074=ORIENTED_EDGE('',*,*,#4389,.F.);
#6075=ORIENTED_EDGE('',*,*,#4379,.T.);
#6076=ORIENTED_EDGE('',*,*,#4438,.T.);
#6077=ORIENTED_EDGE('',*,*,#4384,.F.);
#6078=ORIENTED_EDGE('',*,*,#4382,.F.);
#6079=ORIENTED_EDGE('',*,*,#4372,.T.);
#6080=ORIENTED_EDGE('',*,*,#4437,.F.);
#6081=ORIENTED_EDGE('',*,*,#4377,.F.);
#6082=ORIENTED_EDGE('',*,*,#4375,.T.);
#6083=ORIENTED_EDGE('',*,*,#3856,.T.);
#6084=ORIENTED_EDGE('',*,*,#4436,.F.);
#6085=ORIENTED_EDGE('',*,*,#4370,.F.);
#6086=ORIENTED_EDGE('',*,*,#4368,.T.);
#6087=ORIENTED_EDGE('',*,*,#4361,.T.);
#6088=ORIENTED_EDGE('',*,*,#4435,.F.);
#6089=ORIENTED_EDGE('',*,*,#4366,.F.);
#6090=ORIENTED_EDGE('',*,*,#4364,.T.);
#6091=ORIENTED_EDGE('',*,*,#4354,.T.);
#6092=ORIENTED_EDGE('',*,*,#4434,.T.);
#6093=ORIENTED_EDGE('',*,*,#4359,.F.);
#6094=ORIENTED_EDGE('',*,*,#4357,.F.);
#6095=ORIENTED_EDGE('',*,*,#4347,.F.);
#6096=ORIENTED_EDGE('',*,*,#4433,.T.);
#6097=ORIENTED_EDGE('',*,*,#4352,.T.);
#6098=ORIENTED_EDGE('',*,*,#4350,.F.);
#6099=ORIENTED_EDGE('',*,*,#4340,.T.);
#6100=ORIENTED_EDGE('',*,*,#4432,.T.);
#6101=ORIENTED_EDGE('',*,*,#4345,.F.);
#6102=ORIENTED_EDGE('',*,*,#4343,.F.);
#6103=ORIENTED_EDGE('',*,*,#4333,.F.);
#6104=ORIENTED_EDGE('',*,*,#4431,.F.);
#6105=ORIENTED_EDGE('',*,*,#4338,.T.);
#6106=ORIENTED_EDGE('',*,*,#4336,.T.);
#6107=ORIENTED_EDGE('',*,*,#4326,.T.);
#6108=ORIENTED_EDGE('',*,*,#4430,.T.);
#6109=ORIENTED_EDGE('',*,*,#4331,.F.);
#6110=ORIENTED_EDGE('',*,*,#4329,.F.);
#6111=ORIENTED_EDGE('',*,*,#4319,.T.);
#6112=ORIENTED_EDGE('',*,*,#4429,.T.);
#6113=ORIENTED_EDGE('',*,*,#4324,.F.);
#6114=ORIENTED_EDGE('',*,*,#4322,.F.);
#6115=ORIENTED_EDGE('',*,*,#4312,.T.);
#6116=ORIENTED_EDGE('',*,*,#4428,.F.);
#6117=ORIENTED_EDGE('',*,*,#4317,.F.);
#6118=ORIENTED_EDGE('',*,*,#4315,.T.);
#6119=ORIENTED_EDGE('',*,*,#4305,.T.);
#6120=ORIENTED_EDGE('',*,*,#4427,.F.);
#6121=ORIENTED_EDGE('',*,*,#4310,.F.);
#6122=ORIENTED_EDGE('',*,*,#4308,.T.);
#6123=ORIENTED_EDGE('',*,*,#3860,.T.);
#6124=ORIENTED_EDGE('',*,*,#4426,.F.);
#6125=ORIENTED_EDGE('',*,*,#4303,.F.);
#6126=ORIENTED_EDGE('',*,*,#4301,.T.);
#6127=ORIENTED_EDGE('',*,*,#4296,.T.);
#6128=ORIENTED_EDGE('',*,*,#3876,.T.);
#6129=ORIENTED_EDGE('',*,*,#4300,.F.);
#6130=ORIENTED_EDGE('',*,*,#4298,.F.);
#6131=ORIENTED_EDGE('',*,*,#4289,.T.);
#6132=ORIENTED_EDGE('',*,*,#4425,.F.);
#6133=ORIENTED_EDGE('',*,*,#4294,.F.);
#6134=ORIENTED_EDGE('',*,*,#4292,.T.);
#6135=ORIENTED_EDGE('',*,*,#4075,.T.);
#6136=ORIENTED_EDGE('',*,*,#4453,.T.);
#6137=ORIENTED_EDGE('',*,*,#4452,.T.);
#6138=ORIENTED_EDGE('',*,*,#4453,.F.);
#6139=ORIENTED_EDGE('',*,*,#4074,.T.);
#6140=ORIENTED_EDGE('',*,*,#4454,.T.);
#6141=ORIENTED_EDGE('',*,*,#4451,.T.);
#6142=ORIENTED_EDGE('',*,*,#4454,.F.);
#6143=ORIENTED_EDGE('',*,*,#4073,.T.);
#6144=ORIENTED_EDGE('',*,*,#4455,.T.);
#6145=ORIENTED_EDGE('',*,*,#4450,.T.);
#6146=ORIENTED_EDGE('',*,*,#4455,.F.);
#6147=ORIENTED_EDGE('',*,*,#4072,.T.);
#6148=ORIENTED_EDGE('',*,*,#4456,.T.);
#6149=ORIENTED_EDGE('',*,*,#4449,.T.);
#6150=ORIENTED_EDGE('',*,*,#4456,.F.);
#6151=ORIENTED_EDGE('',*,*,#3886,.T.);
#6152=ORIENTED_EDGE('',*,*,#4457,.T.);
#6153=ORIENTED_EDGE('',*,*,#4448,.T.);
#6154=ORIENTED_EDGE('',*,*,#4447,.T.);
#6155=ORIENTED_EDGE('',*,*,#4457,.F.);
#6156=ORIENTED_EDGE('',*,*,#3885,.T.);
#6157=ORIENTED_EDGE('',*,*,#4458,.T.);
#6158=ORIENTED_EDGE('',*,*,#4446,.T.);
#6159=ORIENTED_EDGE('',*,*,#4445,.T.);
#6160=ORIENTED_EDGE('',*,*,#4458,.F.);
#6161=ORIENTED_EDGE('',*,*,#3884,.T.);
#6162=ORIENTED_EDGE('',*,*,#4459,.T.);
#6163=ORIENTED_EDGE('',*,*,#4444,.T.);
#6164=ORIENTED_EDGE('',*,*,#4443,.T.);
#6165=ORIENTED_EDGE('',*,*,#4459,.F.);
#6166=ORIENTED_EDGE('',*,*,#3883,.T.);
#6167=ORIENTED_EDGE('',*,*,#4460,.T.);
#6168=ORIENTED_EDGE('',*,*,#4442,.T.);
#6169=ORIENTED_EDGE('',*,*,#4441,.T.);
#6170=ORIENTED_EDGE('',*,*,#4460,.F.);
#6171=ORIENTED_EDGE('',*,*,#4461,.T.);
#6172=ORIENTED_EDGE('',*,*,#4462,.T.);
#6173=ORIENTED_EDGE('',*,*,#4463,.F.);
#6174=ORIENTED_EDGE('',*,*,#4464,.F.);
#6175=ORIENTED_EDGE('',*,*,#4465,.T.);
#6176=ORIENTED_EDGE('',*,*,#4466,.T.);
#6177=ORIENTED_EDGE('',*,*,#4467,.F.);
#6178=ORIENTED_EDGE('',*,*,#4468,.F.);
#6179=ORIENTED_EDGE('',*,*,#4469,.T.);
#6180=ORIENTED_EDGE('',*,*,#4470,.T.);
#6181=ORIENTED_EDGE('',*,*,#4471,.F.);
#6182=ORIENTED_EDGE('',*,*,#4472,.F.);
#6183=ORIENTED_EDGE('',*,*,#4473,.T.);
#6184=ORIENTED_EDGE('',*,*,#4474,.T.);
#6185=ORIENTED_EDGE('',*,*,#4475,.F.);
#6186=ORIENTED_EDGE('',*,*,#4476,.F.);
#6187=ORIENTED_EDGE('',*,*,#4477,.T.);
#6188=ORIENTED_EDGE('',*,*,#4478,.T.);
#6189=ORIENTED_EDGE('',*,*,#4479,.F.);
#6190=ORIENTED_EDGE('',*,*,#4480,.F.);
#6191=ORIENTED_EDGE('',*,*,#4481,.T.);
#6192=ORIENTED_EDGE('',*,*,#4482,.T.);
#6193=ORIENTED_EDGE('',*,*,#4483,.F.);
#6194=ORIENTED_EDGE('',*,*,#4484,.F.);
#6195=ORIENTED_EDGE('',*,*,#4485,.T.);
#6196=ORIENTED_EDGE('',*,*,#4486,.T.);
#6197=ORIENTED_EDGE('',*,*,#4487,.F.);
#6198=ORIENTED_EDGE('',*,*,#4488,.F.);
#6199=ORIENTED_EDGE('',*,*,#4489,.F.);
#6200=ORIENTED_EDGE('',*,*,#4490,.T.);
#6201=ORIENTED_EDGE('',*,*,#4491,.F.);
#6202=ORIENTED_EDGE('',*,*,#4492,.T.);
#6203=ORIENTED_EDGE('',*,*,#4493,.F.);
#6204=ORIENTED_EDGE('',*,*,#4494,.T.);
#6205=ORIENTED_EDGE('',*,*,#4495,.F.);
#6206=ORIENTED_EDGE('',*,*,#4496,.T.);
#6207=ORIENTED_EDGE('',*,*,#4497,.F.);
#6208=ORIENTED_EDGE('',*,*,#4498,.T.);
#6209=ORIENTED_EDGE('',*,*,#4499,.F.);
#6210=ORIENTED_EDGE('',*,*,#4500,.T.);
#6211=ORIENTED_EDGE('',*,*,#4501,.F.);
#6212=ORIENTED_EDGE('',*,*,#4502,.T.);
#6213=ORIENTED_EDGE('',*,*,#4503,.F.);
#6214=ORIENTED_EDGE('',*,*,#4504,.T.);
#6215=ORIENTED_EDGE('',*,*,#4505,.T.);
#6216=ORIENTED_EDGE('',*,*,#4506,.T.);
#6217=ORIENTED_EDGE('',*,*,#4507,.F.);
#6218=ORIENTED_EDGE('',*,*,#4508,.F.);
#6219=ORIENTED_EDGE('',*,*,#4509,.F.);
#6220=ORIENTED_EDGE('',*,*,#4510,.F.);
#6221=ORIENTED_EDGE('',*,*,#4511,.F.);
#6222=ORIENTED_EDGE('',*,*,#4512,.F.);
#6223=ORIENTED_EDGE('',*,*,#4513,.F.);
#6224=ORIENTED_EDGE('',*,*,#4514,.F.);
#6225=ORIENTED_EDGE('',*,*,#4515,.F.);
#6226=ORIENTED_EDGE('',*,*,#4516,.F.);
#6227=ORIENTED_EDGE('',*,*,#4517,.T.);
#6228=ORIENTED_EDGE('',*,*,#4518,.T.);
#6229=ORIENTED_EDGE('',*,*,#4485,.F.);
#6230=ORIENTED_EDGE('',*,*,#4519,.F.);
#6231=ORIENTED_EDGE('',*,*,#4520,.T.);
#6232=ORIENTED_EDGE('',*,*,#4521,.T.);
#6233=ORIENTED_EDGE('',*,*,#4481,.F.);
#6234=ORIENTED_EDGE('',*,*,#4522,.F.);
#6235=ORIENTED_EDGE('',*,*,#4523,.T.);
#6236=ORIENTED_EDGE('',*,*,#4524,.T.);
#6237=ORIENTED_EDGE('',*,*,#4477,.F.);
#6238=ORIENTED_EDGE('',*,*,#4525,.F.);
#6239=ORIENTED_EDGE('',*,*,#4526,.T.);
#6240=ORIENTED_EDGE('',*,*,#4527,.T.);
#6241=ORIENTED_EDGE('',*,*,#4473,.F.);
#6242=ORIENTED_EDGE('',*,*,#4528,.F.);
#6243=ORIENTED_EDGE('',*,*,#4529,.T.);
#6244=ORIENTED_EDGE('',*,*,#4530,.T.);
#6245=ORIENTED_EDGE('',*,*,#4469,.F.);
#6246=ORIENTED_EDGE('',*,*,#4531,.F.);
#6247=ORIENTED_EDGE('',*,*,#4532,.T.);
#6248=ORIENTED_EDGE('',*,*,#4533,.T.);
#6249=ORIENTED_EDGE('',*,*,#4465,.F.);
#6250=ORIENTED_EDGE('',*,*,#4534,.F.);
#6251=ORIENTED_EDGE('',*,*,#4535,.T.);
#6252=ORIENTED_EDGE('',*,*,#4536,.T.);
#6253=ORIENTED_EDGE('',*,*,#4537,.T.);
#6254=ORIENTED_EDGE('',*,*,#4538,.F.);
#6255=ORIENTED_EDGE('',*,*,#4539,.F.);
#6256=ORIENTED_EDGE('',*,*,#4540,.T.);
#6257=ORIENTED_EDGE('',*,*,#4541,.F.);
#6258=ORIENTED_EDGE('',*,*,#4542,.F.);
#6259=ORIENTED_EDGE('',*,*,#4543,.T.);
#6260=ORIENTED_EDGE('',*,*,#4544,.T.);
#6261=ORIENTED_EDGE('',*,*,#4545,.F.);
#6262=ORIENTED_EDGE('',*,*,#4546,.T.);
#6263=ORIENTED_EDGE('',*,*,#4547,.T.);
#6264=ORIENTED_EDGE('',*,*,#4548,.F.);
#6265=ORIENTED_EDGE('',*,*,#4549,.F.);
#6266=ORIENTED_EDGE('',*,*,#4550,.T.);
#6267=ORIENTED_EDGE('',*,*,#4551,.T.);
#6268=ORIENTED_EDGE('',*,*,#4552,.F.);
#6269=ORIENTED_EDGE('',*,*,#4553,.T.);
#6270=ORIENTED_EDGE('',*,*,#4554,.T.);
#6271=ORIENTED_EDGE('',*,*,#4555,.F.);
#6272=ORIENTED_EDGE('',*,*,#4556,.F.);
#6273=ORIENTED_EDGE('',*,*,#4557,.F.);
#6274=ORIENTED_EDGE('',*,*,#4558,.T.);
#6275=ORIENTED_EDGE('',*,*,#4559,.T.);
#6276=ORIENTED_EDGE('',*,*,#4560,.F.);
#6277=ORIENTED_EDGE('',*,*,#4561,.T.);
#6278=ORIENTED_EDGE('',*,*,#4562,.F.);
#6279=ORIENTED_EDGE('',*,*,#4563,.F.);
#6280=ORIENTED_EDGE('',*,*,#4564,.T.);
#6281=ORIENTED_EDGE('',*,*,#4565,.T.);
#6282=ORIENTED_EDGE('',*,*,#4566,.F.);
#6283=ORIENTED_EDGE('',*,*,#4567,.F.);
#6284=ORIENTED_EDGE('',*,*,#4568,.T.);
#6285=ORIENTED_EDGE('',*,*,#4494,.F.);
#6286=ORIENTED_EDGE('',*,*,#4569,.T.);
#6287=ORIENTED_EDGE('',*,*,#4492,.F.);
#6288=ORIENTED_EDGE('',*,*,#4570,.T.);
#6289=ORIENTED_EDGE('',*,*,#4502,.F.);
#6290=ORIENTED_EDGE('',*,*,#4571,.T.);
#6291=ORIENTED_EDGE('',*,*,#4500,.F.);
#6292=ORIENTED_EDGE('',*,*,#4572,.T.);
#6293=ORIENTED_EDGE('',*,*,#4573,.T.);
#6294=ORIENTED_EDGE('',*,*,#4574,.T.);
#6295=ORIENTED_EDGE('',*,*,#4575,.F.);
#6296=ORIENTED_EDGE('',*,*,#4576,.F.);
#6297=ORIENTED_EDGE('',*,*,#4577,.T.);
#6298=ORIENTED_EDGE('',*,*,#4578,.T.);
#6299=ORIENTED_EDGE('',*,*,#4579,.F.);
#6300=ORIENTED_EDGE('',*,*,#4580,.F.);
#6301=ORIENTED_EDGE('',*,*,#4581,.F.);
#6302=ORIENTED_EDGE('',*,*,#4582,.F.);
#6303=ORIENTED_EDGE('',*,*,#4583,.T.);
#6304=ORIENTED_EDGE('',*,*,#4584,.T.);
#6305=ORIENTED_EDGE('',*,*,#4585,.T.);
#6306=ORIENTED_EDGE('',*,*,#4586,.F.);
#6307=ORIENTED_EDGE('',*,*,#4587,.F.);
#6308=ORIENTED_EDGE('',*,*,#4588,.T.);
#6309=ORIENTED_EDGE('',*,*,#4589,.F.);
#6310=ORIENTED_EDGE('',*,*,#4590,.F.);
#6311=ORIENTED_EDGE('',*,*,#4591,.T.);
#6312=ORIENTED_EDGE('',*,*,#4592,.T.);
#6313=ORIENTED_EDGE('',*,*,#4593,.F.);
#6314=ORIENTED_EDGE('',*,*,#4594,.T.);
#6315=ORIENTED_EDGE('',*,*,#4595,.T.);
#6316=ORIENTED_EDGE('',*,*,#4596,.F.);
#6317=ORIENTED_EDGE('',*,*,#4597,.F.);
#6318=ORIENTED_EDGE('',*,*,#4598,.T.);
#6319=ORIENTED_EDGE('',*,*,#4599,.T.);
#6320=ORIENTED_EDGE('',*,*,#4600,.F.);
#6321=ORIENTED_EDGE('',*,*,#4601,.F.);
#6322=ORIENTED_EDGE('',*,*,#4602,.T.);
#6323=ORIENTED_EDGE('',*,*,#4603,.T.);
#6324=ORIENTED_EDGE('',*,*,#4604,.F.);
#6325=ORIENTED_EDGE('',*,*,#4605,.T.);
#6326=ORIENTED_EDGE('',*,*,#4461,.F.);
#6327=ORIENTED_EDGE('',*,*,#4606,.F.);
#6328=ORIENTED_EDGE('',*,*,#4607,.T.);
#6329=ORIENTED_EDGE('',*,*,#4608,.F.);
#6330=ORIENTED_EDGE('',*,*,#4609,.F.);
#6331=ORIENTED_EDGE('',*,*,#4610,.F.);
#6332=ORIENTED_EDGE('',*,*,#4611,.F.);
#6333=ORIENTED_EDGE('',*,*,#4612,.F.);
#6334=ORIENTED_EDGE('',*,*,#4613,.F.);
#6335=ORIENTED_EDGE('',*,*,#4614,.F.);
#6336=ORIENTED_EDGE('',*,*,#4615,.F.);
#6337=ORIENTED_EDGE('',*,*,#4616,.F.);
#6338=ORIENTED_EDGE('',*,*,#4555,.T.);
#6339=ORIENTED_EDGE('',*,*,#4617,.T.);
#6340=ORIENTED_EDGE('',*,*,#4618,.F.);
#6341=ORIENTED_EDGE('',*,*,#4616,.T.);
#6342=ORIENTED_EDGE('',*,*,#4619,.F.);
#6343=ORIENTED_EDGE('',*,*,#4620,.F.);
#6344=ORIENTED_EDGE('',*,*,#4556,.T.);
#6345=ORIENTED_EDGE('',*,*,#4621,.F.);
#6346=ORIENTED_EDGE('',*,*,#4540,.F.);
#6347=ORIENTED_EDGE('',*,*,#4622,.T.);
#6348=ORIENTED_EDGE('',*,*,#4623,.T.);
#6349=ORIENTED_EDGE('',*,*,#4621,.T.);
#6350=ORIENTED_EDGE('',*,*,#4624,.T.);
#6351=ORIENTED_EDGE('',*,*,#4625,.F.);
#6352=ORIENTED_EDGE('',*,*,#4537,.F.);
#6353=ORIENTED_EDGE('',*,*,#4626,.T.);
#6354=ORIENTED_EDGE('',*,*,#4627,.F.);
#6355=ORIENTED_EDGE('',*,*,#4573,.F.);
#6356=ORIENTED_EDGE('',*,*,#4628,.T.);
#6357=ORIENTED_EDGE('',*,*,#4629,.T.);
#6358=ORIENTED_EDGE('',*,*,#4630,.F.);
#6359=ORIENTED_EDGE('',*,*,#4574,.F.);
#6360=ORIENTED_EDGE('',*,*,#4627,.T.);
#6361=ORIENTED_EDGE('',*,*,#4631,.F.);
#6362=ORIENTED_EDGE('',*,*,#4632,.F.);
#6363=ORIENTED_EDGE('',*,*,#4575,.T.);
#6364=ORIENTED_EDGE('',*,*,#4630,.T.);
#6365=ORIENTED_EDGE('',*,*,#4633,.T.);
#6366=ORIENTED_EDGE('',*,*,#4634,.F.);
#6367=ORIENTED_EDGE('',*,*,#4635,.F.);
#6368=ORIENTED_EDGE('',*,*,#4562,.T.);
#6369=ORIENTED_EDGE('',*,*,#4636,.T.);
#6370=ORIENTED_EDGE('',*,*,#4637,.F.);
#6371=ORIENTED_EDGE('',*,*,#4577,.F.);
#6372=ORIENTED_EDGE('',*,*,#4638,.T.);
#6373=ORIENTED_EDGE('',*,*,#4639,.T.);
#6374=ORIENTED_EDGE('',*,*,#4640,.F.);
#6375=ORIENTED_EDGE('',*,*,#4578,.F.);
#6376=ORIENTED_EDGE('',*,*,#4637,.T.);
#6377=ORIENTED_EDGE('',*,*,#4641,.F.);
#6378=ORIENTED_EDGE('',*,*,#4642,.F.);
#6379=ORIENTED_EDGE('',*,*,#4579,.T.);
#6380=ORIENTED_EDGE('',*,*,#4640,.T.);
#6381=ORIENTED_EDGE('',*,*,#4643,.T.);
#6382=ORIENTED_EDGE('',*,*,#4633,.F.);
#6383=ORIENTED_EDGE('',*,*,#4561,.F.);
#6384=ORIENTED_EDGE('',*,*,#4644,.T.);
#6385=ORIENTED_EDGE('',*,*,#4645,.F.);
#6386=ORIENTED_EDGE('',*,*,#4553,.F.);
#6387=ORIENTED_EDGE('',*,*,#4620,.T.);
#6388=ORIENTED_EDGE('',*,*,#4646,.T.);
#6389=ORIENTED_EDGE('',*,*,#4647,.F.);
#6390=ORIENTED_EDGE('',*,*,#4648,.F.);
#6391=ORIENTED_EDGE('',*,*,#4581,.T.);
#6392=ORIENTED_EDGE('',*,*,#4649,.T.);
#6393=ORIENTED_EDGE('',*,*,#4650,.F.);
#6394=ORIENTED_EDGE('',*,*,#4651,.F.);
#6395=ORIENTED_EDGE('',*,*,#4582,.T.);
#6396=ORIENTED_EDGE('',*,*,#4648,.T.);
#6397=ORIENTED_EDGE('',*,*,#4652,.T.);
#6398=ORIENTED_EDGE('',*,*,#4653,.F.);
#6399=ORIENTED_EDGE('',*,*,#4583,.F.);
#6400=ORIENTED_EDGE('',*,*,#4651,.T.);
#6401=ORIENTED_EDGE('',*,*,#4654,.T.);
#6402=ORIENTED_EDGE('',*,*,#4655,.F.);
#6403=ORIENTED_EDGE('',*,*,#4585,.F.);
#6404=ORIENTED_EDGE('',*,*,#4656,.T.);
#6405=ORIENTED_EDGE('',*,*,#4657,.F.);
#6406=ORIENTED_EDGE('',*,*,#4658,.F.);
#6407=ORIENTED_EDGE('',*,*,#4586,.T.);
#6408=ORIENTED_EDGE('',*,*,#4655,.T.);
#6409=ORIENTED_EDGE('',*,*,#4659,.F.);
#6410=ORIENTED_EDGE('',*,*,#4660,.F.);
#6411=ORIENTED_EDGE('',*,*,#4587,.T.);
#6412=ORIENTED_EDGE('',*,*,#4658,.T.);
#6413=ORIENTED_EDGE('',*,*,#4661,.F.);
#6414=ORIENTED_EDGE('',*,*,#4662,.F.);
#6415=ORIENTED_EDGE('',*,*,#4589,.T.);
#6416=ORIENTED_EDGE('',*,*,#4663,.T.);
#6417=ORIENTED_EDGE('',*,*,#4664,.F.);
#6418=ORIENTED_EDGE('',*,*,#4665,.F.);
#6419=ORIENTED_EDGE('',*,*,#4590,.T.);
#6420=ORIENTED_EDGE('',*,*,#4662,.T.);
#6421=ORIENTED_EDGE('',*,*,#4666,.T.);
#6422=ORIENTED_EDGE('',*,*,#4667,.F.);
#6423=ORIENTED_EDGE('',*,*,#4591,.F.);
#6424=ORIENTED_EDGE('',*,*,#4665,.T.);
#6425=ORIENTED_EDGE('',*,*,#4668,.F.);
#6426=ORIENTED_EDGE('',*,*,#4557,.T.);
#6427=ORIENTED_EDGE('',*,*,#4669,.T.);
#6428=ORIENTED_EDGE('',*,*,#4670,.F.);
#6429=ORIENTED_EDGE('',*,*,#4671,.F.);
#6430=ORIENTED_EDGE('',*,*,#4558,.F.);
#6431=ORIENTED_EDGE('',*,*,#4668,.T.);
#6432=ORIENTED_EDGE('',*,*,#4672,.T.);
#6433=ORIENTED_EDGE('',*,*,#4673,.F.);
#6434=ORIENTED_EDGE('',*,*,#4674,.F.);
#6435=ORIENTED_EDGE('',*,*,#4593,.T.);
#6436=ORIENTED_EDGE('',*,*,#4675,.T.);
#6437=ORIENTED_EDGE('',*,*,#4676,.T.);
#6438=ORIENTED_EDGE('',*,*,#4677,.F.);
#6439=ORIENTED_EDGE('',*,*,#4594,.F.);
#6440=ORIENTED_EDGE('',*,*,#4674,.T.);
#6441=ORIENTED_EDGE('',*,*,#4678,.T.);
#6442=ORIENTED_EDGE('',*,*,#4679,.F.);
#6443=ORIENTED_EDGE('',*,*,#4595,.F.);
#6444=ORIENTED_EDGE('',*,*,#4677,.T.);
#6445=ORIENTED_EDGE('',*,*,#4559,.F.);
#6446=ORIENTED_EDGE('',*,*,#4671,.T.);
#6447=ORIENTED_EDGE('',*,*,#4680,.T.);
#6448=ORIENTED_EDGE('',*,*,#4681,.F.);
#6449=ORIENTED_EDGE('',*,*,#4682,.F.);
#6450=ORIENTED_EDGE('',*,*,#4683,.F.);
#6451=ORIENTED_EDGE('',*,*,#4597,.T.);
#6452=ORIENTED_EDGE('',*,*,#4684,.T.);
#6453=ORIENTED_EDGE('',*,*,#4685,.T.);
#6454=ORIENTED_EDGE('',*,*,#4686,.F.);
#6455=ORIENTED_EDGE('',*,*,#4598,.F.);
#6456=ORIENTED_EDGE('',*,*,#4683,.T.);
#6457=ORIENTED_EDGE('',*,*,#4687,.T.);
#6458=ORIENTED_EDGE('',*,*,#4688,.F.);
#6459=ORIENTED_EDGE('',*,*,#4599,.F.);
#6460=ORIENTED_EDGE('',*,*,#4686,.T.);
#6461=ORIENTED_EDGE('',*,*,#4645,.T.);
#6462=ORIENTED_EDGE('',*,*,#4689,.T.);
#6463=ORIENTED_EDGE('',*,*,#4617,.F.);
#6464=ORIENTED_EDGE('',*,*,#4554,.F.);
#6465=ORIENTED_EDGE('',*,*,#4690,.F.);
#6466=ORIENTED_EDGE('',*,*,#4691,.F.);
#6467=ORIENTED_EDGE('',*,*,#4601,.T.);
#6468=ORIENTED_EDGE('',*,*,#4692,.T.);
#6469=ORIENTED_EDGE('',*,*,#4693,.T.);
#6470=ORIENTED_EDGE('',*,*,#4694,.F.);
#6471=ORIENTED_EDGE('',*,*,#4602,.F.);
#6472=ORIENTED_EDGE('',*,*,#4691,.T.);
#6473=ORIENTED_EDGE('',*,*,#4695,.T.);
#6474=ORIENTED_EDGE('',*,*,#4696,.F.);
#6475=ORIENTED_EDGE('',*,*,#4603,.F.);
#6476=ORIENTED_EDGE('',*,*,#4694,.T.);
#6477=ORIENTED_EDGE('',*,*,#4697,.F.);
#6478=ORIENTED_EDGE('',*,*,#4563,.T.);
#6479=ORIENTED_EDGE('',*,*,#4635,.T.);
#6480=ORIENTED_EDGE('',*,*,#4698,.F.);
#6481=ORIENTED_EDGE('',*,*,#4699,.T.);
#6482=ORIENTED_EDGE('',*,*,#4644,.F.);
#6483=ORIENTED_EDGE('',*,*,#4564,.F.);
#6484=ORIENTED_EDGE('',*,*,#4697,.T.);
#6485=ORIENTED_EDGE('',*,*,#4700,.F.);
#6486=ORIENTED_EDGE('',*,*,#4545,.T.);
#6487=ORIENTED_EDGE('',*,*,#4701,.T.);
#6488=ORIENTED_EDGE('',*,*,#4702,.F.);
#6489=ORIENTED_EDGE('',*,*,#4546,.F.);
#6490=ORIENTED_EDGE('',*,*,#4700,.T.);
#6491=ORIENTED_EDGE('',*,*,#4703,.T.);
#6492=ORIENTED_EDGE('',*,*,#4704,.F.);
#6493=ORIENTED_EDGE('',*,*,#4705,.F.);
#6494=ORIENTED_EDGE('',*,*,#4549,.T.);
#6495=ORIENTED_EDGE('',*,*,#4706,.T.);
#6496=ORIENTED_EDGE('',*,*,#4707,.F.);
#6497=ORIENTED_EDGE('',*,*,#4708,.F.);
#6498=ORIENTED_EDGE('',*,*,#4550,.F.);
#6499=ORIENTED_EDGE('',*,*,#4705,.T.);
#6500=ORIENTED_EDGE('',*,*,#4709,.T.);
#6501=ORIENTED_EDGE('',*,*,#4710,.T.);
#6502=ORIENTED_EDGE('',*,*,#4711,.T.);
#6503=ORIENTED_EDGE('',*,*,#4712,.F.);
#6504=ORIENTED_EDGE('',*,*,#4544,.F.);
#6505=ORIENTED_EDGE('',*,*,#4713,.F.);
#6506=ORIENTED_EDGE('',*,*,#4714,.F.);
#6507=ORIENTED_EDGE('',*,*,#4541,.T.);
#6508=ORIENTED_EDGE('',*,*,#4712,.T.);
#6509=ORIENTED_EDGE('',*,*,#4706,.F.);
#6510=ORIENTED_EDGE('',*,*,#4552,.T.);
#6511=ORIENTED_EDGE('',*,*,#4715,.T.);
#6512=ORIENTED_EDGE('',*,*,#4716,.F.);
#6513=ORIENTED_EDGE('',*,*,#4717,.T.);
#6514=ORIENTED_EDGE('',*,*,#4718,.F.);
#6515=ORIENTED_EDGE('',*,*,#4518,.F.);
#6516=ORIENTED_EDGE('',*,*,#4719,.T.);
#6517=ORIENTED_EDGE('',*,*,#4720,.F.);
#6518=ORIENTED_EDGE('',*,*,#4721,.F.);
#6519=ORIENTED_EDGE('',*,*,#4515,.T.);
#6520=ORIENTED_EDGE('',*,*,#4718,.T.);
#6521=ORIENTED_EDGE('',*,*,#4722,.F.);
#6522=ORIENTED_EDGE('',*,*,#4723,.F.);
#6523=ORIENTED_EDGE('',*,*,#4516,.T.);
#6524=ORIENTED_EDGE('',*,*,#4721,.T.);
#6525=ORIENTED_EDGE('',*,*,#4724,.F.);
#6526=ORIENTED_EDGE('',*,*,#4725,.F.);
#6527=ORIENTED_EDGE('',*,*,#4519,.T.);
#6528=ORIENTED_EDGE('',*,*,#4488,.T.);
#6529=ORIENTED_EDGE('',*,*,#4726,.T.);
#6530=ORIENTED_EDGE('',*,*,#4727,.F.);
#6531=ORIENTED_EDGE('',*,*,#4520,.F.);
#6532=ORIENTED_EDGE('',*,*,#4725,.T.);
#6533=ORIENTED_EDGE('',*,*,#4728,.T.);
#6534=ORIENTED_EDGE('',*,*,#4729,.F.);
#6535=ORIENTED_EDGE('',*,*,#4529,.F.);
#6536=ORIENTED_EDGE('',*,*,#4730,.T.);
#6537=ORIENTED_EDGE('',*,*,#4731,.T.);
#6538=ORIENTED_EDGE('',*,*,#4474,.F.);
#6539=ORIENTED_EDGE('',*,*,#4530,.F.);
#6540=ORIENTED_EDGE('',*,*,#4729,.T.);
#6541=ORIENTED_EDGE('',*,*,#4732,.F.);
#6542=ORIENTED_EDGE('',*,*,#4733,.F.);
#6543=ORIENTED_EDGE('',*,*,#4525,.T.);
#6544=ORIENTED_EDGE('',*,*,#4480,.T.);
#6545=ORIENTED_EDGE('',*,*,#4734,.T.);
#6546=ORIENTED_EDGE('',*,*,#4735,.F.);
#6547=ORIENTED_EDGE('',*,*,#4526,.F.);
#6548=ORIENTED_EDGE('',*,*,#4733,.T.);
#6549=ORIENTED_EDGE('',*,*,#4736,.T.);
#6550=ORIENTED_EDGE('',*,*,#4478,.F.);
#6551=ORIENTED_EDGE('',*,*,#4527,.F.);
#6552=ORIENTED_EDGE('',*,*,#4735,.T.);
#6553=ORIENTED_EDGE('',*,*,#4737,.F.);
#6554=ORIENTED_EDGE('',*,*,#4738,.F.);
#6555=ORIENTED_EDGE('',*,*,#4531,.T.);
#6556=ORIENTED_EDGE('',*,*,#4472,.T.);
#6557=ORIENTED_EDGE('',*,*,#4739,.T.);
#6558=ORIENTED_EDGE('',*,*,#4740,.F.);
#6559=ORIENTED_EDGE('',*,*,#4532,.F.);
#6560=ORIENTED_EDGE('',*,*,#4738,.T.);
#6561=ORIENTED_EDGE('',*,*,#4538,.T.);
#6562=ORIENTED_EDGE('',*,*,#4625,.T.);
#6563=ORIENTED_EDGE('',*,*,#4741,.F.);
#6564=ORIENTED_EDGE('',*,*,#4742,.F.);
#6565=ORIENTED_EDGE('',*,*,#4743,.F.);
#6566=ORIENTED_EDGE('',*,*,#4622,.F.);
#6567=ORIENTED_EDGE('',*,*,#4539,.T.);
#6568=ORIENTED_EDGE('',*,*,#4742,.T.);
#6569=ORIENTED_EDGE('',*,*,#4744,.F.);
#6570=ORIENTED_EDGE('',*,*,#4745,.F.);
#6571=ORIENTED_EDGE('',*,*,#4522,.T.);
#6572=ORIENTED_EDGE('',*,*,#4484,.T.);
#6573=ORIENTED_EDGE('',*,*,#4746,.T.);
#6574=ORIENTED_EDGE('',*,*,#4747,.F.);
#6575=ORIENTED_EDGE('',*,*,#4523,.F.);
#6576=ORIENTED_EDGE('',*,*,#4745,.T.);
#6577=ORIENTED_EDGE('',*,*,#4748,.T.);
#6578=ORIENTED_EDGE('',*,*,#4482,.F.);
#6579=ORIENTED_EDGE('',*,*,#4524,.F.);
#6580=ORIENTED_EDGE('',*,*,#4747,.T.);
#6581=ORIENTED_EDGE('',*,*,#4749,.F.);
#6582=ORIENTED_EDGE('',*,*,#4750,.F.);
#6583=ORIENTED_EDGE('',*,*,#4534,.T.);
#6584=ORIENTED_EDGE('',*,*,#4468,.T.);
#6585=ORIENTED_EDGE('',*,*,#4751,.T.);
#6586=ORIENTED_EDGE('',*,*,#4752,.F.);
#6587=ORIENTED_EDGE('',*,*,#4535,.F.);
#6588=ORIENTED_EDGE('',*,*,#4750,.T.);
#6589=ORIENTED_EDGE('',*,*,#4567,.T.);
#6590=ORIENTED_EDGE('',*,*,#4753,.T.);
#6591=ORIENTED_EDGE('',*,*,#4754,.F.);
#6592=ORIENTED_EDGE('',*,*,#4755,.F.);
#6593=ORIENTED_EDGE('',*,*,#4756,.F.);
#6594=ORIENTED_EDGE('',*,*,#4565,.F.);
#6595=ORIENTED_EDGE('',*,*,#4757,.T.);
#6596=ORIENTED_EDGE('',*,*,#4758,.T.);
#6597=ORIENTED_EDGE('',*,*,#4759,.T.);
#6598=ORIENTED_EDGE('',*,*,#4760,.F.);
#6599=ORIENTED_EDGE('',*,*,#4547,.F.);
#6600=ORIENTED_EDGE('',*,*,#4704,.T.);
#6601=ORIENTED_EDGE('',*,*,#4761,.F.);
#6602=ORIENTED_EDGE('',*,*,#4762,.F.);
#6603=ORIENTED_EDGE('',*,*,#4606,.T.);
#6604=ORIENTED_EDGE('',*,*,#4464,.T.);
#6605=ORIENTED_EDGE('',*,*,#4763,.T.);
#6606=ORIENTED_EDGE('',*,*,#4764,.F.);
#6607=ORIENTED_EDGE('',*,*,#4607,.F.);
#6608=ORIENTED_EDGE('',*,*,#4762,.T.);
#6609=ORIENTED_EDGE('',*,*,#4765,.T.);
#6610=ORIENTED_EDGE('',*,*,#4715,.F.);
#6611=ORIENTED_EDGE('',*,*,#4551,.F.);
#6612=ORIENTED_EDGE('',*,*,#4708,.T.);
#6613=ORIENTED_EDGE('',*,*,#4542,.T.);
#6614=ORIENTED_EDGE('',*,*,#4714,.T.);
#6615=ORIENTED_EDGE('',*,*,#4766,.F.);
#6616=ORIENTED_EDGE('',*,*,#4767,.F.);
#6617=ORIENTED_EDGE('',*,*,#4768,.F.);
#6618=ORIENTED_EDGE('',*,*,#4628,.F.);
#6619=ORIENTED_EDGE('',*,*,#4576,.T.);
#6620=ORIENTED_EDGE('',*,*,#4632,.T.);
#6621=ORIENTED_EDGE('',*,*,#4769,.F.);
#6622=ORIENTED_EDGE('',*,*,#4638,.F.);
#6623=ORIENTED_EDGE('',*,*,#4580,.T.);
#6624=ORIENTED_EDGE('',*,*,#4642,.T.);
#6625=ORIENTED_EDGE('',*,*,#4770,.T.);
#6626=ORIENTED_EDGE('',*,*,#4649,.F.);
#6627=ORIENTED_EDGE('',*,*,#4584,.F.);
#6628=ORIENTED_EDGE('',*,*,#4653,.T.);
#6629=ORIENTED_EDGE('',*,*,#4771,.T.);
#6630=ORIENTED_EDGE('',*,*,#4656,.F.);
#6631=ORIENTED_EDGE('',*,*,#4588,.F.);
#6632=ORIENTED_EDGE('',*,*,#4660,.T.);
#6633=ORIENTED_EDGE('',*,*,#4772,.T.);
#6634=ORIENTED_EDGE('',*,*,#4663,.F.);
#6635=ORIENTED_EDGE('',*,*,#4592,.F.);
#6636=ORIENTED_EDGE('',*,*,#4667,.T.);
#6637=ORIENTED_EDGE('',*,*,#4773,.F.);
#6638=ORIENTED_EDGE('',*,*,#4675,.F.);
#6639=ORIENTED_EDGE('',*,*,#4596,.T.);
#6640=ORIENTED_EDGE('',*,*,#4679,.T.);
#6641=ORIENTED_EDGE('',*,*,#4774,.F.);
#6642=ORIENTED_EDGE('',*,*,#4669,.F.);
#6643=ORIENTED_EDGE('',*,*,#4560,.T.);
#6644=ORIENTED_EDGE('',*,*,#4681,.T.);
#6645=ORIENTED_EDGE('',*,*,#4775,.F.);
#6646=ORIENTED_EDGE('',*,*,#4684,.F.);
#6647=ORIENTED_EDGE('',*,*,#4600,.T.);
#6648=ORIENTED_EDGE('',*,*,#4688,.T.);
#6649=ORIENTED_EDGE('',*,*,#4776,.F.);
#6650=ORIENTED_EDGE('',*,*,#4692,.F.);
#6651=ORIENTED_EDGE('',*,*,#4604,.T.);
#6652=ORIENTED_EDGE('',*,*,#4696,.T.);
#6653=ORIENTED_EDGE('',*,*,#4777,.F.);
#6654=ORIENTED_EDGE('',*,*,#4701,.F.);
#6655=ORIENTED_EDGE('',*,*,#4548,.T.);
#6656=ORIENTED_EDGE('',*,*,#4760,.T.);
#6657=ORIENTED_EDGE('',*,*,#4710,.F.);
#6658=ORIENTED_EDGE('',*,*,#4543,.F.);
#6659=ORIENTED_EDGE('',*,*,#4767,.T.);
#6660=ORIENTED_EDGE('',*,*,#4778,.T.);
#6661=ORIENTED_EDGE('',*,*,#4779,.T.);
#6662=ORIENTED_EDGE('',*,*,#4719,.F.);
#6663=ORIENTED_EDGE('',*,*,#4517,.F.);
#6664=ORIENTED_EDGE('',*,*,#4723,.T.);
#6665=ORIENTED_EDGE('',*,*,#4780,.T.);
#6666=ORIENTED_EDGE('',*,*,#4486,.F.);
#6667=ORIENTED_EDGE('',*,*,#4521,.F.);
#6668=ORIENTED_EDGE('',*,*,#4727,.T.);
#6669=ORIENTED_EDGE('',*,*,#4781,.F.);
#6670=ORIENTED_EDGE('',*,*,#4730,.F.);
#6671=ORIENTED_EDGE('',*,*,#4528,.T.);
#6672=ORIENTED_EDGE('',*,*,#4476,.T.);
#6673=ORIENTED_EDGE('',*,*,#4782,.T.);
#6674=ORIENTED_EDGE('',*,*,#4470,.F.);
#6675=ORIENTED_EDGE('',*,*,#4533,.F.);
#6676=ORIENTED_EDGE('',*,*,#4740,.T.);
#6677=ORIENTED_EDGE('',*,*,#4783,.T.);
#6678=ORIENTED_EDGE('',*,*,#4784,.T.);
#6679=ORIENTED_EDGE('',*,*,#4505,.F.);
#6680=ORIENTED_EDGE('',*,*,#4506,.F.);
#6681=ORIENTED_EDGE('',*,*,#4784,.F.);
#6682=ORIENTED_EDGE('',*,*,#4785,.T.);
#6683=ORIENTED_EDGE('',*,*,#4466,.F.);
#6684=ORIENTED_EDGE('',*,*,#4536,.F.);
#6685=ORIENTED_EDGE('',*,*,#4752,.T.);
#6686=ORIENTED_EDGE('',*,*,#4568,.F.);
#6687=ORIENTED_EDGE('',*,*,#4755,.T.);
#6688=ORIENTED_EDGE('',*,*,#4786,.T.);
#6689=ORIENTED_EDGE('',*,*,#4757,.F.);
#6690=ORIENTED_EDGE('',*,*,#4787,.F.);
#6691=ORIENTED_EDGE('',*,*,#4753,.F.);
#6692=ORIENTED_EDGE('',*,*,#4566,.T.);
#6693=ORIENTED_EDGE('',*,*,#4756,.T.);
#6694=ORIENTED_EDGE('',*,*,#4788,.T.);
#6695=ORIENTED_EDGE('',*,*,#4462,.F.);
#6696=ORIENTED_EDGE('',*,*,#4605,.F.);
#6697=ORIENTED_EDGE('',*,*,#4764,.T.);
#6698=ORIENTED_EDGE('',*,*,#4783,.F.);
#6699=ORIENTED_EDGE('',*,*,#4471,.T.);
#6700=ORIENTED_EDGE('',*,*,#4782,.F.);
#6701=ORIENTED_EDGE('',*,*,#4739,.F.);
#6702=ORIENTED_EDGE('',*,*,#4737,.T.);
#6703=ORIENTED_EDGE('',*,*,#4732,.T.);
#6704=ORIENTED_EDGE('',*,*,#4479,.T.);
#6705=ORIENTED_EDGE('',*,*,#4736,.F.);
#6706=ORIENTED_EDGE('',*,*,#4734,.F.);
#6707=ORIENTED_EDGE('',*,*,#4728,.F.);
#6708=ORIENTED_EDGE('',*,*,#4781,.T.);
#6709=ORIENTED_EDGE('',*,*,#4475,.T.);
#6710=ORIENTED_EDGE('',*,*,#4731,.F.);
#6711=ORIENTED_EDGE('',*,*,#4487,.T.);
#6712=ORIENTED_EDGE('',*,*,#4780,.F.);
#6713=ORIENTED_EDGE('',*,*,#4726,.F.);
#6714=ORIENTED_EDGE('',*,*,#4724,.T.);
#6715=ORIENTED_EDGE('',*,*,#4717,.F.);
#6716=ORIENTED_EDGE('',*,*,#4779,.F.);
#6717=ORIENTED_EDGE('',*,*,#4722,.T.);
#6718=ORIENTED_EDGE('',*,*,#4720,.T.);
#6719=ORIENTED_EDGE('',*,*,#4698,.T.);
#6720=ORIENTED_EDGE('',*,*,#4634,.T.);
#6721=ORIENTED_EDGE('',*,*,#4643,.F.);
#6722=ORIENTED_EDGE('',*,*,#4699,.F.);
#6723=ORIENTED_EDGE('',*,*,#4690,.T.);
#6724=ORIENTED_EDGE('',*,*,#4776,.T.);
#6725=ORIENTED_EDGE('',*,*,#4695,.F.);
#6726=ORIENTED_EDGE('',*,*,#4693,.F.);
#6727=ORIENTED_EDGE('',*,*,#4682,.T.);
#6728=ORIENTED_EDGE('',*,*,#4775,.T.);
#6729=ORIENTED_EDGE('',*,*,#4687,.F.);
#6730=ORIENTED_EDGE('',*,*,#4685,.F.);
#6731=ORIENTED_EDGE('',*,*,#4673,.T.);
#6732=ORIENTED_EDGE('',*,*,#4773,.T.);
#6733=ORIENTED_EDGE('',*,*,#4678,.F.);
#6734=ORIENTED_EDGE('',*,*,#4676,.F.);
#6735=ORIENTED_EDGE('',*,*,#4661,.T.);
#6736=ORIENTED_EDGE('',*,*,#4772,.F.);
#6737=ORIENTED_EDGE('',*,*,#4666,.F.);
#6738=ORIENTED_EDGE('',*,*,#4664,.T.);
#6739=ORIENTED_EDGE('',*,*,#4654,.F.);
#6740=ORIENTED_EDGE('',*,*,#4771,.F.);
#6741=ORIENTED_EDGE('',*,*,#4659,.T.);
#6742=ORIENTED_EDGE('',*,*,#4657,.T.);
#6743=ORIENTED_EDGE('',*,*,#4647,.T.);
#6744=ORIENTED_EDGE('',*,*,#4770,.F.);
#6745=ORIENTED_EDGE('',*,*,#4652,.F.);
#6746=ORIENTED_EDGE('',*,*,#4650,.T.);
#6747=ORIENTED_EDGE('',*,*,#4636,.F.);
#6748=ORIENTED_EDGE('',*,*,#4769,.T.);
#6749=ORIENTED_EDGE('',*,*,#4641,.T.);
#6750=ORIENTED_EDGE('',*,*,#4639,.F.);
#6751=ORIENTED_EDGE('',*,*,#4626,.F.);
#6752=ORIENTED_EDGE('',*,*,#4768,.T.);
#6753=ORIENTED_EDGE('',*,*,#4631,.T.);
#6754=ORIENTED_EDGE('',*,*,#4629,.F.);
#6755=ORIENTED_EDGE('',*,*,#4789,.T.);
#6756=ORIENTED_EDGE('',*,*,#4790,.T.);
#6757=ORIENTED_EDGE('',*,*,#4791,.T.);
#6758=ORIENTED_EDGE('',*,*,#4792,.T.);
#6759=ORIENTED_EDGE('',*,*,#4793,.T.);
#6760=ORIENTED_EDGE('',*,*,#4794,.T.);
#6761=ORIENTED_EDGE('',*,*,#4795,.T.);
#6762=ORIENTED_EDGE('',*,*,#4796,.T.);
#6763=ORIENTED_EDGE('',*,*,#4741,.T.);
#6764=ORIENTED_EDGE('',*,*,#4624,.F.);
#6765=ORIENTED_EDGE('',*,*,#4623,.F.);
#6766=ORIENTED_EDGE('',*,*,#4743,.T.);
#6767=ORIENTED_EDGE('',*,*,#4618,.T.);
#6768=ORIENTED_EDGE('',*,*,#4689,.F.);
#6769=ORIENTED_EDGE('',*,*,#4646,.F.);
#6770=ORIENTED_EDGE('',*,*,#4619,.T.);
#6771=ORIENTED_EDGE('',*,*,#4716,.T.);
#6772=ORIENTED_EDGE('',*,*,#4765,.F.);
#6773=ORIENTED_EDGE('',*,*,#4709,.F.);
#6774=ORIENTED_EDGE('',*,*,#4707,.T.);
#6775=ORIENTED_EDGE('',*,*,#4702,.T.);
#6776=ORIENTED_EDGE('',*,*,#4777,.T.);
#6777=ORIENTED_EDGE('',*,*,#4759,.F.);
#6778=ORIENTED_EDGE('',*,*,#4703,.F.);
#6779=ORIENTED_EDGE('',*,*,#4754,.T.);
#6780=ORIENTED_EDGE('',*,*,#4787,.T.);
#6781=ORIENTED_EDGE('',*,*,#4758,.F.);
#6782=ORIENTED_EDGE('',*,*,#4786,.F.);
#6783=ORIENTED_EDGE('',*,*,#4680,.F.);
#6784=ORIENTED_EDGE('',*,*,#4672,.F.);
#6785=ORIENTED_EDGE('',*,*,#4670,.T.);
#6786=ORIENTED_EDGE('',*,*,#4774,.T.);
#6787=ORIENTED_EDGE('',*,*,#4797,.F.);
#6788=ORIENTED_EDGE('',*,*,#4496,.F.);
#6789=ORIENTED_EDGE('',*,*,#4798,.F.);
#6790=ORIENTED_EDGE('',*,*,#4498,.F.);
#6791=ORIENTED_EDGE('',*,*,#4799,.F.);
#6792=ORIENTED_EDGE('',*,*,#4504,.F.);
#6793=ORIENTED_EDGE('',*,*,#4800,.F.);
#6794=ORIENTED_EDGE('',*,*,#4490,.F.);
#6795=ORIENTED_EDGE('',*,*,#4801,.F.);
#6796=ORIENTED_EDGE('',*,*,#4802,.F.);
#6797=ORIENTED_EDGE('',*,*,#4803,.F.);
#6798=ORIENTED_EDGE('',*,*,#4804,.F.);
#6799=ORIENTED_EDGE('',*,*,#4805,.F.);
#6800=ORIENTED_EDGE('',*,*,#4806,.F.);
#6801=ORIENTED_EDGE('',*,*,#4807,.F.);
#6802=ORIENTED_EDGE('',*,*,#4808,.F.);
#6803=ORIENTED_EDGE('',*,*,#4766,.T.);
#6804=ORIENTED_EDGE('',*,*,#4713,.T.);
#6805=ORIENTED_EDGE('',*,*,#4711,.F.);
#6806=ORIENTED_EDGE('',*,*,#4778,.F.);
#6807=ORIENTED_EDGE('',*,*,#4463,.T.);
#6808=ORIENTED_EDGE('',*,*,#4788,.F.);
#6809=ORIENTED_EDGE('',*,*,#4763,.F.);
#6810=ORIENTED_EDGE('',*,*,#4761,.T.);
#6811=ORIENTED_EDGE('',*,*,#4467,.T.);
#6812=ORIENTED_EDGE('',*,*,#4785,.F.);
#6813=ORIENTED_EDGE('',*,*,#4751,.F.);
#6814=ORIENTED_EDGE('',*,*,#4749,.T.);
#6815=ORIENTED_EDGE('',*,*,#4744,.T.);
#6816=ORIENTED_EDGE('',*,*,#4483,.T.);
#6817=ORIENTED_EDGE('',*,*,#4748,.F.);
#6818=ORIENTED_EDGE('',*,*,#4746,.F.);
#6819=ORIENTED_EDGE('',*,*,#4614,.T.);
#6820=ORIENTED_EDGE('',*,*,#4809,.T.);
#6821=ORIENTED_EDGE('',*,*,#4808,.T.);
#6822=ORIENTED_EDGE('',*,*,#4807,.T.);
#6823=ORIENTED_EDGE('',*,*,#4809,.F.);
#6824=ORIENTED_EDGE('',*,*,#4615,.T.);
#6825=ORIENTED_EDGE('',*,*,#4612,.T.);
#6826=ORIENTED_EDGE('',*,*,#4810,.T.);
#6827=ORIENTED_EDGE('',*,*,#4806,.T.);
#6828=ORIENTED_EDGE('',*,*,#4805,.T.);
#6829=ORIENTED_EDGE('',*,*,#4810,.F.);
#6830=ORIENTED_EDGE('',*,*,#4613,.T.);
#6831=ORIENTED_EDGE('',*,*,#4610,.T.);
#6832=ORIENTED_EDGE('',*,*,#4811,.T.);
#6833=ORIENTED_EDGE('',*,*,#4804,.T.);
#6834=ORIENTED_EDGE('',*,*,#4803,.T.);
#6835=ORIENTED_EDGE('',*,*,#4811,.F.);
#6836=ORIENTED_EDGE('',*,*,#4611,.T.);
#6837=ORIENTED_EDGE('',*,*,#4608,.T.);
#6838=ORIENTED_EDGE('',*,*,#4812,.T.);
#6839=ORIENTED_EDGE('',*,*,#4802,.T.);
#6840=ORIENTED_EDGE('',*,*,#4801,.T.);
#6841=ORIENTED_EDGE('',*,*,#4812,.F.);
#6842=ORIENTED_EDGE('',*,*,#4609,.T.);
#6843=ORIENTED_EDGE('',*,*,#4800,.T.);
#6844=ORIENTED_EDGE('',*,*,#4503,.T.);
#6845=ORIENTED_EDGE('',*,*,#4570,.F.);
#6846=ORIENTED_EDGE('',*,*,#4491,.T.);
#6847=ORIENTED_EDGE('',*,*,#4798,.T.);
#6848=ORIENTED_EDGE('',*,*,#4495,.T.);
#6849=ORIENTED_EDGE('',*,*,#4572,.F.);
#6850=ORIENTED_EDGE('',*,*,#4499,.T.);
#6851=ORIENTED_EDGE('',*,*,#4497,.T.);
#6852=ORIENTED_EDGE('',*,*,#4571,.F.);
#6853=ORIENTED_EDGE('',*,*,#4501,.T.);
#6854=ORIENTED_EDGE('',*,*,#4799,.T.);
#6855=ORIENTED_EDGE('',*,*,#4797,.T.);
#6856=ORIENTED_EDGE('',*,*,#4489,.T.);
#6857=ORIENTED_EDGE('',*,*,#4569,.F.);
#6858=ORIENTED_EDGE('',*,*,#4493,.T.);
#6859=ORIENTED_EDGE('',*,*,#4795,.F.);
#6860=ORIENTED_EDGE('',*,*,#4796,.F.);
#6861=ORIENTED_EDGE('',*,*,#4813,.T.);
#6862=ORIENTED_EDGE('',*,*,#4514,.T.);
#6863=ORIENTED_EDGE('',*,*,#4513,.T.);
#6864=ORIENTED_EDGE('',*,*,#4813,.F.);
#6865=ORIENTED_EDGE('',*,*,#4793,.F.);
#6866=ORIENTED_EDGE('',*,*,#4794,.F.);
#6867=ORIENTED_EDGE('',*,*,#4814,.T.);
#6868=ORIENTED_EDGE('',*,*,#4512,.T.);
#6869=ORIENTED_EDGE('',*,*,#4511,.T.);
#6870=ORIENTED_EDGE('',*,*,#4814,.F.);
#6871=ORIENTED_EDGE('',*,*,#4791,.F.);
#6872=ORIENTED_EDGE('',*,*,#4792,.F.);
#6873=ORIENTED_EDGE('',*,*,#4815,.T.);
#6874=ORIENTED_EDGE('',*,*,#4510,.T.);
#6875=ORIENTED_EDGE('',*,*,#4509,.T.);
#6876=ORIENTED_EDGE('',*,*,#4815,.F.);
#6877=ORIENTED_EDGE('',*,*,#4789,.F.);
#6878=ORIENTED_EDGE('',*,*,#4790,.F.);
#6879=ORIENTED_EDGE('',*,*,#4816,.T.);
#6880=ORIENTED_EDGE('',*,*,#4508,.T.);
#6881=ORIENTED_EDGE('',*,*,#4507,.T.);
#6882=ORIENTED_EDGE('',*,*,#4816,.F.);
#6883=ORIENTED_EDGE('',*,*,#4817,.F.);
#6884=ORIENTED_EDGE('',*,*,#4818,.T.);
#6885=ORIENTED_EDGE('',*,*,#4819,.T.);
#6886=ORIENTED_EDGE('',*,*,#4820,.T.);
#6887=ORIENTED_EDGE('',*,*,#4821,.F.);
#6888=ORIENTED_EDGE('',*,*,#4822,.T.);
#6889=ORIENTED_EDGE('',*,*,#4817,.T.);
#6890=ORIENTED_EDGE('',*,*,#4823,.T.);
#6891=ORIENTED_EDGE('',*,*,#4824,.F.);
#6892=ORIENTED_EDGE('',*,*,#4825,.T.);
#6893=ORIENTED_EDGE('',*,*,#4821,.T.);
#6894=ORIENTED_EDGE('',*,*,#4826,.T.);
#6895=ORIENTED_EDGE('',*,*,#4827,.F.);
#6896=ORIENTED_EDGE('',*,*,#4828,.T.);
#6897=ORIENTED_EDGE('',*,*,#4824,.T.);
#6898=ORIENTED_EDGE('',*,*,#4829,.T.);
#6899=ORIENTED_EDGE('',*,*,#4830,.F.);
#6900=ORIENTED_EDGE('',*,*,#4831,.T.);
#6901=ORIENTED_EDGE('',*,*,#4827,.T.);
#6902=ORIENTED_EDGE('',*,*,#4832,.T.);
#6903=ORIENTED_EDGE('',*,*,#4833,.F.);
#6904=ORIENTED_EDGE('',*,*,#4834,.T.);
#6905=ORIENTED_EDGE('',*,*,#4830,.T.);
#6906=ORIENTED_EDGE('',*,*,#4835,.T.);
#6907=ORIENTED_EDGE('',*,*,#4836,.F.);
#6908=ORIENTED_EDGE('',*,*,#4837,.T.);
#6909=ORIENTED_EDGE('',*,*,#4833,.T.);
#6910=ORIENTED_EDGE('',*,*,#4838,.T.);
#6911=ORIENTED_EDGE('',*,*,#4839,.F.);
#6912=ORIENTED_EDGE('',*,*,#4840,.T.);
#6913=ORIENTED_EDGE('',*,*,#4836,.T.);
#6914=ORIENTED_EDGE('',*,*,#4841,.T.);
#6915=ORIENTED_EDGE('',*,*,#4842,.T.);
#6916=ORIENTED_EDGE('',*,*,#4843,.T.);
#6917=ORIENTED_EDGE('',*,*,#4842,.F.);
#6918=ORIENTED_EDGE('',*,*,#4843,.F.);
#6919=ORIENTED_EDGE('',*,*,#4844,.T.);
#6920=ORIENTED_EDGE('',*,*,#4845,.F.);
#6921=ORIENTED_EDGE('',*,*,#4844,.F.);
#6922=ORIENTED_EDGE('',*,*,#4846,.F.);
#6923=ORIENTED_EDGE('',*,*,#4847,.F.);
#6924=ORIENTED_EDGE('',*,*,#4848,.T.);
#6925=ORIENTED_EDGE('',*,*,#4849,.F.);
#6926=ORIENTED_EDGE('',*,*,#4850,.F.);
#6927=ORIENTED_EDGE('',*,*,#4851,.F.);
#6928=ORIENTED_EDGE('',*,*,#4848,.F.);
#6929=ORIENTED_EDGE('',*,*,#4852,.T.);
#6930=ORIENTED_EDGE('',*,*,#4853,.T.);
#6931=ORIENTED_EDGE('',*,*,#4854,.T.);
#6932=ORIENTED_EDGE('',*,*,#4850,.T.);
#6933=ORIENTED_EDGE('',*,*,#4849,.T.);
#6934=ORIENTED_EDGE('',*,*,#4851,.T.);
#6935=ORIENTED_EDGE('',*,*,#4854,.F.);
#6936=ORIENTED_EDGE('',*,*,#4855,.T.);
#6937=ORIENTED_EDGE('',*,*,#4852,.F.);
#6938=ORIENTED_EDGE('',*,*,#4856,.T.);
#6939=ORIENTED_EDGE('',*,*,#4819,.F.);
#6940=ORIENTED_EDGE('',*,*,#4857,.T.);
#6941=ORIENTED_EDGE('',*,*,#4839,.T.);
#6942=ORIENTED_EDGE('',*,*,#4858,.T.);
#6943=ORIENTED_EDGE('',*,*,#4859,.F.);
#6944=ORIENTED_EDGE('',*,*,#4860,.T.);
#6945=ORIENTED_EDGE('',*,*,#4861,.T.);
#6946=ORIENTED_EDGE('',*,*,#4862,.T.);
#6947=ORIENTED_EDGE('',*,*,#4859,.T.);
#6948=ORIENTED_EDGE('',*,*,#4863,.T.);
#6949=ORIENTED_EDGE('',*,*,#4864,.F.);
#6950=ORIENTED_EDGE('',*,*,#4865,.T.);
#6951=ORIENTED_EDGE('',*,*,#4866,.F.);
#6952=ORIENTED_EDGE('',*,*,#4867,.T.);
#6953=ORIENTED_EDGE('',*,*,#4868,.F.);
#6954=ORIENTED_EDGE('',*,*,#4869,.T.);
#6955=ORIENTED_EDGE('',*,*,#4870,.T.);
#6956=ORIENTED_EDGE('',*,*,#4871,.T.);
#6957=ORIENTED_EDGE('',*,*,#4872,.T.);
#6958=ORIENTED_EDGE('',*,*,#4873,.T.);
#6959=ORIENTED_EDGE('',*,*,#4874,.T.);
#6960=ORIENTED_EDGE('',*,*,#4875,.T.);
#6961=ORIENTED_EDGE('',*,*,#4873,.F.);
#6962=ORIENTED_EDGE('',*,*,#4876,.T.);
#6963=ORIENTED_EDGE('',*,*,#4877,.T.);
#6964=ORIENTED_EDGE('',*,*,#4878,.T.);
#6965=ORIENTED_EDGE('',*,*,#4879,.T.);
#6966=ORIENTED_EDGE('',*,*,#4880,.T.);
#6967=ORIENTED_EDGE('',*,*,#4881,.T.);
#6968=ORIENTED_EDGE('',*,*,#4882,.T.);
#6969=ORIENTED_EDGE('',*,*,#4861,.F.);
#6970=ORIENTED_EDGE('',*,*,#4875,.F.);
#6971=ORIENTED_EDGE('',*,*,#4874,.F.);
#6972=ORIENTED_EDGE('',*,*,#4846,.T.);
#6973=ORIENTED_EDGE('',*,*,#4847,.T.);
#6974=ORIENTED_EDGE('',*,*,#4863,.F.);
#6975=ORIENTED_EDGE('',*,*,#4858,.F.);
#6976=ORIENTED_EDGE('',*,*,#4841,.F.);
#6977=ORIENTED_EDGE('',*,*,#4838,.F.);
#6978=ORIENTED_EDGE('',*,*,#4835,.F.);
#6979=ORIENTED_EDGE('',*,*,#4832,.F.);
#6980=ORIENTED_EDGE('',*,*,#4829,.F.);
#6981=ORIENTED_EDGE('',*,*,#4826,.F.);
#6982=ORIENTED_EDGE('',*,*,#4823,.F.);
#6983=ORIENTED_EDGE('',*,*,#4820,.F.);
#6984=ORIENTED_EDGE('',*,*,#4856,.F.);
#6985=ORIENTED_EDGE('',*,*,#4883,.F.);
#6986=ORIENTED_EDGE('',*,*,#4880,.F.);
#6987=ORIENTED_EDGE('',*,*,#4884,.F.);
#6988=ORIENTED_EDGE('',*,*,#4857,.F.);
#6989=ORIENTED_EDGE('',*,*,#4818,.F.);
#6990=ORIENTED_EDGE('',*,*,#4822,.F.);
#6991=ORIENTED_EDGE('',*,*,#4825,.F.);
#6992=ORIENTED_EDGE('',*,*,#4828,.F.);
#6993=ORIENTED_EDGE('',*,*,#4831,.F.);
#6994=ORIENTED_EDGE('',*,*,#4834,.F.);
#6995=ORIENTED_EDGE('',*,*,#4837,.F.);
#6996=ORIENTED_EDGE('',*,*,#4840,.F.);
#6997=ORIENTED_EDGE('',*,*,#4860,.F.);
#6998=ORIENTED_EDGE('',*,*,#4862,.F.);
#6999=ORIENTED_EDGE('',*,*,#4882,.F.);
#7000=ORIENTED_EDGE('',*,*,#4883,.T.);
#7001=ORIENTED_EDGE('',*,*,#4855,.F.);
#7002=ORIENTED_EDGE('',*,*,#4853,.F.);
#7003=ORIENTED_EDGE('',*,*,#4884,.T.);
#7004=ORIENTED_EDGE('',*,*,#4881,.F.);
#7005=ORIENTED_EDGE('',*,*,#4885,.T.);
#7006=ORIENTED_EDGE('',*,*,#4886,.T.);
#7007=ORIENTED_EDGE('',*,*,#4887,.T.);
#7008=ORIENTED_EDGE('',*,*,#4888,.T.);
#7009=ORIENTED_EDGE('',*,*,#4889,.T.);
#7010=ORIENTED_EDGE('',*,*,#4890,.T.);
#7011=ORIENTED_EDGE('',*,*,#4891,.F.);
#7012=ORIENTED_EDGE('',*,*,#4892,.F.);
#7013=ORIENTED_EDGE('',*,*,#4893,.F.);
#7014=ORIENTED_EDGE('',*,*,#4894,.F.);
#7015=ORIENTED_EDGE('',*,*,#4895,.F.);
#7016=ORIENTED_EDGE('',*,*,#4896,.F.);
#7017=ORIENTED_EDGE('',*,*,#4897,.F.);
#7018=ORIENTED_EDGE('',*,*,#4898,.T.);
#7019=ORIENTED_EDGE('',*,*,#4899,.T.);
#7020=ORIENTED_EDGE('',*,*,#4886,.F.);
#7021=ORIENTED_EDGE('',*,*,#4900,.T.);
#7022=ORIENTED_EDGE('',*,*,#4885,.F.);
#7023=ORIENTED_EDGE('',*,*,#4900,.F.);
#7024=ORIENTED_EDGE('',*,*,#4845,.T.);
#7025=ORIENTED_EDGE('',*,*,#4895,.T.);
#7026=ORIENTED_EDGE('',*,*,#4901,.T.);
#7027=ORIENTED_EDGE('',*,*,#4866,.T.);
#7028=ORIENTED_EDGE('',*,*,#4902,.T.);
#7029=ORIENTED_EDGE('',*,*,#4893,.T.);
#7030=ORIENTED_EDGE('',*,*,#4903,.T.);
#7031=ORIENTED_EDGE('',*,*,#4868,.T.);
#7032=ORIENTED_EDGE('',*,*,#4904,.T.);
#7033=ORIENTED_EDGE('',*,*,#4894,.T.);
#7034=ORIENTED_EDGE('',*,*,#4904,.F.);
#7035=ORIENTED_EDGE('',*,*,#4867,.F.);
#7036=ORIENTED_EDGE('',*,*,#4901,.F.);
#7037=ORIENTED_EDGE('',*,*,#4892,.T.);
#7038=ORIENTED_EDGE('',*,*,#4905,.F.);
#7039=ORIENTED_EDGE('',*,*,#4869,.F.);
#7040=ORIENTED_EDGE('',*,*,#4903,.F.);
#7041=ORIENTED_EDGE('',*,*,#4896,.T.);
#7042=ORIENTED_EDGE('',*,*,#4902,.F.);
#7043=ORIENTED_EDGE('',*,*,#4865,.F.);
#7044=ORIENTED_EDGE('',*,*,#4906,.F.);
#7045=ORIENTED_EDGE('',*,*,#4907,.T.);
#7046=ORIENTED_EDGE('',*,*,#4870,.F.);
#7047=ORIENTED_EDGE('',*,*,#4905,.T.);
#7048=ORIENTED_EDGE('',*,*,#4891,.T.);
#7049=ORIENTED_EDGE('',*,*,#4897,.T.);
#7050=ORIENTED_EDGE('',*,*,#4906,.T.);
#7051=ORIENTED_EDGE('',*,*,#4864,.T.);
#7052=ORIENTED_EDGE('',*,*,#4908,.T.);
#7053=ORIENTED_EDGE('',*,*,#4909,.T.);
#7054=ORIENTED_EDGE('',*,*,#4876,.F.);
#7055=ORIENTED_EDGE('',*,*,#4872,.F.);
#7056=ORIENTED_EDGE('',*,*,#4910,.T.);
#7057=ORIENTED_EDGE('',*,*,#4889,.F.);
#7058=ORIENTED_EDGE('',*,*,#4911,.T.);
#7059=ORIENTED_EDGE('',*,*,#4878,.F.);
#7060=ORIENTED_EDGE('',*,*,#4912,.T.);
#7061=ORIENTED_EDGE('',*,*,#4887,.F.);
#7062=ORIENTED_EDGE('',*,*,#4899,.F.);
#7063=ORIENTED_EDGE('',*,*,#4908,.F.);
#7064=ORIENTED_EDGE('',*,*,#4879,.F.);
#7065=ORIENTED_EDGE('',*,*,#4911,.F.);
#7066=ORIENTED_EDGE('',*,*,#4898,.F.);
#7067=ORIENTED_EDGE('',*,*,#4912,.F.);
#7068=ORIENTED_EDGE('',*,*,#4877,.F.);
#7069=ORIENTED_EDGE('',*,*,#4909,.F.);
#7070=ORIENTED_EDGE('',*,*,#4888,.F.);
#7071=ORIENTED_EDGE('',*,*,#4910,.F.);
#7072=ORIENTED_EDGE('',*,*,#4871,.F.);
#7073=ORIENTED_EDGE('',*,*,#4907,.F.);
#7074=ORIENTED_EDGE('',*,*,#4890,.F.);
#7075=ORIENTED_EDGE('',*,*,#4913,.F.);
#7076=ORIENTED_EDGE('',*,*,#4914,.F.);
#7077=ORIENTED_EDGE('',*,*,#4915,.T.);
#7078=ORIENTED_EDGE('',*,*,#4916,.F.);
#7079=ORIENTED_EDGE('',*,*,#4915,.F.);
#7080=ORIENTED_EDGE('',*,*,#4917,.F.);
#7081=ORIENTED_EDGE('',*,*,#4918,.F.);
#7082=ORIENTED_EDGE('',*,*,#4919,.F.);
#7083=ORIENTED_EDGE('',*,*,#4920,.F.);
#7084=ORIENTED_EDGE('',*,*,#4921,.F.);
#7085=ORIENTED_EDGE('',*,*,#4922,.F.);
#7086=ORIENTED_EDGE('',*,*,#4923,.F.);
#7087=ORIENTED_EDGE('',*,*,#4924,.F.);
#7088=ORIENTED_EDGE('',*,*,#4925,.F.);
#7089=ORIENTED_EDGE('',*,*,#4926,.F.);
#7090=ORIENTED_EDGE('',*,*,#4927,.F.);
#7091=ORIENTED_EDGE('',*,*,#4928,.F.);
#7092=ORIENTED_EDGE('',*,*,#4916,.T.);
#7093=ORIENTED_EDGE('',*,*,#4923,.T.);
#7094=ORIENTED_EDGE('',*,*,#4929,.T.);
#7095=ORIENTED_EDGE('',*,*,#4930,.T.);
#7096=ORIENTED_EDGE('',*,*,#4931,.T.);
#7097=ORIENTED_EDGE('',*,*,#4922,.T.);
#7098=ORIENTED_EDGE('',*,*,#4932,.F.);
#7099=ORIENTED_EDGE('',*,*,#4933,.T.);
#7100=ORIENTED_EDGE('',*,*,#4929,.F.);
#7101=ORIENTED_EDGE('',*,*,#4921,.T.);
#7102=ORIENTED_EDGE('',*,*,#4934,.T.);
#7103=ORIENTED_EDGE('',*,*,#4935,.T.);
#7104=ORIENTED_EDGE('',*,*,#4932,.T.);
#7105=ORIENTED_EDGE('',*,*,#4920,.T.);
#7106=ORIENTED_EDGE('',*,*,#4936,.F.);
#7107=ORIENTED_EDGE('',*,*,#4937,.T.);
#7108=ORIENTED_EDGE('',*,*,#4934,.F.);
#7109=ORIENTED_EDGE('',*,*,#4919,.T.);
#7110=ORIENTED_EDGE('',*,*,#4938,.T.);
#7111=ORIENTED_EDGE('',*,*,#4939,.T.);
#7112=ORIENTED_EDGE('',*,*,#4936,.T.);
#7113=ORIENTED_EDGE('',*,*,#4918,.T.);
#7114=ORIENTED_EDGE('',*,*,#4940,.F.);
#7115=ORIENTED_EDGE('',*,*,#4941,.F.);
#7116=ORIENTED_EDGE('',*,*,#4938,.F.);
#7117=ORIENTED_EDGE('',*,*,#4942,.T.);
#7118=ORIENTED_EDGE('',*,*,#4943,.T.);
#7119=ORIENTED_EDGE('',*,*,#4944,.T.);
#7120=ORIENTED_EDGE('',*,*,#4945,.T.);
#7121=ORIENTED_EDGE('',*,*,#4946,.T.);
#7122=ORIENTED_EDGE('',*,*,#4947,.T.);
#7123=ORIENTED_EDGE('',*,*,#4948,.F.);
#7124=ORIENTED_EDGE('',*,*,#4949,.F.);
#7125=ORIENTED_EDGE('',*,*,#4930,.F.);
#7126=ORIENTED_EDGE('',*,*,#4933,.F.);
#7127=ORIENTED_EDGE('',*,*,#4935,.F.);
#7128=ORIENTED_EDGE('',*,*,#4937,.F.);
#7129=ORIENTED_EDGE('',*,*,#4939,.F.);
#7130=ORIENTED_EDGE('',*,*,#4941,.T.);
#7131=ORIENTED_EDGE('',*,*,#4950,.T.);
#7132=ORIENTED_EDGE('',*,*,#4943,.F.);
#7133=ORIENTED_EDGE('',*,*,#4951,.T.);
#7134=ORIENTED_EDGE('',*,*,#4942,.F.);
#7135=ORIENTED_EDGE('',*,*,#4951,.F.);
#7136=ORIENTED_EDGE('',*,*,#4913,.T.);
#7137=ORIENTED_EDGE('',*,*,#4914,.T.);
#7138=ORIENTED_EDGE('',*,*,#4924,.T.);
#7139=ORIENTED_EDGE('',*,*,#4931,.F.);
#7140=ORIENTED_EDGE('',*,*,#4949,.T.);
#7141=ORIENTED_EDGE('',*,*,#4952,.F.);
#7142=ORIENTED_EDGE('',*,*,#4925,.T.);
#7143=ORIENTED_EDGE('',*,*,#4952,.T.);
#7144=ORIENTED_EDGE('',*,*,#4948,.T.);
#7145=ORIENTED_EDGE('',*,*,#4953,.T.);
#7146=ORIENTED_EDGE('',*,*,#4927,.T.);
#7147=ORIENTED_EDGE('',*,*,#4954,.T.);
#7148=ORIENTED_EDGE('',*,*,#4946,.F.);
#7149=ORIENTED_EDGE('',*,*,#4955,.T.);
#7150=ORIENTED_EDGE('',*,*,#4917,.T.);
#7151=ORIENTED_EDGE('',*,*,#4956,.T.);
#7152=ORIENTED_EDGE('',*,*,#4944,.F.);
#7153=ORIENTED_EDGE('',*,*,#4950,.F.);
#7154=ORIENTED_EDGE('',*,*,#4940,.T.);
#7155=ORIENTED_EDGE('',*,*,#4928,.T.);
#7156=ORIENTED_EDGE('',*,*,#4955,.F.);
#7157=ORIENTED_EDGE('',*,*,#4945,.F.);
#7158=ORIENTED_EDGE('',*,*,#4956,.F.);
#7159=ORIENTED_EDGE('',*,*,#4926,.T.);
#7160=ORIENTED_EDGE('',*,*,#4953,.F.);
#7161=ORIENTED_EDGE('',*,*,#4947,.F.);
#7162=ORIENTED_EDGE('',*,*,#4954,.F.);
#7163=CYLINDRICAL_SURFACE('',#8130,110.);
#7164=CYLINDRICAL_SURFACE('',#8133,110.);
#7165=CYLINDRICAL_SURFACE('',#8136,110.);
#7166=CYLINDRICAL_SURFACE('',#8139,110.);
#7167=CYLINDRICAL_SURFACE('',#8142,110.);
#7168=CYLINDRICAL_SURFACE('',#8145,110.);
#7169=CYLINDRICAL_SURFACE('',#8148,110.);
#7170=CYLINDRICAL_SURFACE('',#8251,67.5);
#7171=CYLINDRICAL_SURFACE('',#8255,67.5);
#7172=CYLINDRICAL_SURFACE('',#8259,82.5);
#7173=CYLINDRICAL_SURFACE('',#8262,72.5);
#7174=CYLINDRICAL_SURFACE('',#8265,82.5);
#7175=CYLINDRICAL_SURFACE('',#8267,22.5);
#7176=CYLINDRICAL_SURFACE('',#8270,37.5);
#7177=CYLINDRICAL_SURFACE('',#8272,57.5);
#7178=CYLINDRICAL_SURFACE('',#8275,67.5);
#7179=CYLINDRICAL_SURFACE('',#8277,22.5);
#7180=CYLINDRICAL_SURFACE('',#8280,37.5);
#7181=CYLINDRICAL_SURFACE('',#8282,42.5);
#7182=CYLINDRICAL_SURFACE('',#8285,52.5);
#7183=CYLINDRICAL_SURFACE('',#8288,42.5);
#7184=CYLINDRICAL_SURFACE('',#8291,37.5);
#7185=CYLINDRICAL_SURFACE('',#8294,22.5);
#7186=CYLINDRICAL_SURFACE('',#8297,37.5);
#7187=CYLINDRICAL_SURFACE('',#8300,37.5);
#7188=CYLINDRICAL_SURFACE('',#8303,22.5);
#7189=CYLINDRICAL_SURFACE('',#8306,42.5);
#7190=CYLINDRICAL_SURFACE('',#8310,22.5);
#7191=CYLINDRICAL_SURFACE('',#8314,57.5);
#7192=CYLINDRICAL_SURFACE('',#8318,22.5);
#7193=CYLINDRICAL_SURFACE('',#8322,52.5);
#7194=CYLINDRICAL_SURFACE('',#8326,22.5);
#7195=CYLINDRICAL_SURFACE('',#8330,42.5);
#7196=CYLINDRICAL_SURFACE('',#8333,52.5);
#7197=CYLINDRICAL_SURFACE('',#8336,42.5);
#7198=CYLINDRICAL_SURFACE('',#8339,57.5);
#7199=CYLINDRICAL_SURFACE('',#8342,82.5);
#7200=CYLINDRICAL_SURFACE('',#8345,72.5);
#7201=CYLINDRICAL_SURFACE('',#8348,82.5);
#7202=CYLINDRICAL_SURFACE('',#8352,97.5);
#7203=CYLINDRICAL_SURFACE('',#8355,97.5);
#7204=CYLINDRICAL_SURFACE('',#8358,87.5);
#7205=CYLINDRICAL_SURFACE('',#8360,97.5);
#7206=CYLINDRICAL_SURFACE('',#8363,87.5);
#7207=CYLINDRICAL_SURFACE('',#8366,110.);
#7208=CYLINDRICAL_SURFACE('',#8370,102.5);
#7209=CYLINDRICAL_SURFACE('',#8372,67.5);
#7210=CYLINDRICAL_SURFACE('',#8375,57.5);
#7211=CYLINDRICAL_SURFACE('',#8377,102.5);
#7212=CYLINDRICAL_SURFACE('',#8381,102.5);
#7213=CYLINDRICAL_SURFACE('',#8385,102.5);
#7214=CYLINDRICAL_SURFACE('',#8387,97.5);
#7215=CYLINDRICAL_SURFACE('',#8390,87.5);
#7216=CYLINDRICAL_SURFACE('',#8393,102.5);
#7217=CYLINDRICAL_SURFACE('',#8397,102.5);
#7218=CYLINDRICAL_SURFACE('',#8399,82.5);
#7219=CYLINDRICAL_SURFACE('',#8402,72.5);
#7220=CYLINDRICAL_SURFACE('',#8404,67.5);
#7221=CYLINDRICAL_SURFACE('',#8407,57.5);
#7222=CYLINDRICAL_SURFACE('',#8410,87.5);
#7223=CYLINDRICAL_SURFACE('',#8414,87.5);
#7224=CYLINDRICAL_SURFACE('',#8418,82.5);
#7225=CYLINDRICAL_SURFACE('',#8422,87.5);
#7226=CYLINDRICAL_SURFACE('',#8425,87.5);
#7227=CYLINDRICAL_SURFACE('',#8428,97.5);
#7228=CYLINDRICAL_SURFACE('',#8431,42.5);
#7229=CYLINDRICAL_SURFACE('',#8434,67.5);
#7230=CYLINDRICAL_SURFACE('',#8437,57.5);
#7231=CYLINDRICAL_SURFACE('',#8440,102.5);
#7232=CYLINDRICAL_SURFACE('',#8442,52.5);
#7233=CYLINDRICAL_SURFACE('',#8445,42.5);
#7234=CYLINDRICAL_SURFACE('',#8448,72.5);
#7235=CYLINDRICAL_SURFACE('',#8452,72.5);
#7236=CYLINDRICAL_SURFACE('',#8455,57.5);
#7237=CYLINDRICAL_SURFACE('',#8457,72.5);
#7238=CYLINDRICAL_SURFACE('',#8464,52.5);
#7239=CYLINDRICAL_SURFACE('',#8467,22.5);
#7240=CYLINDRICAL_SURFACE('',#8470,52.5);
#7241=CYLINDRICAL_SURFACE('',#8472,37.5);
#7242=CYLINDRICAL_SURFACE('',#8474,67.5);
#7243=CYLINDRICAL_SURFACE('',#8476,37.5);
#7244=CYLINDRICAL_SURFACE('',#8478,42.5);
#7245=CYLINDRICAL_SURFACE('',#8480,37.5);
#7246=CYLINDRICAL_SURFACE('',#8482,52.5);
#7247=CYLINDRICAL_SURFACE('',#8485,67.5);
#7248=CYLINDRICAL_SURFACE('',#8488,72.5);
#7249=CYLINDRICAL_SURFACE('',#8490,87.5);
#7250=CYLINDRICAL_SURFACE('',#8494,102.5);
#7251=CYLINDRICAL_SURFACE('',#8500,120.);
#7252=CYLINDRICAL_SURFACE('',#8506,97.5);
#7253=CYLINDRICAL_SURFACE('',#8508,97.5);
#7254=CYLINDRICAL_SURFACE('',#8510,72.5);
#7255=CYLINDRICAL_SURFACE('',#8512,97.5);
#7256=CYLINDRICAL_SURFACE('',#8515,52.5);
#7257=CYLINDRICAL_SURFACE('',#8520,82.5);
#7258=CYLINDRICAL_SURFACE('',#8522,82.5);
#7259=CYLINDRICAL_SURFACE('',#8524,57.5);
#7260=CYLINDRICAL_SURFACE('',#8539,1.5);
#7261=CYLINDRICAL_SURFACE('',#8540,1.5);
#7262=CYLINDRICAL_SURFACE('',#8541,1.5);
#7263=CYLINDRICAL_SURFACE('',#8542,1.5);
#7264=CYLINDRICAL_SURFACE('',#8543,1.5);
#7265=CYLINDRICAL_SURFACE('',#8544,1.5);
#7266=CYLINDRICAL_SURFACE('',#8545,1.5);
#7267=CYLINDRICAL_SURFACE('',#8546,1.5);
#7268=CYLINDRICAL_SURFACE('',#8548,110.);
#7269=CYLINDRICAL_SURFACE('',#8551,110.);
#7270=CYLINDRICAL_SURFACE('',#8554,110.);
#7271=CYLINDRICAL_SURFACE('',#8557,110.);
#7272=CYLINDRICAL_SURFACE('',#8560,110.);
#7273=CYLINDRICAL_SURFACE('',#8563,110.);
#7274=CYLINDRICAL_SURFACE('',#8566,110.);
#7275=CYLINDRICAL_SURFACE('',#8569,15.);
#7276=CYLINDRICAL_SURFACE('',#8572,15.);
#7277=CYLINDRICAL_SURFACE('',#8575,15.);
#7278=CYLINDRICAL_SURFACE('',#8578,15.);
#7279=CYLINDRICAL_SURFACE('',#8645,67.5);
#7280=CYLINDRICAL_SURFACE('',#8648,72.5);
#7281=CYLINDRICAL_SURFACE('',#8651,25.);
#7282=CYLINDRICAL_SURFACE('',#8654,37.5);
#7283=CYLINDRICAL_SURFACE('',#8656,67.5);
#7284=CYLINDRICAL_SURFACE('',#8658,25.);
#7285=CYLINDRICAL_SURFACE('',#8661,37.5);
#7286=CYLINDRICAL_SURFACE('',#8664,42.5);
#7287=CYLINDRICAL_SURFACE('',#8666,37.5);
#7288=CYLINDRICAL_SURFACE('',#8669,25.);
#7289=CYLINDRICAL_SURFACE('',#8672,37.5);
#7290=CYLINDRICAL_SURFACE('',#8675,37.5);
#7291=CYLINDRICAL_SURFACE('',#8678,25.);
#7292=CYLINDRICAL_SURFACE('',#8681,42.5);
#7293=CYLINDRICAL_SURFACE('',#8684,25.);
#7294=CYLINDRICAL_SURFACE('',#8689,25.);
#7295=CYLINDRICAL_SURFACE('',#8694,25.);
#7296=CYLINDRICAL_SURFACE('',#8698,42.5);
#7297=CYLINDRICAL_SURFACE('',#8701,42.5);
#7298=CYLINDRICAL_SURFACE('',#8704,72.5);
#7299=CYLINDRICAL_SURFACE('',#8707,97.5);
#7300=CYLINDRICAL_SURFACE('',#8709,97.5);
#7301=CYLINDRICAL_SURFACE('',#8712,110.);
#7302=CYLINDRICAL_SURFACE('',#8716,102.5);
#7303=CYLINDRICAL_SURFACE('',#8718,102.5);
#7304=CYLINDRICAL_SURFACE('',#8722,102.5);
#7305=CYLINDRICAL_SURFACE('',#8726,102.5);
#7306=CYLINDRICAL_SURFACE('',#8728,97.5);
#7307=CYLINDRICAL_SURFACE('',#8732,102.5);
#7308=CYLINDRICAL_SURFACE('',#8736,102.5);
#7309=CYLINDRICAL_SURFACE('',#8742,102.5);
#7310=CYLINDRICAL_SURFACE('',#8749,25.);
#7311=CYLINDRICAL_SURFACE('',#8752,37.5);
#7312=CYLINDRICAL_SURFACE('',#8754,67.5);
#7313=CYLINDRICAL_SURFACE('',#8756,37.5);
#7314=CYLINDRICAL_SURFACE('',#8758,37.5);
#7315=CYLINDRICAL_SURFACE('',#8760,67.5);
#7316=CYLINDRICAL_SURFACE('',#8762,72.5);
#7317=CYLINDRICAL_SURFACE('',#8764,102.5);
#7318=CYLINDRICAL_SURFACE('',#8769,120.);
#7319=CYLINDRICAL_SURFACE('',#8772,72.5);
#7320=CYLINDRICAL_SURFACE('',#8774,97.5);
#7321=CYLINDRICAL_SURFACE('',#8798,1.5);
#7322=CYLINDRICAL_SURFACE('',#8799,1.5);
#7323=CYLINDRICAL_SURFACE('',#8800,1.5);
#7324=CYLINDRICAL_SURFACE('',#8801,1.5);
#7325=CYLINDRICAL_SURFACE('',#8802,1.75);
#7326=CYLINDRICAL_SURFACE('',#8803,1.75);
#7327=CYLINDRICAL_SURFACE('',#8804,1.75);
#7328=CYLINDRICAL_SURFACE('',#8805,1.75);
#7329=CYLINDRICAL_SURFACE('',#8806,1.5);
#7330=CYLINDRICAL_SURFACE('',#8807,1.5);
#7331=CYLINDRICAL_SURFACE('',#8808,1.5);
#7332=CYLINDRICAL_SURFACE('',#8809,1.5);
#7333=CYLINDRICAL_SURFACE('',#8811,1.5);
#7334=CYLINDRICAL_SURFACE('',#8813,1.5);
#7335=CYLINDRICAL_SURFACE('',#8814,1.5);
#7336=CYLINDRICAL_SURFACE('',#8815,1.5);
#7337=CYLINDRICAL_SURFACE('',#8816,1.5);
#7338=CYLINDRICAL_SURFACE('',#8817,1.5);
#7339=CYLINDRICAL_SURFACE('',#8818,1.5);
#7340=CYLINDRICAL_SURFACE('',#8819,1.5);
#7341=CYLINDRICAL_SURFACE('',#8823,1.17524047358084);
#7342=CYLINDRICAL_SURFACE('',#8832,1.17524047358084);
#7343=CYLINDRICAL_SURFACE('',#8837,1.5);
#7344=CYLINDRICAL_SURFACE('',#8853,0.3825);
#7345=CYLINDRICAL_SURFACE('',#8854,0.3825);
#7346=CYLINDRICAL_SURFACE('',#8855,0.3825);
#7347=CYLINDRICAL_SURFACE('',#8860,0.3825);
#7348=CYLINDRICAL_SURFACE('',#8861,0.3825);
#7349=CYLINDRICAL_SURFACE('',#8862,0.3825);
#7350=CYLINDRICAL_SURFACE('',#8864,1.5);
#7351=CYLINDRICAL_SURFACE('',#8876,0.3825);
#7352=CYLINDRICAL_SURFACE('',#8878,0.3825);
#7353=CYLINDRICAL_SURFACE('',#8880,0.3825);
#7354=CYLINDRICAL_SURFACE('',#8885,0.3825);
#7355=CYLINDRICAL_SURFACE('',#8889,0.3825);
#7356=CYLINDRICAL_SURFACE('',#8890,0.3825);
#7357=STYLED_ITEM('',(#15226),#7680);
#7358=STYLED_ITEM('',(#15226),#7681);
#7359=STYLED_ITEM('',(#15226),#7682);
#7360=STYLED_ITEM('',(#15226),#7683);
#7361=STYLED_ITEM('',(#15226),#7684);
#7362=STYLED_ITEM('',(#15226),#7685);
#7363=STYLED_ITEM('',(#15226),#7686);
#7364=STYLED_ITEM('',(#15226),#7687);
#7365=STYLED_ITEM('',(#15226),#7688);
#7366=STYLED_ITEM('',(#15226),#7689);
#7367=STYLED_ITEM('',(#15226),#7690);
#7368=STYLED_ITEM('',(#15226),#7691);
#7369=STYLED_ITEM('',(#15226),#7692);
#7370=STYLED_ITEM('',(#15226),#7693);
#7371=STYLED_ITEM('',(#15226),#7694);
#7372=STYLED_ITEM('',(#15226),#7695);
#7373=STYLED_ITEM('',(#15226),#7696);
#7374=STYLED_ITEM('',(#15226),#7697);
#7375=STYLED_ITEM('',(#15226),#7698);
#7376=STYLED_ITEM('',(#15226),#7699);
#7377=STYLED_ITEM('',(#15226),#7700);
#7378=STYLED_ITEM('',(#15226),#7701);
#7379=STYLED_ITEM('',(#15226),#7702);
#7380=STYLED_ITEM('',(#15226),#7703);
#7381=STYLED_ITEM('',(#15226),#7704);
#7382=STYLED_ITEM('',(#15226),#7705);
#7383=STYLED_ITEM('',(#15226),#7706);
#7384=STYLED_ITEM('',(#15226),#7707);
#7385=STYLED_ITEM('',(#15226),#7708);
#7386=STYLED_ITEM('',(#15226),#7709);
#7387=STYLED_ITEM('',(#15226),#7710);
#7388=STYLED_ITEM('',(#15226),#7711);
#7389=STYLED_ITEM('',(#15226),#7712);
#7390=STYLED_ITEM('',(#15226),#7713);
#7391=STYLED_ITEM('',(#15226),#7714);
#7392=STYLED_ITEM('',(#15226),#7715);
#7393=STYLED_ITEM('',(#15226),#7716);
#7394=STYLED_ITEM('',(#15226),#7717);
#7395=STYLED_ITEM('',(#15226),#7718);
#7396=STYLED_ITEM('',(#15226),#7719);
#7397=STYLED_ITEM('',(#15226),#7720);
#7398=STYLED_ITEM('',(#15226),#7721);
#7399=STYLED_ITEM('',(#15226),#7722);
#7400=STYLED_ITEM('',(#15226),#7723);
#7401=STYLED_ITEM('',(#15226),#7724);
#7402=STYLED_ITEM('',(#15226),#7725);
#7403=STYLED_ITEM('',(#15226),#7726);
#7404=STYLED_ITEM('',(#15226),#7727);
#7405=STYLED_ITEM('',(#15226),#7728);
#7406=STYLED_ITEM('',(#15226),#7729);
#7407=STYLED_ITEM('',(#15226),#7730);
#7408=STYLED_ITEM('',(#15226),#7731);
#7409=STYLED_ITEM('',(#15226),#7732);
#7410=STYLED_ITEM('',(#15226),#7733);
#7411=STYLED_ITEM('',(#15226),#7734);
#7412=STYLED_ITEM('',(#15226),#7735);
#7413=STYLED_ITEM('',(#15226),#7736);
#7414=STYLED_ITEM('',(#15226),#7737);
#7415=STYLED_ITEM('',(#15226),#7738);
#7416=STYLED_ITEM('',(#15226),#7739);
#7417=STYLED_ITEM('',(#15226),#7740);
#7418=STYLED_ITEM('',(#15226),#7741);
#7419=STYLED_ITEM('',(#15226),#7742);
#7420=STYLED_ITEM('',(#15226),#7743);
#7421=STYLED_ITEM('',(#15226),#7744);
#7422=STYLED_ITEM('',(#15226),#7745);
#7423=STYLED_ITEM('',(#15226),#7746);
#7424=STYLED_ITEM('',(#15226),#7747);
#7425=STYLED_ITEM('',(#15226),#7748);
#7426=STYLED_ITEM('',(#15226),#7749);
#7427=STYLED_ITEM('',(#15226),#7750);
#7428=STYLED_ITEM('',(#15226),#7751);
#7429=STYLED_ITEM('',(#15226),#7752);
#7430=STYLED_ITEM('',(#15226),#7753);
#7431=STYLED_ITEM('',(#15226),#7754);
#7432=STYLED_ITEM('',(#15226),#7755);
#7433=STYLED_ITEM('',(#15226),#7756);
#7434=STYLED_ITEM('',(#15226),#7757);
#7435=STYLED_ITEM('',(#15226),#7758);
#7436=STYLED_ITEM('',(#15226),#7759);
#7437=STYLED_ITEM('',(#15226),#7760);
#7438=STYLED_ITEM('',(#15226),#7761);
#7439=STYLED_ITEM('',(#15226),#7762);
#7440=STYLED_ITEM('',(#15226),#7763);
#7441=STYLED_ITEM('',(#15226),#7764);
#7442=STYLED_ITEM('',(#15226),#7765);
#7443=STYLED_ITEM('',(#15226),#7766);
#7444=STYLED_ITEM('',(#15226),#7767);
#7445=STYLED_ITEM('',(#15226),#7768);
#7446=STYLED_ITEM('',(#15226),#7769);
#7447=STYLED_ITEM('',(#15226),#7770);
#7448=STYLED_ITEM('',(#15226),#7771);
#7449=STYLED_ITEM('',(#15226),#7772);
#7450=STYLED_ITEM('',(#15226),#7773);
#7451=STYLED_ITEM('',(#15226),#7774);
#7452=STYLED_ITEM('',(#15226),#7775);
#7453=STYLED_ITEM('',(#15226),#7776);
#7454=STYLED_ITEM('',(#15226),#7777);
#7455=STYLED_ITEM('',(#15226),#7778);
#7456=STYLED_ITEM('',(#15226),#7779);
#7457=STYLED_ITEM('',(#15226),#7780);
#7458=STYLED_ITEM('',(#15226),#7781);
#7459=STYLED_ITEM('',(#15226),#7782);
#7460=STYLED_ITEM('',(#15226),#7783);
#7461=STYLED_ITEM('',(#15226),#7784);
#7462=STYLED_ITEM('',(#15226),#7785);
#7463=STYLED_ITEM('',(#15226),#7786);
#7464=STYLED_ITEM('',(#15226),#7787);
#7465=STYLED_ITEM('',(#15226),#7788);
#7466=STYLED_ITEM('',(#15226),#7789);
#7467=STYLED_ITEM('',(#15226),#7790);
#7468=STYLED_ITEM('',(#15226),#7791);
#7469=STYLED_ITEM('',(#15226),#7792);
#7470=STYLED_ITEM('',(#15226),#7793);
#7471=STYLED_ITEM('',(#15226),#7794);
#7472=STYLED_ITEM('',(#15226),#7795);
#7473=STYLED_ITEM('',(#15226),#7796);
#7474=STYLED_ITEM('',(#15226),#7797);
#7475=STYLED_ITEM('',(#15226),#7798);
#7476=STYLED_ITEM('',(#15226),#7799);
#7477=STYLED_ITEM('',(#15226),#7800);
#7478=STYLED_ITEM('',(#15226),#7801);
#7479=STYLED_ITEM('',(#15226),#7802);
#7480=STYLED_ITEM('',(#15226),#7803);
#7481=STYLED_ITEM('',(#15226),#7804);
#7482=STYLED_ITEM('',(#15226),#7805);
#7483=STYLED_ITEM('',(#15226),#7806);
#7484=STYLED_ITEM('',(#15226),#7807);
#7485=STYLED_ITEM('',(#15226),#7808);
#7486=STYLED_ITEM('',(#15226),#7809);
#7487=STYLED_ITEM('',(#15226),#7810);
#7488=STYLED_ITEM('',(#15226),#7811);
#7489=STYLED_ITEM('',(#15226),#7812);
#7490=STYLED_ITEM('',(#15226),#7813);
#7491=STYLED_ITEM('',(#15226),#7814);
#7492=STYLED_ITEM('',(#15226),#7815);
#7493=STYLED_ITEM('',(#15226),#7816);
#7494=STYLED_ITEM('',(#15226),#7817);
#7495=STYLED_ITEM('',(#15226),#7818);
#7496=STYLED_ITEM('',(#15226),#7819);
#7497=STYLED_ITEM('',(#15226),#7820);
#7498=STYLED_ITEM('',(#15226),#7821);
#7499=STYLED_ITEM('',(#15226),#7822);
#7500=STYLED_ITEM('',(#15226),#7823);
#7501=STYLED_ITEM('',(#15226),#7824);
#7502=STYLED_ITEM('',(#15226),#7825);
#7503=STYLED_ITEM('',(#15226),#7826);
#7504=STYLED_ITEM('',(#15226),#7827);
#7505=STYLED_ITEM('',(#15226),#7828);
#7506=STYLED_ITEM('',(#15226),#7829);
#7507=STYLED_ITEM('',(#15226),#7830);
#7508=STYLED_ITEM('',(#15226),#7831);
#7509=STYLED_ITEM('',(#15226),#7832);
#7510=STYLED_ITEM('',(#15226),#7833);
#7511=STYLED_ITEM('',(#15226),#7834);
#7512=STYLED_ITEM('',(#15226),#7835);
#7513=STYLED_ITEM('',(#15226),#7836);
#7514=STYLED_ITEM('',(#15226),#7837);
#7515=STYLED_ITEM('',(#15226),#7838);
#7516=STYLED_ITEM('',(#15226),#7839);
#7517=STYLED_ITEM('',(#15226),#7840);
#7518=STYLED_ITEM('',(#15226),#7841);
#7519=STYLED_ITEM('',(#15226),#7842);
#7520=STYLED_ITEM('',(#15226),#7843);
#7521=STYLED_ITEM('',(#15226),#7844);
#7522=STYLED_ITEM('',(#15226),#7845);
#7523=STYLED_ITEM('',(#15226),#7846);
#7524=STYLED_ITEM('',(#15226),#7847);
#7525=STYLED_ITEM('',(#15226),#7848);
#7526=STYLED_ITEM('',(#15226),#7849);
#7527=STYLED_ITEM('',(#15226),#7850);
#7528=STYLED_ITEM('',(#15226),#7851);
#7529=STYLED_ITEM('',(#15226),#7852);
#7530=STYLED_ITEM('',(#15226),#7853);
#7531=STYLED_ITEM('',(#15226),#7854);
#7532=STYLED_ITEM('',(#15226),#7855);
#7533=STYLED_ITEM('',(#15226),#7856);
#7534=STYLED_ITEM('',(#15226),#7857);
#7535=STYLED_ITEM('',(#15226),#7858);
#7536=STYLED_ITEM('',(#15226),#7859);
#7537=STYLED_ITEM('',(#15226),#7860);
#7538=STYLED_ITEM('',(#15226),#7861);
#7539=STYLED_ITEM('',(#15226),#7862);
#7540=STYLED_ITEM('',(#15226),#7863);
#7541=STYLED_ITEM('',(#15226),#7864);
#7542=STYLED_ITEM('',(#15226),#7865);
#7543=STYLED_ITEM('',(#15226),#7866);
#7544=STYLED_ITEM('',(#15226),#7867);
#7545=STYLED_ITEM('',(#15226),#7868);
#7546=STYLED_ITEM('',(#15226),#7869);
#7547=STYLED_ITEM('',(#15226),#7870);
#7548=STYLED_ITEM('',(#15226),#7871);
#7549=STYLED_ITEM('',(#15226),#7872);
#7550=STYLED_ITEM('',(#15226),#7873);
#7551=STYLED_ITEM('',(#15226),#7874);
#7552=STYLED_ITEM('',(#15226),#7875);
#7553=STYLED_ITEM('',(#15226),#7876);
#7554=STYLED_ITEM('',(#15226),#7877);
#7555=STYLED_ITEM('',(#15226),#7878);
#7556=STYLED_ITEM('',(#15226),#7879);
#7557=STYLED_ITEM('',(#15226),#7880);
#7558=STYLED_ITEM('',(#15226),#7881);
#7559=STYLED_ITEM('',(#15226),#7882);
#7560=STYLED_ITEM('',(#15225),#152);
#7561=STYLED_ITEM('',(#15226),#7883);
#7562=STYLED_ITEM('',(#15226),#7884);
#7563=STYLED_ITEM('',(#15226),#7885);
#7564=STYLED_ITEM('',(#15226),#7886);
#7565=STYLED_ITEM('',(#15226),#7887);
#7566=STYLED_ITEM('',(#15226),#7888);
#7567=STYLED_ITEM('',(#15226),#7889);
#7568=STYLED_ITEM('',(#15226),#7890);
#7569=STYLED_ITEM('',(#15226),#7891);
#7570=STYLED_ITEM('',(#15226),#7892);
#7571=STYLED_ITEM('',(#15226),#7893);
#7572=STYLED_ITEM('',(#15226),#7894);
#7573=STYLED_ITEM('',(#15226),#7895);
#7574=STYLED_ITEM('',(#15226),#7896);
#7575=STYLED_ITEM('',(#15226),#7897);
#7576=STYLED_ITEM('',(#15226),#7898);
#7577=STYLED_ITEM('',(#15226),#7899);
#7578=STYLED_ITEM('',(#15226),#7900);
#7579=STYLED_ITEM('',(#15226),#7901);
#7580=STYLED_ITEM('',(#15226),#7902);
#7581=STYLED_ITEM('',(#15226),#7903);
#7582=STYLED_ITEM('',(#15226),#7904);
#7583=STYLED_ITEM('',(#15226),#7905);
#7584=STYLED_ITEM('',(#15226),#7906);
#7585=STYLED_ITEM('',(#15226),#7907);
#7586=STYLED_ITEM('',(#15226),#7908);
#7587=STYLED_ITEM('',(#15226),#7909);
#7588=STYLED_ITEM('',(#15226),#7910);
#7589=STYLED_ITEM('',(#15226),#7911);
#7590=STYLED_ITEM('',(#15226),#7912);
#7591=STYLED_ITEM('',(#15226),#7913);
#7592=STYLED_ITEM('',(#15226),#7914);
#7593=STYLED_ITEM('',(#15226),#7915);
#7594=STYLED_ITEM('',(#15226),#7916);
#7595=STYLED_ITEM('',(#15226),#7917);
#7596=STYLED_ITEM('',(#15226),#7918);
#7597=STYLED_ITEM('',(#15226),#7919);
#7598=STYLED_ITEM('',(#15226),#7920);
#7599=STYLED_ITEM('',(#15226),#7921);
#7600=STYLED_ITEM('',(#15226),#7922);
#7601=STYLED_ITEM('',(#15226),#7923);
#7602=STYLED_ITEM('',(#15226),#7924);
#7603=STYLED_ITEM('',(#15226),#7925);
#7604=STYLED_ITEM('',(#15226),#7926);
#7605=STYLED_ITEM('',(#15226),#7927);
#7606=STYLED_ITEM('',(#15226),#7928);
#7607=STYLED_ITEM('',(#15226),#7929);
#7608=STYLED_ITEM('',(#15226),#7930);
#7609=STYLED_ITEM('',(#15226),#7931);
#7610=STYLED_ITEM('',(#15226),#7932);
#7611=STYLED_ITEM('',(#15226),#7933);
#7612=STYLED_ITEM('',(#15226),#7934);
#7613=STYLED_ITEM('',(#15226),#7935);
#7614=STYLED_ITEM('',(#15226),#7936);
#7615=STYLED_ITEM('',(#15226),#7937);
#7616=STYLED_ITEM('',(#15226),#7938);
#7617=STYLED_ITEM('',(#15226),#7939);
#7618=STYLED_ITEM('',(#15226),#7940);
#7619=STYLED_ITEM('',(#15226),#7941);
#7620=STYLED_ITEM('',(#15226),#7942);
#7621=STYLED_ITEM('',(#15226),#7943);
#7622=STYLED_ITEM('',(#15226),#7944);
#7623=STYLED_ITEM('',(#15226),#7945);
#7624=STYLED_ITEM('',(#15226),#7946);
#7625=STYLED_ITEM('',(#15226),#7947);
#7626=STYLED_ITEM('',(#15226),#7948);
#7627=STYLED_ITEM('',(#15226),#7949);
#7628=STYLED_ITEM('',(#15226),#7950);
#7629=STYLED_ITEM('',(#15226),#7951);
#7630=STYLED_ITEM('',(#15226),#7952);
#7631=STYLED_ITEM('',(#15226),#7953);
#7632=STYLED_ITEM('',(#15226),#7954);
#7633=STYLED_ITEM('',(#15226),#7955);
#7634=STYLED_ITEM('',(#15226),#7956);
#7635=STYLED_ITEM('',(#15226),#7957);
#7636=STYLED_ITEM('',(#15226),#7958);
#7637=STYLED_ITEM('',(#15226),#7959);
#7638=STYLED_ITEM('',(#15226),#7960);
#7639=STYLED_ITEM('',(#15226),#7961);
#7640=STYLED_ITEM('',(#15226),#7962);
#7641=STYLED_ITEM('',(#15226),#7963);
#7642=STYLED_ITEM('',(#15226),#7964);
#7643=STYLED_ITEM('',(#15226),#7965);
#7644=STYLED_ITEM('',(#15226),#7966);
#7645=STYLED_ITEM('',(#15226),#7967);
#7646=STYLED_ITEM('',(#15226),#7968);
#7647=STYLED_ITEM('',(#15226),#7969);
#7648=STYLED_ITEM('',(#15226),#7970);
#7649=STYLED_ITEM('',(#15226),#7971);
#7650=STYLED_ITEM('',(#15226),#7972);
#7651=STYLED_ITEM('',(#15226),#7973);
#7652=STYLED_ITEM('',(#15226),#7974);
#7653=STYLED_ITEM('',(#15226),#7975);
#7654=STYLED_ITEM('',(#15226),#7976);
#7655=STYLED_ITEM('',(#15226),#7977);
#7656=STYLED_ITEM('',(#15226),#7978);
#7657=STYLED_ITEM('',(#15226),#7979);
#7658=STYLED_ITEM('',(#15226),#7980);
#7659=STYLED_ITEM('',(#15226),#7981);
#7660=STYLED_ITEM('',(#15226),#7982);
#7661=STYLED_ITEM('',(#15226),#7983);
#7662=STYLED_ITEM('',(#15226),#7984);
#7663=STYLED_ITEM('',(#15226),#7985);
#7664=STYLED_ITEM('',(#15226),#7986);
#7665=STYLED_ITEM('',(#15226),#7987);
#7666=STYLED_ITEM('',(#15226),#7988);
#7667=STYLED_ITEM('',(#15226),#7989);
#7668=STYLED_ITEM('',(#15226),#7990);
#7669=STYLED_ITEM('',(#15226),#7991);
#7670=STYLED_ITEM('',(#15226),#7992);
#7671=STYLED_ITEM('',(#15226),#7993);
#7672=STYLED_ITEM('',(#15226),#7994);
#7673=STYLED_ITEM('',(#15226),#7995);
#7674=STYLED_ITEM('',(#15226),#7996);
#7675=STYLED_ITEM('',(#15226),#7997);
#7676=STYLED_ITEM('',(#15227),#153);
#7677=STYLED_ITEM('',(#15229),#154);
#7678=STYLED_ITEM('',(#15229),#155);
#7679=STYLED_ITEM('',(#15231),#13);
#7680=ADVANCED_FACE('',(#504),#7163,.F.);
#7681=ADVANCED_FACE('',(#505),#7164,.F.);
#7682=ADVANCED_FACE('',(#506),#7165,.F.);
#7683=ADVANCED_FACE('',(#507),#7166,.F.);
#7684=ADVANCED_FACE('',(#508),#7167,.F.);
#7685=ADVANCED_FACE('',(#509),#7168,.F.);
#7686=ADVANCED_FACE('',(#510),#7169,.F.);
#7687=ADVANCED_FACE('',(#511,#156,#157,#158,#159,#160,#161,#162,#163,#164,
#165,#166,#167,#168,#169,#170,#171,#172,#173,#174,#175,#176,#177,#178,#179,
#180,#181,#182,#183,#184,#185,#186,#187,#188,#189,#190,#191,#192,#193,#194,
#195,#196,#197,#198,#199,#200,#201,#202,#203,#204,#205,#206,#207,#208,#209,
#210,#211),#338,.T.);
#7688=ADVANCED_FACE('',(#512),#339,.F.);
#7689=ADVANCED_FACE('',(#513),#7170,.F.);
#7690=ADVANCED_FACE('',(#514),#340,.T.);
#7691=ADVANCED_FACE('',(#515),#341,.F.);
#7692=ADVANCED_FACE('',(#516),#7171,.F.);
#7693=ADVANCED_FACE('',(#517),#342,.T.);
#7694=ADVANCED_FACE('',(#518),#343,.F.);
#7695=ADVANCED_FACE('',(#519),#7172,.F.);
#7696=ADVANCED_FACE('',(#520),#344,.T.);
#7697=ADVANCED_FACE('',(#521),#7173,.T.);
#7698=ADVANCED_FACE('',(#522),#345,.F.);
#7699=ADVANCED_FACE('',(#523),#7174,.F.);
#7700=ADVANCED_FACE('',(#524),#7175,.T.);
#7701=ADVANCED_FACE('',(#525),#346,.F.);
#7702=ADVANCED_FACE('',(#526),#7176,.F.);
#7703=ADVANCED_FACE('',(#527),#7177,.T.);
#7704=ADVANCED_FACE('',(#528),#347,.F.);
#7705=ADVANCED_FACE('',(#529),#7178,.F.);
#7706=ADVANCED_FACE('',(#530),#7179,.T.);
#7707=ADVANCED_FACE('',(#531),#348,.F.);
#7708=ADVANCED_FACE('',(#532),#7180,.F.);
#7709=ADVANCED_FACE('',(#533),#7181,.T.);
#7710=ADVANCED_FACE('',(#534),#349,.F.);
#7711=ADVANCED_FACE('',(#535),#7182,.F.);
#7712=ADVANCED_FACE('',(#536),#350,.T.);
#7713=ADVANCED_FACE('',(#537),#7183,.T.);
#7714=ADVANCED_FACE('',(#538),#351,.F.);
#7715=ADVANCED_FACE('',(#539),#7184,.F.);
#7716=ADVANCED_FACE('',(#540),#352,.T.);
#7717=ADVANCED_FACE('',(#541),#7185,.T.);
#7718=ADVANCED_FACE('',(#542),#353,.F.);
#7719=ADVANCED_FACE('',(#543),#7186,.F.);
#7720=ADVANCED_FACE('',(#544),#354,.T.);
#7721=ADVANCED_FACE('',(#545),#7187,.F.);
#7722=ADVANCED_FACE('',(#546),#355,.T.);
#7723=ADVANCED_FACE('',(#547),#7188,.T.);
#7724=ADVANCED_FACE('',(#548),#356,.T.);
#7725=ADVANCED_FACE('',(#549),#7189,.T.);
#7726=ADVANCED_FACE('',(#550),#357,.F.);
#7727=ADVANCED_FACE('',(#551),#358,.T.);
#7728=ADVANCED_FACE('',(#552),#7190,.T.);
#7729=ADVANCED_FACE('',(#553),#359,.F.);
#7730=ADVANCED_FACE('',(#554),#360,.T.);
#7731=ADVANCED_FACE('',(#555),#7191,.T.);
#7732=ADVANCED_FACE('',(#556),#361,.F.);
#7733=ADVANCED_FACE('',(#557),#362,.T.);
#7734=ADVANCED_FACE('',(#558),#7192,.T.);
#7735=ADVANCED_FACE('',(#559),#363,.F.);
#7736=ADVANCED_FACE('',(#560),#364,.F.);
#7737=ADVANCED_FACE('',(#561),#7193,.F.);
#7738=ADVANCED_FACE('',(#562),#365,.T.);
#7739=ADVANCED_FACE('',(#563),#366,.T.);
#7740=ADVANCED_FACE('',(#564),#7194,.T.);
#7741=ADVANCED_FACE('',(#565),#367,.F.);
#7742=ADVANCED_FACE('',(#566),#368,.T.);
#7743=ADVANCED_FACE('',(#567),#7195,.T.);
#7744=ADVANCED_FACE('',(#568),#369,.F.);
#7745=ADVANCED_FACE('',(#569),#7196,.F.);
#7746=ADVANCED_FACE('',(#570),#370,.T.);
#7747=ADVANCED_FACE('',(#571),#7197,.T.);
#7748=ADVANCED_FACE('',(#572),#371,.T.);
#7749=ADVANCED_FACE('',(#573),#7198,.T.);
#7750=ADVANCED_FACE('',(#574),#372,.F.);
#7751=ADVANCED_FACE('',(#575),#7199,.F.);
#7752=ADVANCED_FACE('',(#576),#373,.T.);
#7753=ADVANCED_FACE('',(#577),#7200,.T.);
#7754=ADVANCED_FACE('',(#578),#374,.F.);
#7755=ADVANCED_FACE('',(#579),#7201,.F.);
#7756=ADVANCED_FACE('',(#580),#375,.T.);
#7757=ADVANCED_FACE('',(#581),#376,.F.);
#7758=ADVANCED_FACE('',(#582),#7202,.F.);
#7759=ADVANCED_FACE('',(#583),#377,.T.);
#7760=ADVANCED_FACE('',(#584),#7203,.F.);
#7761=ADVANCED_FACE('',(#585),#378,.T.);
#7762=ADVANCED_FACE('',(#586),#7204,.T.);
#7763=ADVANCED_FACE('',(#587),#7205,.F.);
#7764=ADVANCED_FACE('',(#588),#379,.T.);
#7765=ADVANCED_FACE('',(#589),#7206,.T.);
#7766=ADVANCED_FACE('',(#590),#380,.F.);
#7767=ADVANCED_FACE('',(#591),#7207,.F.);
#7768=ADVANCED_FACE('',(#592),#381,.T.);
#7769=ADVANCED_FACE('',(#593),#382,.T.);
#7770=ADVANCED_FACE('',(#594),#7208,.T.);
#7771=ADVANCED_FACE('',(#595),#7209,.F.);
#7772=ADVANCED_FACE('',(#596),#383,.T.);
#7773=ADVANCED_FACE('',(#597),#7210,.T.);
#7774=ADVANCED_FACE('',(#598),#7211,.T.);
#7775=ADVANCED_FACE('',(#599),#384,.F.);
#7776=ADVANCED_FACE('',(#600),#385,.T.);
#7777=ADVANCED_FACE('',(#601),#7212,.T.);
#7778=ADVANCED_FACE('',(#602),#386,.F.);
#7779=ADVANCED_FACE('',(#603),#387,.T.);
#7780=ADVANCED_FACE('',(#604),#7213,.T.);
#7781=ADVANCED_FACE('',(#605),#7214,.F.);
#7782=ADVANCED_FACE('',(#606),#388,.T.);
#7783=ADVANCED_FACE('',(#607),#7215,.T.);
#7784=ADVANCED_FACE('',(#608),#389,.T.);
#7785=ADVANCED_FACE('',(#609),#7216,.T.);
#7786=ADVANCED_FACE('',(#610),#390,.F.);
#7787=ADVANCED_FACE('',(#611),#391,.T.);
#7788=ADVANCED_FACE('',(#612),#7217,.T.);
#7789=ADVANCED_FACE('',(#613),#7218,.F.);
#7790=ADVANCED_FACE('',(#614),#392,.T.);
#7791=ADVANCED_FACE('',(#615),#7219,.T.);
#7792=ADVANCED_FACE('',(#616),#7220,.F.);
#7793=ADVANCED_FACE('',(#617),#393,.T.);
#7794=ADVANCED_FACE('',(#618),#7221,.T.);
#7795=ADVANCED_FACE('',(#619),#394,.T.);
#7796=ADVANCED_FACE('',(#620),#7222,.T.);
#7797=ADVANCED_FACE('',(#621),#395,.F.);
#7798=ADVANCED_FACE('',(#622),#396,.T.);
#7799=ADVANCED_FACE('',(#623),#7223,.T.);
#7800=ADVANCED_FACE('',(#624),#397,.F.);
#7801=ADVANCED_FACE('',(#625),#398,.F.);
#7802=ADVANCED_FACE('',(#626),#7224,.F.);
#7803=ADVANCED_FACE('',(#627),#399,.T.);
#7804=ADVANCED_FACE('',(#628),#400,.T.);
#7805=ADVANCED_FACE('',(#629),#7225,.T.);
#7806=ADVANCED_FACE('',(#630),#401,.F.);
#7807=ADVANCED_FACE('',(#631),#7226,.T.);
#7808=ADVANCED_FACE('',(#632),#402,.F.);
#7809=ADVANCED_FACE('',(#633),#7227,.F.);
#7810=ADVANCED_FACE('',(#634),#403,.T.);
#7811=ADVANCED_FACE('',(#635),#7228,.T.);
#7812=ADVANCED_FACE('',(#636),#404,.F.);
#7813=ADVANCED_FACE('',(#637),#7229,.F.);
#7814=ADVANCED_FACE('',(#638),#405,.T.);
#7815=ADVANCED_FACE('',(#639),#7230,.T.);
#7816=ADVANCED_FACE('',(#640),#406,.T.);
#7817=ADVANCED_FACE('',(#641),#7231,.T.);
#7818=ADVANCED_FACE('',(#642),#7232,.F.);
#7819=ADVANCED_FACE('',(#643),#407,.T.);
#7820=ADVANCED_FACE('',(#644),#7233,.T.);
#7821=ADVANCED_FACE('',(#645),#408,.T.);
#7822=ADVANCED_FACE('',(#646),#7234,.T.);
#7823=ADVANCED_FACE('',(#647),#409,.F.);
#7824=ADVANCED_FACE('',(#648),#410,.T.);
#7825=ADVANCED_FACE('',(#649),#7235,.T.);
#7826=ADVANCED_FACE('',(#650),#411,.F.);
#7827=ADVANCED_FACE('',(#651),#7236,.T.);
#7828=ADVANCED_FACE('',(#652),#7237,.T.);
#7829=ADVANCED_FACE('',(#653),#412,.T.);
#7830=ADVANCED_FACE('',(#654),#413,.T.);
#7831=ADVANCED_FACE('',(#655),#414,.T.);
#7832=ADVANCED_FACE('',(#656),#415,.T.);
#7833=ADVANCED_FACE('',(#657),#416,.T.);
#7834=ADVANCED_FACE('',(#658),#7238,.F.);
#7835=ADVANCED_FACE('',(#659),#417,.F.);
#7836=ADVANCED_FACE('',(#660),#7239,.T.);
#7837=ADVANCED_FACE('',(#661),#418,.F.);
#7838=ADVANCED_FACE('',(#662),#7240,.F.);
#7839=ADVANCED_FACE('',(#663),#7241,.F.);
#7840=ADVANCED_FACE('',(#664),#7242,.F.);
#7841=ADVANCED_FACE('',(#665),#7243,.F.);
#7842=ADVANCED_FACE('',(#666),#7244,.T.);
#7843=ADVANCED_FACE('',(#667),#7245,.F.);
#7844=ADVANCED_FACE('',(#668),#7246,.F.);
#7845=ADVANCED_FACE('',(#669),#419,.F.);
#7846=ADVANCED_FACE('',(#670),#7247,.F.);
#7847=ADVANCED_FACE('',(#671),#420,.F.);
#7848=ADVANCED_FACE('',(#672),#7248,.T.);
#7849=ADVANCED_FACE('',(#673),#7249,.T.);
#7850=ADVANCED_FACE('',(#674),#421,.F.);
#7851=ADVANCED_FACE('',(#675),#422,.F.);
#7852=ADVANCED_FACE('',(#676),#7250,.T.);
#7853=ADVANCED_FACE('',(#677),#423,.F.);
#7854=ADVANCED_FACE('',(#678),#424,.F.);
#7855=ADVANCED_FACE('',(#679),#425,.T.);
#7856=ADVANCED_FACE('',(#680),#426,.F.);
#7857=ADVANCED_FACE('',(#681),#7251,.T.);
#7858=ADVANCED_FACE('',(#682),#427,.F.);
#7859=ADVANCED_FACE('',(#683),#428,.F.);
#7860=ADVANCED_FACE('',(#684),#429,.F.);
#7861=ADVANCED_FACE('',(#685),#430,.F.);
#7862=ADVANCED_FACE('',(#686),#7252,.F.);
#7863=ADVANCED_FACE('',(#687),#7253,.F.);
#7864=ADVANCED_FACE('',(#688),#7254,.T.);
#7865=ADVANCED_FACE('',(#689),#7255,.F.);
#7866=ADVANCED_FACE('',(#690),#431,.T.);
#7867=ADVANCED_FACE('',(#691),#7256,.F.);
#7868=ADVANCED_FACE('',(#692),#432,.F.);
#7869=ADVANCED_FACE('',(#693),#433,.F.);
#7870=ADVANCED_FACE('',(#694),#434,.F.);
#7871=ADVANCED_FACE('',(#695),#7257,.F.);
#7872=ADVANCED_FACE('',(#696),#7258,.F.);
#7873=ADVANCED_FACE('',(#697),#7259,.T.);
#7874=ADVANCED_FACE('',(#698,#212,#213,#214,#215,#216,#217,#218,#219,#220,
#221,#222,#223,#224,#225,#226,#227,#228,#229,#230,#231,#232,#233,#234,#235,
#236,#237,#238,#239,#240,#241,#242,#243,#244,#245,#246,#247,#248,#249,#250,
#251,#252,#253,#254,#255,#256,#257,#258,#259,#260,#261,#262,#263,#264,#265,
#266,#267),#435,.F.);
#7875=ADVANCED_FACE('',(#699),#7260,.F.);
#7876=ADVANCED_FACE('',(#700),#7261,.F.);
#7877=ADVANCED_FACE('',(#701),#7262,.F.);
#7878=ADVANCED_FACE('',(#702),#7263,.F.);
#7879=ADVANCED_FACE('',(#703),#7264,.F.);
#7880=ADVANCED_FACE('',(#704),#7265,.F.);
#7881=ADVANCED_FACE('',(#705),#7266,.F.);
#7882=ADVANCED_FACE('',(#706),#7267,.F.);
#7883=ADVANCED_FACE('',(#707),#7268,.F.);
#7884=ADVANCED_FACE('',(#708),#7269,.F.);
#7885=ADVANCED_FACE('',(#709),#7270,.F.);
#7886=ADVANCED_FACE('',(#710),#7271,.F.);
#7887=ADVANCED_FACE('',(#711),#7272,.F.);
#7888=ADVANCED_FACE('',(#712),#7273,.F.);
#7889=ADVANCED_FACE('',(#713),#7274,.F.);
#7890=ADVANCED_FACE('',(#714),#7275,.F.);
#7891=ADVANCED_FACE('',(#715),#7276,.F.);
#7892=ADVANCED_FACE('',(#716),#7277,.F.);
#7893=ADVANCED_FACE('',(#717),#7278,.F.);
#7894=ADVANCED_FACE('',(#718,#268,#269,#270,#271,#272,#273,#274,#275,#276,
#277,#278,#279,#280,#281,#282,#283,#284,#285,#286,#287,#288,#289,#290,#291,
#292,#293,#294,#295,#296,#297,#298,#299,#300),#436,.T.);
#7895=ADVANCED_FACE('',(#719),#7279,.F.);
#7896=ADVANCED_FACE('',(#720),#437,.T.);
#7897=ADVANCED_FACE('',(#721),#7280,.T.);
#7898=ADVANCED_FACE('',(#722),#438,.F.);
#7899=ADVANCED_FACE('',(#723),#7281,.T.);
#7900=ADVANCED_FACE('',(#724),#439,.F.);
#7901=ADVANCED_FACE('',(#725),#7282,.F.);
#7902=ADVANCED_FACE('',(#726),#7283,.F.);
#7903=ADVANCED_FACE('',(#727),#7284,.T.);
#7904=ADVANCED_FACE('',(#728),#440,.F.);
#7905=ADVANCED_FACE('',(#729),#7285,.F.);
#7906=ADVANCED_FACE('',(#730),#441,.F.);
#7907=ADVANCED_FACE('',(#731),#7286,.T.);
#7908=ADVANCED_FACE('',(#732),#7287,.F.);
#7909=ADVANCED_FACE('',(#733),#442,.T.);
#7910=ADVANCED_FACE('',(#734),#7288,.T.);
#7911=ADVANCED_FACE('',(#735),#443,.F.);
#7912=ADVANCED_FACE('',(#736),#7289,.F.);
#7913=ADVANCED_FACE('',(#737),#444,.T.);
#7914=ADVANCED_FACE('',(#738),#7290,.F.);
#7915=ADVANCED_FACE('',(#739),#445,.T.);
#7916=ADVANCED_FACE('',(#740),#7291,.T.);
#7917=ADVANCED_FACE('',(#741),#446,.T.);
#7918=ADVANCED_FACE('',(#742),#7292,.T.);
#7919=ADVANCED_FACE('',(#743),#447,.T.);
#7920=ADVANCED_FACE('',(#744),#7293,.T.);
#7921=ADVANCED_FACE('',(#745),#448,.F.);
#7922=ADVANCED_FACE('',(#746),#449,.F.);
#7923=ADVANCED_FACE('',(#747),#450,.T.);
#7924=ADVANCED_FACE('',(#748),#7294,.T.);
#7925=ADVANCED_FACE('',(#749),#451,.F.);
#7926=ADVANCED_FACE('',(#750),#452,.F.);
#7927=ADVANCED_FACE('',(#751),#453,.T.);
#7928=ADVANCED_FACE('',(#752),#7295,.T.);
#7929=ADVANCED_FACE('',(#753),#454,.F.);
#7930=ADVANCED_FACE('',(#754),#455,.T.);
#7931=ADVANCED_FACE('',(#755),#7296,.T.);
#7932=ADVANCED_FACE('',(#756),#456,.T.);
#7933=ADVANCED_FACE('',(#757),#7297,.T.);
#7934=ADVANCED_FACE('',(#758),#457,.T.);
#7935=ADVANCED_FACE('',(#759),#7298,.T.);
#7936=ADVANCED_FACE('',(#760),#458,.F.);
#7937=ADVANCED_FACE('',(#761),#7299,.F.);
#7938=ADVANCED_FACE('',(#762),#7300,.F.);
#7939=ADVANCED_FACE('',(#763),#459,.F.);
#7940=ADVANCED_FACE('',(#764),#7301,.F.);
#7941=ADVANCED_FACE('',(#765),#460,.T.);
#7942=ADVANCED_FACE('',(#766),#461,.T.);
#7943=ADVANCED_FACE('',(#767),#7302,.T.);
#7944=ADVANCED_FACE('',(#768),#7303,.T.);
#7945=ADVANCED_FACE('',(#769),#462,.F.);
#7946=ADVANCED_FACE('',(#770),#463,.T.);
#7947=ADVANCED_FACE('',(#771),#7304,.T.);
#7948=ADVANCED_FACE('',(#772),#464,.F.);
#7949=ADVANCED_FACE('',(#773),#465,.T.);
#7950=ADVANCED_FACE('',(#774),#7305,.T.);
#7951=ADVANCED_FACE('',(#775),#7306,.F.);
#7952=ADVANCED_FACE('',(#776),#466,.T.);
#7953=ADVANCED_FACE('',(#777),#467,.T.);
#7954=ADVANCED_FACE('',(#778),#7307,.T.);
#7955=ADVANCED_FACE('',(#779),#468,.F.);
#7956=ADVANCED_FACE('',(#780),#469,.T.);
#7957=ADVANCED_FACE('',(#781),#7308,.T.);
#7958=ADVANCED_FACE('',(#782),#470,.T.);
#7959=ADVANCED_FACE('',(#783),#471,.F.);
#7960=ADVANCED_FACE('',(#784),#472,.F.);
#7961=ADVANCED_FACE('',(#785),#473,.T.);
#7962=ADVANCED_FACE('',(#786),#7309,.T.);
#7963=ADVANCED_FACE('',(#787),#474,.F.);
#7964=ADVANCED_FACE('',(#788),#475,.T.);
#7965=ADVANCED_FACE('',(#789),#476,.T.);
#7966=ADVANCED_FACE('',(#790),#477,.T.);
#7967=ADVANCED_FACE('',(#791),#478,.F.);
#7968=ADVANCED_FACE('',(#792),#7310,.T.);
#7969=ADVANCED_FACE('',(#793),#479,.F.);
#7970=ADVANCED_FACE('',(#794),#7311,.F.);
#7971=ADVANCED_FACE('',(#795),#7312,.F.);
#7972=ADVANCED_FACE('',(#796),#7313,.F.);
#7973=ADVANCED_FACE('',(#797),#7314,.F.);
#7974=ADVANCED_FACE('',(#798),#7315,.F.);
#7975=ADVANCED_FACE('',(#799),#7316,.T.);
#7976=ADVANCED_FACE('',(#800),#7317,.T.);
#7977=ADVANCED_FACE('',(#801),#480,.F.);
#7978=ADVANCED_FACE('',(#802),#481,.T.);
#7979=ADVANCED_FACE('',(#803),#482,.F.);
#7980=ADVANCED_FACE('',(#804),#7318,.T.);
#7981=ADVANCED_FACE('',(#805),#483,.F.);
#7982=ADVANCED_FACE('',(#806),#7319,.T.);
#7983=ADVANCED_FACE('',(#807),#7320,.F.);
#7984=ADVANCED_FACE('',(#808),#484,.F.);
#7985=ADVANCED_FACE('',(#809,#301,#302,#303,#304,#305,#306,#307,#308,#309,
#310,#311,#312,#313,#314,#315,#316,#317,#318,#319,#320,#321,#322,#323,#324,
#325,#326,#327,#328,#329,#330,#331,#332,#333),#485,.F.);
#7986=ADVANCED_FACE('',(#810),#7321,.F.);
#7987=ADVANCED_FACE('',(#811),#7322,.F.);
#7988=ADVANCED_FACE('',(#812),#7323,.F.);
#7989=ADVANCED_FACE('',(#813),#7324,.F.);
#7990=ADVANCED_FACE('',(#814),#7325,.F.);
#7991=ADVANCED_FACE('',(#815),#7326,.F.);
#7992=ADVANCED_FACE('',(#816),#7327,.F.);
#7993=ADVANCED_FACE('',(#817),#7328,.F.);
#7994=ADVANCED_FACE('',(#818),#7329,.F.);
#7995=ADVANCED_FACE('',(#819),#7330,.F.);
#7996=ADVANCED_FACE('',(#820),#7331,.F.);
#7997=ADVANCED_FACE('',(#821),#7332,.F.);
#7998=ADVANCED_FACE('',(#822),#7333,.T.);
#7999=ADVANCED_FACE('',(#823),#7334,.T.);
#8000=ADVANCED_FACE('',(#824),#7335,.T.);
#8001=ADVANCED_FACE('',(#825),#7336,.T.);
#8002=ADVANCED_FACE('',(#826),#7337,.T.);
#8003=ADVANCED_FACE('',(#827),#7338,.T.);
#8004=ADVANCED_FACE('',(#828),#7339,.T.);
#8005=ADVANCED_FACE('',(#829),#7340,.T.);
#8006=ADVANCED_FACE('',(#830),#486,.T.);
#8007=ADVANCED_FACE('',(#831),#7341,.F.);
#8008=ADVANCED_FACE('',(#832),#102,.F.);
#8009=ADVANCED_FACE('',(#833),#7342,.T.);
#8010=ADVANCED_FACE('',(#834),#97,.T.);
#8011=ADVANCED_FACE('',(#835),#7343,.T.);
#8012=ADVANCED_FACE('',(#836),#98,.T.);
#8013=ADVANCED_FACE('',(#837),#99,.T.);
#8014=ADVANCED_FACE('',(#838),#487,.T.);
#8015=ADVANCED_FACE('',(#839,#334),#488,.T.);
#8016=ADVANCED_FACE('',(#840),#71,.T.);
#8017=ADVANCED_FACE('',(#841),#72,.T.);
#8018=ADVANCED_FACE('',(#842),#73,.T.);
#8019=ADVANCED_FACE('',(#843),#100,.T.);
#8020=ADVANCED_FACE('',(#844,#335),#489,.T.);
#8021=ADVANCED_FACE('',(#845),#490,.T.);
#8022=ADVANCED_FACE('',(#846),#491,.T.);
#8023=ADVANCED_FACE('',(#847),#7344,.T.);
#8024=ADVANCED_FACE('',(#848),#7345,.T.);
#8025=ADVANCED_FACE('',(#849),#7346,.T.);
#8026=ADVANCED_FACE('',(#850),#492,.T.);
#8027=ADVANCED_FACE('',(#851),#493,.T.);
#8028=ADVANCED_FACE('',(#852),#494,.T.);
#8029=ADVANCED_FACE('',(#853),#495,.T.);
#8030=ADVANCED_FACE('',(#854),#7347,.T.);
#8031=ADVANCED_FACE('',(#855),#7348,.T.);
#8032=ADVANCED_FACE('',(#856),#7349,.T.);
#8033=ADVANCED_FACE('',(#857),#7350,.F.);
#8034=ADVANCED_FACE('',(#858,#336),#496,.F.);
#8035=ADVANCED_FACE('',(#859),#497,.T.);
#8036=ADVANCED_FACE('',(#860),#7351,.T.);
#8037=ADVANCED_FACE('',(#861),#498,.T.);
#8038=ADVANCED_FACE('',(#862),#7352,.T.);
#8039=ADVANCED_FACE('',(#863),#499,.T.);
#8040=ADVANCED_FACE('',(#864),#7353,.T.);
#8041=ADVANCED_FACE('',(#865),#101,.T.);
#8042=ADVANCED_FACE('',(#866,#337),#500,.T.);
#8043=ADVANCED_FACE('',(#867),#7354,.T.);
#8044=ADVANCED_FACE('',(#868),#501,.T.);
#8045=ADVANCED_FACE('',(#869),#502,.T.);
#8046=ADVANCED_FACE('',(#870),#503,.T.);
#8047=ADVANCED_FACE('',(#871),#7355,.T.);
#8048=ADVANCED_FACE('',(#872),#7356,.T.);
#8049=CLOSED_SHELL('',(#7680,#7681,#7682,#7683,#7684,#7685,#7686,#7687,
#7688,#7689,#7690,#7691,#7692,#7693,#7694,#7695,#7696,#7697,#7698,#7699,
#7700,#7701,#7702,#7703,#7704,#7705,#7706,#7707,#7708,#7709,#7710,#7711,
#7712,#7713,#7714,#7715,#7716,#7717,#7718,#7719,#7720,#7721,#7722,#7723,
#7724,#7725,#7726,#7727,#7728,#7729,#7730,#7731,#7732,#7733,#7734,#7735,
#7736,#7737,#7738,#7739,#7740,#7741,#7742,#7743,#7744,#7745,#7746,#7747,
#7748,#7749,#7750,#7751,#7752,#7753,#7754,#7755,#7756,#7757,#7758,#7759,
#7760,#7761,#7762,#7763,#7764,#7765,#7766,#7767,#7768,#7769,#7770,#7771,
#7772,#7773,#7774,#7775,#7776,#7777,#7778,#7779,#7780,#7781,#7782,#7783,
#7784,#7785,#7786,#7787,#7788,#7789,#7790,#7791,#7792,#7793,#7794,#7795,
#7796,#7797,#7798,#7799,#7800,#7801,#7802,#7803,#7804,#7805,#7806,#7807,
#7808,#7809,#7810,#7811,#7812,#7813,#7814,#7815,#7816,#7817,#7818,#7819,
#7820,#7821,#7822,#7823,#7824,#7825,#7826,#7827,#7828,#7829,#7830,#7831,
#7832,#7833,#7834,#7835,#7836,#7837,#7838,#7839,#7840,#7841,#7842,#7843,
#7844,#7845,#7846,#7847,#7848,#7849,#7850,#7851,#7852,#7853,#7854,#7855,
#7856,#7857,#7858,#7859,#7860,#7861,#7862,#7863,#7864,#7865,#7866,#7867,
#7868,#7869,#7870,#7871,#7872,#7873,#7874,#7875,#7876,#7877,#7878,#7879,
#7880,#7881,#7882));
#8050=CLOSED_SHELL('',(#7883,#7884,#7885,#7886,#7887,#7888,#7889,#7890,
#7891,#7892,#7893,#7894,#7895,#7896,#7897,#7898,#7899,#7900,#7901,#7902,
#7903,#7904,#7905,#7906,#7907,#7908,#7909,#7910,#7911,#7912,#7913,#7914,
#7915,#7916,#7917,#7918,#7919,#7920,#7921,#7922,#7923,#7924,#7925,#7926,
#7927,#7928,#7929,#7930,#7931,#7932,#7933,#7934,#7935,#7936,#7937,#7938,
#7939,#7940,#7941,#7942,#7943,#7944,#7945,#7946,#7947,#7948,#7949,#7950,
#7951,#7952,#7953,#7954,#7955,#7956,#7957,#7958,#7959,#7960,#7961,#7962,
#7963,#7964,#7965,#7966,#7967,#7968,#7969,#7970,#7971,#7972,#7973,#7974,
#7975,#7976,#7977,#7978,#7979,#7980,#7981,#7982,#7983,#7984,#7985,#7986,
#7987,#7988,#7989,#7990,#7991,#7992,#7993,#7994,#7995,#7996,#7997));
#8051=CLOSED_SHELL('',(#7998,#7999,#8000,#8001,#8002,#8003,#8004,#8005,
#8006,#8007,#8008,#8009,#8010,#8011,#8012,#8013,#8014,#8015,#8016,#8017,
#8018,#8019,#8020,#8021,#8022,#8023,#8024,#8025,#8026,#8027,#8028,#8029,
#8030,#8031,#8032));
#8052=CLOSED_SHELL('',(#8033,#8034,#8035,#8036,#8037,#8038,#8039,#8040,
#8041,#8042,#8043,#8044,#8045,#8046,#8047,#8048));
#8053=DERIVED_UNIT_ELEMENT(#8061,1.);
#8054=DERIVED_UNIT_ELEMENT(#15168,3.);
#8055=DERIVED_UNIT_ELEMENT(#8061,1.);
#8056=DERIVED_UNIT_ELEMENT(#15168,3.);
#8057=DERIVED_UNIT_ELEMENT(#8061,1.);
#8058=DERIVED_UNIT_ELEMENT(#15168,3.);
#8059=DERIVED_UNIT_ELEMENT(#8061,1.);
#8060=DERIVED_UNIT_ELEMENT(#15168,3.);
#8061=(
MASS_UNIT()
NAMED_UNIT(*)
SI_UNIT($,.GRAM.)
);
#8062=DERIVED_UNIT((#8053,#8054));
#8063=DERIVED_UNIT((#8055,#8056));
#8064=DERIVED_UNIT((#8057,#8058));
#8065=DERIVED_UNIT((#8059,#8060));
#8066=MEASURE_REPRESENTATION_ITEM('density measure',
POSITIVE_RATIO_MEASURE(1.188),#8062);
#8067=MEASURE_REPRESENTATION_ITEM('density measure',
POSITIVE_RATIO_MEASURE(1.188),#8063);
#8068=MEASURE_REPRESENTATION_ITEM('density measure',
POSITIVE_RATIO_MEASURE(0.357272727273),#8064);
#8069=MEASURE_REPRESENTATION_ITEM('density measure',
POSITIVE_RATIO_MEASURE(8.94),#8065);
#8070=PROPERTY_DEFINITION_REPRESENTATION(#8090,#8078);
#8071=PROPERTY_DEFINITION_REPRESENTATION(#8091,#8079);
#8072=PROPERTY_DEFINITION_REPRESENTATION(#8092,#8080);
#8073=PROPERTY_DEFINITION_REPRESENTATION(#8093,#8081);
#8074=PROPERTY_DEFINITION_REPRESENTATION(#8094,#8082);
#8075=PROPERTY_DEFINITION_REPRESENTATION(#8095,#8083);
#8076=PROPERTY_DEFINITION_REPRESENTATION(#8096,#8084);
#8077=PROPERTY_DEFINITION_REPRESENTATION(#8097,#8085);
#8078=REPRESENTATION('material name',(#8086),#15162);
#8079=REPRESENTATION('density',(#8066),#15162);
#8080=REPRESENTATION('material name',(#8087),#15163);
#8081=REPRESENTATION('density',(#8067),#15163);
#8082=REPRESENTATION('material name',(#8088),#15164);
#8083=REPRESENTATION('density',(#8068),#15164);
#8084=REPRESENTATION('material name',(#8089),#15165);
#8085=REPRESENTATION('density',(#8069),#15165);
#8086=DESCRIPTIVE_REPRESENTATION_ITEM('PMMA Plastic','PMMA Plastic');
#8087=DESCRIPTIVE_REPRESENTATION_ITEM('PMMA Plastic','PMMA Plastic');
#8088=DESCRIPTIVE_REPRESENTATION_ITEM('PC/ABS Plastic','PC/ABS Plastic');
#8089=DESCRIPTIVE_REPRESENTATION_ITEM('Copper','Copper');
#8090=PROPERTY_DEFINITION('material property','material name',#15202);
#8091=PROPERTY_DEFINITION('material property','density of part',#15202);
#8092=PROPERTY_DEFINITION('material property','material name',#15203);
#8093=PROPERTY_DEFINITION('material property','density of part',#15203);
#8094=PROPERTY_DEFINITION('material property','material name',#15204);
#8095=PROPERTY_DEFINITION('material property','density of part',#15204);
#8096=PROPERTY_DEFINITION('material property','material name',#15205);
#8097=PROPERTY_DEFINITION('material property','density of part',#15205);
#8098=DATE_TIME_ROLE('creation_date');
#8099=DATE_TIME_ROLE('creation_date');
#8100=DATE_TIME_ROLE('creation_date');
#8101=DATE_TIME_ROLE('creation_date');
#8102=DATE_TIME_ROLE('creation_date');
#8103=APPLIED_DATE_AND_TIME_ASSIGNMENT(#8108,#8098,(#15201));
#8104=APPLIED_DATE_AND_TIME_ASSIGNMENT(#8109,#8099,(#15202));
#8105=APPLIED_DATE_AND_TIME_ASSIGNMENT(#8110,#8100,(#15203));
#8106=APPLIED_DATE_AND_TIME_ASSIGNMENT(#8111,#8101,(#15204));
#8107=APPLIED_DATE_AND_TIME_ASSIGNMENT(#8112,#8102,(#15205));
#8108=DATE_AND_TIME(#8113,#8118);
#8109=DATE_AND_TIME(#8114,#8119);
#8110=DATE_AND_TIME(#8115,#8120);
#8111=DATE_AND_TIME(#8116,#8121);
#8112=DATE_AND_TIME(#8117,#8122);
#8113=CALENDAR_DATE(2023,20,10);
#8114=CALENDAR_DATE(2023,20,10);
#8115=CALENDAR_DATE(2023,20,10);
#8116=CALENDAR_DATE(2023,23,7);
#8117=CALENDAR_DATE(2023,23,7);
#8118=LOCAL_TIME(0,0,0.,#8123);
#8119=LOCAL_TIME(0,0,0.,#8124);
#8120=LOCAL_TIME(0,0,0.,#8125);
#8121=LOCAL_TIME(11,5,38.,#8126);
#8122=LOCAL_TIME(11,5,38.,#8127);
#8123=COORDINATED_UNIVERSAL_TIME_OFFSET(0,0,.BEHIND.);
#8124=COORDINATED_UNIVERSAL_TIME_OFFSET(0,0,.BEHIND.);
#8125=COORDINATED_UNIVERSAL_TIME_OFFSET(0,0,.BEHIND.);
#8126=COORDINATED_UNIVERSAL_TIME_OFFSET(0,0,.BEHIND.);
#8127=COORDINATED_UNIVERSAL_TIME_OFFSET(0,0,.BEHIND.);
#8128=AXIS2_PLACEMENT_3D('placement',#11109,#8906,#8907);
#8129=AXIS2_PLACEMENT_3D('placement',#11110,#8908,#8909);
#8130=AXIS2_PLACEMENT_3D('',#11111,#8910,#8911);
#8131=AXIS2_PLACEMENT_3D('',#11114,#8912,#8913);
#8132=AXIS2_PLACEMENT_3D('',#11118,#8915,#8916);
#8133=AXIS2_PLACEMENT_3D('',#11120,#8918,#8919);
#8134=AXIS2_PLACEMENT_3D('',#11123,#8920,#8921);
#8135=AXIS2_PLACEMENT_3D('',#11127,#8923,#8924);
#8136=AXIS2_PLACEMENT_3D('',#11129,#8926,#8927);
#8137=AXIS2_PLACEMENT_3D('',#11132,#8928,#8929);
#8138=AXIS2_PLACEMENT_3D('',#11136,#8931,#8932);
#8139=AXIS2_PLACEMENT_3D('',#11138,#8934,#8935);
#8140=AXIS2_PLACEMENT_3D('',#11141,#8936,#8937);
#8141=AXIS2_PLACEMENT_3D('',#11145,#8939,#8940);
#8142=AXIS2_PLACEMENT_3D('',#11147,#8942,#8943);
#8143=AXIS2_PLACEMENT_3D('',#11150,#8944,#8945);
#8144=AXIS2_PLACEMENT_3D('',#11154,#8947,#8948);
#8145=AXIS2_PLACEMENT_3D('',#11156,#8950,#8951);
#8146=AXIS2_PLACEMENT_3D('',#11159,#8952,#8953);
#8147=AXIS2_PLACEMENT_3D('',#11163,#8955,#8956);
#8148=AXIS2_PLACEMENT_3D('',#11165,#8958,#8959);
#8149=AXIS2_PLACEMENT_3D('',#11168,#8960,#8961);
#8150=AXIS2_PLACEMENT_3D('',#11172,#8963,#8964);
#8151=AXIS2_PLACEMENT_3D('',#11174,#8966,#8967);
#8152=AXIS2_PLACEMENT_3D('',#11176,#8968,#8969);
#8153=AXIS2_PLACEMENT_3D('',#11178,#8970,#8971);
#8154=AXIS2_PLACEMENT_3D('',#11180,#8972,#8973);
#8155=AXIS2_PLACEMENT_3D('',#11182,#8974,#8975);
#8156=AXIS2_PLACEMENT_3D('',#11184,#8976,#8977);
#8157=AXIS2_PLACEMENT_3D('',#11187,#8978,#8979);
#8158=AXIS2_PLACEMENT_3D('',#11191,#8981,#8982);
#8159=AXIS2_PLACEMENT_3D('',#11196,#8985,#8986);
#8160=AXIS2_PLACEMENT_3D('',#11201,#8989,#8990);
#8161=AXIS2_PLACEMENT_3D('',#11206,#8993,#8994);
#8162=AXIS2_PLACEMENT_3D('',#11211,#8997,#8998);
#8163=AXIS2_PLACEMENT_3D('',#11216,#9001,#9002);
#8164=AXIS2_PLACEMENT_3D('',#11221,#9005,#9006);
#8165=AXIS2_PLACEMENT_3D('',#11227,#9009,#9010);
#8166=AXIS2_PLACEMENT_3D('',#11230,#9012,#9013);
#8167=AXIS2_PLACEMENT_3D('',#11235,#9015,#9016);
#8168=AXIS2_PLACEMENT_3D('',#11238,#9018,#9019);
#8169=AXIS2_PLACEMENT_3D('',#11243,#9021,#9022);
#8170=AXIS2_PLACEMENT_3D('',#11246,#9024,#9025);
#8171=AXIS2_PLACEMENT_3D('',#11249,#9026,#9027);
#8172=AXIS2_PLACEMENT_3D('',#11253,#9029,#9030);
#8173=AXIS2_PLACEMENT_3D('',#11257,#9032,#9033);
#8174=AXIS2_PLACEMENT_3D('',#11261,#9035,#9036);
#8175=AXIS2_PLACEMENT_3D('',#11265,#9038,#9039);
#8176=AXIS2_PLACEMENT_3D('',#11269,#9041,#9042);
#8177=AXIS2_PLACEMENT_3D('',#11273,#9044,#9045);
#8178=AXIS2_PLACEMENT_3D('',#11277,#9047,#9048);
#8179=AXIS2_PLACEMENT_3D('',#11281,#9050,#9051);
#8180=AXIS2_PLACEMENT_3D('',#11285,#9053,#9054);
#8181=AXIS2_PLACEMENT_3D('',#11291,#9057,#9058);
#8182=AXIS2_PLACEMENT_3D('',#11294,#9060,#9061);
#8183=AXIS2_PLACEMENT_3D('',#11297,#9062,#9063);
#8184=AXIS2_PLACEMENT_3D('',#11301,#9065,#9066);
#8185=AXIS2_PLACEMENT_3D('',#11307,#9069,#9070);
#8186=AXIS2_PLACEMENT_3D('',#11310,#9072,#9073);
#8187=AXIS2_PLACEMENT_3D('',#11313,#9074,#9075);
#8188=AXIS2_PLACEMENT_3D('',#11317,#9077,#9078);
#8189=AXIS2_PLACEMENT_3D('',#11323,#9081,#9082);
#8190=AXIS2_PLACEMENT_3D('',#11326,#9084,#9085);
#8191=AXIS2_PLACEMENT_3D('',#11331,#9087,#9088);
#8192=AXIS2_PLACEMENT_3D('',#11334,#9090,#9091);
#8193=AXIS2_PLACEMENT_3D('',#11339,#9093,#9094);
#8194=AXIS2_PLACEMENT_3D('',#11342,#9096,#9097);
#8195=AXIS2_PLACEMENT_3D('',#11347,#9099,#9100);
#8196=AXIS2_PLACEMENT_3D('',#11350,#9102,#9103);
#8197=AXIS2_PLACEMENT_3D('',#11355,#9105,#9106);
#8198=AXIS2_PLACEMENT_3D('',#11358,#9108,#9109);
#8199=AXIS2_PLACEMENT_3D('',#11363,#9111,#9112);
#8200=AXIS2_PLACEMENT_3D('',#11366,#9114,#9115);
#8201=AXIS2_PLACEMENT_3D('',#11371,#9117,#9118);
#8202=AXIS2_PLACEMENT_3D('',#11374,#9120,#9121);
#8203=AXIS2_PLACEMENT_3D('',#11377,#9122,#9123);
#8204=AXIS2_PLACEMENT_3D('',#11381,#9125,#9126);
#8205=AXIS2_PLACEMENT_3D('',#11387,#9129,#9130);
#8206=AXIS2_PLACEMENT_3D('',#11390,#9132,#9133);
#8207=AXIS2_PLACEMENT_3D('',#11393,#9134,#9135);
#8208=AXIS2_PLACEMENT_3D('',#11397,#9137,#9138);
#8209=AXIS2_PLACEMENT_3D('',#11403,#9141,#9142);
#8210=AXIS2_PLACEMENT_3D('',#11406,#9144,#9145);
#8211=AXIS2_PLACEMENT_3D('',#11411,#9147,#9148);
#8212=AXIS2_PLACEMENT_3D('',#11414,#9150,#9151);
#8213=AXIS2_PLACEMENT_3D('',#11417,#9152,#9153);
#8214=AXIS2_PLACEMENT_3D('',#11421,#9155,#9156);
#8215=AXIS2_PLACEMENT_3D('',#11425,#9158,#9159);
#8216=AXIS2_PLACEMENT_3D('',#11429,#9161,#9162);
#8217=AXIS2_PLACEMENT_3D('',#11433,#9164,#9165);
#8218=AXIS2_PLACEMENT_3D('',#11437,#9167,#9168);
#8219=AXIS2_PLACEMENT_3D('',#11441,#9170,#9171);
#8220=AXIS2_PLACEMENT_3D('',#11445,#9173,#9174);
#8221=AXIS2_PLACEMENT_3D('',#11449,#9176,#9177);
#8222=AXIS2_PLACEMENT_3D('',#11453,#9179,#9180);
#8223=AXIS2_PLACEMENT_3D('',#11457,#9182,#9183);
#8224=AXIS2_PLACEMENT_3D('',#11461,#9185,#9186);
#8225=AXIS2_PLACEMENT_3D('',#11467,#9189,#9190);
#8226=AXIS2_PLACEMENT_3D('',#11470,#9192,#9193);
#8227=AXIS2_PLACEMENT_3D('',#11475,#9195,#9196);
#8228=AXIS2_PLACEMENT_3D('',#11478,#9198,#9199);
#8229=AXIS2_PLACEMENT_3D('',#11483,#9201,#9202);
#8230=AXIS2_PLACEMENT_3D('',#11486,#9204,#9205);
#8231=AXIS2_PLACEMENT_3D('',#11491,#9207,#9208);
#8232=AXIS2_PLACEMENT_3D('',#11494,#9210,#9211);
#8233=AXIS2_PLACEMENT_3D('',#11497,#9212,#9213);
#8234=AXIS2_PLACEMENT_3D('',#11501,#9215,#9216);
#8235=AXIS2_PLACEMENT_3D('',#11507,#9219,#9220);
#8236=AXIS2_PLACEMENT_3D('',#11510,#9222,#9223);
#8237=AXIS2_PLACEMENT_3D('',#11513,#9224,#9225);
#8238=AXIS2_PLACEMENT_3D('',#11517,#9227,#9228);
#8239=AXIS2_PLACEMENT_3D('',#11521,#9230,#9231);
#8240=AXIS2_PLACEMENT_3D('',#11525,#9233,#9234);
#8241=AXIS2_PLACEMENT_3D('',#11531,#9237,#9238);
#8242=AXIS2_PLACEMENT_3D('',#11534,#9240,#9241);
#8243=AXIS2_PLACEMENT_3D('',#11539,#9243,#9244);
#8244=AXIS2_PLACEMENT_3D('',#11542,#9246,#9247);
#8245=AXIS2_PLACEMENT_3D('',#11547,#9250,#9251);
#8246=AXIS2_PLACEMENT_3D('',#11549,#9252,#9253);
#8247=AXIS2_PLACEMENT_3D('',#11551,#9254,#9255);
#8248=AXIS2_PLACEMENT_3D('',#11553,#9256,#9257);
#8249=AXIS2_PLACEMENT_3D('',#11555,#9258,#9259);
#8250=AXIS2_PLACEMENT_3D('',#11556,#9260,#9261);
#8251=AXIS2_PLACEMENT_3D('',#11562,#9265,#9266);
#8252=AXIS2_PLACEMENT_3D('',#11564,#9267,#9268);
#8253=AXIS2_PLACEMENT_3D('',#11566,#9270,#9271);
#8254=AXIS2_PLACEMENT_3D('',#11570,#9274,#9275);
#8255=AXIS2_PLACEMENT_3D('',#11576,#9279,#9280);
#8256=AXIS2_PLACEMENT_3D('',#11578,#9281,#9282);
#8257=AXIS2_PLACEMENT_3D('',#11580,#9284,#9285);
#8258=AXIS2_PLACEMENT_3D('',#11584,#9288,#9289);
#8259=AXIS2_PLACEMENT_3D('',#11590,#9293,#9294);
#8260=AXIS2_PLACEMENT_3D('',#11592,#9295,#9296);
#8261=AXIS2_PLACEMENT_3D('',#11594,#9298,#9299);
#8262=AXIS2_PLACEMENT_3D('',#11598,#9302,#9303);
#8263=AXIS2_PLACEMENT_3D('',#11601,#9304,#9305);
#8264=AXIS2_PLACEMENT_3D('',#11604,#9308,#9309);
#8265=AXIS2_PLACEMENT_3D('',#11608,#9312,#9313);
#8266=AXIS2_PLACEMENT_3D('',#11610,#9314,#9315);
#8267=AXIS2_PLACEMENT_3D('',#11612,#9317,#9318);
#8268=AXIS2_PLACEMENT_3D('',#11615,#9319,#9320);
#8269=AXIS2_PLACEMENT_3D('',#11618,#9323,#9324);
#8270=AXIS2_PLACEMENT_3D('',#11622,#9327,#9328);
#8271=AXIS2_PLACEMENT_3D('',#11624,#9329,#9330);
#8272=AXIS2_PLACEMENT_3D('',#11626,#9332,#9333);
#8273=AXIS2_PLACEMENT_3D('',#11629,#9334,#9335);
#8274=AXIS2_PLACEMENT_3D('',#11632,#9338,#9339);
#8275=AXIS2_PLACEMENT_3D('',#11636,#9342,#9343);
#8276=AXIS2_PLACEMENT_3D('',#11638,#9344,#9345);
#8277=AXIS2_PLACEMENT_3D('',#11640,#9347,#9348);
#8278=AXIS2_PLACEMENT_3D('',#11643,#9349,#9350);
#8279=AXIS2_PLACEMENT_3D('',#11646,#9353,#9354);
#8280=AXIS2_PLACEMENT_3D('',#11650,#9357,#9358);
#8281=AXIS2_PLACEMENT_3D('',#11652,#9359,#9360);
#8282=AXIS2_PLACEMENT_3D('',#11654,#9362,#9363);
#8283=AXIS2_PLACEMENT_3D('',#11657,#9364,#9365);
#8284=AXIS2_PLACEMENT_3D('',#11660,#9368,#9369);
#8285=AXIS2_PLACEMENT_3D('',#11664,#9372,#9373);
#8286=AXIS2_PLACEMENT_3D('',#11666,#9374,#9375);
#8287=AXIS2_PLACEMENT_3D('',#11668,#9377,#9378);
#8288=AXIS2_PLACEMENT_3D('',#11674,#9382,#9383);
#8289=AXIS2_PLACEMENT_3D('',#11676,#9384,#9385);
#8290=AXIS2_PLACEMENT_3D('',#11678,#9387,#9388);
#8291=AXIS2_PLACEMENT_3D('',#11682,#9391,#9392);
#8292=AXIS2_PLACEMENT_3D('',#11685,#9393,#9394);
#8293=AXIS2_PLACEMENT_3D('',#11688,#9397,#9398);
#8294=AXIS2_PLACEMENT_3D('',#11692,#9401,#9402);
#8295=AXIS2_PLACEMENT_3D('',#11694,#9403,#9404);
#8296=AXIS2_PLACEMENT_3D('',#11696,#9406,#9407);
#8297=AXIS2_PLACEMENT_3D('',#11702,#9411,#9412);
#8298=AXIS2_PLACEMENT_3D('',#11704,#9413,#9414);
#8299=AXIS2_PLACEMENT_3D('',#11706,#9416,#9417);
#8300=AXIS2_PLACEMENT_3D('',#11710,#9420,#9421);
#8301=AXIS2_PLACEMENT_3D('',#11713,#9422,#9423);
#8302=AXIS2_PLACEMENT_3D('',#11716,#9426,#9427);
#8303=AXIS2_PLACEMENT_3D('',#11720,#9430,#9431);
#8304=AXIS2_PLACEMENT_3D('',#11722,#9432,#9433);
#8305=AXIS2_PLACEMENT_3D('',#11724,#9435,#9436);
#8306=AXIS2_PLACEMENT_3D('',#11730,#9440,#9441);
#8307=AXIS2_PLACEMENT_3D('',#11732,#9442,#9443);
#8308=AXIS2_PLACEMENT_3D('',#11734,#9445,#9446);
#8309=AXIS2_PLACEMENT_3D('',#11738,#9449,#9450);
#8310=AXIS2_PLACEMENT_3D('',#11744,#9454,#9455);
#8311=AXIS2_PLACEMENT_3D('',#11746,#9456,#9457);
#8312=AXIS2_PLACEMENT_3D('',#11748,#9459,#9460);
#8313=AXIS2_PLACEMENT_3D('',#11752,#9463,#9464);
#8314=AXIS2_PLACEMENT_3D('',#11758,#9468,#9469);
#8315=AXIS2_PLACEMENT_3D('',#11760,#9470,#9471);
#8316=AXIS2_PLACEMENT_3D('',#11762,#9473,#9474);
#8317=AXIS2_PLACEMENT_3D('',#11766,#9477,#9478);
#8318=AXIS2_PLACEMENT_3D('',#11772,#9482,#9483);
#8319=AXIS2_PLACEMENT_3D('',#11774,#9484,#9485);
#8320=AXIS2_PLACEMENT_3D('',#11776,#9487,#9488);
#8321=AXIS2_PLACEMENT_3D('',#11780,#9491,#9492);
#8322=AXIS2_PLACEMENT_3D('',#11786,#9496,#9497);
#8323=AXIS2_PLACEMENT_3D('',#11788,#9498,#9499);
#8324=AXIS2_PLACEMENT_3D('',#11790,#9501,#9502);
#8325=AXIS2_PLACEMENT_3D('',#11794,#9505,#9506);
#8326=AXIS2_PLACEMENT_3D('',#11800,#9510,#9511);
#8327=AXIS2_PLACEMENT_3D('',#11802,#9512,#9513);
#8328=AXIS2_PLACEMENT_3D('',#11804,#9515,#9516);
#8329=AXIS2_PLACEMENT_3D('',#11808,#9519,#9520);
#8330=AXIS2_PLACEMENT_3D('',#11814,#9524,#9525);
#8331=AXIS2_PLACEMENT_3D('',#11816,#9526,#9527);
#8332=AXIS2_PLACEMENT_3D('',#11818,#9529,#9530);
#8333=AXIS2_PLACEMENT_3D('',#11822,#9533,#9534);
#8334=AXIS2_PLACEMENT_3D('',#11825,#9535,#9536);
#8335=AXIS2_PLACEMENT_3D('',#11828,#9539,#9540);
#8336=AXIS2_PLACEMENT_3D('',#11832,#9543,#9544);
#8337=AXIS2_PLACEMENT_3D('',#11834,#9545,#9546);
#8338=AXIS2_PLACEMENT_3D('',#11836,#9548,#9549);
#8339=AXIS2_PLACEMENT_3D('',#11842,#9553,#9554);
#8340=AXIS2_PLACEMENT_3D('',#11844,#9555,#9556);
#8341=AXIS2_PLACEMENT_3D('',#11846,#9558,#9559);
#8342=AXIS2_PLACEMENT_3D('',#11850,#9562,#9563);
#8343=AXIS2_PLACEMENT_3D('',#11853,#9564,#9565);
#8344=AXIS2_PLACEMENT_3D('',#11856,#9568,#9569);
#8345=AXIS2_PLACEMENT_3D('',#11860,#9572,#9573);
#8346=AXIS2_PLACEMENT_3D('',#11862,#9574,#9575);
#8347=AXIS2_PLACEMENT_3D('',#11864,#9577,#9578);
#8348=AXIS2_PLACEMENT_3D('',#11870,#9582,#9583);
#8349=AXIS2_PLACEMENT_3D('',#11872,#9584,#9585);
#8350=AXIS2_PLACEMENT_3D('',#11874,#9587,#9588);
#8351=AXIS2_PLACEMENT_3D('',#11878,#9591,#9592);
#8352=AXIS2_PLACEMENT_3D('',#11884,#9596,#9597);
#8353=AXIS2_PLACEMENT_3D('',#11886,#9598,#9599);
#8354=AXIS2_PLACEMENT_3D('',#11888,#9601,#9602);
#8355=AXIS2_PLACEMENT_3D('',#11892,#9605,#9606);
#8356=AXIS2_PLACEMENT_3D('',#11895,#9607,#9608);
#8357=AXIS2_PLACEMENT_3D('',#11898,#9611,#9612);
#8358=AXIS2_PLACEMENT_3D('',#11902,#9615,#9616);
#8359=AXIS2_PLACEMENT_3D('',#11904,#9617,#9618);
#8360=AXIS2_PLACEMENT_3D('',#11906,#9620,#9621);
#8361=AXIS2_PLACEMENT_3D('',#11909,#9622,#9623);
#8362=AXIS2_PLACEMENT_3D('',#11912,#9626,#9627);
#8363=AXIS2_PLACEMENT_3D('',#11916,#9630,#9631);
#8364=AXIS2_PLACEMENT_3D('',#11918,#9632,#9633);
#8365=AXIS2_PLACEMENT_3D('',#11920,#9635,#9636);
#8366=AXIS2_PLACEMENT_3D('',#11926,#9640,#9641);
#8367=AXIS2_PLACEMENT_3D('',#11928,#9642,#9643);
#8368=AXIS2_PLACEMENT_3D('',#11930,#9645,#9646);
#8369=AXIS2_PLACEMENT_3D('',#11934,#9649,#9650);
#8370=AXIS2_PLACEMENT_3D('',#11938,#9653,#9654);
#8371=AXIS2_PLACEMENT_3D('',#11940,#9655,#9656);
#8372=AXIS2_PLACEMENT_3D('',#11942,#9658,#9659);
#8373=AXIS2_PLACEMENT_3D('',#11945,#9660,#9661);
#8374=AXIS2_PLACEMENT_3D('',#11948,#9664,#9665);
#8375=AXIS2_PLACEMENT_3D('',#11952,#9668,#9669);
#8376=AXIS2_PLACEMENT_3D('',#11954,#9670,#9671);
#8377=AXIS2_PLACEMENT_3D('',#11956,#9673,#9674);
#8378=AXIS2_PLACEMENT_3D('',#11959,#9675,#9676);
#8379=AXIS2_PLACEMENT_3D('',#11962,#9679,#9680);
#8380=AXIS2_PLACEMENT_3D('',#11964,#9682,#9683);
#8381=AXIS2_PLACEMENT_3D('',#11968,#9686,#9687);
#8382=AXIS2_PLACEMENT_3D('',#11970,#9688,#9689);
#8383=AXIS2_PLACEMENT_3D('',#11972,#9691,#9692);
#8384=AXIS2_PLACEMENT_3D('',#11974,#9694,#9695);
#8385=AXIS2_PLACEMENT_3D('',#11978,#9698,#9699);
#8386=AXIS2_PLACEMENT_3D('',#11980,#9700,#9701);
#8387=AXIS2_PLACEMENT_3D('',#11982,#9703,#9704);
#8388=AXIS2_PLACEMENT_3D('',#11985,#9705,#9706);
#8389=AXIS2_PLACEMENT_3D('',#11988,#9709,#9710);
#8390=AXIS2_PLACEMENT_3D('',#11992,#9713,#9714);
#8391=AXIS2_PLACEMENT_3D('',#11994,#9715,#9716);
#8392=AXIS2_PLACEMENT_3D('',#11996,#9718,#9719);
#8393=AXIS2_PLACEMENT_3D('',#12000,#9722,#9723);
#8394=AXIS2_PLACEMENT_3D('',#12002,#9724,#9725);
#8395=AXIS2_PLACEMENT_3D('',#12004,#9727,#9728);
#8396=AXIS2_PLACEMENT_3D('',#12006,#9730,#9731);
#8397=AXIS2_PLACEMENT_3D('',#12010,#9734,#9735);
#8398=AXIS2_PLACEMENT_3D('',#12012,#9736,#9737);
#8399=AXIS2_PLACEMENT_3D('',#12014,#9739,#9740);
#8400=AXIS2_PLACEMENT_3D('',#12017,#9741,#9742);
#8401=AXIS2_PLACEMENT_3D('',#12020,#9745,#9746);
#8402=AXIS2_PLACEMENT_3D('',#12024,#9749,#9750);
#8403=AXIS2_PLACEMENT_3D('',#12026,#9751,#9752);
#8404=AXIS2_PLACEMENT_3D('',#12028,#9754,#9755);
#8405=AXIS2_PLACEMENT_3D('',#12031,#9756,#9757);
#8406=AXIS2_PLACEMENT_3D('',#12034,#9760,#9761);
#8407=AXIS2_PLACEMENT_3D('',#12038,#9764,#9765);
#8408=AXIS2_PLACEMENT_3D('',#12040,#9766,#9767);
#8409=AXIS2_PLACEMENT_3D('',#12042,#9769,#9770);
#8410=AXIS2_PLACEMENT_3D('',#12048,#9774,#9775);
#8411=AXIS2_PLACEMENT_3D('',#12050,#9776,#9777);
#8412=AXIS2_PLACEMENT_3D('',#12052,#9779,#9780);
#8413=AXIS2_PLACEMENT_3D('',#12056,#9783,#9784);
#8414=AXIS2_PLACEMENT_3D('',#12062,#9788,#9789);
#8415=AXIS2_PLACEMENT_3D('',#12064,#9790,#9791);
#8416=AXIS2_PLACEMENT_3D('',#12066,#9793,#9794);
#8417=AXIS2_PLACEMENT_3D('',#12070,#9797,#9798);
#8418=AXIS2_PLACEMENT_3D('',#12076,#9802,#9803);
#8419=AXIS2_PLACEMENT_3D('',#12078,#9804,#9805);
#8420=AXIS2_PLACEMENT_3D('',#12080,#9807,#9808);
#8421=AXIS2_PLACEMENT_3D('',#12084,#9811,#9812);
#8422=AXIS2_PLACEMENT_3D('',#12090,#9816,#9817);
#8423=AXIS2_PLACEMENT_3D('',#12092,#9818,#9819);
#8424=AXIS2_PLACEMENT_3D('',#12094,#9821,#9822);
#8425=AXIS2_PLACEMENT_3D('',#12098,#9825,#9826);
#8426=AXIS2_PLACEMENT_3D('',#12101,#9827,#9828);
#8427=AXIS2_PLACEMENT_3D('',#12104,#9831,#9832);
#8428=AXIS2_PLACEMENT_3D('',#12108,#9835,#9836);
#8429=AXIS2_PLACEMENT_3D('',#12110,#9837,#9838);
#8430=AXIS2_PLACEMENT_3D('',#12112,#9840,#9841);
#8431=AXIS2_PLACEMENT_3D('',#12118,#9845,#9846);
#8432=AXIS2_PLACEMENT_3D('',#12120,#9847,#9848);
#8433=AXIS2_PLACEMENT_3D('',#12122,#9850,#9851);
#8434=AXIS2_PLACEMENT_3D('',#12126,#9854,#9855);
#8435=AXIS2_PLACEMENT_3D('',#12129,#9856,#9857);
#8436=AXIS2_PLACEMENT_3D('',#12132,#9860,#9861);
#8437=AXIS2_PLACEMENT_3D('',#12136,#9864,#9865);
#8438=AXIS2_PLACEMENT_3D('',#12138,#9866,#9867);
#8439=AXIS2_PLACEMENT_3D('',#12140,#9869,#9870);
#8440=AXIS2_PLACEMENT_3D('',#12144,#9873,#9874);
#8441=AXIS2_PLACEMENT_3D('',#12146,#9875,#9876);
#8442=AXIS2_PLACEMENT_3D('',#12148,#9878,#9879);
#8443=AXIS2_PLACEMENT_3D('',#12151,#9880,#9881);
#8444=AXIS2_PLACEMENT_3D('',#12154,#9884,#9885);
#8445=AXIS2_PLACEMENT_3D('',#12158,#9888,#9889);
#8446=AXIS2_PLACEMENT_3D('',#12160,#9890,#9891);
#8447=AXIS2_PLACEMENT_3D('',#12162,#9893,#9894);
#8448=AXIS2_PLACEMENT_3D('',#12168,#9898,#9899);
#8449=AXIS2_PLACEMENT_3D('',#12170,#9900,#9901);
#8450=AXIS2_PLACEMENT_3D('',#12172,#9903,#9904);
#8451=AXIS2_PLACEMENT_3D('',#12176,#9907,#9908);
#8452=AXIS2_PLACEMENT_3D('',#12182,#9912,#9913);
#8453=AXIS2_PLACEMENT_3D('',#12184,#9914,#9915);
#8454=AXIS2_PLACEMENT_3D('',#12186,#9917,#9918);
#8455=AXIS2_PLACEMENT_3D('',#12190,#9921,#9922);
#8456=AXIS2_PLACEMENT_3D('',#12191,#9923,#9924);
#8457=AXIS2_PLACEMENT_3D('',#12192,#9925,#9926);
#8458=AXIS2_PLACEMENT_3D('',#12193,#9927,#9928);
#8459=AXIS2_PLACEMENT_3D('',#12194,#9929,#9930);
#8460=AXIS2_PLACEMENT_3D('',#12196,#9932,#9933);
#8461=AXIS2_PLACEMENT_3D('',#12198,#9935,#9936);
#8462=AXIS2_PLACEMENT_3D('',#12200,#9938,#9939);
#8463=AXIS2_PLACEMENT_3D('',#12202,#9941,#9942);
#8464=AXIS2_PLACEMENT_3D('',#12204,#9944,#9945);
#8465=AXIS2_PLACEMENT_3D('',#12205,#9946,#9947);
#8466=AXIS2_PLACEMENT_3D('',#12206,#9948,#9949);
#8467=AXIS2_PLACEMENT_3D('',#12208,#9951,#9952);
#8468=AXIS2_PLACEMENT_3D('',#12209,#9953,#9954);
#8469=AXIS2_PLACEMENT_3D('',#12210,#9955,#9956);
#8470=AXIS2_PLACEMENT_3D('',#12212,#9958,#9959);
#8471=AXIS2_PLACEMENT_3D('',#12213,#9960,#9961);
#8472=AXIS2_PLACEMENT_3D('',#12214,#9962,#9963);
#8473=AXIS2_PLACEMENT_3D('',#12215,#9964,#9965);
#8474=AXIS2_PLACEMENT_3D('',#12216,#9966,#9967);
#8475=AXIS2_PLACEMENT_3D('',#12217,#9968,#9969);
#8476=AXIS2_PLACEMENT_3D('',#12218,#9970,#9971);
#8477=AXIS2_PLACEMENT_3D('',#12219,#9972,#9973);
#8478=AXIS2_PLACEMENT_3D('',#12220,#9974,#9975);
#8479=AXIS2_PLACEMENT_3D('',#12221,#9976,#9977);
#8480=AXIS2_PLACEMENT_3D('',#12222,#9978,#9979);
#8481=AXIS2_PLACEMENT_3D('',#12223,#9980,#9981);
#8482=AXIS2_PLACEMENT_3D('',#12224,#9982,#9983);
#8483=AXIS2_PLACEMENT_3D('',#12225,#9984,#9985);
#8484=AXIS2_PLACEMENT_3D('',#12226,#9986,#9987);
#8485=AXIS2_PLACEMENT_3D('',#12228,#9989,#9990);
#8486=AXIS2_PLACEMENT_3D('',#12229,#9991,#9992);
#8487=AXIS2_PLACEMENT_3D('',#12230,#9993,#9994);
#8488=AXIS2_PLACEMENT_3D('',#12232,#9996,#9997);
#8489=AXIS2_PLACEMENT_3D('',#12233,#9998,#9999);
#8490=AXIS2_PLACEMENT_3D('',#12234,#10000,#10001);
#8491=AXIS2_PLACEMENT_3D('',#12235,#10002,#10003);
#8492=AXIS2_PLACEMENT_3D('',#12236,#10004,#10005);
#8493=AXIS2_PLACEMENT_3D('',#12238,#10007,#10008);
#8494=AXIS2_PLACEMENT_3D('',#12240,#10010,#10011);
#8495=AXIS2_PLACEMENT_3D('',#12241,#10012,#10013);
#8496=AXIS2_PLACEMENT_3D('',#12242,#10014,#10015);
#8497=AXIS2_PLACEMENT_3D('',#12244,#10017,#10018);
#8498=AXIS2_PLACEMENT_3D('',#12246,#10020,#10021);
#8499=AXIS2_PLACEMENT_3D('',#12248,#10023,#10024);
#8500=AXIS2_PLACEMENT_3D('',#12250,#10026,#10027);
#8501=AXIS2_PLACEMENT_3D('',#12252,#10028,#10029);
#8502=AXIS2_PLACEMENT_3D('',#12254,#10031,#10032);
#8503=AXIS2_PLACEMENT_3D('',#12256,#10034,#10035);
#8504=AXIS2_PLACEMENT_3D('',#12258,#10037,#10038);
#8505=AXIS2_PLACEMENT_3D('',#12260,#10040,#10041);
#8506=AXIS2_PLACEMENT_3D('',#12262,#10043,#10044);
#8507=AXIS2_PLACEMENT_3D('',#12263,#10045,#10046);
#8508=AXIS2_PLACEMENT_3D('',#12264,#10047,#10048);
#8509=AXIS2_PLACEMENT_3D('',#12265,#10049,#10050);
#8510=AXIS2_PLACEMENT_3D('',#12266,#10051,#10052);
#8511=AXIS2_PLACEMENT_3D('',#12267,#10053,#10054);
#8512=AXIS2_PLACEMENT_3D('',#12268,#10055,#10056);
#8513=AXIS2_PLACEMENT_3D('',#12269,#10057,#10058);
#8514=AXIS2_PLACEMENT_3D('',#12270,#10059,#10060);
#8515=AXIS2_PLACEMENT_3D('',#12272,#10062,#10063);
#8516=AXIS2_PLACEMENT_3D('',#12273,#10064,#10065);
#8517=AXIS2_PLACEMENT_3D('',#12274,#10066,#10067);
#8518=AXIS2_PLACEMENT_3D('',#12276,#10069,#10070);
#8519=AXIS2_PLACEMENT_3D('',#12278,#10072,#10073);
#8520=AXIS2_PLACEMENT_3D('',#12280,#10075,#10076);
#8521=AXIS2_PLACEMENT_3D('',#12281,#10077,#10078);
#8522=AXIS2_PLACEMENT_3D('',#12282,#10079,#10080);
#8523=AXIS2_PLACEMENT_3D('',#12283,#10081,#10082);
#8524=AXIS2_PLACEMENT_3D('',#12284,#10083,#10084);
#8525=AXIS2_PLACEMENT_3D('',#12285,#10085,#10086);
#8526=AXIS2_PLACEMENT_3D('',#12286,#10087,#10088);
#8527=AXIS2_PLACEMENT_3D('',#12289,#10089,#10090);
#8528=AXIS2_PLACEMENT_3D('',#12290,#10091,#10092);
#8529=AXIS2_PLACEMENT_3D('',#12293,#10093,#10094);
#8530=AXIS2_PLACEMENT_3D('',#12294,#10095,#10096);
#8531=AXIS2_PLACEMENT_3D('',#12297,#10097,#10098);
#8532=AXIS2_PLACEMENT_3D('',#12298,#10099,#10100);
#8533=AXIS2_PLACEMENT_3D('',#12301,#10101,#10102);
#8534=AXIS2_PLACEMENT_3D('',#12302,#10103,#10104);
#8535=AXIS2_PLACEMENT_3D('',#12304,#10105,#10106);
#8536=AXIS2_PLACEMENT_3D('',#12306,#10107,#10108);
#8537=AXIS2_PLACEMENT_3D('',#12308,#10109,#10110);
#8538=AXIS2_PLACEMENT_3D('',#12310,#10111,#10112);
#8539=AXIS2_PLACEMENT_3D('',#12311,#10113,#10114);
#8540=AXIS2_PLACEMENT_3D('',#12313,#10116,#10117);
#8541=AXIS2_PLACEMENT_3D('',#12315,#10119,#10120);
#8542=AXIS2_PLACEMENT_3D('',#12317,#10122,#10123);
#8543=AXIS2_PLACEMENT_3D('',#12319,#10125,#10126);
#8544=AXIS2_PLACEMENT_3D('',#12321,#10128,#10129);
#8545=AXIS2_PLACEMENT_3D('',#12323,#10131,#10132);
#8546=AXIS2_PLACEMENT_3D('',#12325,#10134,#10135);
#8547=AXIS2_PLACEMENT_3D('placement',#12327,#10137,#10138);
#8548=AXIS2_PLACEMENT_3D('',#12328,#10139,#10140);
#8549=AXIS2_PLACEMENT_3D('',#12331,#10141,#10142);
#8550=AXIS2_PLACEMENT_3D('',#12335,#10144,#10145);
#8551=AXIS2_PLACEMENT_3D('',#12337,#10147,#10148);
#8552=AXIS2_PLACEMENT_3D('',#12340,#10149,#10150);
#8553=AXIS2_PLACEMENT_3D('',#12344,#10152,#10153);
#8554=AXIS2_PLACEMENT_3D('',#12346,#10155,#10156);
#8555=AXIS2_PLACEMENT_3D('',#12349,#10157,#10158);
#8556=AXIS2_PLACEMENT_3D('',#12353,#10160,#10161);
#8557=AXIS2_PLACEMENT_3D('',#12355,#10163,#10164);
#8558=AXIS2_PLACEMENT_3D('',#12358,#10165,#10166);
#8559=AXIS2_PLACEMENT_3D('',#12362,#10168,#10169);
#8560=AXIS2_PLACEMENT_3D('',#12364,#10171,#10172);
#8561=AXIS2_PLACEMENT_3D('',#12367,#10173,#10174);
#8562=AXIS2_PLACEMENT_3D('',#12371,#10176,#10177);
#8563=AXIS2_PLACEMENT_3D('',#12373,#10179,#10180);
#8564=AXIS2_PLACEMENT_3D('',#12376,#10181,#10182);
#8565=AXIS2_PLACEMENT_3D('',#12380,#10184,#10185);
#8566=AXIS2_PLACEMENT_3D('',#12382,#10187,#10188);
#8567=AXIS2_PLACEMENT_3D('',#12385,#10189,#10190);
#8568=AXIS2_PLACEMENT_3D('',#12389,#10192,#10193);
#8569=AXIS2_PLACEMENT_3D('',#12391,#10195,#10196);
#8570=AXIS2_PLACEMENT_3D('',#12396,#10198,#10199);
#8571=AXIS2_PLACEMENT_3D('',#12399,#10201,#10202);
#8572=AXIS2_PLACEMENT_3D('',#12400,#10203,#10204);
#8573=AXIS2_PLACEMENT_3D('',#12405,#10206,#10207);
#8574=AXIS2_PLACEMENT_3D('',#12408,#10209,#10210);
#8575=AXIS2_PLACEMENT_3D('',#12409,#10211,#10212);
#8576=AXIS2_PLACEMENT_3D('',#12414,#10214,#10215);
#8577=AXIS2_PLACEMENT_3D('',#12417,#10217,#10218);
#8578=AXIS2_PLACEMENT_3D('',#12418,#10219,#10220);
#8579=AXIS2_PLACEMENT_3D('',#12423,#10222,#10223);
#8580=AXIS2_PLACEMENT_3D('',#12426,#10225,#10226);
#8581=AXIS2_PLACEMENT_3D('',#12427,#10227,#10228);
#8582=AXIS2_PLACEMENT_3D('',#12430,#10229,#10230);
#8583=AXIS2_PLACEMENT_3D('',#12431,#10231,#10232);
#8584=AXIS2_PLACEMENT_3D('',#12434,#10233,#10234);
#8585=AXIS2_PLACEMENT_3D('',#12435,#10235,#10236);
#8586=AXIS2_PLACEMENT_3D('',#12438,#10237,#10238);
#8587=AXIS2_PLACEMENT_3D('',#12439,#10239,#10240);
#8588=AXIS2_PLACEMENT_3D('',#12442,#10241,#10242);
#8589=AXIS2_PLACEMENT_3D('',#12443,#10243,#10244);
#8590=AXIS2_PLACEMENT_3D('',#12446,#10245,#10246);
#8591=AXIS2_PLACEMENT_3D('',#12447,#10247,#10248);
#8592=AXIS2_PLACEMENT_3D('',#12450,#10249,#10250);
#8593=AXIS2_PLACEMENT_3D('',#12454,#10252,#10253);
#8594=AXIS2_PLACEMENT_3D('',#12459,#10256,#10257);
#8595=AXIS2_PLACEMENT_3D('',#12464,#10260,#10261);
#8596=AXIS2_PLACEMENT_3D('',#12469,#10264,#10265);
#8597=AXIS2_PLACEMENT_3D('',#12474,#10268,#10269);
#8598=AXIS2_PLACEMENT_3D('',#12479,#10272,#10273);
#8599=AXIS2_PLACEMENT_3D('',#12484,#10276,#10277);
#8600=AXIS2_PLACEMENT_3D('',#12490,#10280,#10281);
#8601=AXIS2_PLACEMENT_3D('',#12493,#10283,#10284);
#8602=AXIS2_PLACEMENT_3D('',#12496,#10285,#10286);
#8603=AXIS2_PLACEMENT_3D('',#12500,#10288,#10289);
#8604=AXIS2_PLACEMENT_3D('',#12506,#10292,#10293);
#8605=AXIS2_PLACEMENT_3D('',#12509,#10295,#10296);
#8606=AXIS2_PLACEMENT_3D('',#12514,#10298,#10299);
#8607=AXIS2_PLACEMENT_3D('',#12517,#10301,#10302);
#8608=AXIS2_PLACEMENT_3D('',#12520,#10303,#10304);
#8609=AXIS2_PLACEMENT_3D('',#12524,#10306,#10307);
#8610=AXIS2_PLACEMENT_3D('',#12530,#10310,#10311);
#8611=AXIS2_PLACEMENT_3D('',#12533,#10313,#10314);
#8612=AXIS2_PLACEMENT_3D('',#12538,#10316,#10317);
#8613=AXIS2_PLACEMENT_3D('',#12541,#10319,#10320);
#8614=AXIS2_PLACEMENT_3D('',#12546,#10322,#10323);
#8615=AXIS2_PLACEMENT_3D('',#12549,#10325,#10326);
#8616=AXIS2_PLACEMENT_3D('',#12550,#10327,#10328);
#8617=AXIS2_PLACEMENT_3D('',#12551,#10329,#10330);
#8618=AXIS2_PLACEMENT_3D('',#12552,#10331,#10332);
#8619=AXIS2_PLACEMENT_3D('',#12553,#10333,#10334);
#8620=AXIS2_PLACEMENT_3D('',#12556,#10335,#10336);
#8621=AXIS2_PLACEMENT_3D('',#12560,#10338,#10339);
#8622=AXIS2_PLACEMENT_3D('',#12564,#10341,#10342);
#8623=AXIS2_PLACEMENT_3D('',#12568,#10344,#10345);
#8624=AXIS2_PLACEMENT_3D('',#12572,#10347,#10348);
#8625=AXIS2_PLACEMENT_3D('',#12576,#10350,#10351);
#8626=AXIS2_PLACEMENT_3D('',#12582,#10354,#10355);
#8627=AXIS2_PLACEMENT_3D('',#12585,#10357,#10358);
#8628=AXIS2_PLACEMENT_3D('',#12588,#10359,#10360);
#8629=AXIS2_PLACEMENT_3D('',#12592,#10362,#10363);
#8630=AXIS2_PLACEMENT_3D('',#12598,#10366,#10367);
#8631=AXIS2_PLACEMENT_3D('',#12601,#10369,#10370);
#8632=AXIS2_PLACEMENT_3D('',#12606,#10372,#10373);
#8633=AXIS2_PLACEMENT_3D('',#12609,#10375,#10376);
#8634=AXIS2_PLACEMENT_3D('',#12614,#10378,#10379);
#8635=AXIS2_PLACEMENT_3D('',#12617,#10381,#10382);
#8636=AXIS2_PLACEMENT_3D('',#12622,#10385,#10386);
#8637=AXIS2_PLACEMENT_3D('',#12625,#10387,#10388);
#8638=AXIS2_PLACEMENT_3D('',#12626,#10389,#10390);
#8639=AXIS2_PLACEMENT_3D('',#12629,#10391,#10392);
#8640=AXIS2_PLACEMENT_3D('',#12630,#10393,#10394);
#8641=AXIS2_PLACEMENT_3D('',#12633,#10395,#10396);
#8642=AXIS2_PLACEMENT_3D('',#12634,#10397,#10398);
#8643=AXIS2_PLACEMENT_3D('',#12637,#10399,#10400);
#8644=AXIS2_PLACEMENT_3D('',#12638,#10401,#10402);
#8645=AXIS2_PLACEMENT_3D('',#12639,#10403,#10404);
#8646=AXIS2_PLACEMENT_3D('',#12644,#10407,#10408);
#8647=AXIS2_PLACEMENT_3D('',#12645,#10409,#10410);
#8648=AXIS2_PLACEMENT_3D('',#12649,#10413,#10414);
#8649=AXIS2_PLACEMENT_3D('',#12654,#10417,#10418);
#8650=AXIS2_PLACEMENT_3D('',#12655,#10419,#10420);
#8651=AXIS2_PLACEMENT_3D('',#12659,#10423,#10424);
#8652=AXIS2_PLACEMENT_3D('',#12662,#10425,#10426);
#8653=AXIS2_PLACEMENT_3D('',#12665,#10429,#10430);
#8654=AXIS2_PLACEMENT_3D('',#12669,#10433,#10434);
#8655=AXIS2_PLACEMENT_3D('',#12671,#10435,#10436);
#8656=AXIS2_PLACEMENT_3D('',#12673,#10438,#10439);
#8657=AXIS2_PLACEMENT_3D('',#12677,#10441,#10442);
#8658=AXIS2_PLACEMENT_3D('',#12679,#10444,#10445);
#8659=AXIS2_PLACEMENT_3D('',#12682,#10446,#10447);
#8660=AXIS2_PLACEMENT_3D('',#12685,#10450,#10451);
#8661=AXIS2_PLACEMENT_3D('',#12689,#10454,#10455);
#8662=AXIS2_PLACEMENT_3D('',#12691,#10456,#10457);
#8663=AXIS2_PLACEMENT_3D('',#12693,#10459,#10460);
#8664=AXIS2_PLACEMENT_3D('',#12697,#10463,#10464);
#8665=AXIS2_PLACEMENT_3D('',#12700,#10466,#10467);
#8666=AXIS2_PLACEMENT_3D('',#12701,#10468,#10469);
#8667=AXIS2_PLACEMENT_3D('',#12704,#10470,#10471);
#8668=AXIS2_PLACEMENT_3D('',#12707,#10474,#10475);
#8669=AXIS2_PLACEMENT_3D('',#12711,#10478,#10479);
#8670=AXIS2_PLACEMENT_3D('',#12713,#10480,#10481);
#8671=AXIS2_PLACEMENT_3D('',#12715,#10483,#10484);
#8672=AXIS2_PLACEMENT_3D('',#12721,#10488,#10489);
#8673=AXIS2_PLACEMENT_3D('',#12723,#10490,#10491);
#8674=AXIS2_PLACEMENT_3D('',#12725,#10493,#10494);
#8675=AXIS2_PLACEMENT_3D('',#12729,#10497,#10498);
#8676=AXIS2_PLACEMENT_3D('',#12732,#10499,#10500);
#8677=AXIS2_PLACEMENT_3D('',#12735,#10503,#10504);
#8678=AXIS2_PLACEMENT_3D('',#12739,#10507,#10508);
#8679=AXIS2_PLACEMENT_3D('',#12741,#10509,#10510);
#8680=AXIS2_PLACEMENT_3D('',#12743,#10512,#10513);
#8681=AXIS2_PLACEMENT_3D('',#12749,#10517,#10518);
#8682=AXIS2_PLACEMENT_3D('',#12752,#10520,#10521);
#8683=AXIS2_PLACEMENT_3D('',#12753,#10522,#10523);
#8684=AXIS2_PLACEMENT_3D('',#12759,#10527,#10528);
#8685=AXIS2_PLACEMENT_3D('',#12761,#10529,#10530);
#8686=AXIS2_PLACEMENT_3D('',#12763,#10532,#10533);
#8687=AXIS2_PLACEMENT_3D('',#12767,#10536,#10537);
#8688=AXIS2_PLACEMENT_3D('',#12771,#10540,#10541);
#8689=AXIS2_PLACEMENT_3D('',#12777,#10545,#10546);
#8690=AXIS2_PLACEMENT_3D('',#12779,#10547,#10548);
#8691=AXIS2_PLACEMENT_3D('',#12781,#10550,#10551);
#8692=AXIS2_PLACEMENT_3D('',#12785,#10554,#10555);
#8693=AXIS2_PLACEMENT_3D('',#12787,#10557,#10558);
#8694=AXIS2_PLACEMENT_3D('',#12793,#10562,#10563);
#8695=AXIS2_PLACEMENT_3D('',#12795,#10564,#10565);
#8696=AXIS2_PLACEMENT_3D('',#12797,#10567,#10568);
#8697=AXIS2_PLACEMENT_3D('',#12801,#10571,#10572);
#8698=AXIS2_PLACEMENT_3D('',#12805,#10575,#10576);
#8699=AXIS2_PLACEMENT_3D('',#12806,#10577,#10578);
#8700=AXIS2_PLACEMENT_3D('',#12807,#10579,#10580);
#8701=AXIS2_PLACEMENT_3D('',#12813,#10584,#10585);
#8702=AXIS2_PLACEMENT_3D('',#12815,#10586,#10587);
#8703=AXIS2_PLACEMENT_3D('',#12817,#10589,#10590);
#8704=AXIS2_PLACEMENT_3D('',#12823,#10594,#10595);
#8705=AXIS2_PLACEMENT_3D('',#12826,#10597,#10598);
#8706=AXIS2_PLACEMENT_3D('',#12827,#10599,#10600);
#8707=AXIS2_PLACEMENT_3D('',#12833,#10604,#10605);
#8708=AXIS2_PLACEMENT_3D('',#12835,#10606,#10607);
#8709=AXIS2_PLACEMENT_3D('',#12837,#10609,#10610);
#8710=AXIS2_PLACEMENT_3D('',#12840,#10612,#10613);
#8711=AXIS2_PLACEMENT_3D('',#12841,#10614,#10615);
#8712=AXIS2_PLACEMENT_3D('',#12847,#10619,#10620);
#8713=AXIS2_PLACEMENT_3D('',#12849,#10621,#10622);
#8714=AXIS2_PLACEMENT_3D('',#12851,#10624,#10625);
#8715=AXIS2_PLACEMENT_3D('',#12855,#10628,#10629);
#8716=AXIS2_PLACEMENT_3D('',#12859,#10632,#10633);
#8717=AXIS2_PLACEMENT_3D('',#12861,#10634,#10635);
#8718=AXIS2_PLACEMENT_3D('',#12863,#10637,#10638);
#8719=AXIS2_PLACEMENT_3D('',#12866,#10639,#10640);
#8720=AXIS2_PLACEMENT_3D('',#12869,#10643,#10644);
#8721=AXIS2_PLACEMENT_3D('',#12871,#10646,#10647);
#8722=AXIS2_PLACEMENT_3D('',#12875,#10650,#10651);
#8723=AXIS2_PLACEMENT_3D('',#12877,#10652,#10653);
#8724=AXIS2_PLACEMENT_3D('',#12879,#10655,#10656);
#8725=AXIS2_PLACEMENT_3D('',#12881,#10658,#10659);
#8726=AXIS2_PLACEMENT_3D('',#12885,#10662,#10663);
#8727=AXIS2_PLACEMENT_3D('',#12887,#10664,#10665);
#8728=AXIS2_PLACEMENT_3D('',#12889,#10667,#10668);
#8729=AXIS2_PLACEMENT_3D('',#12891,#10669,#10670);
#8730=AXIS2_PLACEMENT_3D('',#12893,#10672,#10673);
#8731=AXIS2_PLACEMENT_3D('',#12895,#10675,#10676);
#8732=AXIS2_PLACEMENT_3D('',#12899,#10679,#10680);
#8733=AXIS2_PLACEMENT_3D('',#12901,#10681,#10682);
#8734=AXIS2_PLACEMENT_3D('',#12903,#10684,#10685);
#8735=AXIS2_PLACEMENT_3D('',#12905,#10687,#10688);
#8736=AXIS2_PLACEMENT_3D('',#12909,#10691,#10692);
#8737=AXIS2_PLACEMENT_3D('',#12911,#10693,#10694);
#8738=AXIS2_PLACEMENT_3D('',#12913,#10696,#10697);
#8739=AXIS2_PLACEMENT_3D('',#12919,#10701,#10702);
#8740=AXIS2_PLACEMENT_3D('',#12925,#10706,#10707);
#8741=AXIS2_PLACEMENT_3D('',#12929,#10710,#10711);
#8742=AXIS2_PLACEMENT_3D('',#12933,#10714,#10715);
#8743=AXIS2_PLACEMENT_3D('',#12935,#10716,#10717);
#8744=AXIS2_PLACEMENT_3D('',#12937,#10719,#10720);
#8745=AXIS2_PLACEMENT_3D('',#12939,#10722,#10723);
#8746=AXIS2_PLACEMENT_3D('',#12943,#10726,#10727);
#8747=AXIS2_PLACEMENT_3D('',#12945,#10729,#10730);
#8748=AXIS2_PLACEMENT_3D('',#12947,#10732,#10733);
#8749=AXIS2_PLACEMENT_3D('',#12949,#10735,#10736);
#8750=AXIS2_PLACEMENT_3D('',#12950,#10737,#10738);
#8751=AXIS2_PLACEMENT_3D('',#12951,#10739,#10740);
#8752=AXIS2_PLACEMENT_3D('',#12953,#10742,#10743);
#8753=AXIS2_PLACEMENT_3D('',#12954,#10744,#10745);
#8754=AXIS2_PLACEMENT_3D('',#12955,#10746,#10747);
#8755=AXIS2_PLACEMENT_3D('',#12956,#10748,#10749);
#8756=AXIS2_PLACEMENT_3D('',#12957,#10750,#10751);
#8757=AXIS2_PLACEMENT_3D('',#12958,#10752,#10753);
#8758=AXIS2_PLACEMENT_3D('',#12959,#10754,#10755);
#8759=AXIS2_PLACEMENT_3D('',#12960,#10756,#10757);
#8760=AXIS2_PLACEMENT_3D('',#12961,#10758,#10759);
#8761=AXIS2_PLACEMENT_3D('',#12962,#10760,#10761);
#8762=AXIS2_PLACEMENT_3D('',#12963,#10762,#10763);
#8763=AXIS2_PLACEMENT_3D('',#12964,#10764,#10765);
#8764=AXIS2_PLACEMENT_3D('',#12965,#10766,#10767);
#8765=AXIS2_PLACEMENT_3D('',#12966,#10768,#10769);
#8766=AXIS2_PLACEMENT_3D('',#12967,#10770,#10771);
#8767=AXIS2_PLACEMENT_3D('',#12969,#10773,#10774);
#8768=AXIS2_PLACEMENT_3D('',#12971,#10776,#10777);
#8769=AXIS2_PLACEMENT_3D('',#12973,#10779,#10780);
#8770=AXIS2_PLACEMENT_3D('',#12975,#10781,#10782);
#8771=AXIS2_PLACEMENT_3D('',#12977,#10784,#10785);
#8772=AXIS2_PLACEMENT_3D('',#12979,#10787,#10788);
#8773=AXIS2_PLACEMENT_3D('',#12980,#10789,#10790);
#8774=AXIS2_PLACEMENT_3D('',#12981,#10791,#10792);
#8775=AXIS2_PLACEMENT_3D('',#12982,#10793,#10794);
#8776=AXIS2_PLACEMENT_3D('',#12983,#10795,#10796);
#8777=AXIS2_PLACEMENT_3D('',#12985,#10798,#10799);
#8778=AXIS2_PLACEMENT_3D('',#12988,#10800,#10801);
#8779=AXIS2_PLACEMENT_3D('',#12989,#10802,#10803);
#8780=AXIS2_PLACEMENT_3D('',#12992,#10804,#10805);
#8781=AXIS2_PLACEMENT_3D('',#12993,#10806,#10807);
#8782=AXIS2_PLACEMENT_3D('',#12996,#10808,#10809);
#8783=AXIS2_PLACEMENT_3D('',#12997,#10810,#10811);
#8784=AXIS2_PLACEMENT_3D('',#13000,#10812,#10813);
#8785=AXIS2_PLACEMENT_3D('',#13001,#10814,#10815);
#8786=AXIS2_PLACEMENT_3D('',#13002,#10816,#10817);
#8787=AXIS2_PLACEMENT_3D('',#13003,#10818,#10819);
#8788=AXIS2_PLACEMENT_3D('',#13004,#10820,#10821);
#8789=AXIS2_PLACEMENT_3D('',#13005,#10822,#10823);
#8790=AXIS2_PLACEMENT_3D('',#13008,#10824,#10825);
#8791=AXIS2_PLACEMENT_3D('',#13009,#10826,#10827);
#8792=AXIS2_PLACEMENT_3D('',#13012,#10828,#10829);
#8793=AXIS2_PLACEMENT_3D('',#13013,#10830,#10831);
#8794=AXIS2_PLACEMENT_3D('',#13016,#10832,#10833);
#8795=AXIS2_PLACEMENT_3D('',#13017,#10834,#10835);
#8796=AXIS2_PLACEMENT_3D('',#13020,#10836,#10837);
#8797=AXIS2_PLACEMENT_3D('',#13021,#10838,#10839);
#8798=AXIS2_PLACEMENT_3D('',#13022,#10840,#10841);
#8799=AXIS2_PLACEMENT_3D('',#13024,#10843,#10844);
#8800=AXIS2_PLACEMENT_3D('',#13026,#10846,#10847);
#8801=AXIS2_PLACEMENT_3D('',#13028,#10849,#10850);
#8802=AXIS2_PLACEMENT_3D('',#13030,#10852,#10853);
#8803=AXIS2_PLACEMENT_3D('',#13031,#10854,#10855);
#8804=AXIS2_PLACEMENT_3D('',#13032,#10856,#10857);
#8805=AXIS2_PLACEMENT_3D('',#13033,#10858,#10859);
#8806=AXIS2_PLACEMENT_3D('',#13034,#10860,#10861);
#8807=AXIS2_PLACEMENT_3D('',#13036,#10863,#10864);
#8808=AXIS2_PLACEMENT_3D('',#13038,#10866,#10867);
#8809=AXIS2_PLACEMENT_3D('',#13040,#10869,#10870);
#8810=AXIS2_PLACEMENT_3D('placement',#13042,#10872,#10873);
#8811=AXIS2_PLACEMENT_3D('',#13043,#10874,#10875);
#8812=AXIS2_PLACEMENT_3D('',#13059,#10877,#10878);
#8813=AXIS2_PLACEMENT_3D('',#13064,#10879,#10880);
#8814=AXIS2_PLACEMENT_3D('',#13140,#10882,#10883);
#8815=AXIS2_PLACEMENT_3D('',#13218,#10885,#10886);
#8816=AXIS2_PLACEMENT_3D('',#13294,#10888,#10889);
#8817=AXIS2_PLACEMENT_3D('',#13370,#10891,#10892);
#8818=AXIS2_PLACEMENT_3D('',#13446,#10894,#10895);
#8819=AXIS2_PLACEMENT_3D('',#13524,#10897,#10898);
#8820=AXIS2_PLACEMENT_3D('',#13600,#10900,#10901);
#8821=AXIS2_PLACEMENT_3D('',#13603,#10902,#10903);
#8822=AXIS2_PLACEMENT_3D('',#13604,#10904,#10905);
#8823=AXIS2_PLACEMENT_3D('',#13605,#10906,#10907);
#8824=AXIS2_PLACEMENT_3D('',#13608,#10909,#10910);
#8825=AXIS2_PLACEMENT_3D('',#13609,#10911,#10912);
#8826=AXIS2_PLACEMENT_3D('',#13612,#10913,#10914);
#8827=AXIS2_PLACEMENT_3D('',#13613,#10915,#10916);
#8828=AXIS2_PLACEMENT_3D('',#13615,#10917,#10918);
#8829=AXIS2_PLACEMENT_3D('',#13617,#10919,#10920);
#8830=AXIS2_PLACEMENT_3D('',#13619,#10921,#10922);
#8831=AXIS2_PLACEMENT_3D('',#13620,#10923,#10924);
#8832=AXIS2_PLACEMENT_3D('',#13621,#10925,#10926);
#8833=AXIS2_PLACEMENT_3D('',#13624,#10927,#10928);
#8834=AXIS2_PLACEMENT_3D('',#13626,#10929,#10930);
#8835=AXIS2_PLACEMENT_3D('',#13628,#10932,#10933);
#8836=AXIS2_PLACEMENT_3D('',#13629,#10934,#10935);
#8837=AXIS2_PLACEMENT_3D('',#13663,#10937,#10938);
#8838=AXIS2_PLACEMENT_3D('',#13698,#10939,#10940);
#8839=AXIS2_PLACEMENT_3D('',#13727,#10941,#10942);
#8840=AXIS2_PLACEMENT_3D('',#13730,#10943,#10944);
#8841=AXIS2_PLACEMENT_3D('',#13781,#10945,#10946);
#8842=AXIS2_PLACEMENT_3D('',#13855,#10948,#10949);
#8843=AXIS2_PLACEMENT_3D('',#13856,#10950,#10951);
#8844=AXIS2_PLACEMENT_3D('',#13887,#10952,#10953);
#8845=AXIS2_PLACEMENT_3D('',#13896,#10954,#10955);
#8846=AXIS2_PLACEMENT_3D('',#13905,#10956,#10957);
#8847=AXIS2_PLACEMENT_3D('',#14844,#10958,#10959);
#8848=AXIS2_PLACEMENT_3D('',#14847,#10960,#10961);
#8849=AXIS2_PLACEMENT_3D('',#14949,#10963,#10964);
#8850=AXIS2_PLACEMENT_3D('',#14950,#10965,#10966);
#8851=AXIS2_PLACEMENT_3D('',#14951,#10967,#10968);
#8852=AXIS2_PLACEMENT_3D('',#14954,#10971,#10972);
#8853=AXIS2_PLACEMENT_3D('',#14957,#10975,#10976);
#8854=AXIS2_PLACEMENT_3D('',#14958,#10977,#10978);
#8855=AXIS2_PLACEMENT_3D('',#14960,#10980,#10981);
#8856=AXIS2_PLACEMENT_3D('',#14962,#10983,#10984);
#8857=AXIS2_PLACEMENT_3D('',#14964,#10986,#10987);
#8858=AXIS2_PLACEMENT_3D('',#14966,#10989,#10990);
#8859=AXIS2_PLACEMENT_3D('',#14969,#10993,#10994);
#8860=AXIS2_PLACEMENT_3D('',#14972,#10997,#10998);
#8861=AXIS2_PLACEMENT_3D('',#14973,#10999,#11000);
#8862=AXIS2_PLACEMENT_3D('',#14974,#11001,#11002);
#8863=AXIS2_PLACEMENT_3D('placement',#14975,#11003,#11004);
#8864=AXIS2_PLACEMENT_3D('',#14976,#11005,#11006);
#8865=AXIS2_PLACEMENT_3D('',#14979,#11007,#11008);
#8866=AXIS2_PLACEMENT_3D('',#14980,#11009,#11010);
#8867=AXIS2_PLACEMENT_3D('',#14983,#11012,#11013);
#8868=AXIS2_PLACEMENT_3D('',#14984,#11014,#11015);
#8869=AXIS2_PLACEMENT_3D('',#14989,#11017,#11018);
#8870=AXIS2_PLACEMENT_3D('',#14993,#11020,#11021);
#8871=AXIS2_PLACEMENT_3D('',#14997,#11023,#11024);
#8872=AXIS2_PLACEMENT_3D('',#15001,#11026,#11027);
#8873=AXIS2_PLACEMENT_3D('',#15005,#11029,#11030);
#8874=AXIS2_PLACEMENT_3D('',#15008,#11032,#11033);
#8875=AXIS2_PLACEMENT_3D('',#15009,#11034,#11035);
#8876=AXIS2_PLACEMENT_3D('',#15018,#11038,#11039);
#8877=AXIS2_PLACEMENT_3D('',#15031,#11041,#11042);
#8878=AXIS2_PLACEMENT_3D('',#15038,#11044,#11045);
#8879=AXIS2_PLACEMENT_3D('',#15051,#11047,#11048);
#8880=AXIS2_PLACEMENT_3D('',#15058,#11050,#11051);
#8881=AXIS2_PLACEMENT_3D('',#15071,#11053,#11054);
#8882=AXIS2_PLACEMENT_3D('',#15074,#11055,#11056);
#8883=AXIS2_PLACEMENT_3D('',#15127,#11058,#11059);
#8884=AXIS2_PLACEMENT_3D('',#15128,#11060,#11061);
#8885=AXIS2_PLACEMENT_3D('',#15129,#11062,#11063);
#8886=AXIS2_PLACEMENT_3D('',#15131,#11065,#11066);
#8887=AXIS2_PLACEMENT_3D('',#15133,#11068,#11069);
#8888=AXIS2_PLACEMENT_3D('',#15136,#11072,#11073);
#8889=AXIS2_PLACEMENT_3D('',#15138,#11075,#11076);
#8890=AXIS2_PLACEMENT_3D('',#15139,#11077,#11078);
#8891=AXIS2_PLACEMENT_3D('',#15140,#11079,#11080);
#8892=AXIS2_PLACEMENT_3D('',#15141,#11081,#11082);
#8893=AXIS2_PLACEMENT_3D('',#15142,#11083,#11084);
#8894=AXIS2_PLACEMENT_3D('',#15143,#11085,#11086);
#8895=AXIS2_PLACEMENT_3D('',#15144,#11087,#11088);
#8896=AXIS2_PLACEMENT_3D('',#15145,#11089,#11090);
#8897=AXIS2_PLACEMENT_3D('',#15146,#11091,#11092);
#8898=AXIS2_PLACEMENT_3D('',#15147,#11093,#11094);
#8899=AXIS2_PLACEMENT_3D('',#15148,#11095,#11096);
#8900=AXIS2_PLACEMENT_3D('',#15149,#11097,#11098);
#8901=AXIS2_PLACEMENT_3D('',#15150,#11099,#11100);
#8902=AXIS2_PLACEMENT_3D('',#15151,#11101,#11102);
#8903=AXIS2_PLACEMENT_3D('',#15152,#11103,#11104);
#8904=AXIS2_PLACEMENT_3D('',#15153,#11105,#11106);
#8905=AXIS2_PLACEMENT_3D('',#15154,#11107,#11108);
#8906=DIRECTION('axis',(0.,0.,1.));
#8907=DIRECTION('refdir',(1.,0.,0.));
#8908=DIRECTION('axis',(0.,0.,1.));
#8909=DIRECTION('refdir',(1.,0.,0.));
#8910=DIRECTION('center_axis',(0.,0.,1.));
#8911=DIRECTION('ref_axis',(0.,-1.,0.));
#8912=DIRECTION('center_axis',(0.,0.,-1.));
#8913=DIRECTION('ref_axis',(0.,1.,0.));
#8914=DIRECTION('',(0.,0.,1.));
#8915=DIRECTION('center_axis',(0.,0.,-1.));
#8916=DIRECTION('ref_axis',(0.,1.,0.));
#8917=DIRECTION('',(0.,0.,1.));
#8918=DIRECTION('center_axis',(0.,0.,1.));
#8919=DIRECTION('ref_axis',(0.,-1.,0.));
#8920=DIRECTION('center_axis',(0.,0.,-1.));
#8921=DIRECTION('ref_axis',(0.,1.,0.));
#8922=DIRECTION('',(0.,0.,1.));
#8923=DIRECTION('center_axis',(0.,0.,-1.));
#8924=DIRECTION('ref_axis',(0.,1.,0.));
#8925=DIRECTION('',(0.,0.,1.));
#8926=DIRECTION('center_axis',(0.,0.,1.));
#8927=DIRECTION('ref_axis',(0.,-1.,0.));
#8928=DIRECTION('center_axis',(0.,0.,-1.));
#8929=DIRECTION('ref_axis',(0.,1.,0.));
#8930=DIRECTION('',(0.,0.,1.));
#8931=DIRECTION('center_axis',(0.,0.,-1.));
#8932=DIRECTION('ref_axis',(0.,1.,0.));
#8933=DIRECTION('',(0.,0.,1.));
#8934=DIRECTION('center_axis',(0.,0.,1.));
#8935=DIRECTION('ref_axis',(0.,-1.,0.));
#8936=DIRECTION('center_axis',(0.,0.,-1.));
#8937=DIRECTION('ref_axis',(0.,1.,0.));
#8938=DIRECTION('',(0.,0.,1.));
#8939=DIRECTION('center_axis',(0.,0.,-1.));
#8940=DIRECTION('ref_axis',(0.,1.,0.));
#8941=DIRECTION('',(0.,0.,1.));
#8942=DIRECTION('center_axis',(0.,0.,1.));
#8943=DIRECTION('ref_axis',(0.,-1.,0.));
#8944=DIRECTION('center_axis',(0.,0.,-1.));
#8945=DIRECTION('ref_axis',(0.,1.,0.));
#8946=DIRECTION('',(0.,0.,1.));
#8947=DIRECTION('center_axis',(0.,0.,-1.));
#8948=DIRECTION('ref_axis',(0.,1.,0.));
#8949=DIRECTION('',(0.,0.,1.));
#8950=DIRECTION('center_axis',(0.,0.,1.));
#8951=DIRECTION('ref_axis',(0.,-1.,0.));
#8952=DIRECTION('center_axis',(0.,0.,-1.));
#8953=DIRECTION('ref_axis',(0.,1.,0.));
#8954=DIRECTION('',(0.,0.,1.));
#8955=DIRECTION('center_axis',(0.,0.,-1.));
#8956=DIRECTION('ref_axis',(0.,1.,0.));
#8957=DIRECTION('',(0.,0.,1.));
#8958=DIRECTION('center_axis',(0.,0.,1.));
#8959=DIRECTION('ref_axis',(0.,-1.,0.));
#8960=DIRECTION('center_axis',(0.,0.,-1.));
#8961=DIRECTION('ref_axis',(0.,1.,0.));
#8962=DIRECTION('',(0.,0.,1.));
#8963=DIRECTION('center_axis',(0.,0.,-1.));
#8964=DIRECTION('ref_axis',(0.,1.,0.));
#8965=DIRECTION('',(0.,0.,1.));
#8966=DIRECTION('center_axis',(0.,0.,-1.));
#8967=DIRECTION('ref_axis',(0.,1.,0.));
#8968=DIRECTION('center_axis',(0.,0.,-1.));
#8969=DIRECTION('ref_axis',(0.,1.,0.));
#8970=DIRECTION('center_axis',(0.,0.,-1.));
#8971=DIRECTION('ref_axis',(0.,1.,0.));
#8972=DIRECTION('center_axis',(0.,0.,-1.));
#8973=DIRECTION('ref_axis',(0.,1.,0.));
#8974=DIRECTION('center_axis',(0.,0.,-1.));
#8975=DIRECTION('ref_axis',(0.,1.,0.));
#8976=DIRECTION('center_axis',(0.,0.,-1.));
#8977=DIRECTION('ref_axis',(0.,1.,0.));
#8978=DIRECTION('center_axis',(0.,0.,-1.));
#8979=DIRECTION('ref_axis',(0.,1.,0.));
#8980=DIRECTION('',(0.,1.,0.));
#8981=DIRECTION('center_axis',(0.,0.,-1.));
#8982=DIRECTION('ref_axis',(0.,1.,0.));
#8983=DIRECTION('',(0.707106781186548,0.707106781186548,0.));
#8984=DIRECTION('',(-0.707106781186548,0.707106781186548,0.));
#8985=DIRECTION('center_axis',(0.,0.,-1.));
#8986=DIRECTION('ref_axis',(0.,1.,0.));
#8987=DIRECTION('',(0.,1.,0.));
#8988=DIRECTION('',(-1.,0.,0.));
#8989=DIRECTION('center_axis',(0.,0.,-1.));
#8990=DIRECTION('ref_axis',(0.,1.,0.));
#8991=DIRECTION('',(-0.707106781186548,0.707106781186548,0.));
#8992=DIRECTION('',(-0.707106781186548,-0.707106781186548,0.));
#8993=DIRECTION('center_axis',(0.,0.,-1.));
#8994=DIRECTION('ref_axis',(0.,1.,0.));
#8995=DIRECTION('',(-1.,0.,0.));
#8996=DIRECTION('',(0.,-1.,0.));
#8997=DIRECTION('center_axis',(0.,0.,-1.));
#8998=DIRECTION('ref_axis',(0.,1.,0.));
#8999=DIRECTION('',(-0.707106781186548,-0.707106781186548,0.));
#9000=DIRECTION('',(0.707106781186548,-0.707106781186548,0.));
#9001=DIRECTION('center_axis',(0.,0.,-1.));
#9002=DIRECTION('ref_axis',(0.,1.,0.));
#9003=DIRECTION('',(0.,-1.,0.));
#9004=DIRECTION('',(1.,0.,0.));
#9005=DIRECTION('center_axis',(0.,0.,-1.));
#9006=DIRECTION('ref_axis',(0.,1.,0.));
#9007=DIRECTION('',(0.707106781186548,-0.707106781186548,0.));
#9008=DIRECTION('',(1.,0.,0.));
#9009=DIRECTION('center_axis',(0.,0.,-1.));
#9010=DIRECTION('ref_axis',(0.,1.,0.));
#9011=DIRECTION('',(0.707106781186547,0.707106781186547,0.));
#9012=DIRECTION('center_axis',(0.,0.,-1.));
#9013=DIRECTION('ref_axis',(0.,1.,0.));
#9014=DIRECTION('',(-1.,0.,0.));
#9015=DIRECTION('center_axis',(0.,0.,-1.));
#9016=DIRECTION('ref_axis',(0.,1.,0.));
#9017=DIRECTION('',(-0.707106781186547,-0.707106781186547,0.));
#9018=DIRECTION('center_axis',(0.,0.,-1.));
#9019=DIRECTION('ref_axis',(0.,1.,0.));
#9020=DIRECTION('',(-1.,0.,0.));
#9021=DIRECTION('center_axis',(0.,0.,-1.));
#9022=DIRECTION('ref_axis',(0.,1.,0.));
#9023=DIRECTION('',(-0.707106781186547,-0.707106781186547,0.));
#9024=DIRECTION('center_axis',(0.,0.,-1.));
#9025=DIRECTION('ref_axis',(0.,1.,0.));
#9026=DIRECTION('center_axis',(0.,0.,-1.));
#9027=DIRECTION('ref_axis',(0.,1.,0.));
#9028=DIRECTION('',(-0.707106781186547,0.707106781186547,0.));
#9029=DIRECTION('center_axis',(0.,0.,-1.));
#9030=DIRECTION('ref_axis',(0.,1.,0.));
#9031=DIRECTION('',(-1.,0.,0.));
#9032=DIRECTION('center_axis',(0.,0.,-1.));
#9033=DIRECTION('ref_axis',(0.,1.,0.));
#9034=DIRECTION('',(1.,0.,0.));
#9035=DIRECTION('center_axis',(0.,0.,-1.));
#9036=DIRECTION('ref_axis',(0.,1.,0.));
#9037=DIRECTION('',(0.707106781186547,0.707106781186547,0.));
#9038=DIRECTION('center_axis',(0.,0.,-1.));
#9039=DIRECTION('ref_axis',(0.,1.,0.));
#9040=DIRECTION('',(-0.707106781186548,0.707106781186548,0.));
#9041=DIRECTION('center_axis',(0.,0.,-1.));
#9042=DIRECTION('ref_axis',(0.,1.,0.));
#9043=DIRECTION('',(-1.,0.,0.));
#9044=DIRECTION('center_axis',(0.,0.,-1.));
#9045=DIRECTION('ref_axis',(0.,1.,0.));
#9046=DIRECTION('',(-1.,0.,0.));
#9047=DIRECTION('center_axis',(0.,0.,-1.));
#9048=DIRECTION('ref_axis',(0.,1.,0.));
#9049=DIRECTION('',(-0.707106781186547,-0.707106781186547,0.));
#9050=DIRECTION('center_axis',(0.,0.,-1.));
#9051=DIRECTION('ref_axis',(0.,1.,0.));
#9052=DIRECTION('',(-0.707106781186547,0.707106781186547,0.));
#9053=DIRECTION('center_axis',(0.,0.,-1.));
#9054=DIRECTION('ref_axis',(0.,1.,0.));
#9055=DIRECTION('',(-1.,0.,0.));
#9056=DIRECTION('',(0.707106781186548,0.707106781186548,0.));
#9057=DIRECTION('center_axis',(0.,0.,-1.));
#9058=DIRECTION('ref_axis',(0.,1.,0.));
#9059=DIRECTION('',(1.,0.,0.));
#9060=DIRECTION('center_axis',(0.,0.,-1.));
#9061=DIRECTION('ref_axis',(0.,1.,0.));
#9062=DIRECTION('center_axis',(0.,0.,-1.));
#9063=DIRECTION('ref_axis',(0.,1.,0.));
#9064=DIRECTION('',(0.,1.,0.));
#9065=DIRECTION('center_axis',(0.,0.,-1.));
#9066=DIRECTION('ref_axis',(0.,1.,0.));
#9067=DIRECTION('',(0.707106781186548,0.707106781186548,0.));
#9068=DIRECTION('',(-0.707106781186548,0.707106781186548,0.));
#9069=DIRECTION('center_axis',(0.,0.,-1.));
#9070=DIRECTION('ref_axis',(0.,1.,0.));
#9071=DIRECTION('',(-1.,0.,0.));
#9072=DIRECTION('center_axis',(0.,0.,-1.));
#9073=DIRECTION('ref_axis',(0.,1.,0.));
#9074=DIRECTION('center_axis',(0.,0.,-1.));
#9075=DIRECTION('ref_axis',(0.,1.,0.));
#9076=DIRECTION('',(-0.707106781186547,0.707106781186547,0.));
#9077=DIRECTION('center_axis',(0.,0.,-1.));
#9078=DIRECTION('ref_axis',(0.,1.,0.));
#9079=DIRECTION('',(0.,1.,0.));
#9080=DIRECTION('',(-0.707106781186548,0.707106781186548,0.));
#9081=DIRECTION('center_axis',(0.,0.,-1.));
#9082=DIRECTION('ref_axis',(0.,1.,0.));
#9083=DIRECTION('',(0.,1.,0.));
#9084=DIRECTION('center_axis',(0.,0.,-1.));
#9085=DIRECTION('ref_axis',(0.,1.,0.));
#9086=DIRECTION('',(1.,0.,0.));
#9087=DIRECTION('center_axis',(0.,0.,-1.));
#9088=DIRECTION('ref_axis',(0.,1.,0.));
#9089=DIRECTION('',(0.707106781186548,-0.707106781186548,0.));
#9090=DIRECTION('center_axis',(0.,0.,-1.));
#9091=DIRECTION('ref_axis',(0.,1.,0.));
#9092=DIRECTION('',(0.,1.,0.));
#9093=DIRECTION('center_axis',(0.,0.,-1.));
#9094=DIRECTION('ref_axis',(0.,1.,0.));
#9095=DIRECTION('',(0.707106781186548,0.707106781186548,0.));
#9096=DIRECTION('center_axis',(0.,0.,-1.));
#9097=DIRECTION('ref_axis',(0.,1.,0.));
#9098=DIRECTION('',(0.,-1.,0.));
#9099=DIRECTION('center_axis',(0.,0.,-1.));
#9100=DIRECTION('ref_axis',(0.,1.,0.));
#9101=DIRECTION('',(-0.707106781186548,-0.707106781186548,0.));
#9102=DIRECTION('center_axis',(0.,0.,-1.));
#9103=DIRECTION('ref_axis',(0.,1.,0.));
#9104=DIRECTION('',(0.707106781186547,-0.707106781186547,0.));
#9105=DIRECTION('center_axis',(0.,0.,-1.));
#9106=DIRECTION('ref_axis',(0.,1.,0.));
#9107=DIRECTION('',(1.,0.,0.));
#9108=DIRECTION('center_axis',(0.,0.,-1.));
#9109=DIRECTION('ref_axis',(0.,1.,0.));
#9110=DIRECTION('',(0.707106781186547,-0.707106781186547,0.));
#9111=DIRECTION('center_axis',(0.,0.,-1.));
#9112=DIRECTION('ref_axis',(0.,1.,0.));
#9113=DIRECTION('',(0.,-1.,0.));
#9114=DIRECTION('center_axis',(0.,0.,-1.));
#9115=DIRECTION('ref_axis',(0.,1.,0.));
#9116=DIRECTION('',(-0.707106781186548,-0.707106781186548,0.));
#9117=DIRECTION('center_axis',(0.,0.,-1.));
#9118=DIRECTION('ref_axis',(0.,1.,0.));
#9119=DIRECTION('',(-1.,0.,0.));
#9120=DIRECTION('center_axis',(0.,0.,-1.));
#9121=DIRECTION('ref_axis',(0.,1.,0.));
#9122=DIRECTION('center_axis',(0.,0.,-1.));
#9123=DIRECTION('ref_axis',(0.,1.,0.));
#9124=DIRECTION('',(0.707106781186548,-0.707106781186548,0.));
#9125=DIRECTION('center_axis',(0.,0.,-1.));
#9126=DIRECTION('ref_axis',(0.,1.,0.));
#9127=DIRECTION('',(0.,-1.,0.));
#9128=DIRECTION('',(0.707106781186547,-0.707106781186547,0.));
#9129=DIRECTION('center_axis',(0.,0.,-1.));
#9130=DIRECTION('ref_axis',(0.,1.,0.));
#9131=DIRECTION('',(0.,-1.,0.));
#9132=DIRECTION('center_axis',(0.,0.,-1.));
#9133=DIRECTION('ref_axis',(0.,1.,0.));
#9134=DIRECTION('center_axis',(0.,0.,-1.));
#9135=DIRECTION('ref_axis',(0.,1.,0.));
#9136=DIRECTION('',(0.707106781186547,0.707106781186547,0.));
#9137=DIRECTION('center_axis',(0.,0.,-1.));
#9138=DIRECTION('ref_axis',(0.,1.,0.));
#9139=DIRECTION('',(1.,0.,0.));
#9140=DIRECTION('',(0.707106781186547,0.707106781186547,0.));
#9141=DIRECTION('center_axis',(0.,0.,-1.));
#9142=DIRECTION('ref_axis',(0.,1.,0.));
#9143=DIRECTION('',(0.,1.,0.));
#9144=DIRECTION('center_axis',(0.,0.,-1.));
#9145=DIRECTION('ref_axis',(0.,1.,0.));
#9146=DIRECTION('',(0.,1.,0.));
#9147=DIRECTION('center_axis',(0.,0.,-1.));
#9148=DIRECTION('ref_axis',(0.,1.,0.));
#9149=DIRECTION('',(-0.707106781186548,0.707106781186548,0.));
#9150=DIRECTION('center_axis',(0.,0.,-1.));
#9151=DIRECTION('ref_axis',(0.,1.,0.));
#9152=DIRECTION('center_axis',(0.,0.,-1.));
#9153=DIRECTION('ref_axis',(0.,1.,0.));
#9154=DIRECTION('',(0.,1.,0.));
#9155=DIRECTION('center_axis',(0.,0.,-1.));
#9156=DIRECTION('ref_axis',(0.,1.,0.));
#9157=DIRECTION('',(0.707106781186548,0.707106781186548,0.));
#9158=DIRECTION('center_axis',(0.,0.,-1.));
#9159=DIRECTION('ref_axis',(0.,1.,0.));
#9160=DIRECTION('',(0.707106781186548,0.707106781186548,0.));
#9161=DIRECTION('center_axis',(0.,0.,-1.));
#9162=DIRECTION('ref_axis',(0.,1.,0.));
#9163=DIRECTION('',(1.,0.,0.));
#9164=DIRECTION('center_axis',(0.,0.,-1.));
#9165=DIRECTION('ref_axis',(0.,1.,0.));
#9166=DIRECTION('',(1.,0.,0.));
#9167=DIRECTION('center_axis',(0.,0.,-1.));
#9168=DIRECTION('ref_axis',(0.,1.,0.));
#9169=DIRECTION('',(0.707106781186548,-0.707106781186548,0.));
#9170=DIRECTION('center_axis',(0.,0.,-1.));
#9171=DIRECTION('ref_axis',(0.,1.,0.));
#9172=DIRECTION('',(-0.707106781186548,-0.707106781186548,0.));
#9173=DIRECTION('center_axis',(0.,0.,-1.));
#9174=DIRECTION('ref_axis',(0.,1.,0.));
#9175=DIRECTION('',(-1.,0.,0.));
#9176=DIRECTION('center_axis',(0.,0.,-1.));
#9177=DIRECTION('ref_axis',(0.,1.,0.));
#9178=DIRECTION('',(0.,-1.,0.));
#9179=DIRECTION('center_axis',(0.,0.,-1.));
#9180=DIRECTION('ref_axis',(0.,1.,0.));
#9181=DIRECTION('',(-0.707106781186547,-0.707106781186547,0.));
#9182=DIRECTION('center_axis',(0.,0.,-1.));
#9183=DIRECTION('ref_axis',(0.,1.,0.));
#9184=DIRECTION('',(0.,-1.,0.));
#9185=DIRECTION('center_axis',(0.,0.,-1.));
#9186=DIRECTION('ref_axis',(0.,1.,0.));
#9187=DIRECTION('',(-0.707106781186548,-0.707106781186548,0.));
#9188=DIRECTION('',(-1.,0.,0.));
#9189=DIRECTION('center_axis',(0.,0.,-1.));
#9190=DIRECTION('ref_axis',(0.,1.,0.));
#9191=DIRECTION('',(-0.707106781186548,0.707106781186548,0.));
#9192=DIRECTION('center_axis',(0.,0.,-1.));
#9193=DIRECTION('ref_axis',(0.,1.,0.));
#9194=DIRECTION('',(1.,0.,0.));
#9195=DIRECTION('center_axis',(0.,0.,-1.));
#9196=DIRECTION('ref_axis',(0.,1.,0.));
#9197=DIRECTION('',(0.707106781186548,-0.707106781186548,0.));
#9198=DIRECTION('center_axis',(0.,0.,-1.));
#9199=DIRECTION('ref_axis',(0.,1.,0.));
#9200=DIRECTION('',(0.,-1.,0.));
#9201=DIRECTION('center_axis',(0.,0.,-1.));
#9202=DIRECTION('ref_axis',(0.,1.,0.));
#9203=DIRECTION('',(0.707106781186547,-0.707106781186547,0.));
#9204=DIRECTION('center_axis',(0.,0.,-1.));
#9205=DIRECTION('ref_axis',(0.,1.,0.));
#9206=DIRECTION('',(0.,-1.,0.));
#9207=DIRECTION('center_axis',(0.,0.,-1.));
#9208=DIRECTION('ref_axis',(0.,1.,0.));
#9209=DIRECTION('',(-0.707106781186548,-0.707106781186548,0.));
#9210=DIRECTION('center_axis',(0.,0.,-1.));
#9211=DIRECTION('ref_axis',(0.,1.,0.));
#9212=DIRECTION('center_axis',(0.,0.,-1.));
#9213=DIRECTION('ref_axis',(0.,1.,0.));
#9214=DIRECTION('',(0.,-1.,0.));
#9215=DIRECTION('center_axis',(0.,0.,-1.));
#9216=DIRECTION('ref_axis',(0.,1.,0.));
#9217=DIRECTION('',(0.707106781186548,-0.707106781186548,0.));
#9218=DIRECTION('',(0.,-1.,0.));
#9219=DIRECTION('center_axis',(0.,0.,-1.));
#9220=DIRECTION('ref_axis',(0.,1.,0.));
#9221=DIRECTION('',(-0.707106781186547,-0.707106781186547,0.));
#9222=DIRECTION('center_axis',(0.,0.,-1.));
#9223=DIRECTION('ref_axis',(0.,1.,0.));
#9224=DIRECTION('center_axis',(0.,0.,-1.));
#9225=DIRECTION('ref_axis',(0.,1.,0.));
#9226=DIRECTION('',(-0.707106781186547,0.707106781186547,0.));
#9227=DIRECTION('center_axis',(0.,0.,-1.));
#9228=DIRECTION('ref_axis',(0.,1.,0.));
#9229=DIRECTION('',(0.,1.,0.));
#9230=DIRECTION('center_axis',(0.,0.,-1.));
#9231=DIRECTION('ref_axis',(0.,1.,0.));
#9232=DIRECTION('',(0.,1.,0.));
#9233=DIRECTION('center_axis',(0.,0.,-1.));
#9234=DIRECTION('ref_axis',(0.,1.,0.));
#9235=DIRECTION('',(0.707106781186547,0.707106781186547,0.));
#9236=DIRECTION('',(1.,0.,0.));
#9237=DIRECTION('center_axis',(0.,0.,-1.));
#9238=DIRECTION('ref_axis',(0.,1.,0.));
#9239=DIRECTION('',(0.707106781186547,-0.707106781186547,0.));
#9240=DIRECTION('center_axis',(0.,0.,-1.));
#9241=DIRECTION('ref_axis',(0.,1.,0.));
#9242=DIRECTION('',(-0.707106781186547,0.707106781186547,0.));
#9243=DIRECTION('center_axis',(0.,0.,-1.));
#9244=DIRECTION('ref_axis',(0.,1.,0.));
#9245=DIRECTION('',(0.,1.,0.));
#9246=DIRECTION('center_axis',(0.,0.,-1.));
#9247=DIRECTION('ref_axis',(0.,1.,0.));
#9248=DIRECTION('',(1.,0.,0.));
#9249=DIRECTION('',(0.707106781186548,0.707106781186548,0.));
#9250=DIRECTION('center_axis',(0.,0.,-1.));
#9251=DIRECTION('ref_axis',(0.,1.,0.));
#9252=DIRECTION('center_axis',(0.,0.,-1.));
#9253=DIRECTION('ref_axis',(0.,1.,0.));
#9254=DIRECTION('center_axis',(0.,0.,-1.));
#9255=DIRECTION('ref_axis',(0.,1.,0.));
#9256=DIRECTION('center_axis',(0.,0.,-1.));
#9257=DIRECTION('ref_axis',(0.,1.,0.));
#9258=DIRECTION('center_axis',(0.,0.,-1.));
#9259=DIRECTION('ref_axis',(0.,1.,0.));
#9260=DIRECTION('center_axis',(0.,-1.,0.));
#9261=DIRECTION('ref_axis',(0.,0.,-1.));
#9262=DIRECTION('',(1.,0.,0.));
#9263=DIRECTION('',(0.,0.,1.));
#9264=DIRECTION('',(0.,0.,1.));
#9265=DIRECTION('center_axis',(0.,0.,1.));
#9266=DIRECTION('ref_axis',(0.,-1.,0.));
#9267=DIRECTION('center_axis',(0.,0.,-1.));
#9268=DIRECTION('ref_axis',(0.,1.,0.));
#9269=DIRECTION('',(0.,0.,1.));
#9270=DIRECTION('center_axis',(0.707106781186548,-0.707106781186548,0.));
#9271=DIRECTION('ref_axis',(-0.707106781186548,-0.707106781186548,0.));
#9272=DIRECTION('',(0.707106781186547,0.707106781186547,0.));
#9273=DIRECTION('',(0.,0.,1.));
#9274=DIRECTION('center_axis',(0.,1.,0.));
#9275=DIRECTION('ref_axis',(0.,0.,1.));
#9276=DIRECTION('',(-1.,0.,0.));
#9277=DIRECTION('',(0.,0.,1.));
#9278=DIRECTION('',(0.,0.,1.));
#9279=DIRECTION('center_axis',(0.,0.,1.));
#9280=DIRECTION('ref_axis',(0.,-1.,0.));
#9281=DIRECTION('center_axis',(0.,0.,-1.));
#9282=DIRECTION('ref_axis',(0.,1.,0.));
#9283=DIRECTION('',(0.,0.,1.));
#9284=DIRECTION('center_axis',(-0.707106781186548,0.707106781186548,0.));
#9285=DIRECTION('ref_axis',(0.707106781186548,0.707106781186548,0.));
#9286=DIRECTION('',(-0.707106781186547,-0.707106781186547,0.));
#9287=DIRECTION('',(0.,0.,1.));
#9288=DIRECTION('center_axis',(0.,1.,0.));
#9289=DIRECTION('ref_axis',(0.,0.,1.));
#9290=DIRECTION('',(-1.,0.,0.));
#9291=DIRECTION('',(0.,0.,1.));
#9292=DIRECTION('',(0.,0.,1.));
#9293=DIRECTION('center_axis',(0.,0.,1.));
#9294=DIRECTION('ref_axis',(0.,-1.,0.));
#9295=DIRECTION('center_axis',(0.,0.,-1.));
#9296=DIRECTION('ref_axis',(0.,1.,0.));
#9297=DIRECTION('',(0.,0.,1.));
#9298=DIRECTION('center_axis',(-0.707106781186548,0.707106781186548,0.));
#9299=DIRECTION('ref_axis',(0.707106781186548,0.707106781186548,0.));
#9300=DIRECTION('',(-0.707106781186547,-0.707106781186547,0.));
#9301=DIRECTION('',(0.,0.,1.));
#9302=DIRECTION('center_axis',(0.,0.,1.));
#9303=DIRECTION('ref_axis',(0.,-1.,0.));
#9304=DIRECTION('center_axis',(0.,0.,-1.));
#9305=DIRECTION('ref_axis',(0.,1.,0.));
#9306=DIRECTION('',(0.,0.,1.));
#9307=DIRECTION('',(0.,0.,1.));
#9308=DIRECTION('center_axis',(0.707106781186548,0.707106781186548,0.));
#9309=DIRECTION('ref_axis',(0.707106781186548,-0.707106781186548,0.));
#9310=DIRECTION('',(-0.707106781186547,0.707106781186547,0.));
#9311=DIRECTION('',(0.,0.,1.));
#9312=DIRECTION('center_axis',(0.,0.,1.));
#9313=DIRECTION('ref_axis',(0.,-1.,0.));
#9314=DIRECTION('center_axis',(0.,0.,-1.));
#9315=DIRECTION('ref_axis',(0.,1.,0.));
#9316=DIRECTION('',(0.,0.,1.));
#9317=DIRECTION('center_axis',(0.,0.,1.));
#9318=DIRECTION('ref_axis',(0.,-1.,0.));
#9319=DIRECTION('center_axis',(0.,0.,-1.));
#9320=DIRECTION('ref_axis',(0.,1.,0.));
#9321=DIRECTION('',(0.,0.,1.));
#9322=DIRECTION('',(0.,0.,1.));
#9323=DIRECTION('center_axis',(0.,-1.,0.));
#9324=DIRECTION('ref_axis',(0.,0.,-1.));
#9325=DIRECTION('',(1.,0.,0.));
#9326=DIRECTION('',(0.,0.,1.));
#9327=DIRECTION('center_axis',(0.,0.,1.));
#9328=DIRECTION('ref_axis',(0.,-1.,0.));
#9329=DIRECTION('center_axis',(0.,0.,-1.));
#9330=DIRECTION('ref_axis',(0.,1.,0.));
#9331=DIRECTION('',(0.,0.,1.));
#9332=DIRECTION('center_axis',(0.,0.,1.));
#9333=DIRECTION('ref_axis',(0.,-1.,0.));
#9334=DIRECTION('center_axis',(0.,0.,-1.));
#9335=DIRECTION('ref_axis',(0.,1.,0.));
#9336=DIRECTION('',(0.,0.,1.));
#9337=DIRECTION('',(0.,0.,1.));
#9338=DIRECTION('center_axis',(0.707106781186548,0.707106781186548,0.));
#9339=DIRECTION('ref_axis',(0.707106781186548,-0.707106781186548,0.));
#9340=DIRECTION('',(-0.707106781186548,0.707106781186548,0.));
#9341=DIRECTION('',(0.,0.,1.));
#9342=DIRECTION('center_axis',(0.,0.,1.));
#9343=DIRECTION('ref_axis',(0.,-1.,0.));
#9344=DIRECTION('center_axis',(0.,0.,-1.));
#9345=DIRECTION('ref_axis',(0.,1.,0.));
#9346=DIRECTION('',(0.,0.,1.));
#9347=DIRECTION('center_axis',(0.,0.,1.));
#9348=DIRECTION('ref_axis',(0.,-1.,0.));
#9349=DIRECTION('center_axis',(0.,0.,-1.));
#9350=DIRECTION('ref_axis',(0.,1.,0.));
#9351=DIRECTION('',(0.,0.,1.));
#9352=DIRECTION('',(0.,0.,1.));
#9353=DIRECTION('center_axis',(0.,1.,0.));
#9354=DIRECTION('ref_axis',(0.,0.,1.));
#9355=DIRECTION('',(-1.,0.,0.));
#9356=DIRECTION('',(0.,0.,1.));
#9357=DIRECTION('center_axis',(0.,0.,1.));
#9358=DIRECTION('ref_axis',(0.,-1.,0.));
#9359=DIRECTION('center_axis',(0.,0.,-1.));
#9360=DIRECTION('ref_axis',(0.,1.,0.));
#9361=DIRECTION('',(0.,0.,1.));
#9362=DIRECTION('center_axis',(0.,0.,1.));
#9363=DIRECTION('ref_axis',(0.,-1.,0.));
#9364=DIRECTION('center_axis',(0.,0.,-1.));
#9365=DIRECTION('ref_axis',(0.,1.,0.));
#9366=DIRECTION('',(0.,0.,1.));
#9367=DIRECTION('',(0.,0.,1.));
#9368=DIRECTION('center_axis',(0.707106781186548,0.707106781186548,0.));
#9369=DIRECTION('ref_axis',(0.707106781186548,-0.707106781186548,0.));
#9370=DIRECTION('',(-0.707106781186547,0.707106781186547,0.));
#9371=DIRECTION('',(0.,0.,1.));
#9372=DIRECTION('center_axis',(0.,0.,1.));
#9373=DIRECTION('ref_axis',(0.,-1.,0.));
#9374=DIRECTION('center_axis',(0.,0.,-1.));
#9375=DIRECTION('ref_axis',(0.,1.,0.));
#9376=DIRECTION('',(0.,0.,1.));
#9377=DIRECTION('center_axis',(0.707106781186548,-0.707106781186548,0.));
#9378=DIRECTION('ref_axis',(-0.707106781186548,-0.707106781186548,0.));
#9379=DIRECTION('',(0.707106781186548,0.707106781186548,0.));
#9380=DIRECTION('',(0.,0.,1.));
#9381=DIRECTION('',(0.,0.,1.));
#9382=DIRECTION('center_axis',(0.,0.,1.));
#9383=DIRECTION('ref_axis',(0.,-1.,0.));
#9384=DIRECTION('center_axis',(0.,0.,-1.));
#9385=DIRECTION('ref_axis',(0.,1.,0.));
#9386=DIRECTION('',(0.,0.,1.));
#9387=DIRECTION('center_axis',(0.,-1.,0.));
#9388=DIRECTION('ref_axis',(0.,0.,-1.));
#9389=DIRECTION('',(1.,0.,0.));
#9390=DIRECTION('',(0.,0.,1.));
#9391=DIRECTION('center_axis',(0.,0.,1.));
#9392=DIRECTION('ref_axis',(0.,-1.,0.));
#9393=DIRECTION('center_axis',(0.,0.,-1.));
#9394=DIRECTION('ref_axis',(0.,1.,0.));
#9395=DIRECTION('',(0.,0.,1.));
#9396=DIRECTION('',(0.,0.,1.));
#9397=DIRECTION('center_axis',(1.,0.,0.));
#9398=DIRECTION('ref_axis',(0.,0.,-1.));
#9399=DIRECTION('',(0.,1.,0.));
#9400=DIRECTION('',(0.,0.,1.));
#9401=DIRECTION('center_axis',(0.,0.,1.));
#9402=DIRECTION('ref_axis',(0.,-1.,0.));
#9403=DIRECTION('center_axis',(0.,0.,-1.));
#9404=DIRECTION('ref_axis',(0.,1.,0.));
#9405=DIRECTION('',(0.,0.,1.));
#9406=DIRECTION('center_axis',(0.707106781186548,0.707106781186548,0.));
#9407=DIRECTION('ref_axis',(0.707106781186548,-0.707106781186548,0.));
#9408=DIRECTION('',(-0.707106781186548,0.707106781186548,0.));
#9409=DIRECTION('',(0.,0.,1.));
#9410=DIRECTION('',(0.,0.,1.));
#9411=DIRECTION('center_axis',(0.,0.,1.));
#9412=DIRECTION('ref_axis',(0.,-1.,0.));
#9413=DIRECTION('center_axis',(0.,0.,-1.));
#9414=DIRECTION('ref_axis',(0.,1.,0.));
#9415=DIRECTION('',(0.,0.,1.));
#9416=DIRECTION('center_axis',(0.,1.,0.));
#9417=DIRECTION('ref_axis',(0.,0.,1.));
#9418=DIRECTION('',(-1.,0.,0.));
#9419=DIRECTION('',(0.,0.,1.));
#9420=DIRECTION('center_axis',(0.,0.,1.));
#9421=DIRECTION('ref_axis',(0.,-1.,0.));
#9422=DIRECTION('center_axis',(0.,0.,-1.));
#9423=DIRECTION('ref_axis',(0.,1.,0.));
#9424=DIRECTION('',(0.,0.,1.));
#9425=DIRECTION('',(0.,0.,1.));
#9426=DIRECTION('center_axis',(0.707106781186548,0.707106781186548,0.));
#9427=DIRECTION('ref_axis',(0.707106781186548,-0.707106781186548,0.));
#9428=DIRECTION('',(-0.707106781186547,0.707106781186547,0.));
#9429=DIRECTION('',(0.,0.,1.));
#9430=DIRECTION('center_axis',(0.,0.,1.));
#9431=DIRECTION('ref_axis',(0.,-1.,0.));
#9432=DIRECTION('center_axis',(0.,0.,-1.));
#9433=DIRECTION('ref_axis',(0.,1.,0.));
#9434=DIRECTION('',(0.,0.,1.));
#9435=DIRECTION('center_axis',(0.707106781186548,0.707106781186548,0.));
#9436=DIRECTION('ref_axis',(0.707106781186548,-0.707106781186548,0.));
#9437=DIRECTION('',(-0.707106781186548,0.707106781186548,0.));
#9438=DIRECTION('',(0.,0.,1.));
#9439=DIRECTION('',(0.,0.,1.));
#9440=DIRECTION('center_axis',(0.,0.,1.));
#9441=DIRECTION('ref_axis',(0.,-1.,0.));
#9442=DIRECTION('center_axis',(0.,0.,-1.));
#9443=DIRECTION('ref_axis',(0.,1.,0.));
#9444=DIRECTION('',(0.,0.,1.));
#9445=DIRECTION('center_axis',(1.,0.,0.));
#9446=DIRECTION('ref_axis',(0.,0.,-1.));
#9447=DIRECTION('',(0.,1.,0.));
#9448=DIRECTION('',(0.,0.,1.));
#9449=DIRECTION('center_axis',(0.,-1.,0.));
#9450=DIRECTION('ref_axis',(0.,0.,-1.));
#9451=DIRECTION('',(1.,0.,0.));
#9452=DIRECTION('',(0.,0.,1.));
#9453=DIRECTION('',(0.,0.,1.));
#9454=DIRECTION('center_axis',(0.,0.,1.));
#9455=DIRECTION('ref_axis',(0.,-1.,0.));
#9456=DIRECTION('center_axis',(0.,0.,-1.));
#9457=DIRECTION('ref_axis',(0.,1.,0.));
#9458=DIRECTION('',(0.,0.,1.));
#9459=DIRECTION('center_axis',(-0.707106781186548,-0.707106781186548,0.));
#9460=DIRECTION('ref_axis',(-0.707106781186548,0.707106781186548,0.));
#9461=DIRECTION('',(0.707106781186548,-0.707106781186548,0.));
#9462=DIRECTION('',(0.,0.,1.));
#9463=DIRECTION('center_axis',(1.,0.,0.));
#9464=DIRECTION('ref_axis',(0.,0.,-1.));
#9465=DIRECTION('',(0.,1.,0.));
#9466=DIRECTION('',(0.,0.,1.));
#9467=DIRECTION('',(0.,0.,1.));
#9468=DIRECTION('center_axis',(0.,0.,1.));
#9469=DIRECTION('ref_axis',(0.,-1.,0.));
#9470=DIRECTION('center_axis',(0.,0.,-1.));
#9471=DIRECTION('ref_axis',(0.,1.,0.));
#9472=DIRECTION('',(0.,0.,1.));
#9473=DIRECTION('center_axis',(0.707106781186548,-0.707106781186548,0.));
#9474=DIRECTION('ref_axis',(-0.707106781186548,-0.707106781186548,0.));
#9475=DIRECTION('',(0.707106781186548,0.707106781186548,0.));
#9476=DIRECTION('',(0.,0.,1.));
#9477=DIRECTION('center_axis',(-1.,0.,0.));
#9478=DIRECTION('ref_axis',(0.,0.,1.));
#9479=DIRECTION('',(0.,-1.,0.));
#9480=DIRECTION('',(0.,0.,1.));
#9481=DIRECTION('',(0.,0.,1.));
#9482=DIRECTION('center_axis',(0.,0.,1.));
#9483=DIRECTION('ref_axis',(0.,-1.,0.));
#9484=DIRECTION('center_axis',(0.,0.,-1.));
#9485=DIRECTION('ref_axis',(0.,1.,0.));
#9486=DIRECTION('',(0.,0.,1.));
#9487=DIRECTION('center_axis',(-0.707106781186548,0.707106781186548,0.));
#9488=DIRECTION('ref_axis',(0.707106781186548,0.707106781186548,0.));
#9489=DIRECTION('',(-0.707106781186548,-0.707106781186548,0.));
#9490=DIRECTION('',(0.,0.,1.));
#9491=DIRECTION('center_axis',(-0.707106781186548,-0.707106781186548,0.));
#9492=DIRECTION('ref_axis',(-0.707106781186548,0.707106781186548,0.));
#9493=DIRECTION('',(0.707106781186547,-0.707106781186547,0.));
#9494=DIRECTION('',(0.,0.,1.));
#9495=DIRECTION('',(0.,0.,1.));
#9496=DIRECTION('center_axis',(0.,0.,1.));
#9497=DIRECTION('ref_axis',(0.,-1.,0.));
#9498=DIRECTION('center_axis',(0.,0.,-1.));
#9499=DIRECTION('ref_axis',(0.,1.,0.));
#9500=DIRECTION('',(0.,0.,1.));
#9501=DIRECTION('center_axis',(0.,-1.,0.));
#9502=DIRECTION('ref_axis',(0.,0.,-1.));
#9503=DIRECTION('',(1.,0.,0.));
#9504=DIRECTION('',(0.,0.,1.));
#9505=DIRECTION('center_axis',(-0.707106781186548,-0.707106781186548,0.));
#9506=DIRECTION('ref_axis',(-0.707106781186548,0.707106781186548,0.));
#9507=DIRECTION('',(0.707106781186547,-0.707106781186547,0.));
#9508=DIRECTION('',(0.,0.,1.));
#9509=DIRECTION('',(0.,0.,1.));
#9510=DIRECTION('center_axis',(0.,0.,1.));
#9511=DIRECTION('ref_axis',(0.,-1.,0.));
#9512=DIRECTION('center_axis',(0.,0.,-1.));
#9513=DIRECTION('ref_axis',(0.,1.,0.));
#9514=DIRECTION('',(0.,0.,1.));
#9515=DIRECTION('center_axis',(-1.,0.,0.));
#9516=DIRECTION('ref_axis',(0.,0.,1.));
#9517=DIRECTION('',(0.,-1.,0.));
#9518=DIRECTION('',(0.,0.,1.));
#9519=DIRECTION('center_axis',(-0.707106781186548,0.707106781186548,0.));
#9520=DIRECTION('ref_axis',(0.707106781186548,0.707106781186548,0.));
#9521=DIRECTION('',(-0.707106781186548,-0.707106781186548,0.));
#9522=DIRECTION('',(0.,0.,1.));
#9523=DIRECTION('',(0.,0.,1.));
#9524=DIRECTION('center_axis',(0.,0.,1.));
#9525=DIRECTION('ref_axis',(0.,-1.,0.));
#9526=DIRECTION('center_axis',(0.,0.,-1.));
#9527=DIRECTION('ref_axis',(0.,1.,0.));
#9528=DIRECTION('',(0.,0.,1.));
#9529=DIRECTION('center_axis',(0.,1.,0.));
#9530=DIRECTION('ref_axis',(0.,0.,1.));
#9531=DIRECTION('',(-1.,0.,0.));
#9532=DIRECTION('',(0.,0.,1.));
#9533=DIRECTION('center_axis',(0.,0.,1.));
#9534=DIRECTION('ref_axis',(0.,-1.,0.));
#9535=DIRECTION('center_axis',(0.,0.,-1.));
#9536=DIRECTION('ref_axis',(0.,1.,0.));
#9537=DIRECTION('',(0.,0.,1.));
#9538=DIRECTION('',(0.,0.,1.));
#9539=DIRECTION('center_axis',(-0.707106781186548,-0.707106781186548,0.));
#9540=DIRECTION('ref_axis',(-0.707106781186548,0.707106781186548,0.));
#9541=DIRECTION('',(0.707106781186548,-0.707106781186548,0.));
#9542=DIRECTION('',(0.,0.,1.));
#9543=DIRECTION('center_axis',(0.,0.,1.));
#9544=DIRECTION('ref_axis',(0.,-1.,0.));
#9545=DIRECTION('center_axis',(0.,0.,-1.));
#9546=DIRECTION('ref_axis',(0.,1.,0.));
#9547=DIRECTION('',(0.,0.,1.));
#9548=DIRECTION('center_axis',(-0.707106781186548,-0.707106781186548,0.));
#9549=DIRECTION('ref_axis',(-0.707106781186548,0.707106781186548,0.));
#9550=DIRECTION('',(0.707106781186547,-0.707106781186547,0.));
#9551=DIRECTION('',(0.,0.,1.));
#9552=DIRECTION('',(0.,0.,1.));
#9553=DIRECTION('center_axis',(0.,0.,1.));
#9554=DIRECTION('ref_axis',(0.,-1.,0.));
#9555=DIRECTION('center_axis',(0.,0.,-1.));
#9556=DIRECTION('ref_axis',(0.,1.,0.));
#9557=DIRECTION('',(0.,0.,1.));
#9558=DIRECTION('center_axis',(-1.,0.,0.));
#9559=DIRECTION('ref_axis',(0.,0.,1.));
#9560=DIRECTION('',(0.,-1.,0.));
#9561=DIRECTION('',(0.,0.,1.));
#9562=DIRECTION('center_axis',(0.,0.,1.));
#9563=DIRECTION('ref_axis',(0.,-1.,0.));
#9564=DIRECTION('center_axis',(0.,0.,-1.));
#9565=DIRECTION('ref_axis',(0.,1.,0.));
#9566=DIRECTION('',(0.,0.,1.));
#9567=DIRECTION('',(0.,0.,1.));
#9568=DIRECTION('center_axis',(0.707106781186548,-0.707106781186548,0.));
#9569=DIRECTION('ref_axis',(-0.707106781186548,-0.707106781186548,0.));
#9570=DIRECTION('',(0.707106781186547,0.707106781186547,0.));
#9571=DIRECTION('',(0.,0.,1.));
#9572=DIRECTION('center_axis',(0.,0.,1.));
#9573=DIRECTION('ref_axis',(0.,-1.,0.));
#9574=DIRECTION('center_axis',(0.,0.,-1.));
#9575=DIRECTION('ref_axis',(0.,1.,0.));
#9576=DIRECTION('',(0.,0.,1.));
#9577=DIRECTION('center_axis',(0.707106781186548,-0.707106781186548,0.));
#9578=DIRECTION('ref_axis',(-0.707106781186548,-0.707106781186548,0.));
#9579=DIRECTION('',(0.707106781186547,0.707106781186547,0.));
#9580=DIRECTION('',(0.,0.,1.));
#9581=DIRECTION('',(0.,0.,1.));
#9582=DIRECTION('center_axis',(0.,0.,1.));
#9583=DIRECTION('ref_axis',(0.,-1.,0.));
#9584=DIRECTION('center_axis',(0.,0.,-1.));
#9585=DIRECTION('ref_axis',(0.,1.,0.));
#9586=DIRECTION('',(0.,0.,1.));
#9587=DIRECTION('center_axis',(1.,0.,0.));
#9588=DIRECTION('ref_axis',(0.,0.,-1.));
#9589=DIRECTION('',(0.,1.,0.));
#9590=DIRECTION('',(0.,0.,1.));
#9591=DIRECTION('center_axis',(1.,0.,0.));
#9592=DIRECTION('ref_axis',(0.,0.,-1.));
#9593=DIRECTION('',(0.,1.,0.));
#9594=DIRECTION('',(0.,0.,1.));
#9595=DIRECTION('',(0.,0.,1.));
#9596=DIRECTION('center_axis',(0.,0.,1.));
#9597=DIRECTION('ref_axis',(0.,-1.,0.));
#9598=DIRECTION('center_axis',(0.,0.,-1.));
#9599=DIRECTION('ref_axis',(0.,1.,0.));
#9600=DIRECTION('',(0.,0.,1.));
#9601=DIRECTION('center_axis',(0.707106781186548,0.707106781186548,0.));
#9602=DIRECTION('ref_axis',(0.707106781186548,-0.707106781186548,0.));
#9603=DIRECTION('',(-0.707106781186548,0.707106781186548,0.));
#9604=DIRECTION('',(0.,0.,1.));
#9605=DIRECTION('center_axis',(0.,0.,1.));
#9606=DIRECTION('ref_axis',(0.,-1.,0.));
#9607=DIRECTION('center_axis',(0.,0.,-1.));
#9608=DIRECTION('ref_axis',(0.,1.,0.));
#9609=DIRECTION('',(0.,0.,1.));
#9610=DIRECTION('',(0.,0.,1.));
#9611=DIRECTION('center_axis',(1.,0.,0.));
#9612=DIRECTION('ref_axis',(0.,0.,-1.));
#9613=DIRECTION('',(0.,1.,0.));
#9614=DIRECTION('',(0.,0.,1.));
#9615=DIRECTION('center_axis',(0.,0.,1.));
#9616=DIRECTION('ref_axis',(0.,-1.,0.));
#9617=DIRECTION('center_axis',(0.,0.,-1.));
#9618=DIRECTION('ref_axis',(0.,1.,0.));
#9619=DIRECTION('',(0.,0.,1.));
#9620=DIRECTION('center_axis',(0.,0.,1.));
#9621=DIRECTION('ref_axis',(0.,-1.,0.));
#9622=DIRECTION('center_axis',(0.,0.,-1.));
#9623=DIRECTION('ref_axis',(0.,1.,0.));
#9624=DIRECTION('',(0.,0.,1.));
#9625=DIRECTION('',(0.,0.,1.));
#9626=DIRECTION('center_axis',(0.707106781186548,-0.707106781186548,0.));
#9627=DIRECTION('ref_axis',(-0.707106781186548,-0.707106781186548,0.));
#9628=DIRECTION('',(0.707106781186548,0.707106781186548,0.));
#9629=DIRECTION('',(0.,0.,1.));
#9630=DIRECTION('center_axis',(0.,0.,1.));
#9631=DIRECTION('ref_axis',(0.,-1.,0.));
#9632=DIRECTION('center_axis',(0.,0.,-1.));
#9633=DIRECTION('ref_axis',(0.,1.,0.));
#9634=DIRECTION('',(0.,0.,1.));
#9635=DIRECTION('center_axis',(0.707106781186548,-0.707106781186548,0.));
#9636=DIRECTION('ref_axis',(-0.707106781186548,-0.707106781186548,0.));
#9637=DIRECTION('',(0.707106781186548,0.707106781186548,0.));
#9638=DIRECTION('',(0.,0.,1.));
#9639=DIRECTION('',(0.,0.,1.));
#9640=DIRECTION('center_axis',(0.,0.,1.));
#9641=DIRECTION('ref_axis',(0.,-1.,0.));
#9642=DIRECTION('center_axis',(0.,0.,-1.));
#9643=DIRECTION('ref_axis',(0.,1.,0.));
#9644=DIRECTION('',(0.,0.,1.));
#9645=DIRECTION('center_axis',(1.,0.,0.));
#9646=DIRECTION('ref_axis',(0.,0.,-1.));
#9647=DIRECTION('',(0.,1.,0.));
#9648=DIRECTION('',(0.,0.,1.));
#9649=DIRECTION('center_axis',(0.707106781186548,0.707106781186548,0.));
#9650=DIRECTION('ref_axis',(0.707106781186548,-0.707106781186548,0.));
#9651=DIRECTION('',(-0.707106781186548,0.707106781186548,0.));
#9652=DIRECTION('',(0.,0.,1.));
#9653=DIRECTION('center_axis',(0.,0.,1.));
#9654=DIRECTION('ref_axis',(0.,-1.,0.));
#9655=DIRECTION('center_axis',(0.,0.,-1.));
#9656=DIRECTION('ref_axis',(0.,1.,0.));
#9657=DIRECTION('',(0.,0.,1.));
#9658=DIRECTION('center_axis',(0.,0.,1.));
#9659=DIRECTION('ref_axis',(0.,-1.,0.));
#9660=DIRECTION('center_axis',(0.,0.,-1.));
#9661=DIRECTION('ref_axis',(0.,1.,0.));
#9662=DIRECTION('',(0.,0.,1.));
#9663=DIRECTION('',(0.,0.,1.));
#9664=DIRECTION('center_axis',(0.,-1.,0.));
#9665=DIRECTION('ref_axis',(0.,0.,-1.));
#9666=DIRECTION('',(1.,0.,0.));
#9667=DIRECTION('',(0.,0.,1.));
#9668=DIRECTION('center_axis',(0.,0.,1.));
#9669=DIRECTION('ref_axis',(0.,-1.,0.));
#9670=DIRECTION('center_axis',(0.,0.,-1.));
#9671=DIRECTION('ref_axis',(0.,1.,0.));
#9672=DIRECTION('',(0.,0.,1.));
#9673=DIRECTION('center_axis',(0.,0.,1.));
#9674=DIRECTION('ref_axis',(0.,-1.,0.));
#9675=DIRECTION('center_axis',(0.,0.,-1.));
#9676=DIRECTION('ref_axis',(0.,1.,0.));
#9677=DIRECTION('',(0.,0.,1.));
#9678=DIRECTION('',(0.,0.,1.));
#9679=DIRECTION('center_axis',(-0.707106781186548,0.707106781186548,0.));
#9680=DIRECTION('ref_axis',(0.707106781186548,0.707106781186548,0.));
#9681=DIRECTION('',(-0.707106781186548,-0.707106781186548,0.));
#9682=DIRECTION('center_axis',(-0.707106781186548,0.707106781186548,0.));
#9683=DIRECTION('ref_axis',(0.707106781186548,0.707106781186548,0.));
#9684=DIRECTION('',(-0.707106781186548,-0.707106781186548,0.));
#9685=DIRECTION('',(0.,0.,1.));
#9686=DIRECTION('center_axis',(0.,0.,1.));
#9687=DIRECTION('ref_axis',(0.,-1.,0.));
#9688=DIRECTION('center_axis',(0.,0.,-1.));
#9689=DIRECTION('ref_axis',(0.,1.,0.));
#9690=DIRECTION('',(0.,0.,1.));
#9691=DIRECTION('center_axis',(0.,1.,0.));
#9692=DIRECTION('ref_axis',(0.,0.,1.));
#9693=DIRECTION('',(-1.,0.,0.));
#9694=DIRECTION('center_axis',(-0.707106781186548,-0.707106781186548,0.));
#9695=DIRECTION('ref_axis',(-0.707106781186548,0.707106781186548,0.));
#9696=DIRECTION('',(0.707106781186548,-0.707106781186548,0.));
#9697=DIRECTION('',(0.,0.,1.));
#9698=DIRECTION('center_axis',(0.,0.,1.));
#9699=DIRECTION('ref_axis',(0.,-1.,0.));
#9700=DIRECTION('center_axis',(0.,0.,-1.));
#9701=DIRECTION('ref_axis',(0.,1.,0.));
#9702=DIRECTION('',(0.,0.,1.));
#9703=DIRECTION('center_axis',(0.,0.,1.));
#9704=DIRECTION('ref_axis',(0.,-1.,0.));
#9705=DIRECTION('center_axis',(0.,0.,-1.));
#9706=DIRECTION('ref_axis',(0.,1.,0.));
#9707=DIRECTION('',(0.,0.,1.));
#9708=DIRECTION('',(0.,0.,1.));
#9709=DIRECTION('center_axis',(-0.707106781186548,0.707106781186548,0.));
#9710=DIRECTION('ref_axis',(0.707106781186548,0.707106781186548,0.));
#9711=DIRECTION('',(-0.707106781186548,-0.707106781186548,0.));
#9712=DIRECTION('',(0.,0.,1.));
#9713=DIRECTION('center_axis',(0.,0.,1.));
#9714=DIRECTION('ref_axis',(0.,-1.,0.));
#9715=DIRECTION('center_axis',(0.,0.,-1.));
#9716=DIRECTION('ref_axis',(0.,1.,0.));
#9717=DIRECTION('',(0.,0.,1.));
#9718=DIRECTION('center_axis',(0.,1.,0.));
#9719=DIRECTION('ref_axis',(0.,0.,1.));
#9720=DIRECTION('',(-1.,0.,0.));
#9721=DIRECTION('',(0.,0.,1.));
#9722=DIRECTION('center_axis',(0.,0.,1.));
#9723=DIRECTION('ref_axis',(0.,-1.,0.));
#9724=DIRECTION('center_axis',(0.,0.,-1.));
#9725=DIRECTION('ref_axis',(0.,1.,0.));
#9726=DIRECTION('',(0.,0.,1.));
#9727=DIRECTION('center_axis',(0.707106781186548,0.707106781186548,0.));
#9728=DIRECTION('ref_axis',(0.707106781186548,-0.707106781186548,0.));
#9729=DIRECTION('',(-0.707106781186548,0.707106781186548,0.));
#9730=DIRECTION('center_axis',(0.,-1.,0.));
#9731=DIRECTION('ref_axis',(0.,0.,-1.));
#9732=DIRECTION('',(1.,0.,0.));
#9733=DIRECTION('',(0.,0.,1.));
#9734=DIRECTION('center_axis',(0.,0.,1.));
#9735=DIRECTION('ref_axis',(0.,-1.,0.));
#9736=DIRECTION('center_axis',(0.,0.,-1.));
#9737=DIRECTION('ref_axis',(0.,1.,0.));
#9738=DIRECTION('',(0.,0.,1.));
#9739=DIRECTION('center_axis',(0.,0.,1.));
#9740=DIRECTION('ref_axis',(0.,-1.,0.));
#9741=DIRECTION('center_axis',(0.,0.,-1.));
#9742=DIRECTION('ref_axis',(0.,1.,0.));
#9743=DIRECTION('',(0.,0.,1.));
#9744=DIRECTION('',(0.,0.,1.));
#9745=DIRECTION('center_axis',(-1.,0.,0.));
#9746=DIRECTION('ref_axis',(0.,0.,1.));
#9747=DIRECTION('',(0.,-1.,0.));
#9748=DIRECTION('',(0.,0.,1.));
#9749=DIRECTION('center_axis',(0.,0.,1.));
#9750=DIRECTION('ref_axis',(0.,-1.,0.));
#9751=DIRECTION('center_axis',(0.,0.,-1.));
#9752=DIRECTION('ref_axis',(0.,1.,0.));
#9753=DIRECTION('',(0.,0.,1.));
#9754=DIRECTION('center_axis',(0.,0.,1.));
#9755=DIRECTION('ref_axis',(0.,-1.,0.));
#9756=DIRECTION('center_axis',(0.,0.,-1.));
#9757=DIRECTION('ref_axis',(0.,1.,0.));
#9758=DIRECTION('',(0.,0.,1.));
#9759=DIRECTION('',(0.,0.,1.));
#9760=DIRECTION('center_axis',(-1.,0.,0.));
#9761=DIRECTION('ref_axis',(0.,0.,1.));
#9762=DIRECTION('',(0.,-1.,0.));
#9763=DIRECTION('',(0.,0.,1.));
#9764=DIRECTION('center_axis',(0.,0.,1.));
#9765=DIRECTION('ref_axis',(0.,-1.,0.));
#9766=DIRECTION('center_axis',(0.,0.,-1.));
#9767=DIRECTION('ref_axis',(0.,1.,0.));
#9768=DIRECTION('',(0.,0.,1.));
#9769=DIRECTION('center_axis',(0.,1.,0.));
#9770=DIRECTION('ref_axis',(0.,0.,1.));
#9771=DIRECTION('',(-1.,0.,0.));
#9772=DIRECTION('',(0.,0.,1.));
#9773=DIRECTION('',(0.,0.,1.));
#9774=DIRECTION('center_axis',(0.,0.,1.));
#9775=DIRECTION('ref_axis',(0.,-1.,0.));
#9776=DIRECTION('center_axis',(0.,0.,-1.));
#9777=DIRECTION('ref_axis',(0.,1.,0.));
#9778=DIRECTION('',(0.,0.,1.));
#9779=DIRECTION('center_axis',(0.707106781186548,0.707106781186548,0.));
#9780=DIRECTION('ref_axis',(0.707106781186548,-0.707106781186548,0.));
#9781=DIRECTION('',(-0.707106781186548,0.707106781186548,0.));
#9782=DIRECTION('',(0.,0.,1.));
#9783=DIRECTION('center_axis',(0.,-1.,0.));
#9784=DIRECTION('ref_axis',(0.,0.,-1.));
#9785=DIRECTION('',(1.,0.,0.));
#9786=DIRECTION('',(0.,0.,1.));
#9787=DIRECTION('',(0.,0.,1.));
#9788=DIRECTION('center_axis',(0.,0.,1.));
#9789=DIRECTION('ref_axis',(0.,-1.,0.));
#9790=DIRECTION('center_axis',(0.,0.,-1.));
#9791=DIRECTION('ref_axis',(0.,1.,0.));
#9792=DIRECTION('',(0.,0.,1.));
#9793=DIRECTION('center_axis',(-0.707106781186548,-0.707106781186548,0.));
#9794=DIRECTION('ref_axis',(-0.707106781186548,0.707106781186548,0.));
#9795=DIRECTION('',(0.707106781186548,-0.707106781186548,0.));
#9796=DIRECTION('',(0.,0.,1.));
#9797=DIRECTION('center_axis',(-1.,0.,0.));
#9798=DIRECTION('ref_axis',(0.,0.,1.));
#9799=DIRECTION('',(0.,-1.,0.));
#9800=DIRECTION('',(0.,0.,1.));
#9801=DIRECTION('',(0.,0.,1.));
#9802=DIRECTION('center_axis',(0.,0.,1.));
#9803=DIRECTION('ref_axis',(0.,-1.,0.));
#9804=DIRECTION('center_axis',(0.,0.,-1.));
#9805=DIRECTION('ref_axis',(0.,1.,0.));
#9806=DIRECTION('',(0.,0.,1.));
#9807=DIRECTION('center_axis',(-0.707106781186548,-0.707106781186548,0.));
#9808=DIRECTION('ref_axis',(-0.707106781186548,0.707106781186548,0.));
#9809=DIRECTION('',(0.707106781186547,-0.707106781186547,0.));
#9810=DIRECTION('',(0.,0.,1.));
#9811=DIRECTION('center_axis',(-1.,0.,0.));
#9812=DIRECTION('ref_axis',(0.,0.,1.));
#9813=DIRECTION('',(0.,-1.,0.));
#9814=DIRECTION('',(0.,0.,1.));
#9815=DIRECTION('',(0.,0.,1.));
#9816=DIRECTION('center_axis',(0.,0.,1.));
#9817=DIRECTION('ref_axis',(0.,-1.,0.));
#9818=DIRECTION('center_axis',(0.,0.,-1.));
#9819=DIRECTION('ref_axis',(0.,1.,0.));
#9820=DIRECTION('',(0.,0.,1.));
#9821=DIRECTION('center_axis',(-0.707106781186548,0.707106781186548,0.));
#9822=DIRECTION('ref_axis',(0.707106781186548,0.707106781186548,0.));
#9823=DIRECTION('',(-0.707106781186548,-0.707106781186548,0.));
#9824=DIRECTION('',(0.,0.,1.));
#9825=DIRECTION('center_axis',(0.,0.,1.));
#9826=DIRECTION('ref_axis',(0.,-1.,0.));
#9827=DIRECTION('center_axis',(0.,0.,-1.));
#9828=DIRECTION('ref_axis',(0.,1.,0.));
#9829=DIRECTION('',(0.,0.,1.));
#9830=DIRECTION('',(0.,0.,1.));
#9831=DIRECTION('center_axis',(-1.,0.,0.));
#9832=DIRECTION('ref_axis',(0.,0.,1.));
#9833=DIRECTION('',(0.,-1.,0.));
#9834=DIRECTION('',(0.,0.,1.));
#9835=DIRECTION('center_axis',(0.,0.,1.));
#9836=DIRECTION('ref_axis',(0.,-1.,0.));
#9837=DIRECTION('center_axis',(0.,0.,-1.));
#9838=DIRECTION('ref_axis',(0.,1.,0.));
#9839=DIRECTION('',(0.,0.,1.));
#9840=DIRECTION('center_axis',(-1.,0.,0.));
#9841=DIRECTION('ref_axis',(0.,0.,1.));
#9842=DIRECTION('',(0.,-1.,0.));
#9843=DIRECTION('',(0.,0.,1.));
#9844=DIRECTION('',(0.,0.,1.));
#9845=DIRECTION('center_axis',(0.,0.,1.));
#9846=DIRECTION('ref_axis',(0.,-1.,0.));
#9847=DIRECTION('center_axis',(0.,0.,-1.));
#9848=DIRECTION('ref_axis',(0.,1.,0.));
#9849=DIRECTION('',(0.,0.,1.));
#9850=DIRECTION('center_axis',(-0.707106781186548,0.707106781186548,0.));
#9851=DIRECTION('ref_axis',(0.707106781186548,0.707106781186548,0.));
#9852=DIRECTION('',(-0.707106781186547,-0.707106781186547,0.));
#9853=DIRECTION('',(0.,0.,1.));
#9854=DIRECTION('center_axis',(0.,0.,1.));
#9855=DIRECTION('ref_axis',(0.,-1.,0.));
#9856=DIRECTION('center_axis',(0.,0.,-1.));
#9857=DIRECTION('ref_axis',(0.,1.,0.));
#9858=DIRECTION('',(0.,0.,1.));
#9859=DIRECTION('',(0.,0.,1.));
#9860=DIRECTION('center_axis',(0.707106781186548,0.707106781186548,0.));
#9861=DIRECTION('ref_axis',(0.707106781186548,-0.707106781186548,0.));
#9862=DIRECTION('',(-0.707106781186547,0.707106781186547,0.));
#9863=DIRECTION('',(0.,0.,1.));
#9864=DIRECTION('center_axis',(0.,0.,1.));
#9865=DIRECTION('ref_axis',(0.,-1.,0.));
#9866=DIRECTION('center_axis',(0.,0.,-1.));
#9867=DIRECTION('ref_axis',(0.,1.,0.));
#9868=DIRECTION('',(0.,0.,1.));
#9869=DIRECTION('center_axis',(0.707106781186548,-0.707106781186548,0.));
#9870=DIRECTION('ref_axis',(-0.707106781186548,-0.707106781186548,0.));
#9871=DIRECTION('',(0.707106781186548,0.707106781186548,0.));
#9872=DIRECTION('',(0.,0.,1.));
#9873=DIRECTION('center_axis',(0.,0.,1.));
#9874=DIRECTION('ref_axis',(0.,-1.,0.));
#9875=DIRECTION('center_axis',(0.,0.,-1.));
#9876=DIRECTION('ref_axis',(0.,1.,0.));
#9877=DIRECTION('',(0.,0.,1.));
#9878=DIRECTION('center_axis',(0.,0.,1.));
#9879=DIRECTION('ref_axis',(0.,-1.,0.));
#9880=DIRECTION('center_axis',(0.,0.,-1.));
#9881=DIRECTION('ref_axis',(0.,1.,0.));
#9882=DIRECTION('',(0.,0.,1.));
#9883=DIRECTION('',(0.,0.,1.));
#9884=DIRECTION('center_axis',(1.,0.,0.));
#9885=DIRECTION('ref_axis',(0.,0.,-1.));
#9886=DIRECTION('',(0.,1.,0.));
#9887=DIRECTION('',(0.,0.,1.));
#9888=DIRECTION('center_axis',(0.,0.,1.));
#9889=DIRECTION('ref_axis',(0.,-1.,0.));
#9890=DIRECTION('center_axis',(0.,0.,-1.));
#9891=DIRECTION('ref_axis',(0.,1.,0.));
#9892=DIRECTION('',(0.,0.,1.));
#9893=DIRECTION('center_axis',(0.,-1.,0.));
#9894=DIRECTION('ref_axis',(0.,0.,-1.));
#9895=DIRECTION('',(1.,0.,0.));
#9896=DIRECTION('',(0.,0.,1.));
#9897=DIRECTION('',(0.,0.,1.));
#9898=DIRECTION('center_axis',(0.,0.,1.));
#9899=DIRECTION('ref_axis',(0.,-1.,0.));
#9900=DIRECTION('center_axis',(0.,0.,-1.));
#9901=DIRECTION('ref_axis',(0.,1.,0.));
#9902=DIRECTION('',(0.,0.,1.));
#9903=DIRECTION('center_axis',(-0.707106781186548,-0.707106781186548,0.));
#9904=DIRECTION('ref_axis',(-0.707106781186548,0.707106781186548,0.));
#9905=DIRECTION('',(0.707106781186547,-0.707106781186547,0.));
#9906=DIRECTION('',(0.,0.,1.));
#9907=DIRECTION('center_axis',(0.707106781186548,0.707106781186548,0.));
#9908=DIRECTION('ref_axis',(0.707106781186548,-0.707106781186548,0.));
#9909=DIRECTION('',(-0.707106781186547,0.707106781186547,0.));
#9910=DIRECTION('',(0.,0.,1.));
#9911=DIRECTION('',(0.,0.,1.));
#9912=DIRECTION('center_axis',(0.,0.,1.));
#9913=DIRECTION('ref_axis',(0.,-1.,0.));
#9914=DIRECTION('center_axis',(0.,0.,-1.));
#9915=DIRECTION('ref_axis',(0.,1.,0.));
#9916=DIRECTION('',(0.,0.,1.));
#9917=DIRECTION('center_axis',(1.,0.,0.));
#9918=DIRECTION('ref_axis',(0.,0.,-1.));
#9919=DIRECTION('',(0.,1.,0.));
#9920=DIRECTION('',(0.,0.,1.));
#9921=DIRECTION('center_axis',(0.,0.,1.));
#9922=DIRECTION('ref_axis',(0.,-1.,0.));
#9923=DIRECTION('center_axis',(0.,0.,-1.));
#9924=DIRECTION('ref_axis',(0.,1.,0.));
#9925=DIRECTION('center_axis',(0.,0.,1.));
#9926=DIRECTION('ref_axis',(0.,-1.,0.));
#9927=DIRECTION('center_axis',(0.,0.,-1.));
#9928=DIRECTION('ref_axis',(0.,1.,0.));
#9929=DIRECTION('center_axis',(0.,1.,0.));
#9930=DIRECTION('ref_axis',(0.,0.,1.));
#9931=DIRECTION('',(-1.,0.,0.));
#9932=DIRECTION('center_axis',(0.707106781186548,-0.707106781186548,0.));
#9933=DIRECTION('ref_axis',(-0.707106781186548,-0.707106781186548,0.));
#9934=DIRECTION('',(0.707106781186547,0.707106781186547,0.));
#9935=DIRECTION('center_axis',(0.,1.,0.));
#9936=DIRECTION('ref_axis',(0.,0.,1.));
#9937=DIRECTION('',(-1.,0.,0.));
#9938=DIRECTION('center_axis',(-0.707106781186548,0.707106781186548,0.));
#9939=DIRECTION('ref_axis',(0.707106781186548,0.707106781186548,0.));
#9940=DIRECTION('',(-0.707106781186547,-0.707106781186547,0.));
#9941=DIRECTION('center_axis',(0.,1.,0.));
#9942=DIRECTION('ref_axis',(1.,0.,0.));
#9943=DIRECTION('',(-1.,0.,0.));
#9944=DIRECTION('center_axis',(0.,0.,1.));
#9945=DIRECTION('ref_axis',(0.,-1.,0.));
#9946=DIRECTION('center_axis',(0.,0.,-1.));
#9947=DIRECTION('ref_axis',(0.,1.,0.));
#9948=DIRECTION('center_axis',(0.707106781186548,-0.707106781186548,0.));
#9949=DIRECTION('ref_axis',(-0.707106781186548,-0.707106781186548,0.));
#9950=DIRECTION('',(0.707106781186548,0.707106781186548,0.));
#9951=DIRECTION('center_axis',(0.,0.,1.));
#9952=DIRECTION('ref_axis',(0.,-1.,0.));
#9953=DIRECTION('center_axis',(0.,0.,-1.));
#9954=DIRECTION('ref_axis',(0.,1.,0.));
#9955=DIRECTION('center_axis',(1.,0.,0.));
#9956=DIRECTION('ref_axis',(0.,0.,-1.));
#9957=DIRECTION('',(0.,1.,0.));
#9958=DIRECTION('center_axis',(0.,0.,1.));
#9959=DIRECTION('ref_axis',(0.,-1.,0.));
#9960=DIRECTION('center_axis',(0.,0.,-1.));
#9961=DIRECTION('ref_axis',(0.,1.,0.));
#9962=DIRECTION('center_axis',(0.,0.,1.));
#9963=DIRECTION('ref_axis',(0.,-1.,0.));
#9964=DIRECTION('center_axis',(0.,0.,-1.));
#9965=DIRECTION('ref_axis',(0.,1.,0.));
#9966=DIRECTION('center_axis',(0.,0.,1.));
#9967=DIRECTION('ref_axis',(0.,-1.,0.));
#9968=DIRECTION('center_axis',(0.,0.,-1.));
#9969=DIRECTION('ref_axis',(0.,1.,0.));
#9970=DIRECTION('center_axis',(0.,0.,1.));
#9971=DIRECTION('ref_axis',(0.,-1.,0.));
#9972=DIRECTION('center_axis',(0.,0.,-1.));
#9973=DIRECTION('ref_axis',(0.,1.,0.));
#9974=DIRECTION('center_axis',(0.,0.,1.));
#9975=DIRECTION('ref_axis',(0.,-1.,0.));
#9976=DIRECTION('center_axis',(0.,0.,-1.));
#9977=DIRECTION('ref_axis',(0.,1.,0.));
#9978=DIRECTION('center_axis',(0.,0.,1.));
#9979=DIRECTION('ref_axis',(0.,-1.,0.));
#9980=DIRECTION('center_axis',(0.,0.,-1.));
#9981=DIRECTION('ref_axis',(0.,1.,0.));
#9982=DIRECTION('center_axis',(0.,0.,1.));
#9983=DIRECTION('ref_axis',(0.,-1.,0.));
#9984=DIRECTION('center_axis',(0.,0.,-1.));
#9985=DIRECTION('ref_axis',(0.,1.,0.));
#9986=DIRECTION('center_axis',(-1.,0.,0.));
#9987=DIRECTION('ref_axis',(0.,0.,1.));
#9988=DIRECTION('',(0.,-1.,0.));
#9989=DIRECTION('center_axis',(0.,0.,1.));
#9990=DIRECTION('ref_axis',(0.,-1.,0.));
#9991=DIRECTION('center_axis',(0.,0.,-1.));
#9992=DIRECTION('ref_axis',(0.,1.,0.));
#9993=DIRECTION('center_axis',(0.,-1.,0.));
#9994=DIRECTION('ref_axis',(0.,0.,-1.));
#9995=DIRECTION('',(1.,0.,0.));
#9996=DIRECTION('center_axis',(0.,0.,1.));
#9997=DIRECTION('ref_axis',(0.,-1.,0.));
#9998=DIRECTION('center_axis',(0.,0.,-1.));
#9999=DIRECTION('ref_axis',(0.,1.,0.));
#10000=DIRECTION('center_axis',(0.,0.,1.));
#10001=DIRECTION('ref_axis',(0.,-1.,0.));
#10002=DIRECTION('center_axis',(0.,0.,-1.));
#10003=DIRECTION('ref_axis',(0.,1.,0.));
#10004=DIRECTION('center_axis',(0.707106781186548,-0.707106781186548,0.));
#10005=DIRECTION('ref_axis',(-0.707106781186548,-0.707106781186548,0.));
#10006=DIRECTION('',(0.707106781186548,0.707106781186548,0.));
#10007=DIRECTION('center_axis',(0.,-1.,0.));
#10008=DIRECTION('ref_axis',(0.,0.,-1.));
#10009=DIRECTION('',(1.,0.,0.));
#10010=DIRECTION('center_axis',(0.,0.,1.));
#10011=DIRECTION('ref_axis',(0.,-1.,0.));
#10012=DIRECTION('center_axis',(0.,0.,-1.));
#10013=DIRECTION('ref_axis',(0.,1.,0.));
#10014=DIRECTION('center_axis',(1.,0.,0.));
#10015=DIRECTION('ref_axis',(0.,0.,-1.));
#10016=DIRECTION('',(0.,1.,0.));
#10017=DIRECTION('center_axis',(-0.707106781186548,-0.707106781186548,0.));
#10018=DIRECTION('ref_axis',(-0.707106781186548,0.707106781186548,0.));
#10019=DIRECTION('',(0.707106781186548,-0.707106781186548,0.));
#10020=DIRECTION('center_axis',(-1.,0.,0.));
#10021=DIRECTION('ref_axis',(0.,0.,1.));
#10022=DIRECTION('',(0.,-1.,0.));
#10023=DIRECTION('center_axis',(-1.,0.,0.));
#10024=DIRECTION('ref_axis',(0.,0.,1.));
#10025=DIRECTION('',(0.,-1.,0.));
#10026=DIRECTION('center_axis',(0.,0.,1.));
#10027=DIRECTION('ref_axis',(0.,-1.,0.));
#10028=DIRECTION('center_axis',(0.,0.,-1.));
#10029=DIRECTION('ref_axis',(0.,1.,0.));
#10030=DIRECTION('',(0.,0.,-1.));
#10031=DIRECTION('center_axis',(0.,1.,0.));
#10032=DIRECTION('ref_axis',(0.,0.,1.));
#10033=DIRECTION('',(-1.,0.,0.));
#10034=DIRECTION('center_axis',(-0.707106781186548,-0.707106781186548,0.));
#10035=DIRECTION('ref_axis',(-0.707106781186548,0.707106781186548,0.));
#10036=DIRECTION('',(0.707106781186548,-0.707106781186548,0.));
#10037=DIRECTION('center_axis',(-0.707106781186548,0.707106781186548,0.));
#10038=DIRECTION('ref_axis',(0.707106781186548,0.707106781186548,0.));
#10039=DIRECTION('',(-0.707106781186547,-0.707106781186547,0.));
#10040=DIRECTION('center_axis',(-0.707106781186548,0.707106781186548,0.));
#10041=DIRECTION('ref_axis',(0.707106781186548,0.707106781186548,0.));
#10042=DIRECTION('',(-0.707106781186548,-0.707106781186548,0.));
#10043=DIRECTION('center_axis',(0.,0.,1.));
#10044=DIRECTION('ref_axis',(0.,-1.,0.));
#10045=DIRECTION('center_axis',(0.,0.,-1.));
#10046=DIRECTION('ref_axis',(0.,1.,0.));
#10047=DIRECTION('center_axis',(0.,0.,1.));
#10048=DIRECTION('ref_axis',(0.,-1.,0.));
#10049=DIRECTION('center_axis',(0.,0.,-1.));
#10050=DIRECTION('ref_axis',(0.,1.,0.));
#10051=DIRECTION('center_axis',(0.,0.,1.));
#10052=DIRECTION('ref_axis',(0.,-1.,0.));
#10053=DIRECTION('center_axis',(0.,0.,-1.));
#10054=DIRECTION('ref_axis',(0.,1.,0.));
#10055=DIRECTION('center_axis',(0.,0.,1.));
#10056=DIRECTION('ref_axis',(0.,-1.,0.));
#10057=DIRECTION('center_axis',(0.,0.,-1.));
#10058=DIRECTION('ref_axis',(0.,1.,0.));
#10059=DIRECTION('center_axis',(-0.707106781186548,-0.707106781186548,0.));
#10060=DIRECTION('ref_axis',(-0.707106781186548,0.707106781186548,0.));
#10061=DIRECTION('',(0.707106781186548,-0.707106781186548,0.));
#10062=DIRECTION('center_axis',(0.,0.,1.));
#10063=DIRECTION('ref_axis',(0.,-1.,0.));
#10064=DIRECTION('center_axis',(0.,0.,-1.));
#10065=DIRECTION('ref_axis',(0.,1.,0.));
#10066=DIRECTION('center_axis',(1.,0.,0.));
#10067=DIRECTION('ref_axis',(0.,0.,-1.));
#10068=DIRECTION('',(0.,1.,0.));
#10069=DIRECTION('center_axis',(0.,-1.,0.));
#10070=DIRECTION('ref_axis',(0.,0.,-1.));
#10071=DIRECTION('',(1.,0.,0.));
#10072=DIRECTION('center_axis',(0.707106781186548,-0.707106781186548,0.));
#10073=DIRECTION('ref_axis',(-0.707106781186548,-0.707106781186548,0.));
#10074=DIRECTION('',(0.707106781186547,0.707106781186547,0.));
#10075=DIRECTION('center_axis',(0.,0.,1.));
#10076=DIRECTION('ref_axis',(0.,-1.,0.));
#10077=DIRECTION('center_axis',(0.,0.,-1.));
#10078=DIRECTION('ref_axis',(0.,1.,0.));
#10079=DIRECTION('center_axis',(0.,0.,1.));
#10080=DIRECTION('ref_axis',(0.,-1.,0.));
#10081=DIRECTION('center_axis',(0.,0.,-1.));
#10082=DIRECTION('ref_axis',(0.,1.,0.));
#10083=DIRECTION('center_axis',(0.,0.,1.));
#10084=DIRECTION('ref_axis',(0.,-1.,0.));
#10085=DIRECTION('center_axis',(0.,0.,-1.));
#10086=DIRECTION('ref_axis',(0.,1.,0.));
#10087=DIRECTION('center_axis',(0.,0.,-1.));
#10088=DIRECTION('ref_axis',(0.,1.,0.));
#10089=DIRECTION('center_axis',(0.,0.,1.));
#10090=DIRECTION('ref_axis',(0.,-1.,0.));
#10091=DIRECTION('center_axis',(0.,0.,1.));
#10092=DIRECTION('ref_axis',(0.,-1.,0.));
#10093=DIRECTION('center_axis',(0.,0.,1.));
#10094=DIRECTION('ref_axis',(0.,-1.,0.));
#10095=DIRECTION('center_axis',(0.,0.,1.));
#10096=DIRECTION('ref_axis',(0.,-1.,0.));
#10097=DIRECTION('center_axis',(0.,0.,1.));
#10098=DIRECTION('ref_axis',(0.,-1.,0.));
#10099=DIRECTION('center_axis',(0.,0.,1.));
#10100=DIRECTION('ref_axis',(0.,-1.,0.));
#10101=DIRECTION('center_axis',(0.,0.,1.));
#10102=DIRECTION('ref_axis',(0.,-1.,0.));
#10103=DIRECTION('center_axis',(0.,0.,1.));
#10104=DIRECTION('ref_axis',(0.,-1.,0.));
#10105=DIRECTION('center_axis',(0.,0.,1.));
#10106=DIRECTION('ref_axis',(0.,1.,0.));
#10107=DIRECTION('center_axis',(0.,0.,1.));
#10108=DIRECTION('ref_axis',(0.,1.,0.));
#10109=DIRECTION('center_axis',(0.,0.,1.));
#10110=DIRECTION('ref_axis',(0.,1.,0.));
#10111=DIRECTION('center_axis',(0.,0.,1.));
#10112=DIRECTION('ref_axis',(0.,1.,0.));
#10113=DIRECTION('center_axis',(0.,0.,1.));
#10114=DIRECTION('ref_axis',(0.,-1.,0.));
#10115=DIRECTION('',(0.,0.,1.));
#10116=DIRECTION('center_axis',(0.,0.,1.));
#10117=DIRECTION('ref_axis',(0.,-1.,0.));
#10118=DIRECTION('',(0.,0.,1.));
#10119=DIRECTION('center_axis',(0.,0.,1.));
#10120=DIRECTION('ref_axis',(0.,-1.,0.));
#10121=DIRECTION('',(0.,0.,1.));
#10122=DIRECTION('center_axis',(0.,0.,1.));
#10123=DIRECTION('ref_axis',(0.,-1.,0.));
#10124=DIRECTION('',(0.,0.,1.));
#10125=DIRECTION('center_axis',(0.,0.,1.));
#10126=DIRECTION('ref_axis',(0.,-1.,0.));
#10127=DIRECTION('',(0.,0.,1.));
#10128=DIRECTION('center_axis',(0.,0.,1.));
#10129=DIRECTION('ref_axis',(0.,-1.,0.));
#10130=DIRECTION('',(0.,0.,1.));
#10131=DIRECTION('center_axis',(0.,0.,1.));
#10132=DIRECTION('ref_axis',(0.,-1.,0.));
#10133=DIRECTION('',(0.,0.,1.));
#10134=DIRECTION('center_axis',(0.,0.,1.));
#10135=DIRECTION('ref_axis',(0.,-1.,0.));
#10136=DIRECTION('',(0.,0.,1.));
#10137=DIRECTION('axis',(0.,0.,1.));
#10138=DIRECTION('refdir',(1.,0.,0.));
#10139=DIRECTION('center_axis',(0.,0.,-1.));
#10140=DIRECTION('ref_axis',(0.,-1.,0.));
#10141=DIRECTION('center_axis',(0.,0.,1.));
#10142=DIRECTION('ref_axis',(0.,-1.,0.));
#10143=DIRECTION('',(0.,0.,-1.));
#10144=DIRECTION('center_axis',(0.,0.,1.));
#10145=DIRECTION('ref_axis',(0.,1.,0.));
#10146=DIRECTION('',(0.,0.,-1.));
#10147=DIRECTION('center_axis',(0.,0.,-1.));
#10148=DIRECTION('ref_axis',(0.,-1.,0.));
#10149=DIRECTION('center_axis',(0.,0.,1.));
#10150=DIRECTION('ref_axis',(0.,-1.,0.));
#10151=DIRECTION('',(0.,0.,-1.));
#10152=DIRECTION('center_axis',(0.,0.,1.));
#10153=DIRECTION('ref_axis',(0.,1.,0.));
#10154=DIRECTION('',(0.,0.,-1.));
#10155=DIRECTION('center_axis',(0.,0.,-1.));
#10156=DIRECTION('ref_axis',(0.,-1.,0.));
#10157=DIRECTION('center_axis',(0.,0.,1.));
#10158=DIRECTION('ref_axis',(0.,-1.,0.));
#10159=DIRECTION('',(0.,0.,-1.));
#10160=DIRECTION('center_axis',(0.,0.,1.));
#10161=DIRECTION('ref_axis',(0.,1.,0.));
#10162=DIRECTION('',(0.,0.,-1.));
#10163=DIRECTION('center_axis',(0.,0.,-1.));
#10164=DIRECTION('ref_axis',(0.,-1.,0.));
#10165=DIRECTION('center_axis',(0.,0.,1.));
#10166=DIRECTION('ref_axis',(0.,-1.,0.));
#10167=DIRECTION('',(0.,0.,-1.));
#10168=DIRECTION('center_axis',(0.,0.,1.));
#10169=DIRECTION('ref_axis',(0.,1.,0.));
#10170=DIRECTION('',(0.,0.,-1.));
#10171=DIRECTION('center_axis',(0.,0.,-1.));
#10172=DIRECTION('ref_axis',(0.,-1.,0.));
#10173=DIRECTION('center_axis',(0.,0.,1.));
#10174=DIRECTION('ref_axis',(0.,-1.,0.));
#10175=DIRECTION('',(0.,0.,-1.));
#10176=DIRECTION('center_axis',(0.,0.,1.));
#10177=DIRECTION('ref_axis',(0.,1.,0.));
#10178=DIRECTION('',(0.,0.,-1.));
#10179=DIRECTION('center_axis',(0.,0.,-1.));
#10180=DIRECTION('ref_axis',(0.,-1.,0.));
#10181=DIRECTION('center_axis',(0.,0.,1.));
#10182=DIRECTION('ref_axis',(0.,-1.,0.));
#10183=DIRECTION('',(0.,0.,-1.));
#10184=DIRECTION('center_axis',(0.,0.,1.));
#10185=DIRECTION('ref_axis',(0.,1.,0.));
#10186=DIRECTION('',(0.,0.,-1.));
#10187=DIRECTION('center_axis',(0.,0.,-1.));
#10188=DIRECTION('ref_axis',(0.,-1.,0.));
#10189=DIRECTION('center_axis',(0.,0.,1.));
#10190=DIRECTION('ref_axis',(0.,-1.,0.));
#10191=DIRECTION('',(0.,0.,-1.));
#10192=DIRECTION('center_axis',(0.,0.,1.));
#10193=DIRECTION('ref_axis',(0.,1.,0.));
#10194=DIRECTION('',(0.,0.,-1.));
#10195=DIRECTION('center_axis',(0.,0.,-1.));
#10196=DIRECTION('ref_axis',(0.,-1.,0.));
#10197=DIRECTION('',(0.,0.,1.));
#10198=DIRECTION('center_axis',(0.,0.,-1.));
#10199=DIRECTION('ref_axis',(0.,-1.,0.));
#10200=DIRECTION('',(0.,0.,-1.));
#10201=DIRECTION('center_axis',(0.,0.,1.));
#10202=DIRECTION('ref_axis',(0.,1.,0.));
#10203=DIRECTION('center_axis',(0.,0.,-1.));
#10204=DIRECTION('ref_axis',(0.,-1.,0.));
#10205=DIRECTION('',(0.,0.,-1.));
#10206=DIRECTION('center_axis',(0.,0.,1.));
#10207=DIRECTION('ref_axis',(0.,1.,0.));
#10208=DIRECTION('',(0.,0.,1.));
#10209=DIRECTION('center_axis',(0.,0.,-1.));
#10210=DIRECTION('ref_axis',(0.,-1.,0.));
#10211=DIRECTION('center_axis',(0.,0.,-1.));
#10212=DIRECTION('ref_axis',(0.,-1.,0.));
#10213=DIRECTION('',(0.,0.,1.));
#10214=DIRECTION('center_axis',(0.,0.,-1.));
#10215=DIRECTION('ref_axis',(0.,-1.,0.));
#10216=DIRECTION('',(0.,0.,-1.));
#10217=DIRECTION('center_axis',(0.,0.,1.));
#10218=DIRECTION('ref_axis',(0.,1.,0.));
#10219=DIRECTION('center_axis',(0.,0.,-1.));
#10220=DIRECTION('ref_axis',(0.,-1.,0.));
#10221=DIRECTION('',(0.,0.,-1.));
#10222=DIRECTION('center_axis',(0.,0.,1.));
#10223=DIRECTION('ref_axis',(0.,1.,0.));
#10224=DIRECTION('',(0.,0.,1.));
#10225=DIRECTION('center_axis',(0.,0.,-1.));
#10226=DIRECTION('ref_axis',(0.,-1.,0.));
#10227=DIRECTION('center_axis',(0.,0.,1.));
#10228=DIRECTION('ref_axis',(0.,1.,0.));
#10229=DIRECTION('center_axis',(0.,0.,1.));
#10230=DIRECTION('ref_axis',(0.,-1.,0.));
#10231=DIRECTION('center_axis',(0.,0.,1.));
#10232=DIRECTION('ref_axis',(0.,-1.,0.));
#10233=DIRECTION('center_axis',(0.,0.,1.));
#10234=DIRECTION('ref_axis',(0.,-1.,0.));
#10235=DIRECTION('center_axis',(0.,0.,1.));
#10236=DIRECTION('ref_axis',(0.,-1.,0.));
#10237=DIRECTION('center_axis',(0.,0.,1.));
#10238=DIRECTION('ref_axis',(0.,-1.,0.));
#10239=DIRECTION('center_axis',(0.,0.,1.));
#10240=DIRECTION('ref_axis',(0.,-1.,0.));
#10241=DIRECTION('center_axis',(0.,0.,1.));
#10242=DIRECTION('ref_axis',(0.,-1.,0.));
#10243=DIRECTION('center_axis',(0.,0.,1.));
#10244=DIRECTION('ref_axis',(0.,-1.,0.));
#10245=DIRECTION('center_axis',(0.,0.,1.));
#10246=DIRECTION('ref_axis',(0.,-1.,0.));
#10247=DIRECTION('center_axis',(0.,0.,1.));
#10248=DIRECTION('ref_axis',(0.,-1.,0.));
#10249=DIRECTION('center_axis',(0.,0.,1.));
#10250=DIRECTION('ref_axis',(0.,-1.,0.));
#10251=DIRECTION('',(0.,1.,0.));
#10252=DIRECTION('center_axis',(0.,0.,1.));
#10253=DIRECTION('ref_axis',(0.,1.,0.));
#10254=DIRECTION('',(-0.707106781186548,0.707106781186548,0.));
#10255=DIRECTION('',(0.707106781186548,0.707106781186548,0.));
#10256=DIRECTION('center_axis',(0.,0.,1.));
#10257=DIRECTION('ref_axis',(0.,1.,0.));
#10258=DIRECTION('',(0.,1.,0.));
#10259=DIRECTION('',(1.,0.,0.));
#10260=DIRECTION('center_axis',(0.,0.,1.));
#10261=DIRECTION('ref_axis',(0.,1.,0.));
#10262=DIRECTION('',(0.707106781186548,0.707106781186548,0.));
#10263=DIRECTION('',(0.707106781186548,-0.707106781186548,0.));
#10264=DIRECTION('center_axis',(0.,0.,1.));
#10265=DIRECTION('ref_axis',(0.,1.,0.));
#10266=DIRECTION('',(1.,0.,0.));
#10267=DIRECTION('',(0.,-1.,0.));
#10268=DIRECTION('center_axis',(0.,0.,1.));
#10269=DIRECTION('ref_axis',(0.,1.,0.));
#10270=DIRECTION('',(0.707106781186548,-0.707106781186548,0.));
#10271=DIRECTION('',(-0.707106781186548,-0.707106781186548,0.));
#10272=DIRECTION('center_axis',(0.,0.,1.));
#10273=DIRECTION('ref_axis',(0.,1.,0.));
#10274=DIRECTION('',(0.,-1.,0.));
#10275=DIRECTION('',(-1.,0.,0.));
#10276=DIRECTION('center_axis',(0.,0.,1.));
#10277=DIRECTION('ref_axis',(0.,1.,0.));
#10278=DIRECTION('',(-0.707106781186548,-0.707106781186548,0.));
#10279=DIRECTION('',(0.707106781186547,0.707106781186547,0.));
#10280=DIRECTION('center_axis',(0.,0.,1.));
#10281=DIRECTION('ref_axis',(0.,1.,0.));
#10282=DIRECTION('',(0.707106781186547,-0.707106781186547,0.));
#10283=DIRECTION('center_axis',(0.,0.,1.));
#10284=DIRECTION('ref_axis',(0.,1.,0.));
#10285=DIRECTION('center_axis',(0.,0.,1.));
#10286=DIRECTION('ref_axis',(0.,1.,0.));
#10287=DIRECTION('',(0.707106781186547,0.707106781186547,0.));
#10288=DIRECTION('center_axis',(0.,0.,1.));
#10289=DIRECTION('ref_axis',(0.,1.,0.));
#10290=DIRECTION('',(-0.707106781186547,0.707106781186547,0.));
#10291=DIRECTION('',(-0.707106781186548,-0.707106781186548,0.));
#10292=DIRECTION('center_axis',(0.,0.,1.));
#10293=DIRECTION('ref_axis',(0.,1.,0.));
#10294=DIRECTION('',(0.707106781186548,-0.707106781186548,0.));
#10295=DIRECTION('center_axis',(0.,0.,1.));
#10296=DIRECTION('ref_axis',(0.,1.,0.));
#10297=DIRECTION('',(-0.707106781186547,0.707106781186547,0.));
#10298=DIRECTION('center_axis',(0.,0.,1.));
#10299=DIRECTION('ref_axis',(0.,1.,0.));
#10300=DIRECTION('',(-0.707106781186547,-0.707106781186547,0.));
#10301=DIRECTION('center_axis',(0.,0.,1.));
#10302=DIRECTION('ref_axis',(0.,1.,0.));
#10303=DIRECTION('center_axis',(0.,0.,1.));
#10304=DIRECTION('ref_axis',(0.,1.,0.));
#10305=DIRECTION('',(-0.707106781186548,-0.707106781186548,0.));
#10306=DIRECTION('center_axis',(0.,0.,1.));
#10307=DIRECTION('ref_axis',(0.,1.,0.));
#10308=DIRECTION('',(-0.707106781186548,0.707106781186548,0.));
#10309=DIRECTION('',(0.707106781186548,0.707106781186548,0.));
#10310=DIRECTION('center_axis',(0.,0.,1.));
#10311=DIRECTION('ref_axis',(0.,1.,0.));
#10312=DIRECTION('',(-0.707106781186548,0.707106781186548,0.));
#10313=DIRECTION('center_axis',(0.,0.,1.));
#10314=DIRECTION('ref_axis',(0.,1.,0.));
#10315=DIRECTION('',(0.707106781186548,0.707106781186548,0.));
#10316=DIRECTION('center_axis',(0.,0.,1.));
#10317=DIRECTION('ref_axis',(0.,1.,0.));
#10318=DIRECTION('',(0.707106781186548,-0.707106781186548,0.));
#10319=DIRECTION('center_axis',(0.,0.,1.));
#10320=DIRECTION('ref_axis',(0.,1.,0.));
#10321=DIRECTION('',(0.707106781186547,-0.707106781186547,0.));
#10322=DIRECTION('center_axis',(0.,0.,1.));
#10323=DIRECTION('ref_axis',(0.,1.,0.));
#10324=DIRECTION('',(-0.707106781186547,-0.707106781186547,0.));
#10325=DIRECTION('center_axis',(0.,0.,1.));
#10326=DIRECTION('ref_axis',(0.,1.,0.));
#10327=DIRECTION('center_axis',(0.,0.,-1.));
#10328=DIRECTION('ref_axis',(0.,1.,0.));
#10329=DIRECTION('center_axis',(0.,0.,-1.));
#10330=DIRECTION('ref_axis',(0.,1.,0.));
#10331=DIRECTION('center_axis',(0.,0.,-1.));
#10332=DIRECTION('ref_axis',(0.,1.,0.));
#10333=DIRECTION('center_axis',(0.,0.,-1.));
#10334=DIRECTION('ref_axis',(0.,1.,0.));
#10335=DIRECTION('center_axis',(0.,0.,1.));
#10336=DIRECTION('ref_axis',(0.,1.,0.));
#10337=DIRECTION('',(-1.,0.,0.));
#10338=DIRECTION('center_axis',(0.,0.,1.));
#10339=DIRECTION('ref_axis',(0.,1.,0.));
#10340=DIRECTION('',(-0.707106781186547,0.707106781186547,0.));
#10341=DIRECTION('center_axis',(0.,0.,1.));
#10342=DIRECTION('ref_axis',(0.,1.,0.));
#10343=DIRECTION('',(1.,0.,0.));
#10344=DIRECTION('center_axis',(0.,0.,1.));
#10345=DIRECTION('ref_axis',(0.,1.,0.));
#10346=DIRECTION('',(0.707106781186547,-0.707106781186547,0.));
#10347=DIRECTION('center_axis',(0.,0.,1.));
#10348=DIRECTION('ref_axis',(0.,1.,0.));
#10349=DIRECTION('',(0.,1.,0.));
#10350=DIRECTION('center_axis',(0.,0.,1.));
#10351=DIRECTION('ref_axis',(0.,1.,0.));
#10352=DIRECTION('',(-0.707106781186548,0.707106781186548,0.));
#10353=DIRECTION('',(0.707106781186548,0.707106781186548,0.));
#10354=DIRECTION('center_axis',(0.,0.,1.));
#10355=DIRECTION('ref_axis',(0.,1.,0.));
#10356=DIRECTION('',(1.,0.,0.));
#10357=DIRECTION('center_axis',(0.,0.,1.));
#10358=DIRECTION('ref_axis',(0.,1.,0.));
#10359=DIRECTION('center_axis',(0.,0.,1.));
#10360=DIRECTION('ref_axis',(0.,1.,0.));
#10361=DIRECTION('',(0.707106781186547,0.707106781186547,0.));
#10362=DIRECTION('center_axis',(0.,0.,1.));
#10363=DIRECTION('ref_axis',(0.,1.,0.));
#10364=DIRECTION('',(0.,1.,0.));
#10365=DIRECTION('',(-1.,0.,0.));
#10366=DIRECTION('center_axis',(0.,0.,1.));
#10367=DIRECTION('ref_axis',(0.,1.,0.));
#10368=DIRECTION('',(-0.707106781186548,-0.707106781186548,0.));
#10369=DIRECTION('center_axis',(0.,0.,1.));
#10370=DIRECTION('ref_axis',(0.,1.,0.));
#10371=DIRECTION('',(0.,-1.,0.));
#10372=DIRECTION('center_axis',(0.,0.,1.));
#10373=DIRECTION('ref_axis',(0.,1.,0.));
#10374=DIRECTION('',(0.707106781186548,-0.707106781186548,0.));
#10375=DIRECTION('center_axis',(0.,0.,1.));
#10376=DIRECTION('ref_axis',(0.,1.,0.));
#10377=DIRECTION('',(-0.707106781186547,-0.707106781186547,0.));
#10378=DIRECTION('center_axis',(0.,0.,1.));
#10379=DIRECTION('ref_axis',(0.,1.,0.));
#10380=DIRECTION('',(0.,-1.,0.));
#10381=DIRECTION('center_axis',(0.,0.,1.));
#10382=DIRECTION('ref_axis',(0.,1.,0.));
#10383=DIRECTION('',(-1.,0.,0.));
#10384=DIRECTION('',(-0.707106781186548,0.707106781186548,0.));
#10385=DIRECTION('center_axis',(0.,0.,1.));
#10386=DIRECTION('ref_axis',(0.,1.,0.));
#10387=DIRECTION('center_axis',(0.,0.,1.));
#10388=DIRECTION('ref_axis',(0.,-1.,0.));
#10389=DIRECTION('center_axis',(0.,0.,1.));
#10390=DIRECTION('ref_axis',(0.,-1.,0.));
#10391=DIRECTION('center_axis',(0.,0.,1.));
#10392=DIRECTION('ref_axis',(0.,-1.,0.));
#10393=DIRECTION('center_axis',(0.,0.,1.));
#10394=DIRECTION('ref_axis',(0.,-1.,0.));
#10395=DIRECTION('center_axis',(0.,0.,1.));
#10396=DIRECTION('ref_axis',(0.,-1.,0.));
#10397=DIRECTION('center_axis',(0.,0.,1.));
#10398=DIRECTION('ref_axis',(0.,-1.,0.));
#10399=DIRECTION('center_axis',(0.,0.,1.));
#10400=DIRECTION('ref_axis',(0.,-1.,0.));
#10401=DIRECTION('center_axis',(0.,0.,1.));
#10402=DIRECTION('ref_axis',(0.,-1.,0.));
#10403=DIRECTION('center_axis',(0.,0.,-1.));
#10404=DIRECTION('ref_axis',(0.,-1.,0.));
#10405=DIRECTION('',(0.,0.,-1.));
#10406=DIRECTION('',(0.,0.,-1.));
#10407=DIRECTION('center_axis',(0.,0.,1.));
#10408=DIRECTION('ref_axis',(0.,1.,0.));
#10409=DIRECTION('center_axis',(-0.707106781186548,-0.707106781186548,0.));
#10410=DIRECTION('ref_axis',(0.707106781186548,-0.707106781186548,0.));
#10411=DIRECTION('',(-0.707106781186548,0.707106781186548,0.));
#10412=DIRECTION('',(0.,0.,-1.));
#10413=DIRECTION('center_axis',(0.,0.,-1.));
#10414=DIRECTION('ref_axis',(0.,-1.,0.));
#10415=DIRECTION('',(0.,0.,-1.));
#10416=DIRECTION('',(0.,0.,-1.));
#10417=DIRECTION('center_axis',(0.,0.,1.));
#10418=DIRECTION('ref_axis',(0.,1.,0.));
#10419=DIRECTION('center_axis',(-0.707106781186548,0.707106781186548,0.));
#10420=DIRECTION('ref_axis',(-0.707106781186548,-0.707106781186548,0.));
#10421=DIRECTION('',(0.707106781186547,0.707106781186547,0.));
#10422=DIRECTION('',(0.,0.,-1.));
#10423=DIRECTION('center_axis',(0.,0.,-1.));
#10424=DIRECTION('ref_axis',(0.,-1.,0.));
#10425=DIRECTION('center_axis',(0.,0.,1.));
#10426=DIRECTION('ref_axis',(0.,1.,0.));
#10427=DIRECTION('',(0.,0.,-1.));
#10428=DIRECTION('',(0.,0.,-1.));
#10429=DIRECTION('center_axis',(0.,-1.,0.));
#10430=DIRECTION('ref_axis',(0.,0.,1.));
#10431=DIRECTION('',(-1.,0.,0.));
#10432=DIRECTION('',(0.,0.,-1.));
#10433=DIRECTION('center_axis',(0.,0.,-1.));
#10434=DIRECTION('ref_axis',(0.,-1.,0.));
#10435=DIRECTION('center_axis',(0.,0.,1.));
#10436=DIRECTION('ref_axis',(0.,1.,0.));
#10437=DIRECTION('',(0.,0.,-1.));
#10438=DIRECTION('center_axis',(0.,0.,-1.));
#10439=DIRECTION('ref_axis',(0.,-1.,0.));
#10440=DIRECTION('',(0.,0.,-1.));
#10441=DIRECTION('center_axis',(0.,0.,1.));
#10442=DIRECTION('ref_axis',(0.,1.,0.));
#10443=DIRECTION('',(0.,0.,-1.));
#10444=DIRECTION('center_axis',(0.,0.,-1.));
#10445=DIRECTION('ref_axis',(0.,-1.,0.));
#10446=DIRECTION('center_axis',(0.,0.,1.));
#10447=DIRECTION('ref_axis',(0.,1.,0.));
#10448=DIRECTION('',(0.,0.,-1.));
#10449=DIRECTION('',(0.,0.,-1.));
#10450=DIRECTION('center_axis',(0.,1.,0.));
#10451=DIRECTION('ref_axis',(0.,0.,-1.));
#10452=DIRECTION('',(1.,0.,0.));
#10453=DIRECTION('',(0.,0.,-1.));
#10454=DIRECTION('center_axis',(0.,0.,-1.));
#10455=DIRECTION('ref_axis',(0.,-1.,0.));
#10456=DIRECTION('center_axis',(0.,0.,1.));
#10457=DIRECTION('ref_axis',(0.,1.,0.));
#10458=DIRECTION('',(0.,0.,-1.));
#10459=DIRECTION('center_axis',(-0.707106781186548,0.707106781186548,0.));
#10460=DIRECTION('ref_axis',(-0.707106781186548,-0.707106781186548,0.));
#10461=DIRECTION('',(0.707106781186548,0.707106781186548,0.));
#10462=DIRECTION('',(0.,0.,-1.));
#10463=DIRECTION('center_axis',(0.,0.,-1.));
#10464=DIRECTION('ref_axis',(0.,-1.,0.));
#10465=DIRECTION('',(0.,0.,-1.));
#10466=DIRECTION('center_axis',(0.,0.,1.));
#10467=DIRECTION('ref_axis',(0.,1.,0.));
#10468=DIRECTION('center_axis',(0.,0.,-1.));
#10469=DIRECTION('ref_axis',(0.,-1.,0.));
#10470=DIRECTION('center_axis',(0.,0.,1.));
#10471=DIRECTION('ref_axis',(0.,1.,0.));
#10472=DIRECTION('',(0.,0.,-1.));
#10473=DIRECTION('',(0.,0.,-1.));
#10474=DIRECTION('center_axis',(-1.,0.,0.));
#10475=DIRECTION('ref_axis',(0.,0.,1.));
#10476=DIRECTION('',(0.,1.,0.));
#10477=DIRECTION('',(0.,0.,-1.));
#10478=DIRECTION('center_axis',(0.,0.,-1.));
#10479=DIRECTION('ref_axis',(0.,-1.,0.));
#10480=DIRECTION('center_axis',(0.,0.,1.));
#10481=DIRECTION('ref_axis',(0.,1.,0.));
#10482=DIRECTION('',(0.,0.,-1.));
#10483=DIRECTION('center_axis',(-0.707106781186548,0.707106781186548,0.));
#10484=DIRECTION('ref_axis',(-0.707106781186548,-0.707106781186548,0.));
#10485=DIRECTION('',(0.707106781186548,0.707106781186548,0.));
#10486=DIRECTION('',(0.,0.,-1.));
#10487=DIRECTION('',(0.,0.,-1.));
#10488=DIRECTION('center_axis',(0.,0.,-1.));
#10489=DIRECTION('ref_axis',(0.,-1.,0.));
#10490=DIRECTION('center_axis',(0.,0.,1.));
#10491=DIRECTION('ref_axis',(0.,1.,0.));
#10492=DIRECTION('',(0.,0.,-1.));
#10493=DIRECTION('center_axis',(0.,1.,0.));
#10494=DIRECTION('ref_axis',(0.,0.,-1.));
#10495=DIRECTION('',(1.,0.,0.));
#10496=DIRECTION('',(0.,0.,-1.));
#10497=DIRECTION('center_axis',(0.,0.,-1.));
#10498=DIRECTION('ref_axis',(0.,-1.,0.));
#10499=DIRECTION('center_axis',(0.,0.,1.));
#10500=DIRECTION('ref_axis',(0.,1.,0.));
#10501=DIRECTION('',(0.,0.,-1.));
#10502=DIRECTION('',(0.,0.,-1.));
#10503=DIRECTION('center_axis',(-0.707106781186548,0.707106781186548,0.));
#10504=DIRECTION('ref_axis',(-0.707106781186548,-0.707106781186548,0.));
#10505=DIRECTION('',(0.707106781186547,0.707106781186547,0.));
#10506=DIRECTION('',(0.,0.,-1.));
#10507=DIRECTION('center_axis',(0.,0.,-1.));
#10508=DIRECTION('ref_axis',(0.,-1.,0.));
#10509=DIRECTION('center_axis',(0.,0.,1.));
#10510=DIRECTION('ref_axis',(0.,1.,0.));
#10511=DIRECTION('',(0.,0.,-1.));
#10512=DIRECTION('center_axis',(-0.707106781186548,0.707106781186548,0.));
#10513=DIRECTION('ref_axis',(-0.707106781186548,-0.707106781186548,0.));
#10514=DIRECTION('',(0.,0.,-1.));
#10515=DIRECTION('',(0.,0.,-1.));
#10516=DIRECTION('',(0.707106781186548,0.707106781186548,0.));
#10517=DIRECTION('center_axis',(0.,0.,-1.));
#10518=DIRECTION('ref_axis',(0.000582630166950916,0.99999983027103,0.));
#10519=DIRECTION('',(0.,0.,-1.));
#10520=DIRECTION('center_axis',(0.,0.,1.));
#10521=DIRECTION('ref_axis',(0.,1.,0.));
#10522=DIRECTION('center_axis',(0.,-1.,0.));
#10523=DIRECTION('ref_axis',(0.,0.,1.));
#10524=DIRECTION('',(-1.,0.,0.));
#10525=DIRECTION('',(0.,0.,-1.));
#10526=DIRECTION('',(0.,0.,-1.));
#10527=DIRECTION('center_axis',(0.,0.,-1.));
#10528=DIRECTION('ref_axis',(0.,-1.,0.));
#10529=DIRECTION('center_axis',(0.,0.,1.));
#10530=DIRECTION('ref_axis',(0.,1.,0.));
#10531=DIRECTION('',(0.,0.,-1.));
#10532=DIRECTION('center_axis',(0.707106781186548,-0.707106781186548,0.));
#10533=DIRECTION('ref_axis',(0.707106781186548,0.707106781186548,0.));
#10534=DIRECTION('',(-0.707106781186548,-0.707106781186548,0.));
#10535=DIRECTION('',(0.,0.,-1.));
#10536=DIRECTION('center_axis',(-0.707106781186548,-0.707106781186548,0.));
#10537=DIRECTION('ref_axis',(0.707106781186548,-0.707106781186548,0.));
#10538=DIRECTION('',(-0.707106781186548,0.707106781186548,0.));
#10539=DIRECTION('',(0.,0.,-1.));
#10540=DIRECTION('center_axis',(1.,0.,0.));
#10541=DIRECTION('ref_axis',(0.,0.,-1.));
#10542=DIRECTION('',(0.,-1.,0.));
#10543=DIRECTION('',(0.,0.,-1.));
#10544=DIRECTION('',(0.,0.,-1.));
#10545=DIRECTION('center_axis',(0.,0.,-1.));
#10546=DIRECTION('ref_axis',(0.,-1.,0.));
#10547=DIRECTION('center_axis',(0.,0.,1.));
#10548=DIRECTION('ref_axis',(0.,1.,0.));
#10549=DIRECTION('',(0.,0.,-1.));
#10550=DIRECTION('center_axis',(0.707106781186548,0.707106781186548,0.));
#10551=DIRECTION('ref_axis',(-0.707106781186548,0.707106781186548,0.));
#10552=DIRECTION('',(0.707106781186548,-0.707106781186548,0.));
#10553=DIRECTION('',(0.,0.,-1.));
#10554=DIRECTION('center_axis',(0.707106781186548,-0.707106781186548,0.));
#10555=DIRECTION('ref_axis',(0.707106781186548,0.707106781186548,0.));
#10556=DIRECTION('',(-0.707106781186548,-0.707106781186548,0.));
#10557=DIRECTION('center_axis',(0.707106781186548,-0.707106781186548,0.));
#10558=DIRECTION('ref_axis',(0.707106781186548,0.707106781186548,0.));
#10559=DIRECTION('',(-0.707106781186547,-0.707106781186547,0.));
#10560=DIRECTION('',(0.,0.,-1.));
#10561=DIRECTION('',(0.,0.,-1.));
#10562=DIRECTION('center_axis',(0.,0.,-1.));
#10563=DIRECTION('ref_axis',(0.,-1.,0.));
#10564=DIRECTION('center_axis',(0.,0.,1.));
#10565=DIRECTION('ref_axis',(0.,1.,0.));
#10566=DIRECTION('',(0.,0.,-1.));
#10567=DIRECTION('center_axis',(1.,0.,0.));
#10568=DIRECTION('ref_axis',(0.,0.,-1.));
#10569=DIRECTION('',(0.,-1.,0.));
#10570=DIRECTION('',(0.,0.,-1.));
#10571=DIRECTION('center_axis',(0.707106781186548,0.707106781186548,0.));
#10572=DIRECTION('ref_axis',(-0.707106781186548,0.707106781186548,0.));
#10573=DIRECTION('',(0.,0.,-1.));
#10574=DIRECTION('',(0.707106781186548,-0.707106781186548,0.));
#10575=DIRECTION('center_axis',(0.,0.,-1.));
#10576=DIRECTION('ref_axis',(0.,-1.,0.));
#10577=DIRECTION('center_axis',(0.,0.,1.));
#10578=DIRECTION('ref_axis',(0.,1.,0.));
#10579=DIRECTION('center_axis',(0.707106781186548,-0.707106781186548,0.));
#10580=DIRECTION('ref_axis',(0.707106781186548,0.707106781186548,0.));
#10581=DIRECTION('',(0.,0.,-1.));
#10582=DIRECTION('',(0.,0.,-1.));
#10583=DIRECTION('',(-0.707106781186548,-0.707106781186548,0.));
#10584=DIRECTION('center_axis',(0.,0.,-1.));
#10585=DIRECTION('ref_axis',(0.,-1.,0.));
#10586=DIRECTION('center_axis',(0.,0.,1.));
#10587=DIRECTION('ref_axis',(0.,1.,0.));
#10588=DIRECTION('',(0.,0.,-1.));
#10589=DIRECTION('center_axis',(-0.707106781186548,-0.707106781186548,0.));
#10590=DIRECTION('ref_axis',(0.707106781186548,-0.707106781186548,0.));
#10591=DIRECTION('',(0.,0.,-1.));
#10592=DIRECTION('',(0.,0.,-1.));
#10593=DIRECTION('',(-0.707106781186547,0.707106781186547,0.));
#10594=DIRECTION('center_axis',(0.,0.,-1.));
#10595=DIRECTION('ref_axis',(0.,-1.,0.));
#10596=DIRECTION('',(0.,0.,-1.));
#10597=DIRECTION('center_axis',(0.,0.,1.));
#10598=DIRECTION('ref_axis',(0.,1.,0.));
#10599=DIRECTION('center_axis',(-0.707106781186548,-0.707106781186548,0.));
#10600=DIRECTION('ref_axis',(0.707106781186548,-0.707106781186548,0.));
#10601=DIRECTION('',(0.,0.,-1.));
#10602=DIRECTION('',(-0.707106781186547,0.707106781186547,0.));
#10603=DIRECTION('',(0.,0.,-1.));
#10604=DIRECTION('center_axis',(0.,0.,-1.));
#10605=DIRECTION('ref_axis',(0.000253610609126609,0.999999967840829,0.));
#10606=DIRECTION('center_axis',(0.,0.,1.));
#10607=DIRECTION('ref_axis',(0.,1.,0.));
#10608=DIRECTION('',(0.,0.,-1.));
#10609=DIRECTION('center_axis',(0.,0.,-1.));
#10610=DIRECTION('ref_axis',(0.,-1.,0.));
#10611=DIRECTION('',(0.,0.,-1.));
#10612=DIRECTION('center_axis',(0.,0.,1.));
#10613=DIRECTION('ref_axis',(0.,1.,0.));
#10614=DIRECTION('center_axis',(-0.707106781186548,-0.707106781186548,0.));
#10615=DIRECTION('ref_axis',(0.707106781186548,-0.707106781186548,0.));
#10616=DIRECTION('',(-0.707106781186548,0.707106781186548,0.));
#10617=DIRECTION('',(0.,0.,-1.));
#10618=DIRECTION('',(0.,0.,-1.));
#10619=DIRECTION('center_axis',(0.,0.,-1.));
#10620=DIRECTION('ref_axis',(0.,-1.,0.));
#10621=DIRECTION('center_axis',(0.,0.,1.));
#10622=DIRECTION('ref_axis',(0.,1.,0.));
#10623=DIRECTION('',(0.,0.,-1.));
#10624=DIRECTION('center_axis',(-1.,0.,0.));
#10625=DIRECTION('ref_axis',(0.,0.,1.));
#10626=DIRECTION('',(0.,1.,0.));
#10627=DIRECTION('',(0.,0.,-1.));
#10628=DIRECTION('center_axis',(-0.707106781186548,0.707106781186548,0.));
#10629=DIRECTION('ref_axis',(-0.707106781186548,-0.707106781186548,0.));
#10630=DIRECTION('',(0.707106781186548,0.707106781186548,0.));
#10631=DIRECTION('',(0.,0.,-1.));
#10632=DIRECTION('center_axis',(0.,0.,-1.));
#10633=DIRECTION('ref_axis',(0.,-1.,0.));
#10634=DIRECTION('center_axis',(0.,0.,1.));
#10635=DIRECTION('ref_axis',(0.,1.,0.));
#10636=DIRECTION('',(0.,0.,-1.));
#10637=DIRECTION('center_axis',(0.,0.,-1.));
#10638=DIRECTION('ref_axis',(0.,-1.,0.));
#10639=DIRECTION('center_axis',(0.,0.,1.));
#10640=DIRECTION('ref_axis',(0.,1.,0.));
#10641=DIRECTION('',(0.,0.,-1.));
#10642=DIRECTION('',(0.,0.,-1.));
#10643=DIRECTION('center_axis',(0.707106781186548,0.707106781186548,0.));
#10644=DIRECTION('ref_axis',(-0.707106781186548,0.707106781186548,0.));
#10645=DIRECTION('',(0.707106781186548,-0.707106781186548,0.));
#10646=DIRECTION('center_axis',(0.707106781186548,0.707106781186548,0.));
#10647=DIRECTION('ref_axis',(-0.707106781186548,0.707106781186548,0.));
#10648=DIRECTION('',(0.707106781186548,-0.707106781186548,0.));
#10649=DIRECTION('',(0.,0.,-1.));
#10650=DIRECTION('center_axis',(0.,0.,-1.));
#10651=DIRECTION('ref_axis',(0.,-1.,0.));
#10652=DIRECTION('center_axis',(0.,0.,1.));
#10653=DIRECTION('ref_axis',(0.,1.,0.));
#10654=DIRECTION('',(0.,0.,-1.));
#10655=DIRECTION('center_axis',(0.,1.,0.));
#10656=DIRECTION('ref_axis',(0.,0.,-1.));
#10657=DIRECTION('',(1.,0.,0.));
#10658=DIRECTION('center_axis',(0.707106781186548,-0.707106781186548,0.));
#10659=DIRECTION('ref_axis',(0.707106781186548,0.707106781186548,0.));
#10660=DIRECTION('',(-0.707106781186548,-0.707106781186548,0.));
#10661=DIRECTION('',(0.,0.,-1.));
#10662=DIRECTION('center_axis',(0.,0.,-1.));
#10663=DIRECTION('ref_axis',(0.,-1.,0.));
#10664=DIRECTION('center_axis',(0.,0.,1.));
#10665=DIRECTION('ref_axis',(0.,1.,0.));
#10666=DIRECTION('',(0.,0.,-1.));
#10667=DIRECTION('center_axis',(0.,0.,-1.));
#10668=DIRECTION('ref_axis',(0.,-1.,0.));
#10669=DIRECTION('center_axis',(0.,0.,1.));
#10670=DIRECTION('ref_axis',(0.,1.,0.));
#10671=DIRECTION('',(0.,0.,-1.));
#10672=DIRECTION('center_axis',(0.707106781186548,0.707106781186548,0.));
#10673=DIRECTION('ref_axis',(-0.707106781186548,0.707106781186548,0.));
#10674=DIRECTION('',(0.707106781186547,-0.707106781186547,0.));
#10675=DIRECTION('center_axis',(0.,1.,0.));
#10676=DIRECTION('ref_axis',(0.,0.,-1.));
#10677=DIRECTION('',(1.,0.,0.));
#10678=DIRECTION('',(0.,0.,-1.));
#10679=DIRECTION('center_axis',(0.,0.,-1.));
#10680=DIRECTION('ref_axis',(0.,-1.,0.));
#10681=DIRECTION('center_axis',(0.,0.,1.));
#10682=DIRECTION('ref_axis',(0.,1.,0.));
#10683=DIRECTION('',(0.,0.,-1.));
#10684=DIRECTION('center_axis',(-0.707106781186548,0.707106781186548,0.));
#10685=DIRECTION('ref_axis',(-0.707106781186548,-0.707106781186548,0.));
#10686=DIRECTION('',(0.707106781186548,0.707106781186548,0.));
#10687=DIRECTION('center_axis',(0.,-1.,0.));
#10688=DIRECTION('ref_axis',(0.,0.,1.));
#10689=DIRECTION('',(-1.,0.,0.));
#10690=DIRECTION('',(0.,0.,-1.));
#10691=DIRECTION('center_axis',(0.,0.,-1.));
#10692=DIRECTION('ref_axis',(0.,-1.,0.));
#10693=DIRECTION('center_axis',(0.,0.,1.));
#10694=DIRECTION('ref_axis',(0.,1.,0.));
#10695=DIRECTION('',(0.,0.,-1.));
#10696=DIRECTION('center_axis',(0.707106781186548,-0.707106781186548,0.));
#10697=DIRECTION('ref_axis',(0.707106781186548,0.707106781186548,0.));
#10698=DIRECTION('',(0.,0.,-1.));
#10699=DIRECTION('',(-0.707106781186547,-0.707106781186547,0.));
#10700=DIRECTION('',(0.,0.,-1.));
#10701=DIRECTION('center_axis',(0.707106781186548,0.707106781186548,0.));
#10702=DIRECTION('ref_axis',(-0.707106781186548,0.707106781186548,0.));
#10703=DIRECTION('',(0.,0.,-1.));
#10704=DIRECTION('',(0.,0.,-1.));
#10705=DIRECTION('',(0.707106781186547,-0.707106781186547,0.));
#10706=DIRECTION('center_axis',(0.707106781186548,0.707106781186548,0.));
#10707=DIRECTION('ref_axis',(-0.707106781186548,0.707106781186548,0.));
#10708=DIRECTION('',(0.707106781186548,-0.707106781186548,0.));
#10709=DIRECTION('',(0.,0.,-1.));
#10710=DIRECTION('center_axis',(-0.707106781186548,-0.707106781186548,0.));
#10711=DIRECTION('ref_axis',(0.707106781186548,-0.707106781186548,0.));
#10712=DIRECTION('',(-0.707106781186548,0.707106781186548,0.));
#10713=DIRECTION('',(0.,0.,-1.));
#10714=DIRECTION('center_axis',(0.,0.,-1.));
#10715=DIRECTION('ref_axis',(0.,-1.,0.));
#10716=DIRECTION('center_axis',(0.,0.,1.));
#10717=DIRECTION('ref_axis',(0.,1.,0.));
#10718=DIRECTION('',(0.,0.,-1.));
#10719=DIRECTION('center_axis',(0.707106781186548,-0.707106781186548,0.));
#10720=DIRECTION('ref_axis',(0.707106781186548,0.707106781186548,0.));
#10721=DIRECTION('',(-0.707106781186547,-0.707106781186547,0.));
#10722=DIRECTION('center_axis',(-0.707106781186548,0.707106781186548,0.));
#10723=DIRECTION('ref_axis',(-0.707106781186548,-0.707106781186548,0.));
#10724=DIRECTION('',(0.707106781186547,0.707106781186547,0.));
#10725=DIRECTION('',(0.,0.,-1.));
#10726=DIRECTION('center_axis',(-0.707106781186548,-0.707106781186548,0.));
#10727=DIRECTION('ref_axis',(0.707106781186548,-0.707106781186548,0.));
#10728=DIRECTION('',(-0.707106781186547,0.707106781186547,0.));
#10729=DIRECTION('center_axis',(0.707106781186548,0.707106781186548,0.));
#10730=DIRECTION('ref_axis',(-0.707106781186548,0.707106781186548,0.));
#10731=DIRECTION('',(0.707106781186547,-0.707106781186547,0.));
#10732=DIRECTION('center_axis',(-0.707106781186548,-0.707106781186548,0.));
#10733=DIRECTION('ref_axis',(0.707106781186548,-0.707106781186548,0.));
#10734=DIRECTION('',(-0.707106781186548,0.707106781186548,0.));
#10735=DIRECTION('center_axis',(0.,0.,-1.));
#10736=DIRECTION('ref_axis',(0.,-1.,0.));
#10737=DIRECTION('center_axis',(0.,0.,1.));
#10738=DIRECTION('ref_axis',(0.,1.,0.));
#10739=DIRECTION('center_axis',(-1.,0.,0.));
#10740=DIRECTION('ref_axis',(0.,0.,1.));
#10741=DIRECTION('',(0.,1.,0.));
#10742=DIRECTION('center_axis',(0.,0.,-1.));
#10743=DIRECTION('ref_axis',(0.,-1.,0.));
#10744=DIRECTION('center_axis',(0.,0.,1.));
#10745=DIRECTION('ref_axis',(0.,1.,0.));
#10746=DIRECTION('center_axis',(0.,0.,-1.));
#10747=DIRECTION('ref_axis',(0.000366457427048097,0.999999932854475,0.));
#10748=DIRECTION('center_axis',(0.,0.,1.));
#10749=DIRECTION('ref_axis',(0.,1.,0.));
#10750=DIRECTION('center_axis',(0.,0.,-1.));
#10751=DIRECTION('ref_axis',(0.,-1.,0.));
#10752=DIRECTION('center_axis',(0.,0.,1.));
#10753=DIRECTION('ref_axis',(0.,1.,0.));
#10754=DIRECTION('center_axis',(0.,0.,-1.));
#10755=DIRECTION('ref_axis',(0.,-1.,0.));
#10756=DIRECTION('center_axis',(0.,0.,1.));
#10757=DIRECTION('ref_axis',(0.,1.,0.));
#10758=DIRECTION('center_axis',(0.,0.,-1.));
#10759=DIRECTION('ref_axis',(0.,-1.,0.));
#10760=DIRECTION('center_axis',(0.,0.,1.));
#10761=DIRECTION('ref_axis',(0.,1.,0.));
#10762=DIRECTION('center_axis',(0.,0.,-1.));
#10763=DIRECTION('ref_axis',(0.000341153298321436,0.999999941807212,0.));
#10764=DIRECTION('center_axis',(0.,0.,1.));
#10765=DIRECTION('ref_axis',(0.,1.,0.));
#10766=DIRECTION('center_axis',(0.,0.,-1.));
#10767=DIRECTION('ref_axis',(0.,-1.,0.));
#10768=DIRECTION('center_axis',(0.,0.,1.));
#10769=DIRECTION('ref_axis',(0.,1.,0.));
#10770=DIRECTION('center_axis',(-1.,0.,0.));
#10771=DIRECTION('ref_axis',(0.,0.,1.));
#10772=DIRECTION('',(0.,1.,0.));
#10773=DIRECTION('center_axis',(1.,0.,0.));
#10774=DIRECTION('ref_axis',(0.,0.,-1.));
#10775=DIRECTION('',(0.,-1.,0.));
#10776=DIRECTION('center_axis',(1.,0.,0.));
#10777=DIRECTION('ref_axis',(0.,0.,-1.));
#10778=DIRECTION('',(0.,-1.,0.));
#10779=DIRECTION('center_axis',(0.,0.,-1.));
#10780=DIRECTION('ref_axis',(0.,-1.,0.));
#10781=DIRECTION('center_axis',(0.,0.,1.));
#10782=DIRECTION('ref_axis',(0.,1.,0.));
#10783=DIRECTION('',(0.,0.,1.));
#10784=DIRECTION('center_axis',(0.707106781186548,-0.707106781186548,0.));
#10785=DIRECTION('ref_axis',(0.707106781186548,0.707106781186548,0.));
#10786=DIRECTION('',(-0.707106781186548,-0.707106781186548,0.));
#10787=DIRECTION('center_axis',(0.,0.,-1.));
#10788=DIRECTION('ref_axis',(0.,-1.,0.));
#10789=DIRECTION('center_axis',(0.,0.,1.));
#10790=DIRECTION('ref_axis',(0.,1.,0.));
#10791=DIRECTION('center_axis',(0.,0.,-1.));
#10792=DIRECTION('ref_axis',(0.,-1.,0.));
#10793=DIRECTION('center_axis',(0.,0.,1.));
#10794=DIRECTION('ref_axis',(0.,1.,0.));
#10795=DIRECTION('center_axis',(0.,-1.,0.));
#10796=DIRECTION('ref_axis',(0.,0.,1.));
#10797=DIRECTION('',(-1.,0.,0.));
#10798=DIRECTION('center_axis',(0.,0.,1.));
#10799=DIRECTION('ref_axis',(0.,1.,0.));
#10800=DIRECTION('center_axis',(0.,0.,1.));
#10801=DIRECTION('ref_axis',(0.,-1.,0.));
#10802=DIRECTION('center_axis',(0.,0.,1.));
#10803=DIRECTION('ref_axis',(0.,-1.,0.));
#10804=DIRECTION('center_axis',(0.,0.,1.));
#10805=DIRECTION('ref_axis',(0.,-1.,0.));
#10806=DIRECTION('center_axis',(0.,0.,1.));
#10807=DIRECTION('ref_axis',(0.,-1.,0.));
#10808=DIRECTION('center_axis',(0.,0.,1.));
#10809=DIRECTION('ref_axis',(0.,-1.,0.));
#10810=DIRECTION('center_axis',(0.,0.,1.));
#10811=DIRECTION('ref_axis',(0.,-1.,0.));
#10812=DIRECTION('center_axis',(0.,0.,1.));
#10813=DIRECTION('ref_axis',(0.,-1.,0.));
#10814=DIRECTION('center_axis',(0.,0.,1.));
#10815=DIRECTION('ref_axis',(0.,-1.,0.));
#10816=DIRECTION('center_axis',(0.,0.,-1.));
#10817=DIRECTION('ref_axis',(0.,1.,0.));
#10818=DIRECTION('center_axis',(0.,0.,-1.));
#10819=DIRECTION('ref_axis',(0.,1.,0.));
#10820=DIRECTION('center_axis',(0.,0.,-1.));
#10821=DIRECTION('ref_axis',(0.,1.,0.));
#10822=DIRECTION('center_axis',(0.,0.,-1.));
#10823=DIRECTION('ref_axis',(0.,1.,0.));
#10824=DIRECTION('center_axis',(0.,0.,-1.));
#10825=DIRECTION('ref_axis',(0.,-1.,0.));
#10826=DIRECTION('center_axis',(0.,0.,-1.));
#10827=DIRECTION('ref_axis',(0.,-1.,0.));
#10828=DIRECTION('center_axis',(0.,0.,-1.));
#10829=DIRECTION('ref_axis',(0.,-1.,0.));
#10830=DIRECTION('center_axis',(0.,0.,-1.));
#10831=DIRECTION('ref_axis',(0.,-1.,0.));
#10832=DIRECTION('center_axis',(0.,0.,-1.));
#10833=DIRECTION('ref_axis',(0.,-1.,0.));
#10834=DIRECTION('center_axis',(0.,0.,-1.));
#10835=DIRECTION('ref_axis',(0.,-1.,0.));
#10836=DIRECTION('center_axis',(0.,0.,-1.));
#10837=DIRECTION('ref_axis',(0.,-1.,0.));
#10838=DIRECTION('center_axis',(0.,0.,-1.));
#10839=DIRECTION('ref_axis',(0.,-1.,0.));
#10840=DIRECTION('center_axis',(0.,0.,-1.));
#10841=DIRECTION('ref_axis',(0.,-1.,0.));
#10842=DIRECTION('',(0.,0.,-1.));
#10843=DIRECTION('center_axis',(0.,0.,-1.));
#10844=DIRECTION('ref_axis',(0.,-1.,0.));
#10845=DIRECTION('',(0.,0.,-1.));
#10846=DIRECTION('center_axis',(0.,0.,-1.));
#10847=DIRECTION('ref_axis',(0.,-1.,0.));
#10848=DIRECTION('',(0.,0.,-1.));
#10849=DIRECTION('center_axis',(0.,0.,-1.));
#10850=DIRECTION('ref_axis',(0.,-1.,0.));
#10851=DIRECTION('',(0.,0.,-1.));
#10852=DIRECTION('center_axis',(0.,0.,-1.));
#10853=DIRECTION('ref_axis',(-0.000395460686433557,0.99999992180542,0.));
#10854=DIRECTION('center_axis',(0.,0.,-1.));
#10855=DIRECTION('ref_axis',(0.000395460312860758,-0.999999921805567,0.));
#10856=DIRECTION('center_axis',(0.,0.,-1.));
#10857=DIRECTION('ref_axis',(0.999999921805463,0.000395460576573039,0.));
#10858=DIRECTION('center_axis',(0.,0.,-1.));
#10859=DIRECTION('ref_axis',(-1.,0.,0.));
#10860=DIRECTION('center_axis',(0.,0.,1.));
#10861=DIRECTION('ref_axis',(0.,-1.,0.));
#10862=DIRECTION('',(0.,0.,1.));
#10863=DIRECTION('center_axis',(0.,0.,1.));
#10864=DIRECTION('ref_axis',(0.,-1.,0.));
#10865=DIRECTION('',(0.,0.,1.));
#10866=DIRECTION('center_axis',(0.,0.,1.));
#10867=DIRECTION('ref_axis',(0.,-1.,0.));
#10868=DIRECTION('',(0.,0.,1.));
#10869=DIRECTION('center_axis',(0.,0.,1.));
#10870=DIRECTION('ref_axis',(0.,-1.,0.));
#10871=DIRECTION('',(0.,0.,1.));
#10872=DIRECTION('axis',(0.,0.,1.));
#10873=DIRECTION('refdir',(1.,0.,0.));
#10874=DIRECTION('center_axis',(0.,0.,-1.));
#10875=DIRECTION('ref_axis',(1.,0.,0.));
#10876=DIRECTION('',(0.,0.,1.));
#10877=DIRECTION('center_axis',(9.1244042200901E-16,7.7002957585044E-16,
-1.));
#10878=DIRECTION('ref_axis',(-0.953939201416954,-0.299999999999975,-1.11022302462514E-15));
#10879=DIRECTION('center_axis',(0.,0.,-1.));
#10880=DIRECTION('ref_axis',(1.,0.,0.));
#10881=DIRECTION('',(0.,0.,1.));
#10882=DIRECTION('center_axis',(0.,0.,-1.));
#10883=DIRECTION('ref_axis',(1.,0.,0.));
#10884=DIRECTION('',(0.,0.,1.));
#10885=DIRECTION('center_axis',(0.,0.,-1.));
#10886=DIRECTION('ref_axis',(1.,0.,0.));
#10887=DIRECTION('',(0.,0.,1.));
#10888=DIRECTION('center_axis',(0.,0.,-1.));
#10889=DIRECTION('ref_axis',(1.,0.,0.));
#10890=DIRECTION('',(0.,0.,1.));
#10891=DIRECTION('center_axis',(0.,0.,-1.));
#10892=DIRECTION('ref_axis',(1.,0.,0.));
#10893=DIRECTION('',(0.,0.,1.));
#10894=DIRECTION('center_axis',(0.,0.,-1.));
#10895=DIRECTION('ref_axis',(1.,0.,0.));
#10896=DIRECTION('',(0.,0.,1.));
#10897=DIRECTION('center_axis',(0.,0.,-1.));
#10898=DIRECTION('ref_axis',(1.,0.,0.));
#10899=DIRECTION('',(0.,0.,1.));
#10900=DIRECTION('center_axis',(0.,0.,1.));
#10901=DIRECTION('ref_axis',(-1.,0.,0.));
#10902=DIRECTION('center_axis',(0.,0.,1.));
#10903=DIRECTION('ref_axis',(-1.,0.,0.));
#10904=DIRECTION('center_axis',(0.,0.,1.));
#10905=DIRECTION('ref_axis',(-1.,0.,0.));
#10906=DIRECTION('center_axis',(0.,0.,1.));
#10907=DIRECTION('ref_axis',(-1.,0.,0.));
#10908=DIRECTION('',(0.,0.,1.));
#10909=DIRECTION('center_axis',(0.,0.,-1.));
#10910=DIRECTION('ref_axis',(-1.,0.,0.));
#10911=DIRECTION('center_axis',(-2.79269774793784E-16,1.1562880873618E-15,
-1.));
#10912=DIRECTION('ref_axis',(-1.,0.,2.65089828507322E-16));
#10913=DIRECTION('center_axis',(0.,0.,1.));
#10914=DIRECTION('ref_axis',(0.,-1.,0.));
#10915=DIRECTION('center_axis',(0.,0.,1.));
#10916=DIRECTION('ref_axis',(0.,-1.,0.));
#10917=DIRECTION('center_axis',(-1.22464679914736E-16,-1.,-1.1562880873618E-15));
#10918=DIRECTION('ref_axis',(1.,-1.22464679914735E-16,-2.69231857077749E-16));
#10919=DIRECTION('center_axis',(0.,0.,-1.));
#10920=DIRECTION('ref_axis',(3.49530609560863E-14,-1.,0.));
#10921=DIRECTION('center_axis',(0.,0.,-1.));
#10922=DIRECTION('ref_axis',(3.49530609560863E-14,-1.,0.));
#10923=DIRECTION('center_axis',(0.,0.,-1.));
#10924=DIRECTION('ref_axis',(3.49530609560863E-14,-1.,0.));
#10925=DIRECTION('center_axis',(0.,0.,-1.));
#10926=DIRECTION('ref_axis',(1.,0.,0.));
#10927=DIRECTION('center_axis',(0.,0.,1.));
#10928=DIRECTION('ref_axis',(3.49530609560863E-14,1.,0.));
#10929=DIRECTION('center_axis',(-2.4917021139629E-15,-8.9976196165616E-16,
1.));
#10930=DIRECTION('ref_axis',(-0.95393920141721,-0.299999999999159,-2.65690497132408E-15));
#10931=DIRECTION('',(0.,0.,1.));
#10932=DIRECTION('center_axis',(-2.4917021139629E-15,-8.9976196165616E-16,
1.));
#10933=DIRECTION('ref_axis',(-0.95393920141721,-0.299999999999159,-2.65690497132408E-15));
#10934=DIRECTION('center_axis',(-2.73981056356313E-15,4.394300801545E-15,
-1.));
#10935=DIRECTION('ref_axis',(0.996718352037035,-0.0809476788584939,-3.0865279198994E-15));
#10936=DIRECTION('',(-0.826135582092124,-0.259807621137843,-0.500000000000003));
#10937=DIRECTION('center_axis',(0.,0.,-1.));
#10938=DIRECTION('ref_axis',(1.,0.,0.));
#10939=DIRECTION('center_axis',(5.99175666841773E-15,5.61124867243824E-15,
-1.));
#10940=DIRECTION('ref_axis',(-0.700629269222086,-0.713525491562373,-8.1416355139177E-15));
#10941=DIRECTION('center_axis',(-3.25519690321071E-15,-6.73428345223921E-16,
1.));
#10942=DIRECTION('ref_axis',(-0.267477764393608,0.963564032929311,-2.21801458118923E-16));
#10943=DIRECTION('center_axis',(1.20634809152893E-14,9.80590605206549E-15,
1.));
#10944=DIRECTION('ref_axis',(1.77635683940023E-14,1.,-9.76996261670125E-15));
#10945=DIRECTION('center_axis',(-1.07498113118128E-15,-7.92959581155892E-17,
1.));
#10946=DIRECTION('ref_axis',(-0.581108581114925,0.813826036051071,-5.60147644597986E-16));
#10947=DIRECTION('',(-0.503254793602655,0.704794021481418,-0.499999999999999));
#10948=DIRECTION('center_axis',(0.,0.,1.));
#10949=DIRECTION('ref_axis',(1.,-1.98715054693109E-15,0.));
#10950=DIRECTION('center_axis',(0.,0.,1.));
#10951=DIRECTION('ref_axis',(1.,-1.98715054693109E-15,0.));
#10952=DIRECTION('center_axis',(0.,0.,-1.));
#10953=DIRECTION('ref_axis',(1.,0.,0.));
#10954=DIRECTION('center_axis',(-3.65054222584537E-15,-1.22257092758348E-14,
-1.));
#10955=DIRECTION('ref_axis',(-0.700629269222048,-0.713525491562411,1.13361278776495E-14));
#10956=DIRECTION('center_axis',(0.,0.,-1.));
#10957=DIRECTION('ref_axis',(1.,0.,0.));
#10958=DIRECTION('center_axis',(9.60508257824134E-15,5.17063731181439E-16,
-1.));
#10959=DIRECTION('ref_axis',(0.581108581114919,0.813826036051075,6.00239583526662E-15));
#10960=DIRECTION('center_axis',(0.,0.,-1.));
#10961=DIRECTION('ref_axis',(-1.,-2.12986667660766E-15,0.));
#10962=DIRECTION('',(-0.503254793602643,-0.704794021481419,-0.50000000000001));
#10963=DIRECTION('center_axis',(0.,0.,-1.));
#10964=DIRECTION('ref_axis',(-1.,-2.12986667660766E-15,0.));
#10965=DIRECTION('center_axis',(0.,0.,1.));
#10966=DIRECTION('ref_axis',(-1.,0.,0.));
#10967=DIRECTION('center_axis',(-0.5,0.866025403784439,0.));
#10968=DIRECTION('ref_axis',(0.,0.,-1.));
#10969=DIRECTION('',(-1.73275288086824E-13,-1.00085059171079E-13,-1.));
#10970=DIRECTION('',(1.73300144676708E-13,1.00078845023608E-13,1.));
#10971=DIRECTION('center_axis',(0.5,0.866025403784439,0.));
#10972=DIRECTION('ref_axis',(0.,0.,-1.));
#10973=DIRECTION('',(-1.74642400530487E-13,1.00078845023608E-13,-1.));
#10974=DIRECTION('',(1.74642400530487E-13,-1.0008505917108E-13,1.));
#10975=DIRECTION('center_axis',(0.,0.,1.));
#10976=DIRECTION('ref_axis',(-1.,0.,0.));
#10977=DIRECTION('center_axis',(0.,0.,1.));
#10978=DIRECTION('ref_axis',(-1.,0.,0.));
#10979=DIRECTION('',(0.,0.,1.));
#10980=DIRECTION('center_axis',(0.,0.,1.));
#10981=DIRECTION('ref_axis',(-1.,0.,0.));
#10982=DIRECTION('',(0.,0.,-1.));
#10983=DIRECTION('center_axis',(1.,0.,0.));
#10984=DIRECTION('ref_axis',(0.,-1.,0.));
#10985=DIRECTION('',(0.,0.,-1.));
#10986=DIRECTION('center_axis',(-1.,0.,0.));
#10987=DIRECTION('ref_axis',(0.,1.,0.));
#10988=DIRECTION('',(0.,0.,1.));
#10989=DIRECTION('center_axis',(0.5,-0.866025403784439,0.));
#10990=DIRECTION('ref_axis',(0.,0.,1.));
#10991=DIRECTION('',(1.72405307440856E-13,1.00072630876137E-13,-1.));
#10992=DIRECTION('',(-1.74642400530487E-13,-1.0008505917108E-13,1.));
#10993=DIRECTION('center_axis',(-0.5,-0.866025403784438,0.));
#10994=DIRECTION('ref_axis',(0.,0.,1.));
#10995=DIRECTION('',(1.73300144676708E-13,-1.00085059171079E-13,-1.));
#10996=DIRECTION('',(-1.73275288086824E-13,1.00072630876137E-13,1.));
#10997=DIRECTION('center_axis',(0.,0.,1.));
#10998=DIRECTION('ref_axis',(-1.,0.,0.));
#10999=DIRECTION('center_axis',(0.,0.,1.));
#11000=DIRECTION('ref_axis',(-1.,0.,0.));
#11001=DIRECTION('center_axis',(0.,0.,1.));
#11002=DIRECTION('ref_axis',(-1.,0.,0.));
#11003=DIRECTION('axis',(0.,0.,1.));
#11004=DIRECTION('refdir',(1.,0.,0.));
#11005=DIRECTION('center_axis',(0.,0.,-1.));
#11006=DIRECTION('ref_axis',(1.,0.,0.));
#11007=DIRECTION('center_axis',(0.,0.,-1.));
#11008=DIRECTION('ref_axis',(1.,0.,0.));
#11009=DIRECTION('center_axis',(0.,0.,-1.));
#11010=DIRECTION('ref_axis',(1.,0.,0.));
#11011=DIRECTION('',(0.,0.,-1.));
#11012=DIRECTION('center_axis',(0.,0.,1.));
#11013=DIRECTION('ref_axis',(1.,0.,0.));
#11014=DIRECTION('center_axis',(0.,0.,1.));
#11015=DIRECTION('ref_axis',(1.,0.,0.));
#11016=DIRECTION('',(0.866025403784438,-0.5,0.));
#11017=DIRECTION('center_axis',(0.,0.,1.));
#11018=DIRECTION('ref_axis',(-1.,0.,0.));
#11019=DIRECTION('',(0.,-1.,0.));
#11020=DIRECTION('center_axis',(0.,0.,1.));
#11021=DIRECTION('ref_axis',(-1.,0.,0.));
#11022=DIRECTION('',(-0.866025403784439,-0.5,0.));
#11023=DIRECTION('center_axis',(0.,0.,1.));
#11024=DIRECTION('ref_axis',(-1.,0.,0.));
#11025=DIRECTION('',(-0.866025403784439,0.5,0.));
#11026=DIRECTION('center_axis',(0.,0.,1.));
#11027=DIRECTION('ref_axis',(-1.,0.,0.));
#11028=DIRECTION('',(0.,1.,0.));
#11029=DIRECTION('center_axis',(0.,0.,1.));
#11030=DIRECTION('ref_axis',(-1.,0.,0.));
#11031=DIRECTION('',(0.866025403784439,0.5,0.));
#11032=DIRECTION('center_axis',(0.,0.,1.));
#11033=DIRECTION('ref_axis',(-1.,0.,0.));
#11034=DIRECTION('center_axis',(0.5,0.866025403784439,0.));
#11035=DIRECTION('ref_axis',(0.,0.,-1.));
#11036=DIRECTION('',(1.74642400530487E-13,-1.0008505917108E-13,1.));
#11037=DIRECTION('',(-1.74642400530487E-13,1.00078845023608E-13,-1.));
#11038=DIRECTION('center_axis',(0.,0.,1.));
#11039=DIRECTION('ref_axis',(-1.,0.,0.));
#11040=DIRECTION('',(-1.73275288086824E-13,-1.00085059171079E-13,-1.));
#11041=DIRECTION('center_axis',(-0.5,0.866025403784439,0.));
#11042=DIRECTION('ref_axis',(0.,0.,-1.));
#11043=DIRECTION('',(1.73300144676708E-13,1.00078845023608E-13,1.));
#11044=DIRECTION('center_axis',(0.,0.,1.));
#11045=DIRECTION('ref_axis',(-1.,0.,0.));
#11046=DIRECTION('',(0.,0.,-1.));
#11047=DIRECTION('center_axis',(-1.,0.,0.));
#11048=DIRECTION('ref_axis',(0.,1.,0.));
#11049=DIRECTION('',(0.,0.,1.));
#11050=DIRECTION('center_axis',(0.,0.,1.));
#11051=DIRECTION('ref_axis',(-1.,0.,0.));
#11052=DIRECTION('',(1.73300144676708E-13,-1.00085059171079E-13,-1.));
#11053=DIRECTION('center_axis',(9.60508257824134E-15,5.17063731181439E-16,
-1.));
#11054=DIRECTION('ref_axis',(0.581108581114919,0.813826036051075,6.00239583526662E-15));
#11055=DIRECTION('center_axis',(0.,0.,-1.));
#11056=DIRECTION('ref_axis',(-1.,-2.12986667660766E-15,0.));
#11057=DIRECTION('',(-0.503254793602643,-0.704794021481419,-0.50000000000001));
#11058=DIRECTION('center_axis',(0.,0.,-1.));
#11059=DIRECTION('ref_axis',(-1.,-2.12986667660766E-15,0.));
#11060=DIRECTION('center_axis',(0.,0.,1.));
#11061=DIRECTION('ref_axis',(-1.,0.,0.));
#11062=DIRECTION('center_axis',(0.,0.,1.));
#11063=DIRECTION('ref_axis',(-1.,0.,0.));
#11064=DIRECTION('',(0.,0.,1.));
#11065=DIRECTION('center_axis',(1.,0.,0.));
#11066=DIRECTION('ref_axis',(0.,-1.,0.));
#11067=DIRECTION('',(0.,0.,-1.));
#11068=DIRECTION('center_axis',(0.5,-0.866025403784439,0.));
#11069=DIRECTION('ref_axis',(0.,0.,1.));
#11070=DIRECTION('',(-1.74642400530487E-13,-1.0008505917108E-13,1.));
#11071=DIRECTION('',(1.72405307440856E-13,1.00072630876137E-13,-1.));
#11072=DIRECTION('center_axis',(-0.5,-0.866025403784438,0.));
#11073=DIRECTION('ref_axis',(0.,0.,1.));
#11074=DIRECTION('',(-1.73275288086824E-13,1.00072630876137E-13,1.));
#11075=DIRECTION('center_axis',(0.,0.,1.));
#11076=DIRECTION('ref_axis',(-1.,0.,0.));
#11077=DIRECTION('center_axis',(0.,0.,1.));
#11078=DIRECTION('ref_axis',(-1.,0.,0.));
#11079=DIRECTION('',(1.,3.24944964224898E-18,-3.46304596508542E-17));
#11080=DIRECTION('',(3.24944964224931E-18,-1.,9.48516627560204E-15));
#11081=DIRECTION('',(1.,1.97215226305252E-31,-4.93038065763151E-32));
#11082=DIRECTION('',(-4.93038065763132E-32,-9.99200722162639E-15,-1.));
#11083=DIRECTION('',(1.,7.22152717423022E-16,6.87038486400389E-16));
#11084=DIRECTION('',(7.27557363538937E-16,-0.0576931042523221,-0.998334365692041));
#11085=DIRECTION('',(1.,7.36030505230835E-16,7.92852996088162E-16));
#11086=DIRECTION('',(8.33996277607882E-16,-0.0576931042523223,-0.998334365692041));
#11087=DIRECTION('',(1.,7.22152717423023E-16,5.76016183937872E-16));
#11088=DIRECTION('',(6.16719983632351E-16,-0.0576931042523227,-0.998334365692041));
#11089=DIRECTION('',(1.,7.22152717423022E-16,6.87038486400389E-16));
#11090=DIRECTION('',(7.27557363538937E-16,-0.0576931042523221,-0.998334365692041));
#11091=DIRECTION('',(1.,7.36030505230835E-16,7.92852996088162E-16));
#11092=DIRECTION('',(8.33996277607882E-16,-0.0576931042523223,-0.998334365692041));
#11093=DIRECTION('',(1.,7.40367313920767E-16,5.89045458051715E-16));
#11094=DIRECTION('',(6.30778412354879E-16,-0.0576931042523207,-0.998334365692042));
#11095=DIRECTION('',(1.,5.78170668916943E-16,1.13778811187584E-15));
#11096=DIRECTION('',(1.16924943363897E-15,-0.0576931042523219,-0.998334365692041));
#11097=DIRECTION('',(1.,7.36030505230835E-16,7.92852996088162E-16));
#11098=DIRECTION('',(8.33996277607882E-16,-0.0576931042523223,-0.998334365692041));
#11099=DIRECTION('',(1.,-3.26000710059032E-15,1.97215226305253E-31));
#11100=DIRECTION('',(-2.18983102685628E-15,-0.671725845768786,0.740799829998772));
#11101=DIRECTION('',(1.,-3.21020170285075E-15,-6.37288065740144E-16));
#11102=DIRECTION('',(-2.47505885137655E-15,-0.869168921750032,0.494515303568947));
#11103=DIRECTION('',(1.,-2.32245896610791E-15,1.94265167984291E-16));
#11104=DIRECTION('',(-2.2956026402498E-15,-0.967183482610847,0.25407894632329));
#11105=DIRECTION('',(1.,-1.46844007247932E-15,1.41503388084035E-15));
#11106=DIRECTION('',(-1.73955590324972E-15,-0.25212927209585,0.967693562111693));
#11107=DIRECTION('center_axis',(0.,0.,1.));
#11108=DIRECTION('ref_axis',(1.,0.,0.));
#11109=CARTESIAN_POINT('',(0.,0.,0.));
#11110=CARTESIAN_POINT('',(0.,0.,0.));
#11111=CARTESIAN_POINT('Origin',(335.949290756,349.10204012,349.753918311));
#11112=CARTESIAN_POINT('',(415.461629264,425.113802532,349.753918311));
#11113=CARTESIAN_POINT('',(445.920313278,351.626759024,349.753918311));
#11114=CARTESIAN_POINT('Origin',(335.949290756,349.10204012,349.753918311));
#11115=CARTESIAN_POINT('',(445.920313278,351.626759024,352.753918311));
#11116=CARTESIAN_POINT('',(445.920313278,351.626759024,349.753918311));
#11117=CARTESIAN_POINT('',(415.461629264,425.113802532,352.753918311));
#11118=CARTESIAN_POINT('Origin',(335.949290756,349.10204012,352.753918311));
#11119=CARTESIAN_POINT('',(415.461629264,425.113802532,349.753918311));
#11120=CARTESIAN_POINT('Origin',(335.949290756,349.10204012,349.753918311));
#11121=CARTESIAN_POINT('',(445.921437155,346.626759024,349.753918311));
#11122=CARTESIAN_POINT('',(415.495792373,273.126030219,349.753918311));
#11123=CARTESIAN_POINT('Origin',(335.949290756,349.10204012,349.753918311));
#11124=CARTESIAN_POINT('',(415.495792373,273.126030219,352.753918311));
#11125=CARTESIAN_POINT('',(415.495792373,273.126030219,349.753918311));
#11126=CARTESIAN_POINT('',(445.921437155,346.626759024,352.753918311));
#11127=CARTESIAN_POINT('Origin',(335.949290756,349.10204012,352.753918311));
#11128=CARTESIAN_POINT('',(445.921437155,346.626759024,349.753918311));
#11129=CARTESIAN_POINT('Origin',(335.949290756,349.10204012,349.753918311));
#11130=CARTESIAN_POINT('',(411.961053168,269.589701612,349.753918311));
#11131=CARTESIAN_POINT('',(338.474009661,239.131017598,349.753918311));
#11132=CARTESIAN_POINT('Origin',(335.949290756,349.10204012,349.753918311));
#11133=CARTESIAN_POINT('',(338.474009661,239.131017598,352.753918311));
#11134=CARTESIAN_POINT('',(338.474009661,239.131017598,349.753918311));
#11135=CARTESIAN_POINT('',(411.961053168,269.589701612,352.753918311));
#11136=CARTESIAN_POINT('Origin',(335.949290756,349.10204012,352.753918311));
#11137=CARTESIAN_POINT('',(411.961053168,269.589701612,349.753918311));
#11138=CARTESIAN_POINT('Origin',(335.949290756,349.10204012,349.753918311));
#11139=CARTESIAN_POINT('',(333.474009661,239.129893721,349.753918311));
#11140=CARTESIAN_POINT('',(259.973280855,269.555538503,349.753918311));
#11141=CARTESIAN_POINT('Origin',(335.949290756,349.10204012,349.753918311));
#11142=CARTESIAN_POINT('',(259.973280855,269.555538503,352.753918311));
#11143=CARTESIAN_POINT('',(259.973280855,269.555538503,349.753918311));
#11144=CARTESIAN_POINT('',(333.474009661,239.129893721,352.753918311));
#11145=CARTESIAN_POINT('Origin',(335.949290756,349.10204012,352.753918311));
#11146=CARTESIAN_POINT('',(333.474009661,239.129893721,349.753918311));
#11147=CARTESIAN_POINT('Origin',(335.949290756,349.10204012,349.753918311));
#11148=CARTESIAN_POINT('',(256.436952248,273.090277708,349.753918311));
#11149=CARTESIAN_POINT('',(225.978268235,346.577321215,349.753918311));
#11150=CARTESIAN_POINT('Origin',(335.949290756,349.10204012,349.753918311));
#11151=CARTESIAN_POINT('',(225.978268235,346.577321215,352.753918311));
#11152=CARTESIAN_POINT('',(225.978268235,346.577321215,349.753918311));
#11153=CARTESIAN_POINT('',(256.436952248,273.090277708,352.753918311));
#11154=CARTESIAN_POINT('Origin',(335.949290756,349.10204012,352.753918311));
#11155=CARTESIAN_POINT('',(256.436952248,273.090277708,349.753918311));
#11156=CARTESIAN_POINT('Origin',(335.949290756,349.10204012,349.753918311));
#11157=CARTESIAN_POINT('',(225.977144358,351.577321215,349.753918311));
#11158=CARTESIAN_POINT('',(256.402789139,425.078050021,349.753918311));
#11159=CARTESIAN_POINT('Origin',(335.949290756,349.10204012,349.753918311));
#11160=CARTESIAN_POINT('',(256.402789139,425.078050021,352.753918311));
#11161=CARTESIAN_POINT('',(256.402789139,425.078050021,349.753918311));
#11162=CARTESIAN_POINT('',(225.977144358,351.577321215,352.753918311));
#11163=CARTESIAN_POINT('Origin',(335.949290756,349.10204012,352.753918311));
#11164=CARTESIAN_POINT('',(225.977144358,351.577321215,349.753918311));
#11165=CARTESIAN_POINT('Origin',(335.949290756,349.10204012,349.753918311));
#11166=CARTESIAN_POINT('',(259.937528344,428.614378628,349.753918311));
#11167=CARTESIAN_POINT('',(333.424571852,459.073062642,349.753918311));
#11168=CARTESIAN_POINT('Origin',(335.949290756,349.10204012,349.753918311));
#11169=CARTESIAN_POINT('',(333.424571852,459.073062642,352.753918311));
#11170=CARTESIAN_POINT('',(333.424571852,459.073062642,349.753918311));
#11171=CARTESIAN_POINT('',(259.937528344,428.614378628,352.753918311));
#11172=CARTESIAN_POINT('Origin',(335.949290756,349.10204012,352.753918311));
#11173=CARTESIAN_POINT('',(259.937528344,428.614378628,349.753918311));
#11174=CARTESIAN_POINT('Origin',(-664.050709244,-100.89795988,349.753918311));
#11175=CARTESIAN_POINT('',(335.949290756,469.10204012,349.753918311));
#11176=CARTESIAN_POINT('Origin',(335.949290756,349.10204012,349.753918311));
#11177=CARTESIAN_POINT('',(417.238247247,431.927548338,349.753918311));
#11178=CARTESIAN_POINT('Origin',(417.238247247,430.427548338,349.753918311));
#11179=CARTESIAN_POINT('',(254.660334266,269.276531902,349.753918311));
#11180=CARTESIAN_POINT('Origin',(254.660334266,267.776531902,349.753918311));
#11181=CARTESIAN_POINT('',(254.623782538,431.89099661,349.753918311));
#11182=CARTESIAN_POINT('Origin',(254.623782538,430.39099661,349.753918311));
#11183=CARTESIAN_POINT('',(417.274798974,269.31308363,349.753918311));
#11184=CARTESIAN_POINT('Origin',(417.274798974,267.81308363,349.753918311));
#11185=CARTESIAN_POINT('',(338.424571852,459.074186518,349.753918311));
#11186=CARTESIAN_POINT('',(411.925300657,428.648541737,349.753918311));
#11187=CARTESIAN_POINT('Origin',(335.949290756,349.10204012,349.753918311));
#11188=CARTESIAN_POINT('',(338.424571852,451.572147876,349.753918311));
#11189=CARTESIAN_POINT('',(338.424571852,451.572147876,349.753918311));
#11190=CARTESIAN_POINT('',(406.620500078,423.343741158,349.753918311));
#11191=CARTESIAN_POINT('Origin',(335.949290756,349.10204012,349.753918311));
#11192=CARTESIAN_POINT('',(406.620500078,423.343741158,349.753918311));
#11193=CARTESIAN_POINT('',(265.242270741,423.309636231,349.753918311));
#11194=CARTESIAN_POINT('',(265.242270741,423.309636231,349.753918311));
#11195=CARTESIAN_POINT('',(333.424571852,451.570941717,349.753918311));
#11196=CARTESIAN_POINT('Origin',(335.949290756,349.10204012,349.753918311));
#11197=CARTESIAN_POINT('',(333.424571852,451.570941717,349.753918311));
#11198=CARTESIAN_POINT('',(233.479183,351.577321215,349.753918311));
#11199=CARTESIAN_POINT('',(233.479183,351.577321215,349.753918311));
#11200=CARTESIAN_POINT('',(261.707589718,419.773249442,349.753918311));
#11201=CARTESIAN_POINT('Origin',(335.949290756,349.10204012,349.753918311));
#11202=CARTESIAN_POINT('',(261.707589718,419.773249442,349.753918311));
#11203=CARTESIAN_POINT('',(261.741694645,278.395020105,349.753918311));
#11204=CARTESIAN_POINT('',(261.741694645,278.395020105,349.753918311));
#11205=CARTESIAN_POINT('',(233.480389159,346.577321215,349.753918311));
#11206=CARTESIAN_POINT('Origin',(335.949290756,349.10204012,349.753918311));
#11207=CARTESIAN_POINT('',(233.480389159,346.577321215,349.753918311));
#11208=CARTESIAN_POINT('',(333.474009661,246.631932364,349.753918311));
#11209=CARTESIAN_POINT('',(333.474009661,246.631932364,349.753918311));
#11210=CARTESIAN_POINT('',(265.278081434,274.860339082,349.753918311));
#11211=CARTESIAN_POINT('Origin',(335.949290756,349.10204012,349.753918311));
#11212=CARTESIAN_POINT('',(265.278081434,274.860339082,349.753918311));
#11213=CARTESIAN_POINT('',(406.656310771,274.894444009,349.753918311));
#11214=CARTESIAN_POINT('',(406.656310771,274.894444009,349.753918311));
#11215=CARTESIAN_POINT('',(338.474009661,246.633138523,349.753918311));
#11216=CARTESIAN_POINT('Origin',(335.949290756,349.10204012,349.753918311));
#11217=CARTESIAN_POINT('',(338.474009661,246.633138523,349.753918311));
#11218=CARTESIAN_POINT('',(438.419398512,346.626759024,349.753918311));
#11219=CARTESIAN_POINT('',(438.419398512,346.626759024,349.753918311));
#11220=CARTESIAN_POINT('',(410.190991794,278.430830798,349.753918311));
#11221=CARTESIAN_POINT('Origin',(335.949290756,349.10204012,349.753918311));
#11222=CARTESIAN_POINT('',(410.190991794,278.430830798,349.753918311));
#11223=CARTESIAN_POINT('',(393.393836141,351.626759024,349.753918311));
#11224=CARTESIAN_POINT('',(403.402057893,351.626759024,349.753918311));
#11225=CARTESIAN_POINT('',(393.393836141,351.626759024,349.753918311));
#11226=CARTESIAN_POINT('',(385.397183479,395.049356747,349.753918311));
#11227=CARTESIAN_POINT('Origin',(335.949290756,349.10204012,349.753918311));
#11228=CARTESIAN_POINT('',(378.320527731,387.972700999,349.753918311));
#11229=CARTESIAN_POINT('',(378.320527731,387.972700999,349.753918311));
#11230=CARTESIAN_POINT('Origin',(335.949290756,349.10204012,349.753918311));
#11231=CARTESIAN_POINT('',(278.504745372,346.577321215,349.753918311));
#11232=CARTESIAN_POINT('',(268.496523619,346.577321215,349.753918311));
#11233=CARTESIAN_POINT('',(278.504745372,346.577321215,349.753918311));
#11234=CARTESIAN_POINT('',(286.501398033,303.154723493,349.753918311));
#11235=CARTESIAN_POINT('Origin',(335.949290756,349.10204012,349.753918311));
#11236=CARTESIAN_POINT('',(293.578053781,310.231379241,349.753918311));
#11237=CARTESIAN_POINT('',(293.578053781,310.231379241,349.753918311));
#11238=CARTESIAN_POINT('Origin',(335.949290756,349.10204012,349.753918311));
#11239=CARTESIAN_POINT('',(263.49326413,346.577321215,349.753918311));
#11240=CARTESIAN_POINT('',(253.487931354,346.577321215,349.753918311));
#11241=CARTESIAN_POINT('',(263.49326413,346.577321215,349.753918311));
#11242=CARTESIAN_POINT('',(275.888956475,292.542281934,349.753918311));
#11243=CARTESIAN_POINT('Origin',(335.949290756,349.10204012,349.753918311));
#11244=CARTESIAN_POINT('',(282.963648784,299.616974244,349.753918311));
#11245=CARTESIAN_POINT('',(282.963648784,299.616974244,349.753918311));
#11246=CARTESIAN_POINT('Origin',(335.949290756,349.10204012,349.753918311));
#11247=CARTESIAN_POINT('',(263.491558364,351.577321215,349.753918311));
#11248=CARTESIAN_POINT('',(282.929897133,398.550942027,349.753918311));
#11249=CARTESIAN_POINT('Origin',(335.949290756,349.10204012,349.753918311));
#11250=CARTESIAN_POINT('',(275.855058479,405.625780681,349.753918311));
#11251=CARTESIAN_POINT('',(282.929897133,398.550942027,349.753918311));
#11252=CARTESIAN_POINT('',(253.48643255,351.577321215,349.753918311));
#11253=CARTESIAN_POINT('Origin',(335.949290756,349.10204012,349.753918311));
#11254=CARTESIAN_POINT('',(263.491558364,351.577321215,349.753918311));
#11255=CARTESIAN_POINT('',(353.512911525,363.165084793,349.753918311));
#11256=CARTESIAN_POINT('',(358.307193038,351.626759024,349.753918311));
#11257=CARTESIAN_POINT('Origin',(335.949290756,349.10204012,349.753918311));
#11258=CARTESIAN_POINT('',(373.364204821,351.626759024,349.753918311));
#11259=CARTESIAN_POINT('',(358.307193038,351.626759024,349.753918311));
#11260=CARTESIAN_POINT('',(364.158253974,373.810427242,349.753918311));
#11261=CARTESIAN_POINT('Origin',(335.949290756,349.10204012,349.753918311));
#11262=CARTESIAN_POINT('',(353.512911525,363.165084793,349.753918311));
#11263=CARTESIAN_POINT('',(278.502593867,351.577321215,349.753918311));
#11264=CARTESIAN_POINT('',(293.544617315,387.936221846,349.753918311));
#11265=CARTESIAN_POINT('Origin',(335.949290756,349.10204012,349.753918311));
#11266=CARTESIAN_POINT('',(286.467735846,395.013103314,349.753918311));
#11267=CARTESIAN_POINT('',(293.544617315,387.936221846,349.753918311));
#11268=CARTESIAN_POINT('',(268.494691332,351.577321215,349.753918311));
#11269=CARTESIAN_POINT('Origin',(335.949290756,349.10204012,349.753918311));
#11270=CARTESIAN_POINT('',(278.502593867,351.577321215,349.753918311));
#11271=CARTESIAN_POINT('',(318.385669987,335.038995447,349.753918311));
#11272=CARTESIAN_POINT('',(313.591388474,346.577321215,349.753918311));
#11273=CARTESIAN_POINT('Origin',(335.949290756,349.10204012,349.753918311));
#11274=CARTESIAN_POINT('',(298.534376692,346.577321215,349.753918311));
#11275=CARTESIAN_POINT('',(313.591388474,346.577321215,349.753918311));
#11276=CARTESIAN_POINT('',(307.740327538,324.393652998,349.753918311));
#11277=CARTESIAN_POINT('Origin',(335.949290756,349.10204012,349.753918311));
#11278=CARTESIAN_POINT('',(318.385669987,335.038995447,349.753918311));
#11279=CARTESIAN_POINT('',(293.521434535,351.577321215,349.753918311));
#11280=CARTESIAN_POINT('',(304.165079962,377.315759198,349.753918311));
#11281=CARTESIAN_POINT('Origin',(335.949290756,349.10204012,349.753918311));
#11282=CARTESIAN_POINT('',(297.083889866,384.396949294,349.753918311));
#11283=CARTESIAN_POINT('',(304.165079962,377.315759198,349.753918311));
#11284=CARTESIAN_POINT('',(283.507675759,351.577321215,349.753918311));
#11285=CARTESIAN_POINT('Origin',(335.949290756,349.10204012,349.753918311));
#11286=CARTESIAN_POINT('',(293.521434535,351.577321215,349.753918311));
#11287=CARTESIAN_POINT('',(367.700603649,377.352776917,349.753918311));
#11288=CARTESIAN_POINT('',(374.781400385,384.433573653,349.753918311));
#11289=CARTESIAN_POINT('',(367.700603649,377.352776917,349.753918311));
#11290=CARTESIAN_POINT('',(378.374233826,351.626759024,349.753918311));
#11291=CARTESIAN_POINT('Origin',(335.949290756,349.10204012,349.753918311));
#11292=CARTESIAN_POINT('',(388.388548898,351.626759024,349.753918311));
#11293=CARTESIAN_POINT('',(378.374233826,351.626759024,349.753918311));
#11294=CARTESIAN_POINT('Origin',(335.949290756,349.10204012,349.753918311));
#11295=CARTESIAN_POINT('',(338.424571852,386.520257388,349.753918311));
#11296=CARTESIAN_POINT('',(360.620384351,377.34362543,349.753918311));
#11297=CARTESIAN_POINT('Origin',(335.949290756,349.10204012,349.753918311));
#11298=CARTESIAN_POINT('',(338.424571852,371.46546972,349.753918311));
#11299=CARTESIAN_POINT('',(338.424571852,371.46546972,349.753918311));
#11300=CARTESIAN_POINT('',(349.973469215,366.696710295,349.753918311));
#11301=CARTESIAN_POINT('Origin',(335.949290756,349.10204012,349.753918311));
#11302=CARTESIAN_POINT('',(349.973469215,366.696710295,349.753918311));
#11303=CARTESIAN_POINT('',(318.354620582,363.126218579,349.753918311));
#11304=CARTESIAN_POINT('',(307.707705446,373.773133714,349.753918311));
#11305=CARTESIAN_POINT('',(318.354620582,363.126218579,349.753918311));
#11306=CARTESIAN_POINT('',(298.531073489,351.577321215,349.753918311));
#11307=CARTESIAN_POINT('Origin',(335.949290756,349.10204012,349.753918311));
#11308=CARTESIAN_POINT('',(313.585861156,351.577321215,349.753918311));
#11309=CARTESIAN_POINT('',(313.585861156,351.577321215,349.753918311));
#11310=CARTESIAN_POINT('Origin',(335.949290756,349.10204012,349.753918311));
#11311=CARTESIAN_POINT('',(311.240903634,377.311003338,349.753918311));
#11312=CARTESIAN_POINT('',(333.424571852,386.516954184,349.753918311));
#11313=CARTESIAN_POINT('Origin',(335.949290756,349.10204012,349.753918311));
#11314=CARTESIAN_POINT('',(321.886246083,366.665660889,349.753918311));
#11315=CARTESIAN_POINT('',(321.886246083,366.665660889,349.753918311));
#11316=CARTESIAN_POINT('',(333.424571852,371.459942402,349.753918311));
#11317=CARTESIAN_POINT('Origin',(335.949290756,349.10204012,349.753918311));
#11318=CARTESIAN_POINT('',(333.424571852,371.459942402,349.753918311));
#11319=CARTESIAN_POINT('',(307.698553959,380.853353013,349.753918311));
#11320=CARTESIAN_POINT('',(300.617757223,387.934149749,349.753918311));
#11321=CARTESIAN_POINT('',(307.698553959,380.853353013,349.753918311));
#11322=CARTESIAN_POINT('',(333.424571852,391.526983189,349.753918311));
#11323=CARTESIAN_POINT('Origin',(335.949290756,349.10204012,349.753918311));
#11324=CARTESIAN_POINT('',(333.424571852,401.541298262,349.753918311));
#11325=CARTESIAN_POINT('',(333.424571852,391.526983189,349.753918311));
#11326=CARTESIAN_POINT('Origin',(335.949290756,349.10204012,349.753918311));
#11327=CARTESIAN_POINT('',(358.312720357,346.626759024,349.753918311));
#11328=CARTESIAN_POINT('',(373.367508024,346.626759024,349.753918311));
#11329=CARTESIAN_POINT('',(358.312720357,346.626759024,349.753918311));
#11330=CARTESIAN_POINT('',(353.543960931,335.077861661,349.753918311));
#11331=CARTESIAN_POINT('Origin',(335.949290756,349.10204012,349.753918311));
#11332=CARTESIAN_POINT('',(364.190876067,324.430946525,349.753918311));
#11333=CARTESIAN_POINT('',(353.543960931,335.077861661,349.753918311));
#11334=CARTESIAN_POINT('Origin',(335.949290756,349.10204012,349.753918311));
#11335=CARTESIAN_POINT('',(338.424571852,406.548737009,349.753918311));
#11336=CARTESIAN_POINT('',(338.424571852,416.556639544,349.753918311));
#11337=CARTESIAN_POINT('',(338.424571852,406.548737009,349.753918311));
#11338=CARTESIAN_POINT('',(374.783472482,391.506713562,349.753918311));
#11339=CARTESIAN_POINT('Origin',(335.949290756,349.10204012,349.753918311));
#11340=CARTESIAN_POINT('',(381.860353951,398.58359503,349.753918311));
#11341=CARTESIAN_POINT('',(374.783472482,391.506713562,349.753918311));
#11342=CARTESIAN_POINT('Origin',(335.949290756,349.10204012,349.753918311));
#11343=CARTESIAN_POINT('',(333.474009661,326.738610519,349.753918311));
#11344=CARTESIAN_POINT('',(333.474009661,311.683822852,349.753918311));
#11345=CARTESIAN_POINT('',(333.474009661,326.738610519,349.753918311));
#11346=CARTESIAN_POINT('',(321.925112298,331.507369945,349.753918311));
#11347=CARTESIAN_POINT('Origin',(335.949290756,349.10204012,349.753918311));
#11348=CARTESIAN_POINT('',(311.278197162,320.860454809,349.753918311));
#11349=CARTESIAN_POINT('',(321.925112298,331.507369945,349.753918311));
#11350=CARTESIAN_POINT('Origin',(335.949290756,349.10204012,349.753918311));
#11351=CARTESIAN_POINT('',(367.73350155,320.888321042,349.753918311));
#11352=CARTESIAN_POINT('',(374.814691647,313.807130946,349.753918311));
#11353=CARTESIAN_POINT('',(367.73350155,320.888321042,349.753918311));
#11354=CARTESIAN_POINT('',(388.390905753,346.626759024,349.753918311));
#11355=CARTESIAN_POINT('Origin',(335.949290756,349.10204012,349.753918311));
#11356=CARTESIAN_POINT('',(378.377146977,346.626759024,349.753918311));
#11357=CARTESIAN_POINT('',(378.377146977,346.626759024,349.753918311));
#11358=CARTESIAN_POINT('Origin',(335.949290756,349.10204012,349.753918311));
#11359=CARTESIAN_POINT('',(350.012335429,331.538419351,349.753918311));
#11360=CARTESIAN_POINT('',(360.657677878,320.893076902,349.753918311));
#11361=CARTESIAN_POINT('',(350.012335429,331.538419351,349.753918311));
#11362=CARTESIAN_POINT('',(338.474009661,326.744137838,349.753918311));
#11363=CARTESIAN_POINT('Origin',(335.949290756,349.10204012,349.753918311));
#11364=CARTESIAN_POINT('',(338.474009661,311.687126055,349.753918311));
#11365=CARTESIAN_POINT('',(338.474009661,326.744137838,349.753918311));
#11366=CARTESIAN_POINT('Origin',(335.949290756,349.10204012,349.753918311));
#11367=CARTESIAN_POINT('',(304.197977863,320.851303323,349.753918311));
#11368=CARTESIAN_POINT('',(297.117181128,313.770506587,349.753918311));
#11369=CARTESIAN_POINT('',(304.197977863,320.851303323,349.753918311));
#11370=CARTESIAN_POINT('',(293.524347687,346.577321215,349.753918311));
#11371=CARTESIAN_POINT('Origin',(335.949290756,349.10204012,349.753918311));
#11372=CARTESIAN_POINT('',(283.510032615,346.577321215,349.753918311));
#11373=CARTESIAN_POINT('',(293.524347687,346.577321215,349.753918311));
#11374=CARTESIAN_POINT('Origin',(335.949290756,349.10204012,349.753918311));
#11375=CARTESIAN_POINT('',(371.280824289,310.269930491,349.753918311));
#11376=CARTESIAN_POINT('',(338.474009661,296.662781978,349.753918311));
#11377=CARTESIAN_POINT('Origin',(335.949290756,349.10204012,349.753918311));
#11378=CARTESIAN_POINT('',(364.200027553,317.350727227,349.753918311));
#11379=CARTESIAN_POINT('',(364.200027553,317.350727227,349.753918311));
#11380=CARTESIAN_POINT('',(338.474009661,306.67709705,349.753918311));
#11381=CARTESIAN_POINT('Origin',(335.949290756,349.10204012,349.753918311));
#11382=CARTESIAN_POINT('',(338.474009661,306.67709705,349.753918311));
#11383=CARTESIAN_POINT('',(374.819951636,306.730803145,349.753918311));
#11384=CARTESIAN_POINT('',(381.896607384,299.654147397,349.753918311));
#11385=CARTESIAN_POINT('',(374.819951636,306.730803145,349.753918311));
#11386=CARTESIAN_POINT('',(338.474009661,291.657494735,349.753918311));
#11387=CARTESIAN_POINT('Origin',(335.949290756,349.10204012,349.753918311));
#11388=CARTESIAN_POINT('',(338.474009661,281.649272983,349.753918311));
#11389=CARTESIAN_POINT('',(338.474009661,291.657494735,349.753918311));
#11390=CARTESIAN_POINT('Origin',(335.949290756,349.10204012,349.753918311));
#11391=CARTESIAN_POINT('',(396.009625038,405.661798305,349.753918311));
#11392=CARTESIAN_POINT('',(418.410650158,351.626759024,349.753918311));
#11393=CARTESIAN_POINT('Origin',(335.949290756,349.10204012,349.753918311));
#11394=CARTESIAN_POINT('',(388.934932729,398.587105996,349.753918311));
#11395=CARTESIAN_POINT('',(388.934932729,398.587105996,349.753918311));
#11396=CARTESIAN_POINT('',(408.405317382,351.626759024,349.753918311));
#11397=CARTESIAN_POINT('Origin',(335.949290756,349.10204012,349.753918311));
#11398=CARTESIAN_POINT('',(408.405317382,351.626759024,349.753918311));
#11399=CARTESIAN_POINT('',(385.398192663,402.121433743,349.753918311));
#11400=CARTESIAN_POINT('',(392.473031317,409.196272397,349.753918311));
#11401=CARTESIAN_POINT('',(385.398192663,402.121433743,349.753918311));
#11402=CARTESIAN_POINT('',(338.424571852,431.564898326,349.753918311));
#11403=CARTESIAN_POINT('Origin',(335.949290756,349.10204012,349.753918311));
#11404=CARTESIAN_POINT('',(338.424571852,421.559772513,349.753918311));
#11405=CARTESIAN_POINT('',(338.424571852,421.559772513,349.753918311));
#11406=CARTESIAN_POINT('Origin',(335.949290756,349.10204012,349.753918311));
#11407=CARTESIAN_POINT('',(333.424571852,436.565608504,349.753918311));
#11408=CARTESIAN_POINT('',(333.424571852,446.569346405,349.753918311));
#11409=CARTESIAN_POINT('',(333.424571852,436.565608504,349.753918311));
#11410=CARTESIAN_POINT('',(268.778888937,419.773018035,349.753918311));
#11411=CARTESIAN_POINT('Origin',(335.949290756,349.10204012,349.753918311));
#11412=CARTESIAN_POINT('',(275.852497291,412.699409681,349.753918311));
#11413=CARTESIAN_POINT('',(275.852497291,412.699409681,349.753918311));
#11414=CARTESIAN_POINT('Origin',(335.949290756,349.10204012,349.753918311));
#11415=CARTESIAN_POINT('',(338.424571852,446.570614458,349.753918311));
#11416=CARTESIAN_POINT('',(403.083838116,419.807079196,349.753918311));
#11417=CARTESIAN_POINT('Origin',(335.949290756,349.10204012,349.753918311));
#11418=CARTESIAN_POINT('',(338.424571852,436.56702159,349.753918311));
#11419=CARTESIAN_POINT('',(338.424571852,436.56702159,349.753918311));
#11420=CARTESIAN_POINT('',(396.010127209,412.733368289,349.753918311));
#11421=CARTESIAN_POINT('Origin',(335.949290756,349.10204012,349.753918311));
#11422=CARTESIAN_POINT('',(396.010127209,412.733368289,349.753918311));
#11423=CARTESIAN_POINT('',(406.620268671,416.272441939,349.753918311));
#11424=CARTESIAN_POINT('',(433.416597041,351.626759024,349.753918311));
#11425=CARTESIAN_POINT('Origin',(335.949290756,349.10204012,349.753918311));
#11426=CARTESIAN_POINT('',(399.546660318,409.198833586,349.753918311));
#11427=CARTESIAN_POINT('',(399.546660318,409.198833586,349.753918311));
#11428=CARTESIAN_POINT('',(423.41285914,351.626759024,349.753918311));
#11429=CARTESIAN_POINT('Origin',(335.949290756,349.10204012,349.753918311));
#11430=CARTESIAN_POINT('',(423.41285914,351.626759024,349.753918311));
#11431=CARTESIAN_POINT('',(403.403890181,346.626759024,349.753918311));
#11432=CARTESIAN_POINT('',(385.430845667,303.190976925,349.753918311));
#11433=CARTESIAN_POINT('Origin',(335.949290756,349.10204012,349.753918311));
#11434=CARTESIAN_POINT('',(393.395987646,346.626759024,349.753918311));
#11435=CARTESIAN_POINT('',(393.395987646,346.626759024,349.753918311));
#11436=CARTESIAN_POINT('',(378.353964198,310.267858394,349.753918311));
#11437=CARTESIAN_POINT('Origin',(335.949290756,349.10204012,349.753918311));
#11438=CARTESIAN_POINT('',(378.353964198,310.267858394,349.753918311));
#11439=CARTESIAN_POINT('',(265.278312841,281.931638301,349.753918311));
#11440=CARTESIAN_POINT('',(238.481984471,346.577321215,349.753918311));
#11441=CARTESIAN_POINT('Origin',(335.949290756,349.10204012,349.753918311));
#11442=CARTESIAN_POINT('',(272.351921195,289.005246654,349.753918311));
#11443=CARTESIAN_POINT('',(272.351921195,289.005246654,349.753918311));
#11444=CARTESIAN_POINT('',(248.485722372,346.577321215,349.753918311));
#11445=CARTESIAN_POINT('Origin',(335.949290756,349.10204012,349.753918311));
#11446=CARTESIAN_POINT('',(248.485722372,346.577321215,349.753918311));
#11447=CARTESIAN_POINT('',(333.474009661,266.639181914,349.753918311));
#11448=CARTESIAN_POINT('',(279.425550195,289.007807843,349.753918311));
#11449=CARTESIAN_POINT('Origin',(335.949290756,349.10204012,349.753918311));
#11450=CARTESIAN_POINT('',(333.474009661,276.644307727,349.753918311));
#11451=CARTESIAN_POINT('',(333.474009661,276.644307727,349.753918311));
#11452=CARTESIAN_POINT('',(286.500388849,296.082646497,349.753918311));
#11453=CARTESIAN_POINT('Origin',(335.949290756,349.10204012,349.753918311));
#11454=CARTESIAN_POINT('',(286.500388849,296.082646497,349.753918311));
#11455=CARTESIAN_POINT('',(333.474009661,281.647440696,349.753918311));
#11456=CARTESIAN_POINT('',(290.038227562,299.62048521,349.753918311));
#11457=CARTESIAN_POINT('Origin',(335.949290756,349.10204012,349.753918311));
#11458=CARTESIAN_POINT('',(333.474009661,291.655343231,349.753918311));
#11459=CARTESIAN_POINT('',(333.474009661,291.655343231,349.753918311));
#11460=CARTESIAN_POINT('',(297.115109031,306.697366678,349.753918311));
#11461=CARTESIAN_POINT('Origin',(335.949290756,349.10204012,349.753918311));
#11462=CARTESIAN_POINT('',(297.115109031,306.697366678,349.753918311));
#11463=CARTESIAN_POINT('',(248.484309287,351.577321215,349.753918311));
#11464=CARTESIAN_POINT('',(238.480716418,351.577321215,349.753918311));
#11465=CARTESIAN_POINT('',(248.484309287,351.577321215,349.753918311));
#11466=CARTESIAN_POINT('',(272.317962587,409.162876573,349.753918311));
#11467=CARTESIAN_POINT('Origin',(335.949290756,349.10204012,349.753918311));
#11468=CARTESIAN_POINT('',(265.24425168,416.23658748,349.753918311));
#11469=CARTESIAN_POINT('',(272.317962587,409.162876573,349.753918311));
#11470=CARTESIAN_POINT('Origin',(335.949290756,349.10204012,349.753918311));
#11471=CARTESIAN_POINT('',(423.414272226,346.626759024,349.753918311));
#11472=CARTESIAN_POINT('',(433.417865094,346.626759024,349.753918311));
#11473=CARTESIAN_POINT('',(423.414272226,346.626759024,349.753918311));
#11474=CARTESIAN_POINT('',(399.580618925,289.041203667,349.753918311));
#11475=CARTESIAN_POINT('Origin',(335.949290756,349.10204012,349.753918311));
#11476=CARTESIAN_POINT('',(406.654329832,281.96749276,349.753918311));
#11477=CARTESIAN_POINT('',(399.580618925,289.041203667,349.753918311));
#11478=CARTESIAN_POINT('Origin',(335.949290756,349.10204012,349.753918311));
#11479=CARTESIAN_POINT('',(338.474009661,276.646013494,349.753918311));
#11480=CARTESIAN_POINT('',(338.474009661,266.640680718,349.753918311));
#11481=CARTESIAN_POINT('',(338.474009661,276.646013494,349.753918311));
#11482=CARTESIAN_POINT('',(392.509048942,289.041705839,349.753918311));
#11483=CARTESIAN_POINT('Origin',(335.949290756,349.10204012,349.753918311));
#11484=CARTESIAN_POINT('',(385.434356633,296.116398148,349.753918311));
#11485=CARTESIAN_POINT('',(385.434356633,296.116398148,349.753918311));
#11486=CARTESIAN_POINT('Origin',(335.949290756,349.10204012,349.753918311));
#11487=CARTESIAN_POINT('',(333.474009661,261.63705865,349.753918311));
#11488=CARTESIAN_POINT('',(333.474009661,251.633465782,349.753918311));
#11489=CARTESIAN_POINT('',(333.474009661,261.63705865,349.753918311));
#11490=CARTESIAN_POINT('',(275.888454303,285.470711951,349.753918311));
#11491=CARTESIAN_POINT('Origin',(335.949290756,349.10204012,349.753918311));
#11492=CARTESIAN_POINT('',(268.814743396,278.397001044,349.753918311));
#11493=CARTESIAN_POINT('',(275.888454303,285.470711951,349.753918311));
#11494=CARTESIAN_POINT('Origin',(335.949290756,349.10204012,349.753918311));
#11495=CARTESIAN_POINT('',(396.046084222,285.504670558,349.753918311));
#11496=CARTESIAN_POINT('',(338.474009661,261.638471736,349.753918311));
#11497=CARTESIAN_POINT('Origin',(335.949290756,349.10204012,349.753918311));
#11498=CARTESIAN_POINT('',(338.474009661,251.634733835,349.753918311));
#11499=CARTESIAN_POINT('',(338.474009661,261.638471736,349.753918311));
#11500=CARTESIAN_POINT('',(403.119692575,278.431062205,349.753918311));
#11501=CARTESIAN_POINT('Origin',(335.949290756,349.10204012,349.753918311));
#11502=CARTESIAN_POINT('',(396.046084222,285.504670558,349.753918311));
#11503=CARTESIAN_POINT('',(333.474009661,306.674183899,349.753918311));
#11504=CARTESIAN_POINT('',(333.474009661,296.660425123,349.753918311));
#11505=CARTESIAN_POINT('',(333.474009661,306.674183899,349.753918311));
#11506=CARTESIAN_POINT('',(307.735571678,317.317829326,349.753918311));
#11507=CARTESIAN_POINT('Origin',(335.949290756,349.10204012,349.753918311));
#11508=CARTESIAN_POINT('',(300.654381582,310.23663923,349.753918311));
#11509=CARTESIAN_POINT('',(307.735571678,317.317829326,349.753918311));
#11510=CARTESIAN_POINT('Origin',(335.949290756,349.10204012,349.753918311));
#11511=CARTESIAN_POINT('',(290.001974129,398.549932843,349.753918311));
#11512=CARTESIAN_POINT('',(333.424571852,416.554807257,349.753918311));
#11513=CARTESIAN_POINT('Origin',(335.949290756,349.10204012,349.753918311));
#11514=CARTESIAN_POINT('',(297.078629877,391.473277095,349.753918311));
#11515=CARTESIAN_POINT('',(297.078629877,391.473277095,349.753918311));
#11516=CARTESIAN_POINT('',(333.424571852,406.546585505,349.753918311));
#11517=CARTESIAN_POINT('Origin',(335.949290756,349.10204012,349.753918311));
#11518=CARTESIAN_POINT('',(333.424571852,406.546585505,349.753918311));
#11519=CARTESIAN_POINT('',(338.424571852,401.543655117,349.753918311));
#11520=CARTESIAN_POINT('',(371.244199931,387.96744101,349.753918311));
#11521=CARTESIAN_POINT('Origin',(335.949290756,349.10204012,349.753918311));
#11522=CARTESIAN_POINT('',(338.424571852,391.529896341,349.753918311));
#11523=CARTESIAN_POINT('',(338.424571852,391.529896341,349.753918311));
#11524=CARTESIAN_POINT('',(364.163009834,380.886250914,349.753918311));
#11525=CARTESIAN_POINT('Origin',(335.949290756,349.10204012,349.753918311));
#11526=CARTESIAN_POINT('',(364.163009834,380.886250914,349.753918311));
#11527=CARTESIAN_POINT('',(408.407023149,346.626759024,349.753918311));
#11528=CARTESIAN_POINT('',(418.412148962,346.626759024,349.753918311));
#11529=CARTESIAN_POINT('',(408.407023149,346.626759024,349.753918311));
#11530=CARTESIAN_POINT('',(388.968684379,299.653138213,349.753918311));
#11531=CARTESIAN_POINT('Origin',(335.949290756,349.10204012,349.753918311));
#11532=CARTESIAN_POINT('',(396.043523033,292.578299559,349.753918311));
#11533=CARTESIAN_POINT('',(388.968684379,299.653138213,349.753918311));
#11534=CARTESIAN_POINT('Origin',(335.949290756,349.10204012,349.753918311));
#11535=CARTESIAN_POINT('',(286.46422488,402.087682092,349.753918311));
#11536=CARTESIAN_POINT('',(279.389532571,409.162374401,349.753918311));
#11537=CARTESIAN_POINT('',(286.46422488,402.087682092,349.753918311));
#11538=CARTESIAN_POINT('',(333.424571852,421.558066746,349.753918311));
#11539=CARTESIAN_POINT('Origin',(335.949290756,349.10204012,349.753918311));
#11540=CARTESIAN_POINT('',(333.424571852,431.563399522,349.753918311));
#11541=CARTESIAN_POINT('',(333.424571852,421.558066746,349.753918311));
#11542=CARTESIAN_POINT('Origin',(335.949290756,349.10204012,349.753918311));
#11543=CARTESIAN_POINT('',(438.418192353,351.626759024,349.753918311));
#11544=CARTESIAN_POINT('',(438.418192353,351.626759024,349.753918311));
#11545=CARTESIAN_POINT('',(410.156886867,419.809060135,349.753918311));
#11546=CARTESIAN_POINT('',(410.156886867,419.809060135,349.753918311));
#11547=CARTESIAN_POINT('Origin',(335.949290756,349.10204012,349.753918311));
#11548=CARTESIAN_POINT('',(450.949290756,350.60204012,349.753918311));
#11549=CARTESIAN_POINT('Origin',(450.949290756,349.10204012,349.753918311));
#11550=CARTESIAN_POINT('',(335.949290756,235.60204012,349.753918311));
#11551=CARTESIAN_POINT('Origin',(335.949290756,234.10204012,349.753918311));
#11552=CARTESIAN_POINT('',(335.949290756,465.60204012,349.753918311));
#11553=CARTESIAN_POINT('Origin',(335.949290756,464.10204012,349.753918311));
#11554=CARTESIAN_POINT('',(220.949290756,350.60204012,349.753918311));
#11555=CARTESIAN_POINT('Origin',(220.949290756,349.10204012,349.753918311));
#11556=CARTESIAN_POINT('Origin',(398.397947017,351.626759024,349.753918311));
#11557=CARTESIAN_POINT('',(393.393836141,351.626759024,352.753918311));
#11558=CARTESIAN_POINT('',(403.402057893,351.626759024,352.753918311));
#11559=CARTESIAN_POINT('',(393.393836141,351.626759024,352.753918311));
#11560=CARTESIAN_POINT('',(403.402057893,351.626759024,349.753918311));
#11561=CARTESIAN_POINT('',(393.393836141,351.626759024,349.753918311));
#11562=CARTESIAN_POINT('Origin',(335.949290756,349.10204012,349.753918311));
#11563=CARTESIAN_POINT('',(385.397183479,395.049356747,352.753918311));
#11564=CARTESIAN_POINT('Origin',(335.949290756,349.10204012,352.753918311));
#11565=CARTESIAN_POINT('',(385.397183479,395.049356747,349.753918311));
#11566=CARTESIAN_POINT('Origin',(381.858855605,391.511028873,349.753918311));
#11567=CARTESIAN_POINT('',(378.320527731,387.972700999,352.753918311));
#11568=CARTESIAN_POINT('',(378.320527731,387.972700999,352.753918311));
#11569=CARTESIAN_POINT('',(378.320527731,387.972700999,349.753918311));
#11570=CARTESIAN_POINT('Origin',(273.500634495,346.577321215,349.753918311));
#11571=CARTESIAN_POINT('',(278.504745372,346.577321215,352.753918311));
#11572=CARTESIAN_POINT('',(268.496523619,346.577321215,352.753918311));
#11573=CARTESIAN_POINT('',(278.504745372,346.577321215,352.753918311));
#11574=CARTESIAN_POINT('',(268.496523619,346.577321215,349.753918311));
#11575=CARTESIAN_POINT('',(278.504745372,346.577321215,349.753918311));
#11576=CARTESIAN_POINT('Origin',(335.949290756,349.10204012,349.753918311));
#11577=CARTESIAN_POINT('',(286.501398033,303.154723493,352.753918311));
#11578=CARTESIAN_POINT('Origin',(335.949290756,349.10204012,352.753918311));
#11579=CARTESIAN_POINT('',(286.501398033,303.154723493,349.753918311));
#11580=CARTESIAN_POINT('Origin',(290.039725907,306.693051367,349.753918311));
#11581=CARTESIAN_POINT('',(293.578053781,310.231379241,352.753918311));
#11582=CARTESIAN_POINT('',(293.578053781,310.231379241,352.753918311));
#11583=CARTESIAN_POINT('',(293.578053781,310.231379241,349.753918311));
#11584=CARTESIAN_POINT('Origin',(258.490597742,346.577321215,349.753918311));
#11585=CARTESIAN_POINT('',(263.49326413,346.577321215,352.753918311));
#11586=CARTESIAN_POINT('',(253.487931354,346.577321215,352.753918311));
#11587=CARTESIAN_POINT('',(263.49326413,346.577321215,352.753918311));
#11588=CARTESIAN_POINT('',(253.487931354,346.577321215,349.753918311));
#11589=CARTESIAN_POINT('',(263.49326413,346.577321215,349.753918311));
#11590=CARTESIAN_POINT('Origin',(335.949290756,349.10204012,349.753918311));
#11591=CARTESIAN_POINT('',(275.888956475,292.542281934,352.753918311));
#11592=CARTESIAN_POINT('Origin',(335.949290756,349.10204012,352.753918311));
#11593=CARTESIAN_POINT('',(275.888956475,292.542281934,349.753918311));
#11594=CARTESIAN_POINT('Origin',(279.426302629,296.079628089,349.753918311));
#11595=CARTESIAN_POINT('',(282.963648784,299.616974244,352.753918311));
#11596=CARTESIAN_POINT('',(282.963648784,299.616974244,352.753918311));
#11597=CARTESIAN_POINT('',(282.963648784,299.616974244,349.753918311));
#11598=CARTESIAN_POINT('Origin',(335.949290756,349.10204012,349.753918311));
#11599=CARTESIAN_POINT('',(263.491558364,351.577321215,352.753918311));
#11600=CARTESIAN_POINT('',(282.929897133,398.550942027,352.753918311));
#11601=CARTESIAN_POINT('Origin',(335.949290756,349.10204012,352.753918311));
#11602=CARTESIAN_POINT('',(282.929897133,398.550942027,349.753918311));
#11603=CARTESIAN_POINT('',(263.491558364,351.577321215,349.753918311));
#11604=CARTESIAN_POINT('Origin',(279.392477806,402.088361354,349.753918311));
#11605=CARTESIAN_POINT('',(275.855058479,405.625780681,352.753918311));
#11606=CARTESIAN_POINT('',(282.929897133,398.550942027,352.753918311));
#11607=CARTESIAN_POINT('',(275.855058479,405.625780681,349.753918311));
#11608=CARTESIAN_POINT('Origin',(335.949290756,349.10204012,349.753918311));
#11609=CARTESIAN_POINT('',(253.48643255,351.577321215,352.753918311));
#11610=CARTESIAN_POINT('Origin',(335.949290756,349.10204012,352.753918311));
#11611=CARTESIAN_POINT('',(253.48643255,351.577321215,349.753918311));
#11612=CARTESIAN_POINT('Origin',(335.949290756,349.10204012,349.753918311));
#11613=CARTESIAN_POINT('',(353.512911525,363.165084793,352.753918311));
#11614=CARTESIAN_POINT('',(358.307193038,351.626759024,352.753918311));
#11615=CARTESIAN_POINT('Origin',(335.949290756,349.10204012,352.753918311));
#11616=CARTESIAN_POINT('',(358.307193038,351.626759024,349.753918311));
#11617=CARTESIAN_POINT('',(353.512911525,363.165084793,349.753918311));
#11618=CARTESIAN_POINT('Origin',(365.83569893,351.626759024,349.753918311));
#11619=CARTESIAN_POINT('',(373.364204821,351.626759024,352.753918311));
#11620=CARTESIAN_POINT('',(358.307193038,351.626759024,352.753918311));
#11621=CARTESIAN_POINT('',(373.364204821,351.626759024,349.753918311));
#11622=CARTESIAN_POINT('Origin',(335.949290756,349.10204012,349.753918311));
#11623=CARTESIAN_POINT('',(364.158253974,373.810427242,352.753918311));
#11624=CARTESIAN_POINT('Origin',(335.949290756,349.10204012,352.753918311));
#11625=CARTESIAN_POINT('',(364.158253974,373.810427242,349.753918311));
#11626=CARTESIAN_POINT('Origin',(335.949290756,349.10204012,349.753918311));
#11627=CARTESIAN_POINT('',(278.502593867,351.577321215,352.753918311));
#11628=CARTESIAN_POINT('',(293.544617315,387.936221846,352.753918311));
#11629=CARTESIAN_POINT('Origin',(335.949290756,349.10204012,352.753918311));
#11630=CARTESIAN_POINT('',(293.544617315,387.936221846,349.753918311));
#11631=CARTESIAN_POINT('',(278.502593867,351.577321215,349.753918311));
#11632=CARTESIAN_POINT('Origin',(290.00617658,391.47466258,349.753918311));
#11633=CARTESIAN_POINT('',(286.467735846,395.013103314,352.753918311));
#11634=CARTESIAN_POINT('',(293.544617315,387.936221846,352.753918311));
#11635=CARTESIAN_POINT('',(286.467735846,395.013103314,349.753918311));
#11636=CARTESIAN_POINT('Origin',(335.949290756,349.10204012,349.753918311));
#11637=CARTESIAN_POINT('',(268.494691332,351.577321215,352.753918311));
#11638=CARTESIAN_POINT('Origin',(335.949290756,349.10204012,352.753918311));
#11639=CARTESIAN_POINT('',(268.494691332,351.577321215,349.753918311));
#11640=CARTESIAN_POINT('Origin',(335.949290756,349.10204012,349.753918311));
#11641=CARTESIAN_POINT('',(318.385669987,335.038995447,352.753918311));
#11642=CARTESIAN_POINT('',(313.591388474,346.577321215,352.753918311));
#11643=CARTESIAN_POINT('Origin',(335.949290756,349.10204012,352.753918311));
#11644=CARTESIAN_POINT('',(313.591388474,346.577321215,349.753918311));
#11645=CARTESIAN_POINT('',(318.385669987,335.038995447,349.753918311));
#11646=CARTESIAN_POINT('Origin',(306.062882583,346.577321215,349.753918311));
#11647=CARTESIAN_POINT('',(298.534376692,346.577321215,352.753918311));
#11648=CARTESIAN_POINT('',(313.591388474,346.577321215,352.753918311));
#11649=CARTESIAN_POINT('',(298.534376692,346.577321215,349.753918311));
#11650=CARTESIAN_POINT('Origin',(335.949290756,349.10204012,349.753918311));
#11651=CARTESIAN_POINT('',(307.740327538,324.393652998,352.753918311));
#11652=CARTESIAN_POINT('Origin',(335.949290756,349.10204012,352.753918311));
#11653=CARTESIAN_POINT('',(307.740327538,324.393652998,349.753918311));
#11654=CARTESIAN_POINT('Origin',(335.949290756,349.10204012,349.753918311));
#11655=CARTESIAN_POINT('',(293.521434535,351.577321215,352.753918311));
#11656=CARTESIAN_POINT('',(304.165079962,377.315759198,352.753918311));
#11657=CARTESIAN_POINT('Origin',(335.949290756,349.10204012,352.753918311));
#11658=CARTESIAN_POINT('',(304.165079962,377.315759198,349.753918311));
#11659=CARTESIAN_POINT('',(293.521434535,351.577321215,349.753918311));
#11660=CARTESIAN_POINT('Origin',(300.624484914,380.856354246,349.753918311));
#11661=CARTESIAN_POINT('',(297.083889866,384.396949294,352.753918311));
#11662=CARTESIAN_POINT('',(304.165079962,377.315759198,352.753918311));
#11663=CARTESIAN_POINT('',(297.083889866,384.396949294,349.753918311));
#11664=CARTESIAN_POINT('Origin',(335.949290756,349.10204012,349.753918311));
#11665=CARTESIAN_POINT('',(283.507675759,351.577321215,352.753918311));
#11666=CARTESIAN_POINT('Origin',(335.949290756,349.10204012,352.753918311));
#11667=CARTESIAN_POINT('',(283.507675759,351.577321215,349.753918311));
#11668=CARTESIAN_POINT('Origin',(371.241002017,380.893175285,349.753918311));
#11669=CARTESIAN_POINT('',(367.700603649,377.352776917,352.753918311));
#11670=CARTESIAN_POINT('',(374.781400385,384.433573653,352.753918311));
#11671=CARTESIAN_POINT('',(367.700603649,377.352776917,352.753918311));
#11672=CARTESIAN_POINT('',(367.700603649,377.352776917,349.753918311));
#11673=CARTESIAN_POINT('',(374.781400385,384.433573653,349.753918311));
#11674=CARTESIAN_POINT('Origin',(335.949290756,349.10204012,349.753918311));
#11675=CARTESIAN_POINT('',(378.374233826,351.626759024,352.753918311));
#11676=CARTESIAN_POINT('Origin',(335.949290756,349.10204012,352.753918311));
#11677=CARTESIAN_POINT('',(378.374233826,351.626759024,349.753918311));
#11678=CARTESIAN_POINT('Origin',(383.381391362,351.626759024,349.753918311));
#11679=CARTESIAN_POINT('',(388.388548898,351.626759024,352.753918311));
#11680=CARTESIAN_POINT('',(378.374233826,351.626759024,352.753918311));
#11681=CARTESIAN_POINT('',(388.388548898,351.626759024,349.753918311));
#11682=CARTESIAN_POINT('Origin',(335.949290756,349.10204012,349.753918311));
#11683=CARTESIAN_POINT('',(338.424571852,386.520257388,352.753918311));
#11684=CARTESIAN_POINT('',(360.620384351,377.34362543,352.753918311));
#11685=CARTESIAN_POINT('Origin',(335.949290756,349.10204012,352.753918311));
#11686=CARTESIAN_POINT('',(338.424571852,386.520257388,349.753918311));
#11687=CARTESIAN_POINT('',(360.620384351,377.34362543,349.753918311));
#11688=CARTESIAN_POINT('Origin',(338.424571852,378.992863554,349.753918311));
#11689=CARTESIAN_POINT('',(338.424571852,371.46546972,352.753918311));
#11690=CARTESIAN_POINT('',(338.424571852,371.46546972,352.753918311));
#11691=CARTESIAN_POINT('',(338.424571852,371.46546972,349.753918311));
#11692=CARTESIAN_POINT('Origin',(335.949290756,349.10204012,349.753918311));
#11693=CARTESIAN_POINT('',(349.973469215,366.696710295,352.753918311));
#11694=CARTESIAN_POINT('Origin',(335.949290756,349.10204012,352.753918311));
#11695=CARTESIAN_POINT('',(349.973469215,366.696710295,349.753918311));
#11696=CARTESIAN_POINT('Origin',(313.031163014,368.449676147,349.753918311));
#11697=CARTESIAN_POINT('',(318.354620582,363.126218579,352.753918311));
#11698=CARTESIAN_POINT('',(307.707705446,373.773133714,352.753918311));
#11699=CARTESIAN_POINT('',(318.354620582,363.126218579,352.753918311));
#11700=CARTESIAN_POINT('',(307.707705446,373.773133714,349.753918311));
#11701=CARTESIAN_POINT('',(318.354620582,363.126218579,349.753918311));
#11702=CARTESIAN_POINT('Origin',(335.949290756,349.10204012,349.753918311));
#11703=CARTESIAN_POINT('',(298.531073489,351.577321215,352.753918311));
#11704=CARTESIAN_POINT('Origin',(335.949290756,349.10204012,352.753918311));
#11705=CARTESIAN_POINT('',(298.531073489,351.577321215,349.753918311));
#11706=CARTESIAN_POINT('Origin',(306.058467322,351.577321215,349.753918311));
#11707=CARTESIAN_POINT('',(313.585861156,351.577321215,352.753918311));
#11708=CARTESIAN_POINT('',(313.585861156,351.577321215,352.753918311));
#11709=CARTESIAN_POINT('',(313.585861156,351.577321215,349.753918311));
#11710=CARTESIAN_POINT('Origin',(335.949290756,349.10204012,349.753918311));
#11711=CARTESIAN_POINT('',(311.240903634,377.311003338,352.753918311));
#11712=CARTESIAN_POINT('',(333.424571852,386.516954184,352.753918311));
#11713=CARTESIAN_POINT('Origin',(335.949290756,349.10204012,352.753918311));
#11714=CARTESIAN_POINT('',(311.240903634,377.311003338,349.753918311));
#11715=CARTESIAN_POINT('',(333.424571852,386.516954184,349.753918311));
#11716=CARTESIAN_POINT('Origin',(316.563574859,371.988332113,349.753918311));
#11717=CARTESIAN_POINT('',(321.886246083,366.665660889,352.753918311));
#11718=CARTESIAN_POINT('',(321.886246083,366.665660889,352.753918311));
#11719=CARTESIAN_POINT('',(321.886246083,366.665660889,349.753918311));
#11720=CARTESIAN_POINT('Origin',(335.949290756,349.10204012,349.753918311));
#11721=CARTESIAN_POINT('',(333.424571852,371.459942402,352.753918311));
#11722=CARTESIAN_POINT('Origin',(335.949290756,349.10204012,352.753918311));
#11723=CARTESIAN_POINT('',(333.424571852,371.459942402,349.753918311));
#11724=CARTESIAN_POINT('Origin',(304.158155591,384.393751381,349.753918311));
#11725=CARTESIAN_POINT('',(307.698553959,380.853353013,352.753918311));
#11726=CARTESIAN_POINT('',(300.617757223,387.934149749,352.753918311));
#11727=CARTESIAN_POINT('',(307.698553959,380.853353013,352.753918311));
#11728=CARTESIAN_POINT('',(307.698553959,380.853353013,349.753918311));
#11729=CARTESIAN_POINT('',(300.617757223,387.934149749,349.753918311));
#11730=CARTESIAN_POINT('Origin',(335.949290756,349.10204012,349.753918311));
#11731=CARTESIAN_POINT('',(333.424571852,391.526983189,352.753918311));
#11732=CARTESIAN_POINT('Origin',(335.949290756,349.10204012,352.753918311));
#11733=CARTESIAN_POINT('',(333.424571852,391.526983189,349.753918311));
#11734=CARTESIAN_POINT('Origin',(333.424571852,396.534140726,349.753918311));
#11735=CARTESIAN_POINT('',(333.424571852,401.541298262,352.753918311));
#11736=CARTESIAN_POINT('',(333.424571852,391.526983189,352.753918311));
#11737=CARTESIAN_POINT('',(333.424571852,401.541298262,349.753918311));
#11738=CARTESIAN_POINT('Origin',(365.84011419,346.626759024,349.753918311));
#11739=CARTESIAN_POINT('',(358.312720357,346.626759024,352.753918311));
#11740=CARTESIAN_POINT('',(373.367508024,346.626759024,352.753918311));
#11741=CARTESIAN_POINT('',(358.312720357,346.626759024,352.753918311));
#11742=CARTESIAN_POINT('',(358.312720357,346.626759024,349.753918311));
#11743=CARTESIAN_POINT('',(373.367508024,346.626759024,349.753918311));
#11744=CARTESIAN_POINT('Origin',(335.949290756,349.10204012,349.753918311));
#11745=CARTESIAN_POINT('',(353.543960931,335.077861661,352.753918311));
#11746=CARTESIAN_POINT('Origin',(335.949290756,349.10204012,352.753918311));
#11747=CARTESIAN_POINT('',(353.543960931,335.077861661,349.753918311));
#11748=CARTESIAN_POINT('Origin',(358.867418499,329.754404093,349.753918311));
#11749=CARTESIAN_POINT('',(364.190876067,324.430946525,352.753918311));
#11750=CARTESIAN_POINT('',(353.543960931,335.077861661,352.753918311));
#11751=CARTESIAN_POINT('',(364.190876067,324.430946525,349.753918311));
#11752=CARTESIAN_POINT('Origin',(338.424571852,411.552688277,349.753918311));
#11753=CARTESIAN_POINT('',(338.424571852,406.548737009,352.753918311));
#11754=CARTESIAN_POINT('',(338.424571852,416.556639544,352.753918311));
#11755=CARTESIAN_POINT('',(338.424571852,406.548737009,352.753918311));
#11756=CARTESIAN_POINT('',(338.424571852,406.548737009,349.753918311));
#11757=CARTESIAN_POINT('',(338.424571852,416.556639544,349.753918311));
#11758=CARTESIAN_POINT('Origin',(335.949290756,349.10204012,349.753918311));
#11759=CARTESIAN_POINT('',(374.783472482,391.506713562,352.753918311));
#11760=CARTESIAN_POINT('Origin',(335.949290756,349.10204012,352.753918311));
#11761=CARTESIAN_POINT('',(374.783472482,391.506713562,349.753918311));
#11762=CARTESIAN_POINT('Origin',(378.321913216,395.045154296,349.753918311));
#11763=CARTESIAN_POINT('',(381.860353951,398.58359503,352.753918311));
#11764=CARTESIAN_POINT('',(374.783472482,391.506713562,352.753918311));
#11765=CARTESIAN_POINT('',(381.860353951,398.58359503,349.753918311));
#11766=CARTESIAN_POINT('Origin',(333.474009661,319.211216686,349.753918311));
#11767=CARTESIAN_POINT('',(333.474009661,326.738610519,352.753918311));
#11768=CARTESIAN_POINT('',(333.474009661,311.683822852,352.753918311));
#11769=CARTESIAN_POINT('',(333.474009661,326.738610519,352.753918311));
#11770=CARTESIAN_POINT('',(333.474009661,326.738610519,349.753918311));
#11771=CARTESIAN_POINT('',(333.474009661,311.683822852,349.753918311));
#11772=CARTESIAN_POINT('Origin',(335.949290756,349.10204012,349.753918311));
#11773=CARTESIAN_POINT('',(321.925112298,331.507369945,352.753918311));
#11774=CARTESIAN_POINT('Origin',(335.949290756,349.10204012,352.753918311));
#11775=CARTESIAN_POINT('',(321.925112298,331.507369945,349.753918311));
#11776=CARTESIAN_POINT('Origin',(316.60165473,326.183912377,349.753918311));
#11777=CARTESIAN_POINT('',(311.278197162,320.860454809,352.753918311));
#11778=CARTESIAN_POINT('',(321.925112298,331.507369945,352.753918311));
#11779=CARTESIAN_POINT('',(311.278197162,320.860454809,349.753918311));
#11780=CARTESIAN_POINT('Origin',(371.274096598,317.347725994,349.753918311));
#11781=CARTESIAN_POINT('',(367.73350155,320.888321042,352.753918311));
#11782=CARTESIAN_POINT('',(374.814691647,313.807130946,352.753918311));
#11783=CARTESIAN_POINT('',(367.73350155,320.888321042,352.753918311));
#11784=CARTESIAN_POINT('',(374.814691647,313.807130946,349.753918311));
#11785=CARTESIAN_POINT('',(367.73350155,320.888321042,349.753918311));
#11786=CARTESIAN_POINT('Origin',(335.949290756,349.10204012,349.753918311));
#11787=CARTESIAN_POINT('',(388.390905753,346.626759024,352.753918311));
#11788=CARTESIAN_POINT('Origin',(335.949290756,349.10204012,352.753918311));
#11789=CARTESIAN_POINT('',(388.390905753,346.626759024,349.753918311));
#11790=CARTESIAN_POINT('Origin',(383.384026365,346.626759024,349.753918311));
#11791=CARTESIAN_POINT('',(378.377146977,346.626759024,352.753918311));
#11792=CARTESIAN_POINT('',(378.377146977,346.626759024,352.753918311));
#11793=CARTESIAN_POINT('',(378.377146977,346.626759024,349.753918311));
#11794=CARTESIAN_POINT('Origin',(355.335006654,326.215748126,349.753918311));
#11795=CARTESIAN_POINT('',(350.012335429,331.538419351,352.753918311));
#11796=CARTESIAN_POINT('',(360.657677878,320.893076902,352.753918311));
#11797=CARTESIAN_POINT('',(350.012335429,331.538419351,352.753918311));
#11798=CARTESIAN_POINT('',(350.012335429,331.538419351,349.753918311));
#11799=CARTESIAN_POINT('',(360.657677878,320.893076902,349.753918311));
#11800=CARTESIAN_POINT('Origin',(335.949290756,349.10204012,349.753918311));
#11801=CARTESIAN_POINT('',(338.474009661,326.744137838,352.753918311));
#11802=CARTESIAN_POINT('Origin',(335.949290756,349.10204012,352.753918311));
#11803=CARTESIAN_POINT('',(338.474009661,326.744137838,349.753918311));
#11804=CARTESIAN_POINT('Origin',(338.474009661,319.215631947,349.753918311));
#11805=CARTESIAN_POINT('',(338.474009661,311.687126055,352.753918311));
#11806=CARTESIAN_POINT('',(338.474009661,326.744137838,352.753918311));
#11807=CARTESIAN_POINT('',(338.474009661,311.687126055,349.753918311));
#11808=CARTESIAN_POINT('Origin',(300.657579495,317.310904955,349.753918311));
#11809=CARTESIAN_POINT('',(304.197977863,320.851303323,352.753918311));
#11810=CARTESIAN_POINT('',(297.117181128,313.770506587,352.753918311));
#11811=CARTESIAN_POINT('',(304.197977863,320.851303323,352.753918311));
#11812=CARTESIAN_POINT('',(304.197977863,320.851303323,349.753918311));
#11813=CARTESIAN_POINT('',(297.117181128,313.770506587,349.753918311));
#11814=CARTESIAN_POINT('Origin',(335.949290756,349.10204012,349.753918311));
#11815=CARTESIAN_POINT('',(293.524347687,346.577321215,352.753918311));
#11816=CARTESIAN_POINT('Origin',(335.949290756,349.10204012,352.753918311));
#11817=CARTESIAN_POINT('',(293.524347687,346.577321215,349.753918311));
#11818=CARTESIAN_POINT('Origin',(288.517190151,346.577321215,349.753918311));
#11819=CARTESIAN_POINT('',(283.510032615,346.577321215,352.753918311));
#11820=CARTESIAN_POINT('',(293.524347687,346.577321215,352.753918311));
#11821=CARTESIAN_POINT('',(283.510032615,346.577321215,349.753918311));
#11822=CARTESIAN_POINT('Origin',(335.949290756,349.10204012,349.753918311));
#11823=CARTESIAN_POINT('',(371.280824289,310.269930491,352.753918311));
#11824=CARTESIAN_POINT('',(338.474009661,296.662781978,352.753918311));
#11825=CARTESIAN_POINT('Origin',(335.949290756,349.10204012,352.753918311));
#11826=CARTESIAN_POINT('',(371.280824289,310.269930491,349.753918311));
#11827=CARTESIAN_POINT('',(338.474009661,296.662781978,349.753918311));
#11828=CARTESIAN_POINT('Origin',(367.740425921,313.810328859,349.753918311));
#11829=CARTESIAN_POINT('',(364.200027553,317.350727227,352.753918311));
#11830=CARTESIAN_POINT('',(364.200027553,317.350727227,352.753918311));
#11831=CARTESIAN_POINT('',(364.200027553,317.350727227,349.753918311));
#11832=CARTESIAN_POINT('Origin',(335.949290756,349.10204012,349.753918311));
#11833=CARTESIAN_POINT('',(338.474009661,306.67709705,352.753918311));
#11834=CARTESIAN_POINT('Origin',(335.949290756,349.10204012,352.753918311));
#11835=CARTESIAN_POINT('',(338.474009661,306.67709705,349.753918311));
#11836=CARTESIAN_POINT('Origin',(378.35827951,303.192475271,349.753918311));
#11837=CARTESIAN_POINT('',(374.819951636,306.730803145,352.753918311));
#11838=CARTESIAN_POINT('',(381.896607384,299.654147397,352.753918311));
#11839=CARTESIAN_POINT('',(374.819951636,306.730803145,352.753918311));
#11840=CARTESIAN_POINT('',(374.819951636,306.730803145,349.753918311));
#11841=CARTESIAN_POINT('',(381.896607384,299.654147397,349.753918311));
#11842=CARTESIAN_POINT('Origin',(335.949290756,349.10204012,349.753918311));
#11843=CARTESIAN_POINT('',(338.474009661,291.657494735,352.753918311));
#11844=CARTESIAN_POINT('Origin',(335.949290756,349.10204012,352.753918311));
#11845=CARTESIAN_POINT('',(338.474009661,291.657494735,349.753918311));
#11846=CARTESIAN_POINT('Origin',(338.474009661,286.653383859,349.753918311));
#11847=CARTESIAN_POINT('',(338.474009661,281.649272983,352.753918311));
#11848=CARTESIAN_POINT('',(338.474009661,291.657494735,352.753918311));
#11849=CARTESIAN_POINT('',(338.474009661,281.649272983,349.753918311));
#11850=CARTESIAN_POINT('Origin',(335.949290756,349.10204012,349.753918311));
#11851=CARTESIAN_POINT('',(396.009625038,405.661798305,352.753918311));
#11852=CARTESIAN_POINT('',(418.410650158,351.626759024,352.753918311));
#11853=CARTESIAN_POINT('Origin',(335.949290756,349.10204012,352.753918311));
#11854=CARTESIAN_POINT('',(396.009625038,405.661798305,349.753918311));
#11855=CARTESIAN_POINT('',(418.410650158,351.626759024,349.753918311));
#11856=CARTESIAN_POINT('Origin',(392.472278883,402.124452151,349.753918311));
#11857=CARTESIAN_POINT('',(388.934932729,398.587105996,352.753918311));
#11858=CARTESIAN_POINT('',(388.934932729,398.587105996,352.753918311));
#11859=CARTESIAN_POINT('',(388.934932729,398.587105996,349.753918311));
#11860=CARTESIAN_POINT('Origin',(335.949290756,349.10204012,349.753918311));
#11861=CARTESIAN_POINT('',(408.405317382,351.626759024,352.753918311));
#11862=CARTESIAN_POINT('Origin',(335.949290756,349.10204012,352.753918311));
#11863=CARTESIAN_POINT('',(408.405317382,351.626759024,349.753918311));
#11864=CARTESIAN_POINT('Origin',(388.93561199,405.65885307,349.753918311));
#11865=CARTESIAN_POINT('',(385.398192663,402.121433743,352.753918311));
#11866=CARTESIAN_POINT('',(392.473031317,409.196272397,352.753918311));
#11867=CARTESIAN_POINT('',(385.398192663,402.121433743,352.753918311));
#11868=CARTESIAN_POINT('',(392.473031317,409.196272397,349.753918311));
#11869=CARTESIAN_POINT('',(385.398192663,402.121433743,349.753918311));
#11870=CARTESIAN_POINT('Origin',(335.949290756,349.10204012,349.753918311));
#11871=CARTESIAN_POINT('',(338.424571852,431.564898326,352.753918311));
#11872=CARTESIAN_POINT('Origin',(335.949290756,349.10204012,352.753918311));
#11873=CARTESIAN_POINT('',(338.424571852,431.564898326,349.753918311));
#11874=CARTESIAN_POINT('Origin',(338.424571852,426.562335419,349.753918311));
#11875=CARTESIAN_POINT('',(338.424571852,421.559772513,352.753918311));
#11876=CARTESIAN_POINT('',(338.424571852,421.559772513,352.753918311));
#11877=CARTESIAN_POINT('',(338.424571852,421.559772513,349.753918311));
#11878=CARTESIAN_POINT('Origin',(333.424571852,441.567477454,349.753918311));
#11879=CARTESIAN_POINT('',(333.424571852,436.565608504,352.753918311));
#11880=CARTESIAN_POINT('',(333.424571852,446.569346405,352.753918311));
#11881=CARTESIAN_POINT('',(333.424571852,436.565608504,352.753918311));
#11882=CARTESIAN_POINT('',(333.424571852,446.569346405,349.753918311));
#11883=CARTESIAN_POINT('',(333.424571852,436.565608504,349.753918311));
#11884=CARTESIAN_POINT('Origin',(335.949290756,349.10204012,349.753918311));
#11885=CARTESIAN_POINT('',(268.778888937,419.773018035,352.753918311));
#11886=CARTESIAN_POINT('Origin',(335.949290756,349.10204012,352.753918311));
#11887=CARTESIAN_POINT('',(268.778888937,419.773018035,349.753918311));
#11888=CARTESIAN_POINT('Origin',(272.315693114,416.236213858,349.753918311));
#11889=CARTESIAN_POINT('',(275.852497291,412.699409681,352.753918311));
#11890=CARTESIAN_POINT('',(275.852497291,412.699409681,352.753918311));
#11891=CARTESIAN_POINT('',(275.852497291,412.699409681,349.753918311));
#11892=CARTESIAN_POINT('Origin',(335.949290756,349.10204012,349.753918311));
#11893=CARTESIAN_POINT('',(338.424571852,446.570614458,352.753918311));
#11894=CARTESIAN_POINT('',(403.083838116,419.807079196,352.753918311));
#11895=CARTESIAN_POINT('Origin',(335.949290756,349.10204012,352.753918311));
#11896=CARTESIAN_POINT('',(338.424571852,446.570614458,349.753918311));
#11897=CARTESIAN_POINT('',(403.083838116,419.807079196,349.753918311));
#11898=CARTESIAN_POINT('Origin',(338.424571852,441.568818024,349.753918311));
#11899=CARTESIAN_POINT('',(338.424571852,436.56702159,352.753918311));
#11900=CARTESIAN_POINT('',(338.424571852,436.56702159,352.753918311));
#11901=CARTESIAN_POINT('',(338.424571852,436.56702159,349.753918311));
#11902=CARTESIAN_POINT('Origin',(335.949290756,349.10204012,349.753918311));
#11903=CARTESIAN_POINT('',(396.010127209,412.733368289,352.753918311));
#11904=CARTESIAN_POINT('Origin',(335.949290756,349.10204012,352.753918311));
#11905=CARTESIAN_POINT('',(396.010127209,412.733368289,349.753918311));
#11906=CARTESIAN_POINT('Origin',(335.949290756,349.10204012,349.753918311));
#11907=CARTESIAN_POINT('',(406.620268671,416.272441939,352.753918311));
#11908=CARTESIAN_POINT('',(433.416597041,351.626759024,352.753918311));
#11909=CARTESIAN_POINT('Origin',(335.949290756,349.10204012,352.753918311));
#11910=CARTESIAN_POINT('',(406.620268671,416.272441939,349.753918311));
#11911=CARTESIAN_POINT('',(433.416597041,351.626759024,349.753918311));
#11912=CARTESIAN_POINT('Origin',(403.083464495,412.735637762,349.753918311));
#11913=CARTESIAN_POINT('',(399.546660318,409.198833586,352.753918311));
#11914=CARTESIAN_POINT('',(399.546660318,409.198833586,352.753918311));
#11915=CARTESIAN_POINT('',(399.546660318,409.198833586,349.753918311));
#11916=CARTESIAN_POINT('Origin',(335.949290756,349.10204012,349.753918311));
#11917=CARTESIAN_POINT('',(423.41285914,351.626759024,352.753918311));
#11918=CARTESIAN_POINT('Origin',(335.949290756,349.10204012,352.753918311));
#11919=CARTESIAN_POINT('',(423.41285914,351.626759024,349.753918311));
#11920=CARTESIAN_POINT('Origin',(410.157011571,426.88025265,349.753918311));
#11921=CARTESIAN_POINT('',(406.620500078,423.343741158,352.753918311));
#11922=CARTESIAN_POINT('',(411.925300657,428.648541737,352.753918311));
#11923=CARTESIAN_POINT('',(406.620500078,423.343741158,352.753918311));
#11924=CARTESIAN_POINT('',(411.925300657,428.648541737,349.753918311));
#11925=CARTESIAN_POINT('',(406.620500078,423.343741158,349.753918311));
#11926=CARTESIAN_POINT('Origin',(335.949290756,349.10204012,349.753918311));
#11927=CARTESIAN_POINT('',(338.424571852,459.074186518,352.753918311));
#11928=CARTESIAN_POINT('Origin',(335.949290756,349.10204012,352.753918311));
#11929=CARTESIAN_POINT('',(338.424571852,459.074186518,349.753918311));
#11930=CARTESIAN_POINT('Origin',(338.424571852,456.573476757,349.753918311));
#11931=CARTESIAN_POINT('',(338.424571852,451.572147876,352.753918311));
#11932=CARTESIAN_POINT('',(338.424571852,451.572147876,352.753918311));
#11933=CARTESIAN_POINT('',(338.424571852,451.572147876,349.753918311));
#11934=CARTESIAN_POINT('Origin',(261.705797174,426.846109798,349.753918311));
#11935=CARTESIAN_POINT('',(265.242270741,423.309636231,352.753918311));
#11936=CARTESIAN_POINT('',(265.242270741,423.309636231,352.753918311));
#11937=CARTESIAN_POINT('',(265.242270741,423.309636231,349.753918311));
#11938=CARTESIAN_POINT('Origin',(335.949290756,349.10204012,349.753918311));
#11939=CARTESIAN_POINT('',(333.424571852,451.570941717,352.753918311));
#11940=CARTESIAN_POINT('Origin',(335.949290756,349.10204012,352.753918311));
#11941=CARTESIAN_POINT('',(333.424571852,451.570941717,349.753918311));
#11942=CARTESIAN_POINT('Origin',(335.949290756,349.10204012,349.753918311));
#11943=CARTESIAN_POINT('',(403.403890181,346.626759024,352.753918311));
#11944=CARTESIAN_POINT('',(385.430845667,303.190976925,352.753918311));
#11945=CARTESIAN_POINT('Origin',(335.949290756,349.10204012,352.753918311));
#11946=CARTESIAN_POINT('',(403.403890181,346.626759024,349.753918311));
#11947=CARTESIAN_POINT('',(385.430845667,303.190976925,349.753918311));
#11948=CARTESIAN_POINT('Origin',(398.399938913,346.626759024,349.753918311));
#11949=CARTESIAN_POINT('',(393.395987646,346.626759024,352.753918311));
#11950=CARTESIAN_POINT('',(393.395987646,346.626759024,352.753918311));
#11951=CARTESIAN_POINT('',(393.395987646,346.626759024,349.753918311));
#11952=CARTESIAN_POINT('Origin',(335.949290756,349.10204012,349.753918311));
#11953=CARTESIAN_POINT('',(378.353964198,310.267858394,352.753918311));
#11954=CARTESIAN_POINT('Origin',(335.949290756,349.10204012,352.753918311));
#11955=CARTESIAN_POINT('',(378.353964198,310.267858394,349.753918311));
#11956=CARTESIAN_POINT('Origin',(335.949290756,349.10204012,349.753918311));
#11957=CARTESIAN_POINT('',(333.474009661,246.631932364,352.753918311));
#11958=CARTESIAN_POINT('',(265.278081434,274.860339082,352.753918311));
#11959=CARTESIAN_POINT('Origin',(335.949290756,349.10204012,352.753918311));
#11960=CARTESIAN_POINT('',(265.278081434,274.860339082,349.753918311));
#11961=CARTESIAN_POINT('',(333.474009661,246.631932364,349.753918311));
#11962=CARTESIAN_POINT('Origin',(261.741569942,271.323827589,349.753918311));
#11963=CARTESIAN_POINT('',(265.278081434,274.860339082,352.753918311));
#11964=CARTESIAN_POINT('Origin',(258.205221078,274.858546538,349.753918311));
#11965=CARTESIAN_POINT('',(261.741694645,278.395020105,352.753918311));
#11966=CARTESIAN_POINT('',(261.741694645,278.395020105,352.753918311));
#11967=CARTESIAN_POINT('',(261.741694645,278.395020105,349.753918311));
#11968=CARTESIAN_POINT('Origin',(335.949290756,349.10204012,349.753918311));
#11969=CARTESIAN_POINT('',(233.480389159,346.577321215,352.753918311));
#11970=CARTESIAN_POINT('Origin',(335.949290756,349.10204012,352.753918311));
#11971=CARTESIAN_POINT('',(233.480389159,346.577321215,349.753918311));
#11972=CARTESIAN_POINT('Origin',(228.479006643,346.577321215,349.753918311));
#11973=CARTESIAN_POINT('',(233.480389159,346.577321215,352.753918311));
#11974=CARTESIAN_POINT('Origin',(410.192784339,271.357970442,349.753918311));
#11975=CARTESIAN_POINT('',(406.656310771,274.894444009,352.753918311));
#11976=CARTESIAN_POINT('',(406.656310771,274.894444009,352.753918311));
#11977=CARTESIAN_POINT('',(406.656310771,274.894444009,349.753918311));
#11978=CARTESIAN_POINT('Origin',(335.949290756,349.10204012,349.753918311));
#11979=CARTESIAN_POINT('',(338.474009661,246.633138523,352.753918311));
#11980=CARTESIAN_POINT('Origin',(335.949290756,349.10204012,352.753918311));
#11981=CARTESIAN_POINT('',(338.474009661,246.633138523,349.753918311));
#11982=CARTESIAN_POINT('Origin',(335.949290756,349.10204012,349.753918311));
#11983=CARTESIAN_POINT('',(265.278312841,281.931638301,352.753918311));
#11984=CARTESIAN_POINT('',(238.481984471,346.577321215,352.753918311));
#11985=CARTESIAN_POINT('Origin',(335.949290756,349.10204012,352.753918311));
#11986=CARTESIAN_POINT('',(265.278312841,281.931638301,349.753918311));
#11987=CARTESIAN_POINT('',(238.481984471,346.577321215,349.753918311));
#11988=CARTESIAN_POINT('Origin',(268.815117018,285.468442478,349.753918311));
#11989=CARTESIAN_POINT('',(272.351921195,289.005246654,352.753918311));
#11990=CARTESIAN_POINT('',(272.351921195,289.005246654,352.753918311));
#11991=CARTESIAN_POINT('',(272.351921195,289.005246654,349.753918311));
#11992=CARTESIAN_POINT('Origin',(335.949290756,349.10204012,349.753918311));
#11993=CARTESIAN_POINT('',(248.485722372,346.577321215,352.753918311));
#11994=CARTESIAN_POINT('Origin',(335.949290756,349.10204012,352.753918311));
#11995=CARTESIAN_POINT('',(248.485722372,346.577321215,349.753918311));
#11996=CARTESIAN_POINT('Origin',(228.477854119,351.577321215,349.753918311));
#11997=CARTESIAN_POINT('',(233.479183,351.577321215,352.753918311));
#11998=CARTESIAN_POINT('',(233.479183,351.577321215,352.753918311));
#11999=CARTESIAN_POINT('',(233.479183,351.577321215,349.753918311));
#12000=CARTESIAN_POINT('Origin',(335.949290756,349.10204012,349.753918311));
#12001=CARTESIAN_POINT('',(261.707589718,419.773249442,352.753918311));
#12002=CARTESIAN_POINT('Origin',(335.949290756,349.10204012,352.753918311));
#12003=CARTESIAN_POINT('',(261.707589718,419.773249442,349.753918311));
#12004=CARTESIAN_POINT('Origin',(258.171078226,423.309760934,349.753918311));
#12005=CARTESIAN_POINT('',(261.707589718,419.773249442,352.753918311));
#12006=CARTESIAN_POINT('Origin',(443.420727394,346.626759024,349.753918311));
#12007=CARTESIAN_POINT('',(438.419398512,346.626759024,352.753918311));
#12008=CARTESIAN_POINT('',(438.419398512,346.626759024,352.753918311));
#12009=CARTESIAN_POINT('',(438.419398512,346.626759024,349.753918311));
#12010=CARTESIAN_POINT('Origin',(335.949290756,349.10204012,349.753918311));
#12011=CARTESIAN_POINT('',(410.190991794,278.430830798,352.753918311));
#12012=CARTESIAN_POINT('Origin',(335.949290756,349.10204012,352.753918311));
#12013=CARTESIAN_POINT('',(410.190991794,278.430830798,349.753918311));
#12014=CARTESIAN_POINT('Origin',(335.949290756,349.10204012,349.753918311));
#12015=CARTESIAN_POINT('',(333.474009661,266.639181914,352.753918311));
#12016=CARTESIAN_POINT('',(279.425550195,289.007807843,352.753918311));
#12017=CARTESIAN_POINT('Origin',(335.949290756,349.10204012,352.753918311));
#12018=CARTESIAN_POINT('',(333.474009661,266.639181914,349.753918311));
#12019=CARTESIAN_POINT('',(279.425550195,289.007807843,349.753918311));
#12020=CARTESIAN_POINT('Origin',(333.474009661,271.641744821,349.753918311));
#12021=CARTESIAN_POINT('',(333.474009661,276.644307727,352.753918311));
#12022=CARTESIAN_POINT('',(333.474009661,276.644307727,352.753918311));
#12023=CARTESIAN_POINT('',(333.474009661,276.644307727,349.753918311));
#12024=CARTESIAN_POINT('Origin',(335.949290756,349.10204012,349.753918311));
#12025=CARTESIAN_POINT('',(286.500388849,296.082646497,352.753918311));
#12026=CARTESIAN_POINT('Origin',(335.949290756,349.10204012,352.753918311));
#12027=CARTESIAN_POINT('',(286.500388849,296.082646497,349.753918311));
#12028=CARTESIAN_POINT('Origin',(335.949290756,349.10204012,349.753918311));
#12029=CARTESIAN_POINT('',(333.474009661,281.647440696,352.753918311));
#12030=CARTESIAN_POINT('',(290.038227562,299.62048521,352.753918311));
#12031=CARTESIAN_POINT('Origin',(335.949290756,349.10204012,352.753918311));
#12032=CARTESIAN_POINT('',(333.474009661,281.647440696,349.753918311));
#12033=CARTESIAN_POINT('',(290.038227562,299.62048521,349.753918311));
#12034=CARTESIAN_POINT('Origin',(333.474009661,286.651391963,349.753918311));
#12035=CARTESIAN_POINT('',(333.474009661,291.655343231,352.753918311));
#12036=CARTESIAN_POINT('',(333.474009661,291.655343231,352.753918311));
#12037=CARTESIAN_POINT('',(333.474009661,291.655343231,349.753918311));
#12038=CARTESIAN_POINT('Origin',(335.949290756,349.10204012,349.753918311));
#12039=CARTESIAN_POINT('',(297.115109031,306.697366678,352.753918311));
#12040=CARTESIAN_POINT('Origin',(335.949290756,349.10204012,352.753918311));
#12041=CARTESIAN_POINT('',(297.115109031,306.697366678,349.753918311));
#12042=CARTESIAN_POINT('Origin',(243.482512852,351.577321215,349.753918311));
#12043=CARTESIAN_POINT('',(248.484309287,351.577321215,352.753918311));
#12044=CARTESIAN_POINT('',(238.480716418,351.577321215,352.753918311));
#12045=CARTESIAN_POINT('',(248.484309287,351.577321215,352.753918311));
#12046=CARTESIAN_POINT('',(248.484309287,351.577321215,349.753918311));
#12047=CARTESIAN_POINT('',(238.480716418,351.577321215,349.753918311));
#12048=CARTESIAN_POINT('Origin',(335.949290756,349.10204012,349.753918311));
#12049=CARTESIAN_POINT('',(272.317962587,409.162876573,352.753918311));
#12050=CARTESIAN_POINT('Origin',(335.949290756,349.10204012,352.753918311));
#12051=CARTESIAN_POINT('',(272.317962587,409.162876573,349.753918311));
#12052=CARTESIAN_POINT('Origin',(268.781107134,412.699732027,349.753918311));
#12053=CARTESIAN_POINT('',(265.24425168,416.23658748,352.753918311));
#12054=CARTESIAN_POINT('',(272.317962587,409.162876573,352.753918311));
#12055=CARTESIAN_POINT('',(265.24425168,416.23658748,349.753918311));
#12056=CARTESIAN_POINT('Origin',(428.41606866,346.626759024,349.753918311));
#12057=CARTESIAN_POINT('',(423.414272226,346.626759024,352.753918311));
#12058=CARTESIAN_POINT('',(433.417865094,346.626759024,352.753918311));
#12059=CARTESIAN_POINT('',(423.414272226,346.626759024,352.753918311));
#12060=CARTESIAN_POINT('',(423.414272226,346.626759024,349.753918311));
#12061=CARTESIAN_POINT('',(433.417865094,346.626759024,349.753918311));
#12062=CARTESIAN_POINT('Origin',(335.949290756,349.10204012,349.753918311));
#12063=CARTESIAN_POINT('',(399.580618925,289.041203667,352.753918311));
#12064=CARTESIAN_POINT('Origin',(335.949290756,349.10204012,352.753918311));
#12065=CARTESIAN_POINT('',(399.580618925,289.041203667,349.753918311));
#12066=CARTESIAN_POINT('Origin',(403.117474379,285.504348213,349.753918311));
#12067=CARTESIAN_POINT('',(406.654329832,281.96749276,352.753918311));
#12068=CARTESIAN_POINT('',(399.580618925,289.041203667,352.753918311));
#12069=CARTESIAN_POINT('',(406.654329832,281.96749276,349.753918311));
#12070=CARTESIAN_POINT('Origin',(338.474009661,271.643347106,349.753918311));
#12071=CARTESIAN_POINT('',(338.474009661,276.646013494,352.753918311));
#12072=CARTESIAN_POINT('',(338.474009661,266.640680718,352.753918311));
#12073=CARTESIAN_POINT('',(338.474009661,276.646013494,352.753918311));
#12074=CARTESIAN_POINT('',(338.474009661,266.640680718,349.753918311));
#12075=CARTESIAN_POINT('',(338.474009661,276.646013494,349.753918311));
#12076=CARTESIAN_POINT('Origin',(335.949290756,349.10204012,349.753918311));
#12077=CARTESIAN_POINT('',(392.509048942,289.041705839,352.753918311));
#12078=CARTESIAN_POINT('Origin',(335.949290756,349.10204012,352.753918311));
#12079=CARTESIAN_POINT('',(392.509048942,289.041705839,349.753918311));
#12080=CARTESIAN_POINT('Origin',(388.971702787,292.579051993,349.753918311));
#12081=CARTESIAN_POINT('',(385.434356633,296.116398148,352.753918311));
#12082=CARTESIAN_POINT('',(385.434356633,296.116398148,352.753918311));
#12083=CARTESIAN_POINT('',(385.434356633,296.116398148,349.753918311));
#12084=CARTESIAN_POINT('Origin',(333.474009661,256.635262216,349.753918311));
#12085=CARTESIAN_POINT('',(333.474009661,261.63705865,352.753918311));
#12086=CARTESIAN_POINT('',(333.474009661,251.633465782,352.753918311));
#12087=CARTESIAN_POINT('',(333.474009661,261.63705865,352.753918311));
#12088=CARTESIAN_POINT('',(333.474009661,261.63705865,349.753918311));
#12089=CARTESIAN_POINT('',(333.474009661,251.633465782,349.753918311));
#12090=CARTESIAN_POINT('Origin',(335.949290756,349.10204012,349.753918311));
#12091=CARTESIAN_POINT('',(275.888454303,285.470711951,352.753918311));
#12092=CARTESIAN_POINT('Origin',(335.949290756,349.10204012,352.753918311));
#12093=CARTESIAN_POINT('',(275.888454303,285.470711951,349.753918311));
#12094=CARTESIAN_POINT('Origin',(272.35159885,281.933856497,349.753918311));
#12095=CARTESIAN_POINT('',(268.814743396,278.397001044,352.753918311));
#12096=CARTESIAN_POINT('',(275.888454303,285.470711951,352.753918311));
#12097=CARTESIAN_POINT('',(268.814743396,278.397001044,349.753918311));
#12098=CARTESIAN_POINT('Origin',(335.949290756,349.10204012,349.753918311));
#12099=CARTESIAN_POINT('',(396.046084222,285.504670558,352.753918311));
#12100=CARTESIAN_POINT('',(338.474009661,261.638471736,352.753918311));
#12101=CARTESIAN_POINT('Origin',(335.949290756,349.10204012,352.753918311));
#12102=CARTESIAN_POINT('',(338.474009661,261.638471736,349.753918311));
#12103=CARTESIAN_POINT('',(396.046084222,285.504670558,349.753918311));
#12104=CARTESIAN_POINT('Origin',(338.474009661,256.636602785,349.753918311));
#12105=CARTESIAN_POINT('',(338.474009661,251.634733835,352.753918311));
#12106=CARTESIAN_POINT('',(338.474009661,261.638471736,352.753918311));
#12107=CARTESIAN_POINT('',(338.474009661,251.634733835,349.753918311));
#12108=CARTESIAN_POINT('Origin',(335.949290756,349.10204012,349.753918311));
#12109=CARTESIAN_POINT('',(403.119692575,278.431062205,352.753918311));
#12110=CARTESIAN_POINT('Origin',(335.949290756,349.10204012,352.753918311));
#12111=CARTESIAN_POINT('',(403.119692575,278.431062205,349.753918311));
#12112=CARTESIAN_POINT('Origin',(333.474009661,301.667304511,349.753918311));
#12113=CARTESIAN_POINT('',(333.474009661,306.674183899,352.753918311));
#12114=CARTESIAN_POINT('',(333.474009661,296.660425123,352.753918311));
#12115=CARTESIAN_POINT('',(333.474009661,306.674183899,352.753918311));
#12116=CARTESIAN_POINT('',(333.474009661,306.674183899,349.753918311));
#12117=CARTESIAN_POINT('',(333.474009661,296.660425123,349.753918311));
#12118=CARTESIAN_POINT('Origin',(335.949290756,349.10204012,349.753918311));
#12119=CARTESIAN_POINT('',(307.735571678,317.317829326,352.753918311));
#12120=CARTESIAN_POINT('Origin',(335.949290756,349.10204012,352.753918311));
#12121=CARTESIAN_POINT('',(307.735571678,317.317829326,349.753918311));
#12122=CARTESIAN_POINT('Origin',(304.19497663,313.777234278,349.753918311));
#12123=CARTESIAN_POINT('',(300.654381582,310.23663923,352.753918311));
#12124=CARTESIAN_POINT('',(307.735571678,317.317829326,352.753918311));
#12125=CARTESIAN_POINT('',(300.654381582,310.23663923,349.753918311));
#12126=CARTESIAN_POINT('Origin',(335.949290756,349.10204012,349.753918311));
#12127=CARTESIAN_POINT('',(290.001974129,398.549932843,352.753918311));
#12128=CARTESIAN_POINT('',(333.424571852,416.554807257,352.753918311));
#12129=CARTESIAN_POINT('Origin',(335.949290756,349.10204012,352.753918311));
#12130=CARTESIAN_POINT('',(290.001974129,398.549932843,349.753918311));
#12131=CARTESIAN_POINT('',(333.424571852,416.554807257,349.753918311));
#12132=CARTESIAN_POINT('Origin',(293.540302003,395.011604969,349.753918311));
#12133=CARTESIAN_POINT('',(297.078629877,391.473277095,352.753918311));
#12134=CARTESIAN_POINT('',(297.078629877,391.473277095,352.753918311));
#12135=CARTESIAN_POINT('',(297.078629877,391.473277095,349.753918311));
#12136=CARTESIAN_POINT('Origin',(335.949290756,349.10204012,349.753918311));
#12137=CARTESIAN_POINT('',(333.424571852,406.546585505,352.753918311));
#12138=CARTESIAN_POINT('Origin',(335.949290756,349.10204012,352.753918311));
#12139=CARTESIAN_POINT('',(333.424571852,406.546585505,349.753918311));
#12140=CARTESIAN_POINT('Origin',(413.693360434,423.345533702,349.753918311));
#12141=CARTESIAN_POINT('',(410.156886867,419.809060135,352.753918311));
#12142=CARTESIAN_POINT('',(410.156886867,419.809060135,352.753918311));
#12143=CARTESIAN_POINT('',(410.156886867,419.809060135,349.753918311));
#12144=CARTESIAN_POINT('Origin',(335.949290756,349.10204012,349.753918311));
#12145=CARTESIAN_POINT('',(438.418192353,351.626759024,352.753918311));
#12146=CARTESIAN_POINT('Origin',(335.949290756,349.10204012,352.753918311));
#12147=CARTESIAN_POINT('',(438.418192353,351.626759024,349.753918311));
#12148=CARTESIAN_POINT('Origin',(335.949290756,349.10204012,349.753918311));
#12149=CARTESIAN_POINT('',(338.424571852,401.543655117,352.753918311));
#12150=CARTESIAN_POINT('',(371.244199931,387.96744101,352.753918311));
#12151=CARTESIAN_POINT('Origin',(335.949290756,349.10204012,352.753918311));
#12152=CARTESIAN_POINT('',(338.424571852,401.543655117,349.753918311));
#12153=CARTESIAN_POINT('',(371.244199931,387.96744101,349.753918311));
#12154=CARTESIAN_POINT('Origin',(338.424571852,386.504562419,349.753918311));
#12155=CARTESIAN_POINT('',(338.424571852,391.529896341,352.753918311));
#12156=CARTESIAN_POINT('',(338.424571852,391.529896341,352.753918311));
#12157=CARTESIAN_POINT('',(338.424571852,391.529896341,349.753918311));
#12158=CARTESIAN_POINT('Origin',(335.949290756,349.10204012,349.753918311));
#12159=CARTESIAN_POINT('',(364.163009834,380.886250914,352.753918311));
#12160=CARTESIAN_POINT('Origin',(335.949290756,349.10204012,352.753918311));
#12161=CARTESIAN_POINT('',(364.163009834,380.886250914,349.753918311));
#12162=CARTESIAN_POINT('Origin',(413.409586056,346.626759024,349.753918311));
#12163=CARTESIAN_POINT('',(408.407023149,346.626759024,352.753918311));
#12164=CARTESIAN_POINT('',(418.412148962,346.626759024,352.753918311));
#12165=CARTESIAN_POINT('',(408.407023149,346.626759024,352.753918311));
#12166=CARTESIAN_POINT('',(408.407023149,346.626759024,349.753918311));
#12167=CARTESIAN_POINT('',(418.412148962,346.626759024,349.753918311));
#12168=CARTESIAN_POINT('Origin',(335.949290756,349.10204012,349.753918311));
#12169=CARTESIAN_POINT('',(388.968684379,299.653138213,352.753918311));
#12170=CARTESIAN_POINT('Origin',(335.949290756,349.10204012,352.753918311));
#12171=CARTESIAN_POINT('',(388.968684379,299.653138213,349.753918311));
#12172=CARTESIAN_POINT('Origin',(392.506103706,296.115718886,349.753918311));
#12173=CARTESIAN_POINT('',(396.043523033,292.578299559,352.753918311));
#12174=CARTESIAN_POINT('',(388.968684379,299.653138213,352.753918311));
#12175=CARTESIAN_POINT('',(396.043523033,292.578299559,349.753918311));
#12176=CARTESIAN_POINT('Origin',(282.926878725,405.625028247,349.753918311));
#12177=CARTESIAN_POINT('',(286.46422488,402.087682092,352.753918311));
#12178=CARTESIAN_POINT('',(279.389532571,409.162374401,352.753918311));
#12179=CARTESIAN_POINT('',(286.46422488,402.087682092,352.753918311));
#12180=CARTESIAN_POINT('',(286.46422488,402.087682092,349.753918311));
#12181=CARTESIAN_POINT('',(279.389532571,409.162374401,349.753918311));
#12182=CARTESIAN_POINT('Origin',(335.949290756,349.10204012,349.753918311));
#12183=CARTESIAN_POINT('',(333.424571852,421.558066746,352.753918311));
#12184=CARTESIAN_POINT('Origin',(335.949290756,349.10204012,352.753918311));
#12185=CARTESIAN_POINT('',(333.424571852,421.558066746,349.753918311));
#12186=CARTESIAN_POINT('Origin',(333.424571852,426.560733134,349.753918311));
#12187=CARTESIAN_POINT('',(333.424571852,431.563399522,352.753918311));
#12188=CARTESIAN_POINT('',(333.424571852,421.558066746,352.753918311));
#12189=CARTESIAN_POINT('',(333.424571852,431.563399522,349.753918311));
#12190=CARTESIAN_POINT('Origin',(335.949290756,349.10204012,349.753918311));
#12191=CARTESIAN_POINT('Origin',(335.949290756,349.10204012,352.753918311));
#12192=CARTESIAN_POINT('Origin',(335.949290756,349.10204012,349.753918311));
#12193=CARTESIAN_POINT('Origin',(335.949290756,349.10204012,352.753918311));
#12194=CARTESIAN_POINT('Origin',(258.488995457,351.577321215,349.753918311));
#12195=CARTESIAN_POINT('',(263.491558364,351.577321215,352.753918311));
#12196=CARTESIAN_POINT('Origin',(358.83558275,368.487756018,349.753918311));
#12197=CARTESIAN_POINT('',(353.512911525,363.165084793,352.753918311));
#12198=CARTESIAN_POINT('Origin',(273.498642599,351.577321215,349.753918311));
#12199=CARTESIAN_POINT('',(278.502593867,351.577321215,352.753918311));
#12200=CARTESIAN_POINT('Origin',(313.062998763,329.716324222,349.753918311));
#12201=CARTESIAN_POINT('',(318.385669987,335.038995447,352.753918311));
#12202=CARTESIAN_POINT('Origin',(288.514555147,351.577321215,349.753918311));
#12203=CARTESIAN_POINT('',(293.521434535,351.577321215,352.753918311));
#12204=CARTESIAN_POINT('Origin',(335.949290756,349.10204012,349.753918311));
#12205=CARTESIAN_POINT('Origin',(335.949290756,349.10204012,352.753918311));
#12206=CARTESIAN_POINT('Origin',(355.296926783,372.020167863,349.753918311));
#12207=CARTESIAN_POINT('',(349.973469215,366.696710295,352.753918311));
#12208=CARTESIAN_POINT('Origin',(335.949290756,349.10204012,349.753918311));
#12209=CARTESIAN_POINT('Origin',(335.949290756,349.10204012,352.753918311));
#12210=CARTESIAN_POINT('Origin',(333.424571852,378.988448293,349.753918311));
#12211=CARTESIAN_POINT('',(333.424571852,371.459942402,352.753918311));
#12212=CARTESIAN_POINT('Origin',(335.949290756,349.10204012,349.753918311));
#12213=CARTESIAN_POINT('Origin',(335.949290756,349.10204012,352.753918311));
#12214=CARTESIAN_POINT('Origin',(335.949290756,349.10204012,349.753918311));
#12215=CARTESIAN_POINT('Origin',(335.949290756,349.10204012,352.753918311));
#12216=CARTESIAN_POINT('Origin',(335.949290756,349.10204012,349.753918311));
#12217=CARTESIAN_POINT('Origin',(335.949290756,349.10204012,352.753918311));
#12218=CARTESIAN_POINT('Origin',(335.949290756,349.10204012,349.753918311));
#12219=CARTESIAN_POINT('Origin',(335.949290756,349.10204012,352.753918311));
#12220=CARTESIAN_POINT('Origin',(335.949290756,349.10204012,349.753918311));
#12221=CARTESIAN_POINT('Origin',(335.949290756,349.10204012,352.753918311));
#12222=CARTESIAN_POINT('Origin',(335.949290756,349.10204012,349.753918311));
#12223=CARTESIAN_POINT('Origin',(335.949290756,349.10204012,352.753918311));
#12224=CARTESIAN_POINT('Origin',(335.949290756,349.10204012,349.753918311));
#12225=CARTESIAN_POINT('Origin',(335.949290756,349.10204012,352.753918311));
#12226=CARTESIAN_POINT('Origin',(338.474009661,301.669939514,349.753918311));
#12227=CARTESIAN_POINT('',(338.474009661,306.67709705,352.753918311));
#12228=CARTESIAN_POINT('Origin',(335.949290756,349.10204012,349.753918311));
#12229=CARTESIAN_POINT('Origin',(335.949290756,349.10204012,352.753918311));
#12230=CARTESIAN_POINT('Origin',(413.40798377,351.626759024,349.753918311));
#12231=CARTESIAN_POINT('',(408.405317382,351.626759024,352.753918311));
#12232=CARTESIAN_POINT('Origin',(335.949290756,349.10204012,349.753918311));
#12233=CARTESIAN_POINT('Origin',(335.949290756,349.10204012,352.753918311));
#12234=CARTESIAN_POINT('Origin',(335.949290756,349.10204012,349.753918311));
#12235=CARTESIAN_POINT('Origin',(335.949290756,349.10204012,352.753918311));
#12236=CARTESIAN_POINT('Origin',(399.546982663,416.270223743,349.753918311));
#12237=CARTESIAN_POINT('',(396.010127209,412.733368289,352.753918311));
#12238=CARTESIAN_POINT('Origin',(428.414728091,351.626759024,349.753918311));
#12239=CARTESIAN_POINT('',(423.41285914,351.626759024,352.753918311));
#12240=CARTESIAN_POINT('Origin',(335.949290756,349.10204012,349.753918311));
#12241=CARTESIAN_POINT('Origin',(335.949290756,349.10204012,352.753918311));
#12242=CARTESIAN_POINT('Origin',(333.424571852,456.572324233,349.753918311));
#12243=CARTESIAN_POINT('',(333.424571852,451.570941717,352.753918311));
#12244=CARTESIAN_POINT('Origin',(381.892404932,306.72941766,349.753918311));
#12245=CARTESIAN_POINT('',(378.353964198,310.267858394,352.753918311));
#12246=CARTESIAN_POINT('Origin',(333.474009661,241.630603482,349.753918311));
#12247=CARTESIAN_POINT('',(333.474009661,246.631932364,352.753918311));
#12248=CARTESIAN_POINT('Origin',(338.474009661,241.631756007,349.753918311));
#12249=CARTESIAN_POINT('',(338.474009661,246.633138523,352.753918311));
#12250=CARTESIAN_POINT('Origin',(335.949290756,349.10204012,349.753918311));
#12251=CARTESIAN_POINT('',(335.949290756,469.10204012,352.753918311));
#12252=CARTESIAN_POINT('Origin',(335.949290756,349.10204012,352.753918311));
#12253=CARTESIAN_POINT('',(335.949290756,469.10204012,349.753918311));
#12254=CARTESIAN_POINT('Origin',(243.483853422,346.577321215,349.753918311));
#12255=CARTESIAN_POINT('',(248.485722372,346.577321215,352.753918311));
#12256=CARTESIAN_POINT('Origin',(413.727503287,274.894319305,349.753918311));
#12257=CARTESIAN_POINT('',(410.190991794,278.430830798,352.753918311));
#12258=CARTESIAN_POINT('Origin',(282.962969522,292.54522717,349.753918311));
#12259=CARTESIAN_POINT('',(286.500388849,296.082646497,352.753918311));
#12260=CARTESIAN_POINT('Origin',(293.576668296,303.158925944,349.753918311));
#12261=CARTESIAN_POINT('',(297.115109031,306.697366678,352.753918311));
#12262=CARTESIAN_POINT('Origin',(335.949290756,349.10204012,349.753918311));
#12263=CARTESIAN_POINT('Origin',(335.949290756,349.10204012,352.753918311));
#12264=CARTESIAN_POINT('Origin',(335.949290756,349.10204012,349.753918311));
#12265=CARTESIAN_POINT('Origin',(335.949290756,349.10204012,352.753918311));
#12266=CARTESIAN_POINT('Origin',(335.949290756,349.10204012,349.753918311));
#12267=CARTESIAN_POINT('Origin',(335.949290756,349.10204012,352.753918311));
#12268=CARTESIAN_POINT('Origin',(335.949290756,349.10204012,349.753918311));
#12269=CARTESIAN_POINT('Origin',(335.949290756,349.10204012,352.753918311));
#12270=CARTESIAN_POINT('Origin',(399.582888399,281.967866382,349.753918311));
#12271=CARTESIAN_POINT('',(396.046084222,285.504670558,352.753918311));
#12272=CARTESIAN_POINT('Origin',(335.949290756,349.10204012,349.753918311));
#12273=CARTESIAN_POINT('Origin',(335.949290756,349.10204012,352.753918311));
#12274=CARTESIAN_POINT('Origin',(333.424571852,411.550696381,349.753918311));
#12275=CARTESIAN_POINT('',(333.424571852,406.546585505,352.753918311));
#12276=CARTESIAN_POINT('Origin',(443.41957487,351.626759024,349.753918311));
#12277=CARTESIAN_POINT('',(438.418192353,351.626759024,352.753918311));
#12278=CARTESIAN_POINT('Origin',(367.703604882,384.426845962,349.753918311));
#12279=CARTESIAN_POINT('',(364.163009834,380.886250914,352.753918311));
#12280=CARTESIAN_POINT('Origin',(335.949290756,349.10204012,349.753918311));
#12281=CARTESIAN_POINT('Origin',(335.949290756,349.10204012,352.753918311));
#12282=CARTESIAN_POINT('Origin',(335.949290756,349.10204012,349.753918311));
#12283=CARTESIAN_POINT('Origin',(335.949290756,349.10204012,352.753918311));
#12284=CARTESIAN_POINT('Origin',(335.949290756,349.10204012,349.753918311));
#12285=CARTESIAN_POINT('Origin',(335.949290756,349.10204012,352.753918311));
#12286=CARTESIAN_POINT('Origin',(-664.050709244,-100.89795988,352.753918311));
#12287=CARTESIAN_POINT('',(417.238247247,428.927548338,352.753918311));
#12288=CARTESIAN_POINT('',(417.238247247,431.927548338,352.753918311));
#12289=CARTESIAN_POINT('Origin',(417.238247247,430.427548338,352.753918311));
#12290=CARTESIAN_POINT('Origin',(417.238247247,430.427548338,352.753918311));
#12291=CARTESIAN_POINT('',(254.660334266,266.276531902,352.753918311));
#12292=CARTESIAN_POINT('',(254.660334266,269.276531902,352.753918311));
#12293=CARTESIAN_POINT('Origin',(254.660334266,267.776531902,352.753918311));
#12294=CARTESIAN_POINT('Origin',(254.660334266,267.776531902,352.753918311));
#12295=CARTESIAN_POINT('',(254.623782538,428.89099661,352.753918311));
#12296=CARTESIAN_POINT('',(254.623782538,431.89099661,352.753918311));
#12297=CARTESIAN_POINT('Origin',(254.623782538,430.39099661,352.753918311));
#12298=CARTESIAN_POINT('Origin',(254.623782538,430.39099661,352.753918311));
#12299=CARTESIAN_POINT('',(417.274798974,266.31308363,352.753918311));
#12300=CARTESIAN_POINT('',(417.274798974,269.31308363,352.753918311));
#12301=CARTESIAN_POINT('Origin',(417.274798974,267.81308363,352.753918311));
#12302=CARTESIAN_POINT('Origin',(417.274798974,267.81308363,352.753918311));
#12303=CARTESIAN_POINT('',(450.949290756,350.60204012,352.753918311));
#12304=CARTESIAN_POINT('Origin',(450.949290756,349.10204012,352.753918311));
#12305=CARTESIAN_POINT('',(335.949290756,235.60204012,352.753918311));
#12306=CARTESIAN_POINT('Origin',(335.949290756,234.10204012,352.753918311));
#12307=CARTESIAN_POINT('',(335.949290756,465.60204012,352.753918311));
#12308=CARTESIAN_POINT('Origin',(335.949290756,464.10204012,352.753918311));
#12309=CARTESIAN_POINT('',(220.949290756,350.60204012,352.753918311));
#12310=CARTESIAN_POINT('Origin',(220.949290756,349.10204012,352.753918311));
#12311=CARTESIAN_POINT('Origin',(220.949290756,349.10204012,269.753918311));
#12312=CARTESIAN_POINT('',(220.949290756,350.60204012,269.753918311));
#12313=CARTESIAN_POINT('Origin',(335.949290756,464.10204012,269.753918311));
#12314=CARTESIAN_POINT('',(335.949290756,465.60204012,269.753918311));
#12315=CARTESIAN_POINT('Origin',(335.949290756,234.10204012,269.753918311));
#12316=CARTESIAN_POINT('',(335.949290756,235.60204012,269.753918311));
#12317=CARTESIAN_POINT('Origin',(450.949290756,349.10204012,269.753918311));
#12318=CARTESIAN_POINT('',(450.949290756,350.60204012,269.753918311));
#12319=CARTESIAN_POINT('Origin',(417.274798974,267.81308363,224.753918311));
#12320=CARTESIAN_POINT('',(417.274798974,269.31308363,224.753918311));
#12321=CARTESIAN_POINT('Origin',(254.623782538,430.39099661,224.753918311));
#12322=CARTESIAN_POINT('',(254.623782538,431.89099661,224.753918311));
#12323=CARTESIAN_POINT('Origin',(254.660334266,267.776531902,224.753918311));
#12324=CARTESIAN_POINT('',(254.660334266,269.276531902,224.753918311));
#12325=CARTESIAN_POINT('Origin',(417.238247247,430.427548338,224.753918311));
#12326=CARTESIAN_POINT('',(417.238247247,431.927548338,224.753918311));
#12327=CARTESIAN_POINT('',(0.,0.,0.));
#12328=CARTESIAN_POINT('Origin',(335.949290756,349.10204012,313.753918311));
#12329=CARTESIAN_POINT('',(256.436952248,425.113802532,313.753918311));
#12330=CARTESIAN_POINT('',(225.978268235,351.626759024,313.753918311));
#12331=CARTESIAN_POINT('Origin',(335.949290756,349.10204012,313.753918311));
#12332=CARTESIAN_POINT('',(225.978268235,351.626759024,310.753918311));
#12333=CARTESIAN_POINT('',(225.978268235,351.626759024,313.753918311));
#12334=CARTESIAN_POINT('',(256.436952248,425.113802532,310.753918311));
#12335=CARTESIAN_POINT('Origin',(335.949290756,349.10204012,310.753918311));
#12336=CARTESIAN_POINT('',(256.436952248,425.113802532,313.753918311));
#12337=CARTESIAN_POINT('Origin',(335.949290756,349.10204012,313.753918311));
#12338=CARTESIAN_POINT('',(225.977144358,346.626759024,313.753918311));
#12339=CARTESIAN_POINT('',(256.402789139,273.126030219,313.753918311));
#12340=CARTESIAN_POINT('Origin',(335.949290756,349.10204012,313.753918311));
#12341=CARTESIAN_POINT('',(256.402789139,273.126030219,310.753918311));
#12342=CARTESIAN_POINT('',(256.402789139,273.126030219,313.753918311));
#12343=CARTESIAN_POINT('',(225.977144358,346.626759024,310.753918311));
#12344=CARTESIAN_POINT('Origin',(335.949290756,349.10204012,310.753918311));
#12345=CARTESIAN_POINT('',(225.977144358,346.626759024,313.753918311));
#12346=CARTESIAN_POINT('Origin',(335.949290756,349.10204012,313.753918311));
#12347=CARTESIAN_POINT('',(259.937528344,269.589701612,313.753918311));
#12348=CARTESIAN_POINT('',(333.424571852,239.131017598,313.753918311));
#12349=CARTESIAN_POINT('Origin',(335.949290756,349.10204012,313.753918311));
#12350=CARTESIAN_POINT('',(333.424571852,239.131017598,310.753918311));
#12351=CARTESIAN_POINT('',(333.424571852,239.131017598,313.753918311));
#12352=CARTESIAN_POINT('',(259.937528344,269.589701612,310.753918311));
#12353=CARTESIAN_POINT('Origin',(335.949290756,349.10204012,310.753918311));
#12354=CARTESIAN_POINT('',(259.937528344,269.589701612,313.753918311));
#12355=CARTESIAN_POINT('Origin',(335.949290756,349.10204012,313.753918311));
#12356=CARTESIAN_POINT('',(338.424571852,239.129893721,313.753918311));
#12357=CARTESIAN_POINT('',(411.925300657,269.555538503,313.753918311));
#12358=CARTESIAN_POINT('Origin',(335.949290756,349.10204012,313.753918311));
#12359=CARTESIAN_POINT('',(411.925300657,269.555538503,310.753918311));
#12360=CARTESIAN_POINT('',(411.925300657,269.555538503,313.753918311));
#12361=CARTESIAN_POINT('',(338.424571852,239.129893721,310.753918311));
#12362=CARTESIAN_POINT('Origin',(335.949290756,349.10204012,310.753918311));
#12363=CARTESIAN_POINT('',(338.424571852,239.129893721,313.753918311));
#12364=CARTESIAN_POINT('Origin',(335.949290756,349.10204012,313.753918311));
#12365=CARTESIAN_POINT('',(415.461629264,273.090277708,313.753918311));
#12366=CARTESIAN_POINT('',(445.920313278,346.577321215,313.753918311));
#12367=CARTESIAN_POINT('Origin',(335.949290756,349.10204012,313.753918311));
#12368=CARTESIAN_POINT('',(445.920313278,346.577321215,310.753918311));
#12369=CARTESIAN_POINT('',(445.920313278,346.577321215,313.753918311));
#12370=CARTESIAN_POINT('',(415.461629264,273.090277708,310.753918311));
#12371=CARTESIAN_POINT('Origin',(335.949290756,349.10204012,310.753918311));
#12372=CARTESIAN_POINT('',(415.461629264,273.090277708,313.753918311));
#12373=CARTESIAN_POINT('Origin',(335.949290756,349.10204012,313.753918311));
#12374=CARTESIAN_POINT('',(445.921437155,351.577321215,313.753918311));
#12375=CARTESIAN_POINT('',(415.495792373,425.078050021,313.753918311));
#12376=CARTESIAN_POINT('Origin',(335.949290756,349.10204012,313.753918311));
#12377=CARTESIAN_POINT('',(415.495792373,425.078050021,310.753918311));
#12378=CARTESIAN_POINT('',(415.495792373,425.078050021,313.753918311));
#12379=CARTESIAN_POINT('',(445.921437155,351.577321215,310.753918311));
#12380=CARTESIAN_POINT('Origin',(335.949290756,349.10204012,310.753918311));
#12381=CARTESIAN_POINT('',(445.921437155,351.577321215,313.753918311));
#12382=CARTESIAN_POINT('Origin',(335.949290756,349.10204012,313.753918311));
#12383=CARTESIAN_POINT('',(411.961053168,428.614378628,313.753918311));
#12384=CARTESIAN_POINT('',(338.474009661,459.073062642,313.753918311));
#12385=CARTESIAN_POINT('Origin',(335.949290756,349.10204012,313.753918311));
#12386=CARTESIAN_POINT('',(338.474009661,459.073062642,310.753918311));
#12387=CARTESIAN_POINT('',(338.474009661,459.073062642,313.753918311));
#12388=CARTESIAN_POINT('',(411.961053168,428.614378628,310.753918311));
#12389=CARTESIAN_POINT('Origin',(335.949290756,349.10204012,310.753918311));
#12390=CARTESIAN_POINT('',(411.961053168,428.614378628,313.753918311));
#12391=CARTESIAN_POINT('Origin',(335.949290756,349.10204012,315.753918311));
#12392=CARTESIAN_POINT('',(320.964161059,349.769788532,310.753918311));
#12393=CARTESIAN_POINT('',(320.964161059,349.769788532,313.753918311));
#12394=CARTESIAN_POINT('',(320.964161059,349.769788532,310.753918311));
#12395=CARTESIAN_POINT('',(335.269690499,364.086636994,310.753918311));
#12396=CARTESIAN_POINT('Origin',(335.949290756,349.10204012,310.753918311));
#12397=CARTESIAN_POINT('',(335.269690499,364.086636994,313.753918311));
#12398=CARTESIAN_POINT('',(335.269690499,364.086636994,313.753918311));
#12399=CARTESIAN_POINT('Origin',(335.949290756,349.10204012,313.753918311));
#12400=CARTESIAN_POINT('Origin',(335.949290756,349.10204012,315.753918311));
#12401=CARTESIAN_POINT('',(320.964693882,348.422439862,313.753918311));
#12402=CARTESIAN_POINT('',(320.964693882,348.422439862,310.753918311));
#12403=CARTESIAN_POINT('',(320.964693882,348.422439862,313.753918311));
#12404=CARTESIAN_POINT('',(335.281542344,334.116910422,313.753918311));
#12405=CARTESIAN_POINT('Origin',(335.949290756,349.10204012,313.753918311));
#12406=CARTESIAN_POINT('',(335.281542344,334.116910422,310.753918311));
#12407=CARTESIAN_POINT('',(335.281542344,334.116910422,310.753918311));
#12408=CARTESIAN_POINT('Origin',(335.949290756,349.10204012,310.753918311));
#12409=CARTESIAN_POINT('Origin',(335.949290756,349.10204012,315.753918311));
#12410=CARTESIAN_POINT('',(350.934420454,348.434291708,310.753918311));
#12411=CARTESIAN_POINT('',(350.934420454,348.434291708,313.753918311));
#12412=CARTESIAN_POINT('',(350.934420454,348.434291708,310.753918311));
#12413=CARTESIAN_POINT('',(336.628891014,334.117443245,310.753918311));
#12414=CARTESIAN_POINT('Origin',(335.949290756,349.10204012,310.753918311));
#12415=CARTESIAN_POINT('',(336.628891014,334.117443245,313.753918311));
#12416=CARTESIAN_POINT('',(336.628891014,334.117443245,313.753918311));
#12417=CARTESIAN_POINT('Origin',(335.949290756,349.10204012,313.753918311));
#12418=CARTESIAN_POINT('Origin',(335.949290756,349.10204012,315.753918311));
#12419=CARTESIAN_POINT('',(350.933887631,349.781640377,313.753918311));
#12420=CARTESIAN_POINT('',(350.933887631,349.781640377,310.753918311));
#12421=CARTESIAN_POINT('',(350.933887631,349.781640377,313.753918311));
#12422=CARTESIAN_POINT('',(336.617039168,364.087169818,313.753918311));
#12423=CARTESIAN_POINT('Origin',(335.949290756,349.10204012,313.753918311));
#12424=CARTESIAN_POINT('',(336.617039168,364.087169818,310.753918311));
#12425=CARTESIAN_POINT('',(336.617039168,364.087169818,310.753918311));
#12426=CARTESIAN_POINT('Origin',(335.949290756,349.10204012,310.753918311));
#12427=CARTESIAN_POINT('Origin',(1335.949290756,-100.89795988,313.753918311));
#12428=CARTESIAN_POINT('',(335.949290756,229.10204012,313.753918311));
#12429=CARTESIAN_POINT('',(335.949290756,469.10204012,313.753918311));
#12430=CARTESIAN_POINT('Origin',(335.949290756,349.10204012,313.753918311));
#12431=CARTESIAN_POINT('Origin',(335.949290756,349.10204012,313.753918311));
#12432=CARTESIAN_POINT('',(417.238247247,428.927548338,313.753918311));
#12433=CARTESIAN_POINT('',(417.238247247,431.927548338,313.753918311));
#12434=CARTESIAN_POINT('Origin',(417.238247247,430.427548338,313.753918311));
#12435=CARTESIAN_POINT('Origin',(417.238247247,430.427548338,313.753918311));
#12436=CARTESIAN_POINT('',(254.660334266,266.276531902,313.753918311));
#12437=CARTESIAN_POINT('',(254.660334266,269.276531902,313.753918311));
#12438=CARTESIAN_POINT('Origin',(254.660334266,267.776531902,313.753918311));
#12439=CARTESIAN_POINT('Origin',(254.660334266,267.776531902,313.753918311));
#12440=CARTESIAN_POINT('',(254.623782538,428.89099661,313.753918311));
#12441=CARTESIAN_POINT('',(254.623782538,431.89099661,313.753918311));
#12442=CARTESIAN_POINT('Origin',(254.623782538,430.39099661,313.753918311));
#12443=CARTESIAN_POINT('Origin',(254.623782538,430.39099661,313.753918311));
#12444=CARTESIAN_POINT('',(417.274798974,266.31308363,313.753918311));
#12445=CARTESIAN_POINT('',(417.274798974,269.31308363,313.753918311));
#12446=CARTESIAN_POINT('Origin',(417.274798974,267.81308363,313.753918311));
#12447=CARTESIAN_POINT('Origin',(417.274798974,267.81308363,313.753918311));
#12448=CARTESIAN_POINT('',(333.474009661,459.074186518,313.753918311));
#12449=CARTESIAN_POINT('',(259.973280855,428.648541737,313.753918311));
#12450=CARTESIAN_POINT('Origin',(335.949290756,349.10204012,313.753918311));
#12451=CARTESIAN_POINT('',(333.474009661,451.572147876,313.753918311));
#12452=CARTESIAN_POINT('',(333.474009661,451.572147876,313.753918311));
#12453=CARTESIAN_POINT('',(265.278081434,423.343741158,313.753918311));
#12454=CARTESIAN_POINT('Origin',(335.949290756,349.10204012,313.753918311));
#12455=CARTESIAN_POINT('',(265.278081434,423.343741158,313.753918311));
#12456=CARTESIAN_POINT('',(406.656310771,423.309636231,313.753918311));
#12457=CARTESIAN_POINT('',(406.656310771,423.309636231,313.753918311));
#12458=CARTESIAN_POINT('',(338.474009661,451.570941717,313.753918311));
#12459=CARTESIAN_POINT('Origin',(335.949290756,349.10204012,313.753918311));
#12460=CARTESIAN_POINT('',(338.474009661,451.570941717,313.753918311));
#12461=CARTESIAN_POINT('',(438.419398512,351.577321215,313.753918311));
#12462=CARTESIAN_POINT('',(438.419398512,351.577321215,313.753918311));
#12463=CARTESIAN_POINT('',(410.190991794,419.773249442,313.753918311));
#12464=CARTESIAN_POINT('Origin',(335.949290756,349.10204012,313.753918311));
#12465=CARTESIAN_POINT('',(410.190991794,419.773249442,313.753918311));
#12466=CARTESIAN_POINT('',(410.156886867,278.395020105,313.753918311));
#12467=CARTESIAN_POINT('',(410.156886867,278.395020105,313.753918311));
#12468=CARTESIAN_POINT('',(438.418192353,346.577321215,313.753918311));
#12469=CARTESIAN_POINT('Origin',(335.949290756,349.10204012,313.753918311));
#12470=CARTESIAN_POINT('',(438.418192353,346.577321215,313.753918311));
#12471=CARTESIAN_POINT('',(338.424571852,246.631932364,313.753918311));
#12472=CARTESIAN_POINT('',(338.424571852,246.631932364,313.753918311));
#12473=CARTESIAN_POINT('',(406.620500078,274.860339082,313.753918311));
#12474=CARTESIAN_POINT('Origin',(335.949290756,349.10204012,313.753918311));
#12475=CARTESIAN_POINT('',(406.620500078,274.860339082,313.753918311));
#12476=CARTESIAN_POINT('',(265.242270741,274.894444009,313.753918311));
#12477=CARTESIAN_POINT('',(265.242270741,274.894444009,313.753918311));
#12478=CARTESIAN_POINT('',(333.424571852,246.633138523,313.753918311));
#12479=CARTESIAN_POINT('Origin',(335.949290756,349.10204012,313.753918311));
#12480=CARTESIAN_POINT('',(333.424571852,246.633138523,313.753918311));
#12481=CARTESIAN_POINT('',(233.479183,346.626759024,313.753918311));
#12482=CARTESIAN_POINT('',(233.479183,346.626759024,313.753918311));
#12483=CARTESIAN_POINT('',(261.707589719,278.430830798,313.753918311));
#12484=CARTESIAN_POINT('Origin',(335.949290756,349.10204012,313.753918311));
#12485=CARTESIAN_POINT('',(261.707589719,278.430830798,313.753918311));
#12486=CARTESIAN_POINT('',(388.96868438,398.550942027,313.753918311));
#12487=CARTESIAN_POINT('',(406.654329832,416.23658748,313.753918311));
#12488=CARTESIAN_POINT('',(388.96868438,398.550942027,313.753918311));
#12489=CARTESIAN_POINT('',(406.620268671,281.931638301,313.753918311));
#12490=CARTESIAN_POINT('Origin',(335.949290756,349.10204012,313.753918311));
#12491=CARTESIAN_POINT('',(388.934932729,299.616974244,313.753918311));
#12492=CARTESIAN_POINT('',(388.934932729,299.616974244,313.753918311));
#12493=CARTESIAN_POINT('Origin',(335.949290756,349.10204012,313.753918311));
#12494=CARTESIAN_POINT('',(403.119692575,419.773018035,313.753918311));
#12495=CARTESIAN_POINT('',(268.814743396,419.807079196,313.753918311));
#12496=CARTESIAN_POINT('Origin',(335.949290756,349.10204012,313.753918311));
#12497=CARTESIAN_POINT('',(385.434356633,402.087682092,313.753918311));
#12498=CARTESIAN_POINT('',(385.434356633,402.087682092,313.753918311));
#12499=CARTESIAN_POINT('',(286.500388849,402.121433743,313.753918311));
#12500=CARTESIAN_POINT('Origin',(335.949290756,349.10204012,313.753918311));
#12501=CARTESIAN_POINT('',(286.500388849,402.121433743,313.753918311));
#12502=CARTESIAN_POINT('',(307.698553959,317.350727227,313.753918311));
#12503=CARTESIAN_POINT('',(290.001974129,299.654147397,313.753918311));
#12504=CARTESIAN_POINT('',(307.698553959,317.350727227,313.753918311));
#12505=CARTESIAN_POINT('',(364.163009834,317.317829326,313.753918311));
#12506=CARTESIAN_POINT('Origin',(335.949290756,349.10204012,313.753918311));
#12507=CARTESIAN_POINT('',(381.860353951,299.62048521,313.753918311));
#12508=CARTESIAN_POINT('',(364.163009834,317.317829326,313.753918311));
#12509=CARTESIAN_POINT('Origin',(335.949290756,349.10204012,313.753918311));
#12510=CARTESIAN_POINT('',(282.963648784,398.587105996,313.753918311));
#12511=CARTESIAN_POINT('',(265.278312841,416.272441939,313.753918311));
#12512=CARTESIAN_POINT('',(282.963648784,398.587105996,313.753918311));
#12513=CARTESIAN_POINT('',(282.929897133,299.653138213,313.753918311));
#12514=CARTESIAN_POINT('Origin',(335.949290756,349.10204012,313.753918311));
#12515=CARTESIAN_POINT('',(265.24425168,281.96749276,313.753918311));
#12516=CARTESIAN_POINT('',(282.929897133,299.653138213,313.753918311));
#12517=CARTESIAN_POINT('Origin',(335.949290756,349.10204012,313.753918311));
#12518=CARTESIAN_POINT('',(304.197977863,377.352776917,313.753918311));
#12519=CARTESIAN_POINT('',(304.165079962,320.888321042,313.753918311));
#12520=CARTESIAN_POINT('Origin',(335.949290756,349.10204012,313.753918311));
#12521=CARTESIAN_POINT('',(286.467735846,303.190976925,313.753918311));
#12522=CARTESIAN_POINT('',(304.165079962,320.888321042,313.753918311));
#12523=CARTESIAN_POINT('',(286.501398033,395.049356747,313.753918311));
#12524=CARTESIAN_POINT('Origin',(335.949290756,349.10204012,313.753918311));
#12525=CARTESIAN_POINT('',(304.197977863,377.352776917,313.753918311));
#12526=CARTESIAN_POINT('',(364.200027553,380.853353013,313.753918311));
#12527=CARTESIAN_POINT('',(381.896607384,398.549932843,313.753918311));
#12528=CARTESIAN_POINT('',(364.200027553,380.853353013,313.753918311));
#12529=CARTESIAN_POINT('',(307.735571678,380.886250914,313.753918311));
#12530=CARTESIAN_POINT('Origin',(335.949290756,349.10204012,313.753918311));
#12531=CARTESIAN_POINT('',(290.038227562,398.58359503,313.753918311));
#12532=CARTESIAN_POINT('',(307.735571678,380.886250914,313.753918311));
#12533=CARTESIAN_POINT('Origin',(335.949290756,349.10204012,313.753918311));
#12534=CARTESIAN_POINT('',(367.73350155,377.315759198,313.753918311));
#12535=CARTESIAN_POINT('',(385.430845667,395.013103314,313.753918311));
#12536=CARTESIAN_POINT('',(367.73350155,377.315759198,313.753918311));
#12537=CARTESIAN_POINT('',(385.397183479,303.154723493,313.753918311));
#12538=CARTESIAN_POINT('Origin',(335.949290756,349.10204012,313.753918311));
#12539=CARTESIAN_POINT('',(367.700603649,320.851303323,313.753918311));
#12540=CARTESIAN_POINT('',(367.700603649,320.851303323,313.753918311));
#12541=CARTESIAN_POINT('Origin',(335.949290756,349.10204012,313.753918311));
#12542=CARTESIAN_POINT('',(385.398192664,296.082646497,313.753918311));
#12543=CARTESIAN_POINT('',(403.083838116,278.397001044,313.753918311));
#12544=CARTESIAN_POINT('',(385.398192664,296.082646497,313.753918311));
#12545=CARTESIAN_POINT('',(268.778888937,278.431062205,313.753918311));
#12546=CARTESIAN_POINT('Origin',(335.949290756,349.10204012,313.753918311));
#12547=CARTESIAN_POINT('',(286.46422488,296.116398148,313.753918311));
#12548=CARTESIAN_POINT('',(286.46422488,296.116398148,313.753918311));
#12549=CARTESIAN_POINT('Origin',(335.949290756,349.10204012,313.753918311));
#12550=CARTESIAN_POINT('Origin',(319.349292054,349.095475475,313.753918311));
#12551=CARTESIAN_POINT('Origin',(335.942726111,365.702038822,313.753918311));
#12552=CARTESIAN_POINT('Origin',(352.549289458,349.108604765,313.753918311));
#12553=CARTESIAN_POINT('Origin',(335.955855401,332.502041418,313.753918311));
#12554=CARTESIAN_POINT('',(316.608195685,364.942559096,313.753918311));
#12555=CARTESIAN_POINT('',(311.077101579,351.626759024,313.753918311));
#12556=CARTESIAN_POINT('Origin',(335.949290756,349.10204012,313.753918311));
#12557=CARTESIAN_POINT('',(298.534376692,351.626759024,313.753918311));
#12558=CARTESIAN_POINT('',(311.077101579,351.626759024,313.753918311));
#12559=CARTESIAN_POINT('',(307.740327538,373.810427242,313.753918311));
#12560=CARTESIAN_POINT('Origin',(335.949290756,349.10204012,313.753918311));
#12561=CARTESIAN_POINT('',(316.608195685,364.942559096,313.753918311));
#12562=CARTESIAN_POINT('',(355.290385828,333.261521144,313.753918311));
#12563=CARTESIAN_POINT('',(360.821479933,346.577321215,313.753918311));
#12564=CARTESIAN_POINT('Origin',(335.949290756,349.10204012,313.753918311));
#12565=CARTESIAN_POINT('',(373.364204821,346.577321215,313.753918311));
#12566=CARTESIAN_POINT('',(360.821479933,346.577321215,313.753918311));
#12567=CARTESIAN_POINT('',(364.158253974,324.393652998,313.753918311));
#12568=CARTESIAN_POINT('Origin',(335.949290756,349.10204012,313.753918311));
#12569=CARTESIAN_POINT('',(355.290385828,333.261521144,313.753918311));
#12570=CARTESIAN_POINT('',(333.474009661,386.520257388,313.753918311));
#12571=CARTESIAN_POINT('',(311.278197162,377.34362543,313.753918311));
#12572=CARTESIAN_POINT('Origin',(335.949290756,349.10204012,313.753918311));
#12573=CARTESIAN_POINT('',(333.474009661,373.979197986,313.753918311));
#12574=CARTESIAN_POINT('',(333.474009661,373.979197986,313.753918311));
#12575=CARTESIAN_POINT('',(320.147242984,368.474579608,313.753918311));
#12576=CARTESIAN_POINT('Origin',(335.949290756,349.10204012,313.753918311));
#12577=CARTESIAN_POINT('',(320.147242984,368.474579608,313.753918311));
#12578=CARTESIAN_POINT('',(355.321830244,364.904087892,313.753918311));
#12579=CARTESIAN_POINT('',(364.190876067,373.773133714,313.753918311));
#12580=CARTESIAN_POINT('',(355.321830244,364.904087892,313.753918311));
#12581=CARTESIAN_POINT('',(373.367508024,351.577321215,313.753918311));
#12582=CARTESIAN_POINT('Origin',(335.949290756,349.10204012,313.753918311));
#12583=CARTESIAN_POINT('',(360.826448623,351.577321215,313.753918311));
#12584=CARTESIAN_POINT('',(360.826448623,351.577321215,313.753918311));
#12585=CARTESIAN_POINT('Origin',(335.949290756,349.10204012,313.753918311));
#12586=CARTESIAN_POINT('',(360.657677878,377.311003338,313.753918311));
#12587=CARTESIAN_POINT('',(338.474009661,386.516954184,313.753918311));
#12588=CARTESIAN_POINT('Origin',(335.949290756,349.10204012,313.753918311));
#12589=CARTESIAN_POINT('',(351.789809732,368.443135192,313.753918311));
#12590=CARTESIAN_POINT('',(351.789809732,368.443135192,313.753918311));
#12591=CARTESIAN_POINT('',(338.474009661,373.974229297,313.753918311));
#12592=CARTESIAN_POINT('Origin',(335.949290756,349.10204012,313.753918311));
#12593=CARTESIAN_POINT('',(338.474009661,373.974229297,313.753918311));
#12594=CARTESIAN_POINT('',(311.07213289,346.626759024,313.753918311));
#12595=CARTESIAN_POINT('',(298.531073489,346.626759024,313.753918311));
#12596=CARTESIAN_POINT('',(311.07213289,346.626759024,313.753918311));
#12597=CARTESIAN_POINT('',(316.576751268,333.299992348,313.753918311));
#12598=CARTESIAN_POINT('Origin',(335.949290756,349.10204012,313.753918311));
#12599=CARTESIAN_POINT('',(307.707705446,324.430946525,313.753918311));
#12600=CARTESIAN_POINT('',(316.576751268,333.299992348,313.753918311));
#12601=CARTESIAN_POINT('Origin',(335.949290756,349.10204012,313.753918311));
#12602=CARTESIAN_POINT('',(338.424571852,324.224882254,313.753918311));
#12603=CARTESIAN_POINT('',(338.424571852,311.683822852,313.753918311));
#12604=CARTESIAN_POINT('',(338.424571852,324.224882254,313.753918311));
#12605=CARTESIAN_POINT('',(351.751338528,329.729500632,313.753918311));
#12606=CARTESIAN_POINT('Origin',(335.949290756,349.10204012,313.753918311));
#12607=CARTESIAN_POINT('',(360.620384351,320.860454809,313.753918311));
#12608=CARTESIAN_POINT('',(351.751338528,329.729500632,313.753918311));
#12609=CARTESIAN_POINT('Origin',(335.949290756,349.10204012,313.753918311));
#12610=CARTESIAN_POINT('',(320.10877178,329.760945048,313.753918311));
#12611=CARTESIAN_POINT('',(311.240903634,320.893076902,313.753918311));
#12612=CARTESIAN_POINT('',(320.10877178,329.760945048,313.753918311));
#12613=CARTESIAN_POINT('',(333.424571852,324.229850943,313.753918311));
#12614=CARTESIAN_POINT('Origin',(335.949290756,349.10204012,313.753918311));
#12615=CARTESIAN_POINT('',(333.424571852,311.687126055,313.753918311));
#12616=CARTESIAN_POINT('',(333.424571852,324.229850943,313.753918311));
#12617=CARTESIAN_POINT('Origin',(335.949290756,349.10204012,313.753918311));
#12618=CARTESIAN_POINT('',(233.48038916,351.626759024,313.753918311));
#12619=CARTESIAN_POINT('',(233.48038916,351.626759024,313.753918311));
#12620=CARTESIAN_POINT('',(261.741694645,419.809060135,313.753918311));
#12621=CARTESIAN_POINT('',(261.741694645,419.809060135,313.753918311));
#12622=CARTESIAN_POINT('Origin',(335.949290756,349.10204012,313.753918311));
#12623=CARTESIAN_POINT('',(220.949290756,347.60204012,313.753918311));
#12624=CARTESIAN_POINT('',(220.949290756,350.60204012,313.753918311));
#12625=CARTESIAN_POINT('Origin',(220.949290756,349.10204012,313.753918311));
#12626=CARTESIAN_POINT('Origin',(220.949290756,349.10204012,313.753918311));
#12627=CARTESIAN_POINT('',(335.949290756,232.60204012,313.753918311));
#12628=CARTESIAN_POINT('',(335.949290756,235.60204012,313.753918311));
#12629=CARTESIAN_POINT('Origin',(335.949290756,234.10204012,313.753918311));
#12630=CARTESIAN_POINT('Origin',(335.949290756,234.10204012,313.753918311));
#12631=CARTESIAN_POINT('',(335.949290756,462.60204012,313.753918311));
#12632=CARTESIAN_POINT('',(335.949290756,465.60204012,313.753918311));
#12633=CARTESIAN_POINT('Origin',(335.949290756,464.10204012,313.753918311));
#12634=CARTESIAN_POINT('Origin',(335.949290756,464.10204012,313.753918311));
#12635=CARTESIAN_POINT('',(450.949290756,347.60204012,313.753918311));
#12636=CARTESIAN_POINT('',(450.949290756,350.60204012,313.753918311));
#12637=CARTESIAN_POINT('Origin',(450.949290756,349.10204012,313.753918311));
#12638=CARTESIAN_POINT('Origin',(450.949290756,349.10204012,313.753918311));
#12639=CARTESIAN_POINT('Origin',(335.949290756,349.10204012,313.753918311));
#12640=CARTESIAN_POINT('',(286.501398033,395.049356747,310.753918311));
#12641=CARTESIAN_POINT('',(286.501398033,395.049356747,313.753918311));
#12642=CARTESIAN_POINT('',(286.467735846,303.190976925,310.753918311));
#12643=CARTESIAN_POINT('',(286.467735846,303.190976925,313.753918311));
#12644=CARTESIAN_POINT('Origin',(335.949290756,349.10204012,310.753918311));
#12645=CARTESIAN_POINT('Origin',(290.039725907,391.511028873,313.753918311));
#12646=CARTESIAN_POINT('',(304.197977863,377.352776917,310.753918311));
#12647=CARTESIAN_POINT('',(304.197977863,377.352776917,310.753918311));
#12648=CARTESIAN_POINT('',(304.197977863,377.352776917,313.753918311));
#12649=CARTESIAN_POINT('Origin',(335.949290756,349.10204012,313.753918311));
#12650=CARTESIAN_POINT('',(388.96868438,398.550942027,310.753918311));
#12651=CARTESIAN_POINT('',(388.96868438,398.550942027,313.753918311));
#12652=CARTESIAN_POINT('',(388.934932729,299.616974244,310.753918311));
#12653=CARTESIAN_POINT('',(388.934932729,299.616974244,313.753918311));
#12654=CARTESIAN_POINT('Origin',(335.949290756,349.10204012,310.753918311));
#12655=CARTESIAN_POINT('Origin',(392.506103706,402.088361354,313.753918311));
#12656=CARTESIAN_POINT('',(406.654329832,416.23658748,310.753918311));
#12657=CARTESIAN_POINT('',(388.96868438,398.550942027,310.753918311));
#12658=CARTESIAN_POINT('',(406.654329832,416.23658748,313.753918311));
#12659=CARTESIAN_POINT('Origin',(335.949290756,349.10204012,313.753918311));
#12660=CARTESIAN_POINT('',(316.608195685,364.942559096,310.753918311));
#12661=CARTESIAN_POINT('',(311.077101579,351.626759024,310.753918311));
#12662=CARTESIAN_POINT('Origin',(335.949290756,349.10204012,310.753918311));
#12663=CARTESIAN_POINT('',(311.077101579,351.626759024,313.753918311));
#12664=CARTESIAN_POINT('',(316.608195685,364.942559096,313.753918311));
#12665=CARTESIAN_POINT('Origin',(306.062882583,351.626759024,313.753918311));
#12666=CARTESIAN_POINT('',(298.534376692,351.626759024,310.753918311));
#12667=CARTESIAN_POINT('',(311.077101579,351.626759024,310.753918311));
#12668=CARTESIAN_POINT('',(298.534376692,351.626759024,313.753918311));
#12669=CARTESIAN_POINT('Origin',(335.949290756,349.10204012,313.753918311));
#12670=CARTESIAN_POINT('',(307.740327538,373.810427242,310.753918311));
#12671=CARTESIAN_POINT('Origin',(335.949290756,349.10204012,310.753918311));
#12672=CARTESIAN_POINT('',(307.740327538,373.810427242,313.753918311));
#12673=CARTESIAN_POINT('Origin',(335.949290756,349.10204012,313.753918311));
#12674=CARTESIAN_POINT('',(385.430845667,395.013103314,310.753918311));
#12675=CARTESIAN_POINT('',(385.430845667,395.013103314,313.753918311));
#12676=CARTESIAN_POINT('',(385.397183479,303.154723493,310.753918311));
#12677=CARTESIAN_POINT('Origin',(335.949290756,349.10204012,310.753918311));
#12678=CARTESIAN_POINT('',(385.397183479,303.154723493,313.753918311));
#12679=CARTESIAN_POINT('Origin',(335.949290756,349.10204012,313.753918311));
#12680=CARTESIAN_POINT('',(355.290385828,333.261521144,310.753918311));
#12681=CARTESIAN_POINT('',(360.821479933,346.577321215,310.753918311));
#12682=CARTESIAN_POINT('Origin',(335.949290756,349.10204012,310.753918311));
#12683=CARTESIAN_POINT('',(360.821479933,346.577321215,313.753918311));
#12684=CARTESIAN_POINT('',(355.290385828,333.261521144,313.753918311));
#12685=CARTESIAN_POINT('Origin',(365.83569893,346.577321215,313.753918311));
#12686=CARTESIAN_POINT('',(373.364204821,346.577321215,310.753918311));
#12687=CARTESIAN_POINT('',(360.821479933,346.577321215,310.753918311));
#12688=CARTESIAN_POINT('',(373.364204821,346.577321215,313.753918311));
#12689=CARTESIAN_POINT('Origin',(335.949290756,349.10204012,313.753918311));
#12690=CARTESIAN_POINT('',(364.158253974,324.393652998,310.753918311));
#12691=CARTESIAN_POINT('Origin',(335.949290756,349.10204012,310.753918311));
#12692=CARTESIAN_POINT('',(364.158253974,324.393652998,313.753918311));
#12693=CARTESIAN_POINT('Origin',(371.274096598,380.856354246,313.753918311));
#12694=CARTESIAN_POINT('',(367.73350155,377.315759198,310.753918311));
#12695=CARTESIAN_POINT('',(367.73350155,377.315759198,310.753918311));
#12696=CARTESIAN_POINT('',(367.73350155,377.315759198,313.753918311));
#12697=CARTESIAN_POINT('Origin',(335.949290756,349.10204012,313.753918311));
#12698=CARTESIAN_POINT('',(304.165079962,320.888321042,310.753918311));
#12699=CARTESIAN_POINT('',(304.165079962,320.888321042,313.753918311));
#12700=CARTESIAN_POINT('Origin',(335.949290756,349.10204012,310.753918311));
#12701=CARTESIAN_POINT('Origin',(335.949290756,349.10204012,313.753918311));
#12702=CARTESIAN_POINT('',(333.474009661,386.520257388,310.753918311));
#12703=CARTESIAN_POINT('',(311.278197162,377.34362543,310.753918311));
#12704=CARTESIAN_POINT('Origin',(335.949290756,349.10204012,310.753918311));
#12705=CARTESIAN_POINT('',(333.474009661,386.520257388,313.753918311));
#12706=CARTESIAN_POINT('',(311.278197162,377.34362543,313.753918311));
#12707=CARTESIAN_POINT('Origin',(333.474009661,378.992863554,313.753918311));
#12708=CARTESIAN_POINT('',(333.474009661,373.979197986,310.753918311));
#12709=CARTESIAN_POINT('',(333.474009661,373.979197986,310.753918311));
#12710=CARTESIAN_POINT('',(333.474009661,373.979197986,313.753918311));
#12711=CARTESIAN_POINT('Origin',(335.949290756,349.10204012,313.753918311));
#12712=CARTESIAN_POINT('',(320.147242984,368.474579608,310.753918311));
#12713=CARTESIAN_POINT('Origin',(335.949290756,349.10204012,310.753918311));
#12714=CARTESIAN_POINT('',(320.147242984,368.474579608,313.753918311));
#12715=CARTESIAN_POINT('Origin',(358.867418499,368.449676147,313.753918311));
#12716=CARTESIAN_POINT('',(355.321830244,364.904087892,310.753918311));
#12717=CARTESIAN_POINT('',(364.190876067,373.773133714,310.753918311));
#12718=CARTESIAN_POINT('',(355.321830244,364.904087892,310.753918311));
#12719=CARTESIAN_POINT('',(364.190876067,373.773133714,313.753918311));
#12720=CARTESIAN_POINT('',(355.321830244,364.904087892,313.753918311));
#12721=CARTESIAN_POINT('Origin',(335.949290756,349.10204012,313.753918311));
#12722=CARTESIAN_POINT('',(373.367508024,351.577321215,310.753918311));
#12723=CARTESIAN_POINT('Origin',(335.949290756,349.10204012,310.753918311));
#12724=CARTESIAN_POINT('',(373.367508024,351.577321215,313.753918311));
#12725=CARTESIAN_POINT('Origin',(365.84011419,351.577321215,313.753918311));
#12726=CARTESIAN_POINT('',(360.826448623,351.577321215,310.753918311));
#12727=CARTESIAN_POINT('',(360.826448623,351.577321215,310.753918311));
#12728=CARTESIAN_POINT('',(360.826448623,351.577321215,313.753918311));
#12729=CARTESIAN_POINT('Origin',(335.949290756,349.10204012,313.753918311));
#12730=CARTESIAN_POINT('',(360.657677878,377.311003338,310.753918311));
#12731=CARTESIAN_POINT('',(338.474009661,386.516954184,310.753918311));
#12732=CARTESIAN_POINT('Origin',(335.949290756,349.10204012,310.753918311));
#12733=CARTESIAN_POINT('',(360.657677878,377.311003338,313.753918311));
#12734=CARTESIAN_POINT('',(338.474009661,386.516954184,313.753918311));
#12735=CARTESIAN_POINT('Origin',(355.335006654,371.988332113,313.753918311));
#12736=CARTESIAN_POINT('',(351.789809732,368.443135192,310.753918311));
#12737=CARTESIAN_POINT('',(351.789809732,368.443135192,310.753918311));
#12738=CARTESIAN_POINT('',(351.789809732,368.443135192,313.753918311));
#12739=CARTESIAN_POINT('Origin',(335.949290756,349.10204012,313.753918311));
#12740=CARTESIAN_POINT('',(338.474009661,373.974229297,310.753918311));
#12741=CARTESIAN_POINT('Origin',(335.949290756,349.10204012,310.753918311));
#12742=CARTESIAN_POINT('',(338.474009661,373.974229297,313.753918311));
#12743=CARTESIAN_POINT('Origin',(367.740425921,384.393751381,313.753918311));
#12744=CARTESIAN_POINT('',(364.200027553,380.853353013,310.753918311));
#12745=CARTESIAN_POINT('',(364.200027553,380.853353013,313.753918311));
#12746=CARTESIAN_POINT('',(381.896607384,398.549932843,310.753918311));
#12747=CARTESIAN_POINT('',(381.896607384,398.549932843,313.753918311));
#12748=CARTESIAN_POINT('',(364.200027553,380.853353013,310.753918311));
#12749=CARTESIAN_POINT('Origin',(335.949290756,349.10204012,313.753918311));
#12750=CARTESIAN_POINT('',(307.735571678,380.886250914,310.753918311));
#12751=CARTESIAN_POINT('',(307.735571678,380.886250914,313.753918311));
#12752=CARTESIAN_POINT('Origin',(335.949290756,349.10204012,310.753918311));
#12753=CARTESIAN_POINT('Origin',(306.058467322,346.626759024,313.753918311));
#12754=CARTESIAN_POINT('',(311.07213289,346.626759024,310.753918311));
#12755=CARTESIAN_POINT('',(298.531073489,346.626759024,310.753918311));
#12756=CARTESIAN_POINT('',(311.07213289,346.626759024,310.753918311));
#12757=CARTESIAN_POINT('',(311.07213289,346.626759024,313.753918311));
#12758=CARTESIAN_POINT('',(298.531073489,346.626759024,313.753918311));
#12759=CARTESIAN_POINT('Origin',(335.949290756,349.10204012,313.753918311));
#12760=CARTESIAN_POINT('',(316.576751268,333.299992348,310.753918311));
#12761=CARTESIAN_POINT('Origin',(335.949290756,349.10204012,310.753918311));
#12762=CARTESIAN_POINT('',(316.576751268,333.299992348,313.753918311));
#12763=CARTESIAN_POINT('Origin',(313.031163014,329.754404093,313.753918311));
#12764=CARTESIAN_POINT('',(307.707705446,324.430946525,310.753918311));
#12765=CARTESIAN_POINT('',(316.576751268,333.299992348,310.753918311));
#12766=CARTESIAN_POINT('',(307.707705446,324.430946525,313.753918311));
#12767=CARTESIAN_POINT('Origin',(293.576668296,395.045154296,313.753918311));
#12768=CARTESIAN_POINT('',(290.038227562,398.58359503,310.753918311));
#12769=CARTESIAN_POINT('',(307.735571678,380.886250914,310.753918311));
#12770=CARTESIAN_POINT('',(290.038227562,398.58359503,313.753918311));
#12771=CARTESIAN_POINT('Origin',(338.424571852,319.211216686,313.753918311));
#12772=CARTESIAN_POINT('',(338.424571852,324.224882254,310.753918311));
#12773=CARTESIAN_POINT('',(338.424571852,311.683822852,310.753918311));
#12774=CARTESIAN_POINT('',(338.424571852,324.224882254,310.753918311));
#12775=CARTESIAN_POINT('',(338.424571852,324.224882254,313.753918311));
#12776=CARTESIAN_POINT('',(338.424571852,311.683822852,313.753918311));
#12777=CARTESIAN_POINT('Origin',(335.949290756,349.10204012,313.753918311));
#12778=CARTESIAN_POINT('',(351.751338528,329.729500632,310.753918311));
#12779=CARTESIAN_POINT('Origin',(335.949290756,349.10204012,310.753918311));
#12780=CARTESIAN_POINT('',(351.751338528,329.729500632,313.753918311));
#12781=CARTESIAN_POINT('Origin',(355.296926783,326.183912377,313.753918311));
#12782=CARTESIAN_POINT('',(360.620384351,320.860454809,310.753918311));
#12783=CARTESIAN_POINT('',(351.751338528,329.729500632,310.753918311));
#12784=CARTESIAN_POINT('',(360.620384351,320.860454809,313.753918311));
#12785=CARTESIAN_POINT('Origin',(300.624484914,317.347725994,313.753918311));
#12786=CARTESIAN_POINT('',(304.165079962,320.888321042,310.753918311));
#12787=CARTESIAN_POINT('Origin',(316.563574859,326.215748126,313.753918311));
#12788=CARTESIAN_POINT('',(320.10877178,329.760945048,310.753918311));
#12789=CARTESIAN_POINT('',(311.240903634,320.893076902,310.753918311));
#12790=CARTESIAN_POINT('',(320.10877178,329.760945048,310.753918311));
#12791=CARTESIAN_POINT('',(320.10877178,329.760945048,313.753918311));
#12792=CARTESIAN_POINT('',(311.240903634,320.893076902,313.753918311));
#12793=CARTESIAN_POINT('Origin',(335.949290756,349.10204012,313.753918311));
#12794=CARTESIAN_POINT('',(333.424571852,324.229850943,310.753918311));
#12795=CARTESIAN_POINT('Origin',(335.949290756,349.10204012,310.753918311));
#12796=CARTESIAN_POINT('',(333.424571852,324.229850943,313.753918311));
#12797=CARTESIAN_POINT('Origin',(333.424571852,319.215631947,313.753918311));
#12798=CARTESIAN_POINT('',(333.424571852,311.687126055,310.753918311));
#12799=CARTESIAN_POINT('',(333.424571852,324.229850943,310.753918311));
#12800=CARTESIAN_POINT('',(333.424571852,311.687126055,313.753918311));
#12801=CARTESIAN_POINT('Origin',(371.241002017,317.310904955,313.753918311));
#12802=CARTESIAN_POINT('',(367.700603649,320.851303323,310.753918311));
#12803=CARTESIAN_POINT('',(367.700603649,320.851303323,313.753918311));
#12804=CARTESIAN_POINT('',(367.700603649,320.851303323,310.753918311));
#12805=CARTESIAN_POINT('Origin',(335.949290756,349.10204012,313.753918311));
#12806=CARTESIAN_POINT('Origin',(335.949290756,349.10204012,310.753918311));
#12807=CARTESIAN_POINT('Origin',(304.158155591,313.810328859,313.753918311));
#12808=CARTESIAN_POINT('',(307.698553959,317.350727227,310.753918311));
#12809=CARTESIAN_POINT('',(307.698553959,317.350727227,313.753918311));
#12810=CARTESIAN_POINT('',(290.001974129,299.654147397,310.753918311));
#12811=CARTESIAN_POINT('',(290.001974129,299.654147397,313.753918311));
#12812=CARTESIAN_POINT('',(307.698553959,317.350727227,310.753918311));
#12813=CARTESIAN_POINT('Origin',(335.949290756,349.10204012,313.753918311));
#12814=CARTESIAN_POINT('',(364.163009834,317.317829326,310.753918311));
#12815=CARTESIAN_POINT('Origin',(335.949290756,349.10204012,310.753918311));
#12816=CARTESIAN_POINT('',(364.163009834,317.317829326,313.753918311));
#12817=CARTESIAN_POINT('Origin',(279.426302629,402.124452151,313.753918311));
#12818=CARTESIAN_POINT('',(282.963648784,398.587105996,310.753918311));
#12819=CARTESIAN_POINT('',(282.963648784,398.587105996,313.753918311));
#12820=CARTESIAN_POINT('',(265.278312841,416.272441939,310.753918311));
#12821=CARTESIAN_POINT('',(265.278312841,416.272441939,313.753918311));
#12822=CARTESIAN_POINT('',(282.963648784,398.587105996,310.753918311));
#12823=CARTESIAN_POINT('Origin',(335.949290756,349.10204012,313.753918311));
#12824=CARTESIAN_POINT('',(282.929897133,299.653138213,310.753918311));
#12825=CARTESIAN_POINT('',(282.929897133,299.653138213,313.753918311));
#12826=CARTESIAN_POINT('Origin',(335.949290756,349.10204012,310.753918311));
#12827=CARTESIAN_POINT('Origin',(282.962969522,405.65885307,313.753918311));
#12828=CARTESIAN_POINT('',(286.500388849,402.121433743,310.753918311));
#12829=CARTESIAN_POINT('',(286.500388849,402.121433743,313.753918311));
#12830=CARTESIAN_POINT('',(268.814743396,419.807079196,310.753918311));
#12831=CARTESIAN_POINT('',(286.500388849,402.121433743,310.753918311));
#12832=CARTESIAN_POINT('',(268.814743396,419.807079196,313.753918311));
#12833=CARTESIAN_POINT('Origin',(335.949290756,349.10204012,313.753918311));
#12834=CARTESIAN_POINT('',(403.119692575,419.773018035,310.753918311));
#12835=CARTESIAN_POINT('Origin',(335.949290756,349.10204012,310.753918311));
#12836=CARTESIAN_POINT('',(403.119692575,419.773018035,313.753918311));
#12837=CARTESIAN_POINT('Origin',(335.949290756,349.10204012,313.753918311));
#12838=CARTESIAN_POINT('',(265.24425168,281.96749276,310.753918311));
#12839=CARTESIAN_POINT('',(265.24425168,281.96749276,313.753918311));
#12840=CARTESIAN_POINT('Origin',(335.949290756,349.10204012,310.753918311));
#12841=CARTESIAN_POINT('Origin',(261.741569942,426.88025265,313.753918311));
#12842=CARTESIAN_POINT('',(265.278081434,423.343741158,310.753918311));
#12843=CARTESIAN_POINT('',(259.973280855,428.648541737,310.753918311));
#12844=CARTESIAN_POINT('',(265.278081434,423.343741158,310.753918311));
#12845=CARTESIAN_POINT('',(259.973280855,428.648541737,313.753918311));
#12846=CARTESIAN_POINT('',(265.278081434,423.343741158,313.753918311));
#12847=CARTESIAN_POINT('Origin',(335.949290756,349.10204012,313.753918311));
#12848=CARTESIAN_POINT('',(333.474009661,459.074186518,310.753918311));
#12849=CARTESIAN_POINT('Origin',(335.949290756,349.10204012,310.753918311));
#12850=CARTESIAN_POINT('',(333.474009661,459.074186518,313.753918311));
#12851=CARTESIAN_POINT('Origin',(333.474009661,456.573476757,313.753918311));
#12852=CARTESIAN_POINT('',(333.474009661,451.572147876,310.753918311));
#12853=CARTESIAN_POINT('',(333.474009661,451.572147876,310.753918311));
#12854=CARTESIAN_POINT('',(333.474009661,451.572147876,313.753918311));
#12855=CARTESIAN_POINT('Origin',(410.192784339,426.846109798,313.753918311));
#12856=CARTESIAN_POINT('',(406.656310771,423.309636231,310.753918311));
#12857=CARTESIAN_POINT('',(406.656310771,423.309636231,310.753918311));
#12858=CARTESIAN_POINT('',(406.656310771,423.309636231,313.753918311));
#12859=CARTESIAN_POINT('Origin',(335.949290756,349.10204012,313.753918311));
#12860=CARTESIAN_POINT('',(338.474009661,451.570941717,310.753918311));
#12861=CARTESIAN_POINT('Origin',(335.949290756,349.10204012,310.753918311));
#12862=CARTESIAN_POINT('',(338.474009661,451.570941717,313.753918311));
#12863=CARTESIAN_POINT('Origin',(335.949290756,349.10204012,313.753918311));
#12864=CARTESIAN_POINT('',(338.424571852,246.631932364,310.753918311));
#12865=CARTESIAN_POINT('',(406.620500078,274.860339082,310.753918311));
#12866=CARTESIAN_POINT('Origin',(335.949290756,349.10204012,310.753918311));
#12867=CARTESIAN_POINT('',(406.620500078,274.860339082,313.753918311));
#12868=CARTESIAN_POINT('',(338.424571852,246.631932364,313.753918311));
#12869=CARTESIAN_POINT('Origin',(410.157011571,271.323827589,313.753918311));
#12870=CARTESIAN_POINT('',(406.620500078,274.860339082,310.753918311));
#12871=CARTESIAN_POINT('Origin',(413.693360434,274.858546538,313.753918311));
#12872=CARTESIAN_POINT('',(410.156886867,278.395020105,310.753918311));
#12873=CARTESIAN_POINT('',(410.156886867,278.395020105,310.753918311));
#12874=CARTESIAN_POINT('',(410.156886867,278.395020105,313.753918311));
#12875=CARTESIAN_POINT('Origin',(335.949290756,349.10204012,313.753918311));
#12876=CARTESIAN_POINT('',(438.418192353,346.577321215,310.753918311));
#12877=CARTESIAN_POINT('Origin',(335.949290756,349.10204012,310.753918311));
#12878=CARTESIAN_POINT('',(438.418192353,346.577321215,313.753918311));
#12879=CARTESIAN_POINT('Origin',(443.41957487,346.577321215,313.753918311));
#12880=CARTESIAN_POINT('',(438.418192353,346.577321215,310.753918311));
#12881=CARTESIAN_POINT('Origin',(261.705797174,271.357970442,313.753918311));
#12882=CARTESIAN_POINT('',(265.242270741,274.894444009,310.753918311));
#12883=CARTESIAN_POINT('',(265.242270741,274.894444009,310.753918311));
#12884=CARTESIAN_POINT('',(265.242270741,274.894444009,313.753918311));
#12885=CARTESIAN_POINT('Origin',(335.949290756,349.10204012,313.753918311));
#12886=CARTESIAN_POINT('',(333.424571852,246.633138523,310.753918311));
#12887=CARTESIAN_POINT('Origin',(335.949290756,349.10204012,310.753918311));
#12888=CARTESIAN_POINT('',(333.424571852,246.633138523,313.753918311));
#12889=CARTESIAN_POINT('Origin',(335.949290756,349.10204012,313.753918311));
#12890=CARTESIAN_POINT('',(406.620268671,281.931638301,310.753918311));
#12891=CARTESIAN_POINT('Origin',(335.949290756,349.10204012,310.753918311));
#12892=CARTESIAN_POINT('',(406.620268671,281.931638301,313.753918311));
#12893=CARTESIAN_POINT('Origin',(403.083464495,285.468442478,313.753918311));
#12894=CARTESIAN_POINT('',(388.934932729,299.616974244,310.753918311));
#12895=CARTESIAN_POINT('Origin',(443.420727394,351.577321215,313.753918311));
#12896=CARTESIAN_POINT('',(438.419398512,351.577321215,310.753918311));
#12897=CARTESIAN_POINT('',(438.419398512,351.577321215,310.753918311));
#12898=CARTESIAN_POINT('',(438.419398512,351.577321215,313.753918311));
#12899=CARTESIAN_POINT('Origin',(335.949290756,349.10204012,313.753918311));
#12900=CARTESIAN_POINT('',(410.190991794,419.773249442,310.753918311));
#12901=CARTESIAN_POINT('Origin',(335.949290756,349.10204012,310.753918311));
#12902=CARTESIAN_POINT('',(410.190991794,419.773249442,313.753918311));
#12903=CARTESIAN_POINT('Origin',(413.727503287,423.309760934,313.753918311));
#12904=CARTESIAN_POINT('',(410.190991794,419.773249442,310.753918311));
#12905=CARTESIAN_POINT('Origin',(228.477854119,346.626759024,313.753918311));
#12906=CARTESIAN_POINT('',(233.479183,346.626759024,310.753918311));
#12907=CARTESIAN_POINT('',(233.479183,346.626759024,310.753918311));
#12908=CARTESIAN_POINT('',(233.479183,346.626759024,313.753918311));
#12909=CARTESIAN_POINT('Origin',(335.949290756,349.10204012,313.753918311));
#12910=CARTESIAN_POINT('',(261.707589719,278.430830798,310.753918311));
#12911=CARTESIAN_POINT('Origin',(335.949290756,349.10204012,310.753918311));
#12912=CARTESIAN_POINT('',(261.707589719,278.430830798,313.753918311));
#12913=CARTESIAN_POINT('Origin',(282.926878725,292.579051993,313.753918311));
#12914=CARTESIAN_POINT('',(268.778888937,278.431062205,310.753918311));
#12915=CARTESIAN_POINT('',(268.778888937,278.431062205,313.753918311));
#12916=CARTESIAN_POINT('',(286.46422488,296.116398148,310.753918311));
#12917=CARTESIAN_POINT('',(286.46422488,296.116398148,310.753918311));
#12918=CARTESIAN_POINT('',(286.46422488,296.116398148,313.753918311));
#12919=CARTESIAN_POINT('Origin',(399.546982663,281.933856497,313.753918311));
#12920=CARTESIAN_POINT('',(403.083838116,278.397001044,310.753918311));
#12921=CARTESIAN_POINT('',(403.083838116,278.397001044,313.753918311));
#12922=CARTESIAN_POINT('',(385.398192664,296.082646497,310.753918311));
#12923=CARTESIAN_POINT('',(385.398192664,296.082646497,313.753918311));
#12924=CARTESIAN_POINT('',(385.398192664,296.082646497,310.753918311));
#12925=CARTESIAN_POINT('Origin',(367.703604882,313.777234278,313.753918311));
#12926=CARTESIAN_POINT('',(381.860353951,299.62048521,310.753918311));
#12927=CARTESIAN_POINT('',(364.163009834,317.317829326,310.753918311));
#12928=CARTESIAN_POINT('',(381.860353951,299.62048521,313.753918311));
#12929=CARTESIAN_POINT('Origin',(258.205221078,423.345533702,313.753918311));
#12930=CARTESIAN_POINT('',(261.741694645,419.809060135,310.753918311));
#12931=CARTESIAN_POINT('',(261.741694645,419.809060135,310.753918311));
#12932=CARTESIAN_POINT('',(261.741694645,419.809060135,313.753918311));
#12933=CARTESIAN_POINT('Origin',(335.949290756,349.10204012,313.753918311));
#12934=CARTESIAN_POINT('',(233.48038916,351.626759024,310.753918311));
#12935=CARTESIAN_POINT('Origin',(335.949290756,349.10204012,310.753918311));
#12936=CARTESIAN_POINT('',(233.48038916,351.626759024,313.753918311));
#12937=CARTESIAN_POINT('Origin',(279.392477806,296.115718886,313.753918311));
#12938=CARTESIAN_POINT('',(282.929897133,299.653138213,310.753918311));
#12939=CARTESIAN_POINT('Origin',(388.971702787,405.625028247,313.753918311));
#12940=CARTESIAN_POINT('',(385.434356633,402.087682092,310.753918311));
#12941=CARTESIAN_POINT('',(385.434356633,402.087682092,310.753918311));
#12942=CARTESIAN_POINT('',(385.434356633,402.087682092,313.753918311));
#12943=CARTESIAN_POINT('Origin',(313.062998763,368.487756018,313.753918311));
#12944=CARTESIAN_POINT('',(316.608195685,364.942559096,310.753918311));
#12945=CARTESIAN_POINT('Origin',(358.83558275,329.716324222,313.753918311));
#12946=CARTESIAN_POINT('',(355.290385828,333.261521144,310.753918311));
#12947=CARTESIAN_POINT('Origin',(316.60165473,372.020167863,313.753918311));
#12948=CARTESIAN_POINT('',(320.147242984,368.474579608,310.753918311));
#12949=CARTESIAN_POINT('Origin',(335.949290756,349.10204012,313.753918311));
#12950=CARTESIAN_POINT('Origin',(335.949290756,349.10204012,310.753918311));
#12951=CARTESIAN_POINT('Origin',(338.474009661,378.988448293,313.753918311));
#12952=CARTESIAN_POINT('',(338.474009661,373.974229297,310.753918311));
#12953=CARTESIAN_POINT('Origin',(335.949290756,349.10204012,313.753918311));
#12954=CARTESIAN_POINT('Origin',(335.949290756,349.10204012,310.753918311));
#12955=CARTESIAN_POINT('Origin',(335.949290756,349.10204012,313.753918311));
#12956=CARTESIAN_POINT('Origin',(335.949290756,349.10204012,310.753918311));
#12957=CARTESIAN_POINT('Origin',(335.949290756,349.10204012,313.753918311));
#12958=CARTESIAN_POINT('Origin',(335.949290756,349.10204012,310.753918311));
#12959=CARTESIAN_POINT('Origin',(335.949290756,349.10204012,313.753918311));
#12960=CARTESIAN_POINT('Origin',(335.949290756,349.10204012,310.753918311));
#12961=CARTESIAN_POINT('Origin',(335.949290756,349.10204012,313.753918311));
#12962=CARTESIAN_POINT('Origin',(335.949290756,349.10204012,310.753918311));
#12963=CARTESIAN_POINT('Origin',(335.949290756,349.10204012,313.753918311));
#12964=CARTESIAN_POINT('Origin',(335.949290756,349.10204012,310.753918311));
#12965=CARTESIAN_POINT('Origin',(335.949290756,349.10204012,313.753918311));
#12966=CARTESIAN_POINT('Origin',(335.949290756,349.10204012,310.753918311));
#12967=CARTESIAN_POINT('Origin',(338.474009661,456.572324233,313.753918311));
#12968=CARTESIAN_POINT('',(338.474009661,451.570941717,310.753918311));
#12969=CARTESIAN_POINT('Origin',(338.424571852,241.630603482,313.753918311));
#12970=CARTESIAN_POINT('',(338.424571852,246.631932364,310.753918311));
#12971=CARTESIAN_POINT('Origin',(333.424571852,241.631756007,313.753918311));
#12972=CARTESIAN_POINT('',(333.424571852,246.633138523,310.753918311));
#12973=CARTESIAN_POINT('Origin',(335.949290756,349.10204012,313.753918311));
#12974=CARTESIAN_POINT('',(335.949290756,469.10204012,310.753918311));
#12975=CARTESIAN_POINT('Origin',(335.949290756,349.10204012,310.753918311));
#12976=CARTESIAN_POINT('',(335.949290756,469.10204012,313.753918311));
#12977=CARTESIAN_POINT('Origin',(258.171078226,274.894319305,313.753918311));
#12978=CARTESIAN_POINT('',(261.707589719,278.430830798,310.753918311));
#12979=CARTESIAN_POINT('Origin',(335.949290756,349.10204012,313.753918311));
#12980=CARTESIAN_POINT('Origin',(335.949290756,349.10204012,310.753918311));
#12981=CARTESIAN_POINT('Origin',(335.949290756,349.10204012,313.753918311));
#12982=CARTESIAN_POINT('Origin',(335.949290756,349.10204012,310.753918311));
#12983=CARTESIAN_POINT('Origin',(228.479006643,351.626759024,313.753918311));
#12984=CARTESIAN_POINT('',(233.48038916,351.626759024,310.753918311));
#12985=CARTESIAN_POINT('Origin',(1335.949290756,-100.89795988,310.753918311));
#12986=CARTESIAN_POINT('',(417.238247247,428.927548338,310.753918311));
#12987=CARTESIAN_POINT('',(417.238247247,431.927548338,310.753918311));
#12988=CARTESIAN_POINT('Origin',(417.238247247,430.427548338,310.753918311));
#12989=CARTESIAN_POINT('Origin',(417.238247247,430.427548338,310.753918311));
#12990=CARTESIAN_POINT('',(254.660334266,266.276531902,310.753918311));
#12991=CARTESIAN_POINT('',(254.660334266,269.276531902,310.753918311));
#12992=CARTESIAN_POINT('Origin',(254.660334266,267.776531902,310.753918311));
#12993=CARTESIAN_POINT('Origin',(254.660334266,267.776531902,310.753918311));
#12994=CARTESIAN_POINT('',(254.623782538,428.89099661,310.753918311));
#12995=CARTESIAN_POINT('',(254.623782538,431.89099661,310.753918311));
#12996=CARTESIAN_POINT('Origin',(254.623782538,430.39099661,310.753918311));
#12997=CARTESIAN_POINT('Origin',(254.623782538,430.39099661,310.753918311));
#12998=CARTESIAN_POINT('',(417.274798974,266.31308363,310.753918311));
#12999=CARTESIAN_POINT('',(417.274798974,269.31308363,310.753918311));
#13000=CARTESIAN_POINT('Origin',(417.274798974,267.81308363,310.753918311));
#13001=CARTESIAN_POINT('Origin',(417.274798974,267.81308363,310.753918311));
#13002=CARTESIAN_POINT('Origin',(319.349292054,349.095475475,310.753918311));
#13003=CARTESIAN_POINT('Origin',(335.955855401,332.502041418,310.753918311));
#13004=CARTESIAN_POINT('Origin',(352.549289458,349.108604765,310.753918311));
#13005=CARTESIAN_POINT('Origin',(335.942726111,365.702038822,310.753918311));
#13006=CARTESIAN_POINT('',(220.949290756,347.60204012,310.753918311));
#13007=CARTESIAN_POINT('',(220.949290756,350.60204012,310.753918311));
#13008=CARTESIAN_POINT('Origin',(220.949290756,349.10204012,310.753918311));
#13009=CARTESIAN_POINT('Origin',(220.949290756,349.10204012,310.753918311));
#13010=CARTESIAN_POINT('',(335.949290756,232.60204012,310.753918311));
#13011=CARTESIAN_POINT('',(335.949290756,235.60204012,310.753918311));
#13012=CARTESIAN_POINT('Origin',(335.949290756,234.10204012,310.753918311));
#13013=CARTESIAN_POINT('Origin',(335.949290756,234.10204012,310.753918311));
#13014=CARTESIAN_POINT('',(335.949290756,462.60204012,310.753918311));
#13015=CARTESIAN_POINT('',(335.949290756,465.60204012,310.753918311));
#13016=CARTESIAN_POINT('Origin',(335.949290756,464.10204012,310.753918311));
#13017=CARTESIAN_POINT('Origin',(335.949290756,464.10204012,310.753918311));
#13018=CARTESIAN_POINT('',(450.949290756,347.60204012,310.753918311));
#13019=CARTESIAN_POINT('',(450.949290756,350.60204012,310.753918311));
#13020=CARTESIAN_POINT('Origin',(450.949290756,349.10204012,310.753918311));
#13021=CARTESIAN_POINT('Origin',(450.949290756,349.10204012,310.753918311));
#13022=CARTESIAN_POINT('Origin',(450.949290756,349.10204012,393.753918311));
#13023=CARTESIAN_POINT('',(450.949290756,350.60204012,393.753918311));
#13024=CARTESIAN_POINT('Origin',(335.949290756,464.10204012,393.753918311));
#13025=CARTESIAN_POINT('',(335.949290756,465.60204012,393.753918311));
#13026=CARTESIAN_POINT('Origin',(335.949290756,234.10204012,393.753918311));
#13027=CARTESIAN_POINT('',(335.949290756,235.60204012,393.753918311));
#13028=CARTESIAN_POINT('Origin',(220.949290756,349.10204012,393.753918311));
#13029=CARTESIAN_POINT('',(220.949290756,350.60204012,393.753918311));
#13030=CARTESIAN_POINT('Origin',(335.942726111,365.702038822,314.353918311));
#13031=CARTESIAN_POINT('Origin',(335.955855401,332.502041418,314.353918311));
#13032=CARTESIAN_POINT('Origin',(352.549289458,349.108604765,314.353918311));
#13033=CARTESIAN_POINT('Origin',(319.349292054,349.095475475,314.353918311));
#13034=CARTESIAN_POINT('Origin',(417.274798974,267.81308363,268.753918311));
#13035=CARTESIAN_POINT('',(417.274798974,269.31308363,268.753918311));
#13036=CARTESIAN_POINT('Origin',(254.623782538,430.39099661,268.753918311));
#13037=CARTESIAN_POINT('',(254.623782538,431.89099661,268.753918311));
#13038=CARTESIAN_POINT('Origin',(254.660334266,267.776531902,268.753918311));
#13039=CARTESIAN_POINT('',(254.660334266,269.276531902,268.753918311));
#13040=CARTESIAN_POINT('Origin',(417.238247247,430.427548338,268.753918311));
#13041=CARTESIAN_POINT('',(417.238247247,431.927548338,268.753918311));
#13042=CARTESIAN_POINT('',(0.,0.,0.));
#13043=CARTESIAN_POINT('Origin',(10.,0.,-4.09375000000066));
#13044=CARTESIAN_POINT('',(8.5,4.55008784319645E-15,-0.875000000000001));
#13045=CARTESIAN_POINT('',(8.5,-4.41843252760365E-15,-0.812499999999997));
#13046=CARTESIAN_POINT('',(8.5,1.83697019872103E-16,-4.09375000000066));
#13047=CARTESIAN_POINT('',(9.31588999195506,-1.33491329190054,-0.787499999999997));
#13048=CARTESIAN_POINT('Ctrl Pts',(8.5,7.43708407166873E-15,-0.875000000000002));
#13049=CARTESIAN_POINT('Ctrl Pts',(8.5,-0.0329710230543337,-0.873168276496983));
#13050=CARTESIAN_POINT('Ctrl Pts',(8.50108706924224,-0.0659773977554579,
-0.871334589013635));
#13051=CARTESIAN_POINT('Ctrl Pts',(8.51593222949573,-0.290491592074199,
-0.858861578218149));
#13052=CARTESIAN_POINT('Ctrl Pts',(8.5652432095935,-0.477844620164084,-0.8484530766576));
#13053=CARTESIAN_POINT('Ctrl Pts',(8.71759318197796,-0.794201705335182,
-0.830877683036983));
#13054=CARTESIAN_POINT('Ctrl Pts',(8.80900717215923,-0.925674048586311,
-0.823255167796832));
#13055=CARTESIAN_POINT('Ctrl Pts',(9.03438785365357,-1.15977523649238,-0.805908723927422));
#13056=CARTESIAN_POINT('Ctrl Pts',(9.16836526308529,-1.25931052124399,-0.796697863789766));
#13057=CARTESIAN_POINT('Ctrl Pts',(9.31588999195498,-1.33491329190051,-0.787499999999999));
#13058=CARTESIAN_POINT('',(8.56909119787457,-0.449999999999945,-0.787499999999997));
#13059=CARTESIAN_POINT('Origin',(10.,2.22044604925031E-14,-0.787499999999995));
#13060=CARTESIAN_POINT('Ctrl Pts',(8.56909119787456,-0.449999999999945,
-0.7875));
#13061=CARTESIAN_POINT('Ctrl Pts',(8.52322471101458,-0.304153867176552,
-0.795602562934633));
#13062=CARTESIAN_POINT('Ctrl Pts',(8.5,-0.152397304329355,-0.804033483092812));
#13063=CARTESIAN_POINT('Ctrl Pts',(8.5,-1.15532583500055E-14,-0.812499999999997));
#13064=CARTESIAN_POINT('Origin',(10.,0.,-4.09375000000066));
#13065=CARTESIAN_POINT('',(8.5,1.80922475115309E-15,-1.375));
#13066=CARTESIAN_POINT('',(8.5,-1.05306898420864E-15,-1.3125));
#13067=CARTESIAN_POINT('',(8.5,1.83697019872103E-16,-4.09375000000066));
#13068=CARTESIAN_POINT('Ctrl Pts',(8.5,7.28834239023535E-15,-1.375));
#13069=CARTESIAN_POINT('Ctrl Pts',(8.5,-0.0626783724850988,-1.37151786819527));
#13070=CARTESIAN_POINT('Ctrl Pts',(8.50392846784498,-0.125425451937675,
-1.3680319193368));
#13071=CARTESIAN_POINT('Ctrl Pts',(8.53571497536376,-0.377217084984645,
-1.35404349527864));
#13072=CARTESIAN_POINT('Ctrl Pts',(8.59554057722133,-0.560304126211655,
-1.34387199298825));
#13073=CARTESIAN_POINT('Ctrl Pts',(8.78446478867257,-0.901095709606294,
-1.3249391272441));
#13074=CARTESIAN_POINT('Ctrl Pts',(8.91444875718549,-1.05410050345286,-1.31461470564782));
#13075=CARTESIAN_POINT('Ctrl Pts',(9.22428611069928,-1.2987065482673,-1.29291303667052));
#13076=CARTESIAN_POINT('Ctrl Pts',(9.4003350970431,-1.38880419429012,-1.28194016347632));
#13077=CARTESIAN_POINT('Ctrl Pts',(9.77150165277364,-1.49462773007894,-1.26114286157675));
#13078=CARTESIAN_POINT('Ctrl Pts',(9.96248116468959,-1.51152392524393,-1.25212523484007));
#13079=CARTESIAN_POINT('Ctrl Pts',(10.3494256948179,-1.47223088852206,-1.23241688421188));
#13080=CARTESIAN_POINT('Ctrl Pts',(10.5413248601031,-1.41297912494295,-1.22153824899568));
#13081=CARTESIAN_POINT('Ctrl Pts',(10.8862168008694,-1.22560987196172,-1.19973992628708));
#13082=CARTESIAN_POINT('Ctrl Pts',(11.036891368592,-1.10107662824773,-1.18903133599769));
#13083=CARTESIAN_POINT('Ctrl Pts',(11.282029417367,-0.802238140393253,-1.1689360570199));
#13084=CARTESIAN_POINT('Ctrl Pts',(11.3744245527015,-0.63098725949185,-1.1600548477496));
#13085=CARTESIAN_POINT('Ctrl Pts',(11.4911520460016,-0.256992484473994,
-1.1392773602486));
#13086=CARTESIAN_POINT('Ctrl Pts',(11.5120516180398,-0.0571852351548774,
-1.12817695750864));
#13087=CARTESIAN_POINT('Ctrl Pts',(11.4753954711639,0.331440696217275,-1.10658662798797));
#13088=CARTESIAN_POINT('Ctrl Pts',(11.421098867817,0.516860236656452,-1.09628554240801));
#13089=CARTESIAN_POINT('Ctrl Pts',(11.2420207221332,0.864392036347756,-1.07697822020294));
#13090=CARTESIAN_POINT('Ctrl Pts',(11.1161837009562,1.02174127394205,-1.06698737796378));
#13091=CARTESIAN_POINT('Ctrl Pts',(10.8126217919237,1.27602265440888,-1.04531887712617));
#13092=CARTESIAN_POINT('Ctrl Pts',(10.6387100722759,1.37136404924125,-1.03430317353467));
#13093=CARTESIAN_POINT('Ctrl Pts',(10.2702382698428,1.48763144605652,-1.01334541576284));
#13094=CARTESIAN_POINT('Ctrl Pts',(10.0799366156887,1.5098566129473,-1.00411974701964));
#13095=CARTESIAN_POINT('Ctrl Pts',(9.69220669485982,1.48149127850743,-0.984677156549355));
#13096=CARTESIAN_POINT('Ctrl Pts',(9.49873887317666,1.4276794702814,-0.97387415918794));
#13097=CARTESIAN_POINT('Ctrl Pts',(9.14825171561048,1.24989165800899,-0.952072787616344));
#13098=CARTESIAN_POINT('Ctrl Pts',(8.9937609207142,1.12924699443253,-0.941288605126385));
#13099=CARTESIAN_POINT('Ctrl Pts',(8.74090204305734,0.837540669663177,-0.921019973237055));
#13100=CARTESIAN_POINT('Ctrl Pts',(8.64423137979241,0.669845905627004,-0.912213661423773));
#13101=CARTESIAN_POINT('Ctrl Pts',(8.52755377963595,0.331076092136553,-0.893393116229858));
#13102=CARTESIAN_POINT('Ctrl Pts',(8.5,0.165986025277023,-0.884221445848724));
#13103=CARTESIAN_POINT('Ctrl Pts',(8.5,7.91033905045424E-15,-0.875000000000001));
#13104=CARTESIAN_POINT('Ctrl Pts',(8.5,-1.20480761961033E-14,-0.812499999999997));
#13105=CARTESIAN_POINT('Ctrl Pts',(8.5,0.0410336419286568,-0.814779646773812));
#13106=CARTESIAN_POINT('Ctrl Pts',(8.50168372442256,0.0821130235917834,
-0.81706183464385));
#13107=CARTESIAN_POINT('Ctrl Pts',(8.52074141454808,0.313485738352637,-0.829915874352788));
#13108=CARTESIAN_POINT('Ctrl Pts',(8.57263529781389,0.499129307090537,-0.84022940594934));
#13109=CARTESIAN_POINT('Ctrl Pts',(8.74280184496001,0.839946350926778,-0.859163686162467));
#13110=CARTESIAN_POINT('Ctrl Pts',(8.85911993195916,0.992206389839077,-0.86850400407346));
#13111=CARTESIAN_POINT('Ctrl Pts',(9.14748593829368,1.24976267255895,-0.889532361208657));
#13112=CARTESIAN_POINT('Ctrl Pts',(9.3185303675439,1.3506610557965,-0.900564473015618));
#13113=CARTESIAN_POINT('Ctrl Pts',(9.69170274468184,1.48136394469214,-0.922149373184504));
#13114=CARTESIAN_POINT('Ctrl Pts',(9.89038891416951,1.50912064552892,-0.93197298290929));
#13115=CARTESIAN_POINT('Ctrl Pts',(10.2800506718664,1.48604188384073,-0.951361669681122));
#13116=CARTESIAN_POINT('Ctrl Pts',(10.467450664852,1.43812992982228,-0.961708843659114));
#13117=CARTESIAN_POINT('Ctrl Pts',(10.8208113317647,1.27119425801565,-0.983347018667334));
#13118=CARTESIAN_POINT('Ctrl Pts',(10.9821687732841,1.15109556159651,-0.994446407092616));
#13119=CARTESIAN_POINT('Ctrl Pts',(11.2440044206467,0.859923849137436,-1.01513208367382));
#13120=CARTESIAN_POINT('Ctrl Pts',(11.3439140118652,0.693476633151519,-1.02397352038032));
#13121=CARTESIAN_POINT('Ctrl Pts',(11.4759417947899,0.330444999720592,-1.04414194445982));
#13122=CARTESIAN_POINT('Ctrl Pts',(11.5062496511446,0.137103132913933,-1.05488315928241));
#13123=CARTESIAN_POINT('Ctrl Pts',(11.4914240448095,-0.255328089269698,
-1.07668489384817));
#13124=CARTESIAN_POINT('Ctrl Pts',(11.4444808566516,-0.450592512497882,
-1.08753291736085));
#13125=CARTESIAN_POINT('Ctrl Pts',(11.2809011792238,-0.803350390490031,
-1.1071305772493));
#13126=CARTESIAN_POINT('Ctrl Pts',(11.168994913253,-0.958928988554895,-1.11622695569461));
#13127=CARTESIAN_POINT('Ctrl Pts',(10.888549139885,-1.22431404975697,-1.13709171651249));
#13128=CARTESIAN_POINT('Ctrl Pts',(10.7210351515919,-1.32987572139434,-1.14808350568859));
#13129=CARTESIAN_POINT('Ctrl Pts',(10.3523060704477,-1.47154290731929,-1.16975919148567));
#13130=CARTESIAN_POINT('Ctrl Pts',(10.1543579532211,-1.50522077465296,-1.17992842799475));
#13131=CARTESIAN_POINT('Ctrl Pts',(9.76460171425007,-1.4936941828694,-1.19900076689054));
#13132=CARTESIAN_POINT('Ctrl Pts',(9.57640628905445,-1.45157849930278,-1.20922520360603));
#13133=CARTESIAN_POINT('Ctrl Pts',(9.21917762644799,-1.29604547672435,-1.23073273738749));
#13134=CARTESIAN_POINT('Ctrl Pts',(9.0546690541702,-1.18142897626541,-1.24183145144096));
#13135=CARTESIAN_POINT('Ctrl Pts',(8.7832490929473,-0.898336960873688,-1.26275381750813));
#13136=CARTESIAN_POINT('Ctrl Pts',(8.67759031531326,-0.733975791234509,
-1.27172356715351));
#13137=CARTESIAN_POINT('Ctrl Pts',(8.53597722031814,-0.37769361816257,-1.29151702121307));
#13138=CARTESIAN_POINT('Ctrl Pts',(8.5,-0.189675001149214,-1.30196249993615));
#13139=CARTESIAN_POINT('Ctrl Pts',(8.5,-5.48172618408671E-15,-1.3125));
#13140=CARTESIAN_POINT('Origin',(10.,0.,-4.09375000000066));
#13141=CARTESIAN_POINT('',(8.5,1.39505952126363E-15,-1.875));
#13142=CARTESIAN_POINT('',(8.5,3.00015327053268E-16,-1.8125));
#13143=CARTESIAN_POINT('',(8.5,1.83697019872103E-16,-4.09375000000066));
#13144=CARTESIAN_POINT('Ctrl Pts',(8.5,7.43708407166873E-16,-1.875));
#13145=CARTESIAN_POINT('Ctrl Pts',(8.5,-0.0881832609161035,-1.87010092994911));
#13146=CARTESIAN_POINT('Ctrl Pts',(8.50777619724673,-0.176402647063539,
-1.86519985294097));
#13147=CARTESIAN_POINT('Ctrl Pts',(8.5583840001588,-0.459876681045718,-1.84945129549751));
#13148=CARTESIAN_POINT('Ctrl Pts',(8.63218233850194,-0.647137720276237,
-1.83949977680362));
#13149=CARTESIAN_POINT('Ctrl Pts',(8.84438922850585,-0.97531996430683,-1.82017379460269));
#13150=CARTESIAN_POINT('Ctrl Pts',(8.97822281175492,-1.11473542361977,-1.80986207167882));
#13151=CARTESIAN_POINT('Ctrl Pts',(9.29714729096021,-1.3399963268615,-1.78826056320652));
#13152=CARTESIAN_POINT('Ctrl Pts',(9.48091111837193,-1.42131924052958,-1.77716025211379));
#13153=CARTESIAN_POINT('Ctrl Pts',(9.86335481554644,-1.50614588938664,-1.75640362535274));
#13154=CARTESIAN_POINT('Ctrl Pts',(10.0577671968347,-1.51122738982719,-1.74753254638614));
#13155=CARTESIAN_POINT('Ctrl Pts',(10.4389197748803,-1.44737076760392,-1.72742053936296));
#13156=CARTESIAN_POINT('Ctrl Pts',(10.6219731542625,-1.37864739016372,-1.71670439683442));
#13157=CARTESIAN_POINT('Ctrl Pts',(10.9561729776043,-1.17272113059321,-1.69490502646));
#13158=CARTESIAN_POINT('Ctrl Pts',(11.1030664620764,-1.0357633438037,-1.68403322742678));
#13159=CARTESIAN_POINT('Ctrl Pts',(11.3297041872239,-0.71971551178913,-1.66435000834675));
#13160=CARTESIAN_POINT('Ctrl Pts',(11.4100886275122,-0.545679058726096,
-1.65531550326263));
#13161=CARTESIAN_POINT('Ctrl Pts',(11.5030426119554,-0.171050504657108,
-1.63450280581435));
#13162=CARTESIAN_POINT('Ctrl Pts',(11.5125101073708,0.0265409556234431,
-1.62352550246542));
#13163=CARTESIAN_POINT('Ctrl Pts',(11.4545116886282,0.417069566077951,-1.60182946855128));
#13164=CARTESIAN_POINT('Ctrl Pts',(11.3864755715741,0.605960892267543,-1.59154125669869));
#13165=CARTESIAN_POINT('Ctrl Pts',(11.1848496545973,0.939466970297042,-1.57257646752212));
#13166=CARTESIAN_POINT('Ctrl Pts',(11.0557654972269,1.08249833690031,-1.56239280958819));
#13167=CARTESIAN_POINT('Ctrl Pts',(10.7450284037073,1.31691756538764,-1.54093081896987));
#13168=CARTESIAN_POINT('Ctrl Pts',(10.5645528666398,1.40378984383243,-1.52983456679851));
#13169=CARTESIAN_POINT('Ctrl Pts',(10.1879823881501,1.50030283337245,-1.50903589482866));
#13170=CARTESIAN_POINT('Ctrl Pts',(9.99628326070985,1.51202709756815,-1.50015526434109));
#13171=CARTESIAN_POINT('Ctrl Pts',(9.60834780241018,1.46182432829762,-1.48009618953267));
#13172=CARTESIAN_POINT('Ctrl Pts',(9.41641650851093,1.39632896175812,-1.46904257511224));
#13173=CARTESIAN_POINT('Ctrl Pts',(9.07640681778859,1.19760196365996,-1.44716365684849));
#13174=CARTESIAN_POINT('Ctrl Pts',(8.93007067614909,1.06889756289388,-1.43654793370768));
#13175=CARTESIAN_POINT('Ctrl Pts',(8.69356862902304,0.762198014300482,-1.41664979175463));
#13176=CARTESIAN_POINT('Ctrl Pts',(8.60598090182365,0.586877602979611,-1.40760431127665));
#13177=CARTESIAN_POINT('Ctrl Pts',(8.51816604948839,0.269237146932176,-1.38995761927402));
#13178=CARTESIAN_POINT('Ctrl Pts',(8.5,0.134777417029306,-1.38248763427941));
#13179=CARTESIAN_POINT('Ctrl Pts',(8.5,8.01442245901285E-15,-1.375));
#13180=CARTESIAN_POINT('Ctrl Pts',(8.5,-5.50344221303486E-15,-1.3125));
#13181=CARTESIAN_POINT('Ctrl Pts',(8.5,0.00355852276898617,-1.31269769570938));
#13182=CARTESIAN_POINT('Ctrl Pts',(8.5000126630804,0.00711762855384778,
-1.31289542380843));
#13183=CARTESIAN_POINT('Ctrl Pts',(8.50145358967672,0.209541930477654,-1.32414121835975));
#13184=CARTESIAN_POINT('Ctrl Pts',(8.5424034706066,0.406176662732448,-1.33506537015168));
#13185=CARTESIAN_POINT('Ctrl Pts',(8.69524018543199,0.764063768099909,-1.35494798711654));
#13186=CARTESIAN_POINT('Ctrl Pts',(8.80254226645111,0.923197805732309,-1.36386500475847));
#13187=CARTESIAN_POINT('Ctrl Pts',(9.07467394487084,1.19666464738621,-1.38455424739808));
#13188=CARTESIAN_POINT('Ctrl Pts',(9.23837500832069,1.30696443625648,-1.39549420150971));
#13189=CARTESIAN_POINT('Ctrl Pts',(9.60181238128474,1.45977462460723,-1.41722481772343));
#13190=CARTESIAN_POINT('Ctrl Pts',(9.79853814870951,1.49964513852291,-1.42779730489713));
#13191=CARTESIAN_POINT('Ctrl Pts',(10.1877810058184,1.50033531948091,-1.44654393228475));
#13192=CARTESIAN_POINT('Ctrl Pts',(10.3766359952357,1.46440097093525,-1.45660976968801));
#13193=CARTESIAN_POINT('Ctrl Pts',(10.7376677749149,1.32098594666491,-1.47796366996083));
#13194=CARTESIAN_POINT('Ctrl Pts',(10.9053167255679,1.21225567680841,-1.4890499691337));
#13195=CARTESIAN_POINT('Ctrl Pts',(11.1867940020077,0.937879212266903,-1.51021411937012));
#13196=CARTESIAN_POINT('Ctrl Pts',(11.298608498022,0.775696025268832,-1.51940577637383));
#13197=CARTESIAN_POINT('Ctrl Pts',(11.4529038904082,0.419789395919438,-1.53917836689325));
#13198=CARTESIAN_POINT('Ctrl Pts',(11.494761562125,0.229833509183629,-1.54973147171191));
#13199=CARTESIAN_POINT('Ctrl Pts',(11.5045059229758,-0.163102694726106,
-1.571561260818));
#13200=CARTESIAN_POINT('Ctrl Pts',(11.4692951657609,-0.362392083306816,
-1.58263289351693));
#13201=CARTESIAN_POINT('Ctrl Pts',(11.3261736353258,-0.726390457144128,
-1.60285502539678));
#13202=CARTESIAN_POINT('Ctrl Pts',(11.2231815554438,-0.888937635691892,
-1.61167569541051));
#13203=CARTESIAN_POINT('Ctrl Pts',(10.9588596987022,-1.16987610395577,-1.63219673301305));
#13204=CARTESIAN_POINT('Ctrl Pts',(10.7988322536151,-1.28447685223483,-1.64307941117348));
#13205=CARTESIAN_POINT('Ctrl Pts',(10.4404595355605,-1.44758653061376,-1.66485245100948));
#13206=CARTESIAN_POINT('Ctrl Pts',(10.2449374257872,-1.49316509256362,-1.67552558406727));
#13207=CARTESIAN_POINT('Ctrl Pts',(9.85623201960116,-1.50514141622029,-1.69455985729915));
#13208=CARTESIAN_POINT('Ctrl Pts',(9.66683332826068,-1.47484163263967,-1.70422833250549));
#13209=CARTESIAN_POINT('Ctrl Pts',(9.30265431323542,-1.34262090923819,-1.7254227014076));
#13210=CARTESIAN_POINT('Ctrl Pts',(9.1323013310653,-1.23936387169406,-1.73648706412659));
#13211=CARTESIAN_POINT('Ctrl Pts',(8.84167036675686,-0.973148167773394,
-1.75786493358091));
#13212=CARTESIAN_POINT('Ctrl Pts',(8.72413290857629,-0.812952619030693,
-1.7673359656093));
#13213=CARTESIAN_POINT('Ctrl Pts',(8.55954204141878,-0.46046763393759,-1.78691846478115));
#13214=CARTESIAN_POINT('Ctrl Pts',(8.5124576499216,-0.272301515382924,-1.79737213803419));
#13215=CARTESIAN_POINT('Ctrl Pts',(8.50071745775875,-0.0535967742943306,
-1.809522401428));
#13216=CARTESIAN_POINT('Ctrl Pts',(8.5,-0.0267855786060943,-1.81101191229966));
#13217=CARTESIAN_POINT('Ctrl Pts',(8.5,7.43708407166873E-16,-1.8125));
#13218=CARTESIAN_POINT('Origin',(10.,0.,-4.09375000000066));
#13219=CARTESIAN_POINT('',(8.5,4.61080316485563E-15,-2.375));
#13220=CARTESIAN_POINT('',(8.5,-9.40311958270149E-16,-2.3125));
#13221=CARTESIAN_POINT('',(8.5,1.83697019872103E-16,-4.09375000000066));
#13222=CARTESIAN_POINT('Ctrl Pts',(8.5,6.97358837342676E-15,-2.375));
#13223=CARTESIAN_POINT('Ctrl Pts',(8.5,-0.119281535399914,-2.36837324803334));
#13224=CARTESIAN_POINT('Ctrl Pts',(8.51422857144947,-0.238419189520828,
-2.36175448947115));
#13225=CARTESIAN_POINT('Ctrl Pts',(8.58887533517197,-0.54500229224669,-2.34472209487527));
#13226=CARTESIAN_POINT('Ctrl Pts',(8.67192173031581,-0.724221909177791,
-2.33544658695407));
#13227=CARTESIAN_POINT('Ctrl Pts',(8.90033183055214,-1.03817896402337,-2.31573617158139));
#13228=CARTESIAN_POINT('Ctrl Pts',(9.04254586296091,-1.17061919096114,-2.30521500056419));
#13229=CARTESIAN_POINT('Ctrl Pts',(9.37568377596457,-1.37851019650099,-2.28341214509781));
#13230=CARTESIAN_POINT('Ctrl Pts',(9.56500602718712,-1.44943306651054,-2.27233329431641));
#13231=CARTESIAN_POINT('Ctrl Pts',(9.9512193224045,-1.51131809830587,-2.25203256982556));
#13232=CARTESIAN_POINT('Ctrl Pts',(10.1437732999974,-1.50525539760613,-2.24322868714562));
#13233=CARTESIAN_POINT('Ctrl Pts',(10.5200848134244,-1.42037397763429,-2.22276557379282));
#13234=CARTESIAN_POINT('Ctrl Pts',(10.6999493503675,-1.34089981333925,-2.21190422154947));
#13235=CARTESIAN_POINT('Ctrl Pts',(11.0224894258478,-1.11536171100774,-2.19012105764557));
#13236=CARTESIAN_POINT('Ctrl Pts',(11.1611659316563,-0.970172296798657,
-2.17941594186543));
#13237=CARTESIAN_POINT('Ctrl Pts',(11.3690927381564,-0.641618586625252,
-2.16028556677414));
#13238=CARTESIAN_POINT('Ctrl Pts',(11.4392882764577,-0.463218423035766,
-2.15073435683543));
#13239=CARTESIAN_POINT('Ctrl Pts',(11.5106302476773,-0.0827029228233139,
-2.12959460682362));
#13240=CARTESIAN_POINT('Ctrl Pts',(11.5084173100556,0.116282896898597,-2.11853983906129));
#13241=CARTESIAN_POINT('Ctrl Pts',(11.4271073691625,0.502340557439974,-2.09709219125343));
#13242=CARTESIAN_POINT('Ctrl Pts',(11.3486864675249,0.685570651476495,-2.08751174538221));
#13243=CARTESIAN_POINT('Ctrl Pts',(11.1284322841923,1.00673878072378,-2.06799342412223));
#13244=CARTESIAN_POINT('Ctrl Pts',(10.9904187312291,1.14277438502442,-2.05757447717317));
#13245=CARTESIAN_POINT('Ctrl Pts',(10.6643660350232,1.35957341420886,-2.03586506425767));
#13246=CARTESIAN_POINT('Ctrl Pts',(10.4777891255447,1.43581051171356,-2.0247706813621));
#13247=CARTESIAN_POINT('Ctrl Pts',(10.0934207876096,1.50931777840298,-2.00423588256172));
#13248=CARTESIAN_POINT('Ctrl Pts',(9.89995044273271,1.50889292298386,-1.99543338907011));
#13249=CARTESIAN_POINT('Ctrl Pts',(9.52113528680875,1.43472127837153,-1.97514731292151));
#13250=CARTESIAN_POINT('Ctrl Pts',(9.33956558563854,1.36071731131826,-1.96435587084942));
#13251=CARTESIAN_POINT('Ctrl Pts',(9.01092940753771,1.14510676866344,-1.94255517361801));
#13252=CARTESIAN_POINT('Ctrl Pts',(8.86799975070639,1.0040555507065,-1.93176037790976));
#13253=CARTESIAN_POINT('Ctrl Pts',(8.65049696678718,0.681833637139973,-1.91234516162914));
#13254=CARTESIAN_POINT('Ctrl Pts',(8.57509861695195,0.505699287663215,-1.90309440487024));
#13255=CARTESIAN_POINT('Ctrl Pts',(8.51153282455203,0.214726815788069,-1.88692926754384));
#13256=CARTESIAN_POINT('Ctrl Pts',(8.5,0.107390195728094,-1.8809661219849));
#13257=CARTESIAN_POINT('Ctrl Pts',(8.5,2.18575157973078E-15,-1.875));
#13258=CARTESIAN_POINT('Ctrl Pts',(8.5,-5.55111512312578E-16,-1.8125));
#13259=CARTESIAN_POINT('Ctrl Pts',(8.5,0.172510280299089,-1.82208390446106));
#13260=CARTESIAN_POINT('Ctrl Pts',(8.52976230178358,0.343957990578489,-1.83160877725427));
#13261=CARTESIAN_POINT('Ctrl Pts',(8.65286069635366,0.686930016191227,-1.8506627786772));
#13262=CARTESIAN_POINT('Ctrl Pts',(8.75142580187207,0.853065378545389,-1.85945753973235));
#13263=CARTESIAN_POINT('Ctrl Pts',(9.00771803467361,1.14157055721648,-1.87980243827315));
#13264=CARTESIAN_POINT('Ctrl Pts',(9.16388397814771,1.2604389072901,-1.8906178743449));
#13265=CARTESIAN_POINT('Ctrl Pts',(9.51678712136401,1.43388672239462,-1.9124149296034));
#13266=CARTESIAN_POINT('Ctrl Pts',(9.71090523468768,1.48525174867095,-1.92318124797069));
#13267=CARTESIAN_POINT('Ctrl Pts',(10.0989509289079,1.50872987781919,-1.9425032753928));
#13268=CARTESIAN_POINT('Ctrl Pts',(10.2889690631875,1.48410842691336,-1.95184446312055));
#13269=CARTESIAN_POINT('Ctrl Pts',(10.6561933942992,1.36312064410527,-1.97287332373358));
#13270=CARTESIAN_POINT('Ctrl Pts',(10.8290888201861,1.26542426948034,-1.98390554697406));
#13271=CARTESIAN_POINT('Ctrl Pts',(11.1288398274434,1.00757363531537,-2.00548984165057));
#13272=CARTESIAN_POINT('Ctrl Pts',(11.2522033471461,0.849378702367692,-2.01531229431281));
#13273=CARTESIAN_POINT('Ctrl Pts',(11.4270169785069,0.500371857632339,-2.03470156346478));
#13274=CARTESIAN_POINT('Ctrl Pts',(11.4792089202335,0.314116838476343,-2.04504906452901));
#13275=CARTESIAN_POINT('Ctrl Pts',(11.5112859377381,-0.0753763228583529,
-2.06668757349204));
#13276=CARTESIAN_POINT('Ctrl Pts',(11.4879386310585,-0.275165079369238,
-2.07778694885376));
#13277=CARTESIAN_POINT('Ctrl Pts',(11.3666618798648,-0.647495285308701,
-2.09847196029484));
#13278=CARTESIAN_POINT('Ctrl Pts',(11.2724562124867,-0.81723235351158,-2.10731315397431));
#13279=CARTESIAN_POINT('Ctrl Pts',(11.0240521139838,-1.11306601748991,-2.12748210351304));
#13280=CARTESIAN_POINT('Ctrl Pts',(10.871755505133,-1.23597258799331,-2.13822354892564));
#13281=CARTESIAN_POINT('Ctrl Pts',(10.5244703028058,-1.419319901408,-2.16002529694126));
#13282=CARTESIAN_POINT('Ctrl Pts',(10.3318899739598,-1.47628167231108,-2.17087309374688));
#13283=CARTESIAN_POINT('Ctrl Pts',(9.94460044935076,-1.51096339611148,-2.19046995090417));
#13284=CARTESIAN_POINT('Ctrl Pts',(9.75391436349919,-1.49182291461255,-2.19956694196715));
#13285=CARTESIAN_POINT('Ctrl Pts',(9.38386939254183,-1.38161072289876,-2.22043218870319));
#13286=CARTESIAN_POINT('Ctrl Pts',(9.20869972969699,-1.28930433272518,-2.23142410943001));
#13287=CARTESIAN_POINT('Ctrl Pts',(8.90166815538567,-1.04078111080355,-2.2530995957677));
#13288=CARTESIAN_POINT('Ctrl Pts',(8.77354163670609,-0.88618054661362,-2.26326774741029));
#13289=CARTESIAN_POINT('Ctrl Pts',(8.58867514349771,-0.542860433376469,
-2.28234108703458));
#13290=CARTESIAN_POINT('Ctrl Pts',(8.53106668140068,-0.35881376545675,-2.29256590191901));
#13291=CARTESIAN_POINT('Ctrl Pts',(8.50317407609153,-0.112745055991886,
-2.30623638577817));
#13292=CARTESIAN_POINT('Ctrl Pts',(8.5,-0.0563397319280207,-2.30937001489288));
#13293=CARTESIAN_POINT('Ctrl Pts',(8.5,7.43708407166873E-16,-2.3125));
#13294=CARTESIAN_POINT('Origin',(10.,0.,-4.09375000000066));
#13295=CARTESIAN_POINT('',(8.5,3.99497633088387E-15,-2.875));
#13296=CARTESIAN_POINT('',(8.5,-5.43493963140454E-16,-2.8125));
#13297=CARTESIAN_POINT('',(8.5,1.83697019872103E-16,-4.09375000000066));
#13298=CARTESIAN_POINT('Ctrl Pts',(8.5,1.08593689596148E-14,-2.875));
#13299=CARTESIAN_POINT('Ctrl Pts',(8.5,-0.150932470087938,-2.86661486277289));
#13300=CARTESIAN_POINT('Ctrl Pts',(8.52278246977071,-0.301290134769668,
-2.8582616591796));
#13301=CARTESIAN_POINT('Ctrl Pts',(8.62515238493148,-0.630072834063546,
-2.83999595366327));
#13302=CARTESIAN_POINT('Ctrl Pts',(8.71744744638312,-0.801407709693487,
-2.83111217990426));
#13303=CARTESIAN_POINT('Ctrl Pts',(8.96240515194637,-1.10041160135448,-2.81102098314309));
#13304=CARTESIAN_POINT('Ctrl Pts',(9.11298983974742,-1.22503388251527,-2.80031424394103));
#13305=CARTESIAN_POINT('Ctrl Pts',(9.45774853107577,-1.41262386965724,-2.77851620069454));
#13306=CARTESIAN_POINT('Ctrl Pts',(9.6496093441495,-1.47200159020497,-2.76763591189529));
#13307=CARTESIAN_POINT('Ctrl Pts',(10.0365342755703,-1.51154877068455,-2.74792144466152));
#13308=CARTESIAN_POINT('Ctrl Pts',(10.2275302708761,-1.49477609491861,-2.73890783626406));
#13309=CARTESIAN_POINT('Ctrl Pts',(10.5987579956663,-1.38919365567841,-2.71811428849309));
#13310=CARTESIAN_POINT('Ctrl Pts',(10.774854495343,-1.2992175555276,-2.70714250558681));
#13311=CARTESIAN_POINT('Ctrl Pts',(11.0848445906188,-1.0548275361599,-2.68543948852491));
#13312=CARTESIAN_POINT('Ctrl Pts',(11.2149300152919,-0.901911006885291,
-2.67510616704933));
#13313=CARTESIAN_POINT('Ctrl Pts',(11.4040761029964,-0.561259686456031,
-2.65618109369214));
#13314=CARTESIAN_POINT('Ctrl Pts',(11.4640230467462,-0.378226117589095,
-2.64601256208842));
#13315=CARTESIAN_POINT('Ctrl Pts',(11.5130268050174,0.00778121190480877,
-2.62456771044986));
#13316=CARTESIAN_POINT('Ctrl Pts',(11.4987540769404,0.207492693088919,-2.61347262816185));
#13317=CARTESIAN_POINT('Ctrl Pts',(11.3944359978193,0.585897244449213,-2.59245015308628));
#13318=CARTESIAN_POINT('Ctrl Pts',(11.3069547536325,0.761308531726756,-2.5834000973545));
#13319=CARTESIAN_POINT('Ctrl Pts',(11.0706432614687,1.06818017908607,-2.56350634296006));
#13320=CARTESIAN_POINT('Ctrl Pts',(10.9244035964557,1.19697447859467,-2.5528927643658));
#13321=CARTESIAN_POINT('Ctrl Pts',(10.5845537739909,1.39592096851291,-2.53101544077218));
#13322=CARTESIAN_POINT('Ctrl Pts',(10.392682534054,1.46154588660519,-2.51996111704512));
#13323=CARTESIAN_POINT('Ctrl Pts',(10.0047864027382,1.51202550242264,-2.49989624417523));
#13324=CARTESIAN_POINT('Ctrl Pts',(9.81306781048048,1.50043543439704,-2.4910183162384));
#13325=CARTESIAN_POINT('Ctrl Pts',(9.43932591976825,1.40492332235759,-2.47038353691423));
#13326=CARTESIAN_POINT('Ctrl Pts',(9.26131915818294,1.32004124402817,-2.45946134709518));
#13327=CARTESIAN_POINT('Ctrl Pts',(8.94514506808885,1.08479576360072,-2.43771481741442));
#13328=CARTESIAN_POINT('Ctrl Pts',(8.81082261250512,0.935619752542238,-2.42710844717201));
#13329=CARTESIAN_POINT('Ctrl Pts',(8.61249110220626,0.600856888528029,-2.40826724948885));
#13330=CARTESIAN_POINT('Ctrl Pts',(8.54749693291027,0.420113069780985,-2.39833961498793));
#13331=CARTESIAN_POINT('Ctrl Pts',(8.5060062808904,0.155062843504826,-2.38361460241703));
#13332=CARTESIAN_POINT('Ctrl Pts',(8.5,0.0775010518744701,-2.37930561399303));
#13333=CARTESIAN_POINT('Ctrl Pts',(8.5,7.13960070880198E-15,-2.375));
#13334=CARTESIAN_POINT('Ctrl Pts',(8.5,1.73472347597681E-16,-2.3125));
#13335=CARTESIAN_POINT('Ctrl Pts',(8.5,0.141419169617187,-2.32035662053429));
#13336=CARTESIAN_POINT('Ctrl Pts',(8.5200007885022,0.282425064566036,-2.32819028136472));
#13337=CARTESIAN_POINT('Ctrl Pts',(8.61369828044672,0.604696661756794,-2.34609425898643));
#13338=CARTESIAN_POINT('Ctrl Pts',(8.70322377145919,0.778368617793698,-2.35506350844198));
#13339=CARTESIAN_POINT('Ctrl Pts',(8.94319947117179,1.0819207475531,-2.37504134828208));
#13340=CARTESIAN_POINT('Ctrl Pts',(9.09128883255163,1.20897015656912,-2.38569545125392));
#13341=CARTESIAN_POINT('Ctrl Pts',(9.43232223719806,1.40260154442186,-2.40748207824778));
#13342=CARTESIAN_POINT('Ctrl Pts',(9.62309346626775,1.46543801178741,-2.41840602071268));
#13343=CARTESIAN_POINT('Ctrl Pts',(10.0094540936525,1.51198603616954,-2.43828780574204));
#13344=CARTESIAN_POINT('Ctrl Pts',(10.2009168551393,1.49860975002581,-2.44720523475474));
#13345=CARTESIAN_POINT('Ctrl Pts',(10.5738037431405,1.39963728200812,-2.46789499874118));
#13346=CARTESIAN_POINT('Ctrl Pts',(10.7511705202229,1.3130012158497,-2.47883511917563));
#13347=CARTESIAN_POINT('Ctrl Pts',(11.0652062030676,1.07463064631738,-2.50056557272031));
#13348=CARTESIAN_POINT('Ctrl Pts',(11.1980841517342,0.924184363419943,-2.51113772942013));
#13349=CARTESIAN_POINT('Ctrl Pts',(11.3932733363288,0.587416197122205,-2.52988344472854));
#13350=CARTESIAN_POINT('Ctrl Pts',(11.4565645346285,0.405888289810331,-2.53995065056602));
#13351=CARTESIAN_POINT('Ctrl Pts',(11.5128435887349,0.0215091502758755,
-2.56130504720682));
#13352=CARTESIAN_POINT('Ctrl Pts',(11.5024855627238,-0.178045196691293,
-2.57239139981611));
#13353=CARTESIAN_POINT('Ctrl Pts',(11.4055705200594,-0.558987498633027,
-2.59355486103509));
#13354=CARTESIAN_POINT('Ctrl Pts',(11.3210085541005,-0.736900850202417,
-2.60274574770182));
#13355=CARTESIAN_POINT('Ctrl Pts',(11.0899063514025,-1.04845488547536,-2.62251893637091));
#13356=CARTESIAN_POINT('Ctrl Pts',(10.9463154357976,-1.17967085317782,-2.63307234551079));
#13357=CARTESIAN_POINT('Ctrl Pts',(10.6108729515773,-1.38454886797166,-2.65490238552414));
#13358=CARTESIAN_POINT('Ctrl Pts',(10.4206695434076,-1.45368298450164,-2.66597394339226));
#13359=CARTESIAN_POINT('Ctrl Pts',(10.0338714090965,-1.51169824499669,-2.68619531231989));
#13360=CARTESIAN_POINT('Ctrl Pts',(9.84160813108062,-1.50376012482797,-2.69501618443458));
#13361=CARTESIAN_POINT('Ctrl Pts',(9.46615563735398,-1.41528545218902,-2.71553778075685));
#13362=CARTESIAN_POINT('Ctrl Pts',(9.2869006914805,-1.33398044641935,-2.72642066074381));
#13363=CARTESIAN_POINT('Ctrl Pts',(8.96647768212073,-1.1051438526234,-2.7481935920194));
#13364=CARTESIAN_POINT('Ctrl Pts',(8.82925848290459,-0.958593028296754,
-2.75886641005115));
#13365=CARTESIAN_POINT('Ctrl Pts',(8.62456503987078,-0.627932265025052,
-2.77789974912289));
#13366=CARTESIAN_POINT('Ctrl Pts',(8.5561229153992,-0.448750749029148,-2.78756940283168));
#13367=CARTESIAN_POINT('Ctrl Pts',(8.50765038868687,-0.174973771908024,
-2.80277923489396));
#13368=CARTESIAN_POINT('Ctrl Pts',(8.5,-0.0874670668948689,-2.80764071850584));
#13369=CARTESIAN_POINT('Ctrl Pts',(8.5,7.43708407166873E-16,-2.8125));
#13370=CARTESIAN_POINT('Origin',(10.,0.,-4.09375000000066));
#13371=CARTESIAN_POINT('',(8.5,5.79908874589975E-15,-3.375));
#13372=CARTESIAN_POINT('',(8.5,4.60477248581123E-16,-3.3125));
#13373=CARTESIAN_POINT('',(8.5,1.83697019872103E-16,-4.09375000000066));
#13374=CARTESIAN_POINT('Ctrl Pts',(8.5,1.42594269725294E-14,-3.375));
#13375=CARTESIAN_POINT('Ctrl Pts',(8.5,-0.180830117311047,-3.36495388237161));
#13376=CARTESIAN_POINT('Ctrl Pts',(8.53270189484034,-0.360358990765823,
-3.35498005606873));
#13377=CARTESIAN_POINT('Ctrl Pts',(8.66417723519315,-0.708570730414359,
-3.33563495942159));
#13378=CARTESIAN_POINT('Ctrl Pts',(8.7651603857747,-0.872736128213478,-3.32683524507861));
#13379=CARTESIAN_POINT('Ctrl Pts',(9.02583826419426,-1.15712266308452,-3.30639374883686));
#13380=CARTESIAN_POINT('Ctrl Pts',(9.18412339588363,-1.27367969967062,-3.295540556427));
#13381=CARTESIAN_POINT('Ctrl Pts',(9.54004595254461,-1.44151325010455,-3.27375418136782));
#13382=CARTESIAN_POINT('Ctrl Pts',(9.73495145296673,-1.48972863369603,-3.26303746989567));
#13383=CARTESIAN_POINT('Ctrl Pts',(10.123371057053,-1.50693730703847,-3.2438716042769));
#13384=CARTESIAN_POINT('Ctrl Pts',(10.3130432576541,-1.47922793946309,-3.23436169756238));
#13385=CARTESIAN_POINT('Ctrl Pts',(10.6786271563032,-1.35213896902074,-3.21324228485871));
#13386=CARTESIAN_POINT('Ctrl Pts',(10.8501631623327,-1.25141433978572,-3.202191348553));
#13387=CARTESIAN_POINT('Ctrl Pts',(11.1449692050198,-0.98899795666025,-3.18071814223529));
#13388=CARTESIAN_POINT('Ctrl Pts',(11.2651578238586,-0.829714835146172,
-3.17109526861942));
#13389=CARTESIAN_POINT('Ctrl Pts',(11.4344321285529,-0.47881326296726,-3.15160073683169));
#13390=CARTESIAN_POINT('Ctrl Pts',(11.4838671156274,-0.291506423510034,
-3.14119480130628));
#13391=CARTESIAN_POINT('Ctrl Pts',(11.5099619123318,0.0990362487182962,
-3.11949798618248));
#13392=CARTESIAN_POINT('Ctrl Pts',(11.4834247517163,0.298757444748857,-3.10840236418078));
#13393=CARTESIAN_POINT('Ctrl Pts',(11.3562438254487,0.668889653532111,-3.08783946369282));
#13394=CARTESIAN_POINT('Ctrl Pts',(11.2596789898049,0.836671633280373,-3.07903212161927));
#13395=CARTESIAN_POINT('Ctrl Pts',(11.0070115148983,1.12855598546344,-3.05876775339311));
#13396=CARTESIAN_POINT('Ctrl Pts',(10.8526145444533,1.24929885383611,-3.04798535712316));
#13397=CARTESIAN_POINT('Ctrl Pts',(10.5022634471845,1.42732726334858,-3.02618384849901));
#13398=CARTESIAN_POINT('Ctrl Pts',(10.3088327563302,1.48127502526555,-3.01537886110402));
#13399=CARTESIAN_POINT('Ctrl Pts',(9.92112104660164,1.50991238398746,-2.99592959058565));
#13400=CARTESIAN_POINT('Ctrl Pts',(9.73080325438411,1.48782033882276,-2.98670994161635));
#13401=CARTESIAN_POINT('Ctrl Pts',(9.36226280279557,1.3718147721778,-2.96575615402078));
#13402=CARTESIAN_POINT('Ctrl Pts',(9.18829562268473,1.27660429402653,-2.95474141866098));
#13403=CARTESIAN_POINT('Ctrl Pts',(8.88452272952458,1.02252184126535,-2.9330682926144));
#13404=CARTESIAN_POINT('Ctrl Pts',(8.75854807094913,0.865219631289861,-2.92306775729403));
#13405=CARTESIAN_POINT('Ctrl Pts',(8.57923391698928,0.517769883144665,-2.90376499350818));
#13406=CARTESIAN_POINT('Ctrl Pts',(8.52482130072316,0.332397224631318,-2.89346651247966));
#13407=CARTESIAN_POINT('Ctrl Pts',(8.50223495821052,0.0946082996400243,
-2.88025601664681));
#13408=CARTESIAN_POINT('Ctrl Pts',(8.5,0.0472759526146969,-2.87762644181193));
#13409=CARTESIAN_POINT('Ctrl Pts',(8.5,1.05606593817696E-14,-2.875));
#13410=CARTESIAN_POINT('Ctrl Pts',(8.5,9.36750677027476E-16,-2.8125));
#13411=CARTESIAN_POINT('Ctrl Pts',(8.5,0.108890542991952,-2.81854947461066));
#13412=CARTESIAN_POINT('Ctrl Pts',(8.51185734904872,0.217719652629453,-2.82459553625716));
#13413=CARTESIAN_POINT('Ctrl Pts',(8.57811510247998,0.516706864953338,-2.84120593694182));
#13414=CARTESIAN_POINT('Ctrl Pts',(8.65809476004152,0.698582064658776,-2.85067594472518));
#13415=CARTESIAN_POINT('Ctrl Pts',(8.88108662769644,1.01734118780375,-2.87025906604735));
#13416=CARTESIAN_POINT('Ctrl Pts',(9.02051466431911,1.15218900212324,-2.88071307320706));
#13417=CARTESIAN_POINT('Ctrl Pts',(9.34896224330583,1.36603495429284,-2.90245568005699));
#13418=CARTESIAN_POINT('Ctrl Pts',(9.53647302763891,1.44050597961738,-2.9135459364669));
#13419=CARTESIAN_POINT('Ctrl Pts',(9.92147298440933,1.51012901028422,-2.9340032285976));
#13420=CARTESIAN_POINT('Ctrl Pts',(10.1146299924762,1.50781862633985,-2.94279795401942));
#13421=CARTESIAN_POINT('Ctrl Pts',(10.4926209130651,1.43008117210291,-2.96314342439433));
#13422=CARTESIAN_POINT('Ctrl Pts',(10.6736415001209,1.35425406207488,-2.97395909006168));
#13423=CARTESIAN_POINT('Ctrl Pts',(11.000283845703,1.13532286310474,-2.99575609943451));
#13424=CARTESIAN_POINT('Ctrl Pts',(11.1418127091951,0.992880779071368,-3.00652213461059));
#13425=CARTESIAN_POINT('Ctrl Pts',(11.3561374512868,0.668541999604604,-3.02584324911303));
#13426=CARTESIAN_POINT('Ctrl Pts',(11.4298069943782,0.491663503193999,-3.03518536093362));
#13427=CARTESIAN_POINT('Ctrl Pts',(11.5086049884903,0.113134392562232,-3.05621475596872));
#13428=CARTESIAN_POINT('Ctrl Pts',(11.510425861945,-0.0854477532706294,
-3.06724709740388));
#13429=CARTESIAN_POINT('Ctrl Pts',(11.4369584504413,-0.473953486112215,
-3.08883074922841));
#13430=CARTESIAN_POINT('Ctrl Pts',(11.3616245245533,-0.659873931239548,
-3.09865197427446));
#13431=CARTESIAN_POINT('Ctrl Pts',(11.1467567450116,-0.985747965110088,
-3.1180418616341));
#13432=CARTESIAN_POINT('Ctrl Pts',(11.0115377182062,-1.12406427674378,-3.12838970986218));
#13433=CARTESIAN_POINT('Ctrl Pts',(10.690242328663,-1.34656341763141,-3.15002857319035));
#13434=CARTESIAN_POINT('Ctrl Pts',(10.5055374623791,-1.42622221533572,-3.16112793459349));
#13435=CARTESIAN_POINT('Ctrl Pts',(10.1224454405936,-1.50732235888665,-3.18181223985064));
#13436=CARTESIAN_POINT('Ctrl Pts',(9.92834903625418,-1.51058876605149,-3.19065317621021));
#13437=CARTESIAN_POINT('Ctrl Pts',(9.54795494124491,-1.44334840078404,-3.21082268356362));
#13438=CARTESIAN_POINT('Ctrl Pts',(9.3653710756737,-1.37289208750105,-3.22156437370513));
#13439=CARTESIAN_POINT('Ctrl Pts',(9.03296264018581,-1.16377695034228,-3.24336613582425));
#13440=CARTESIAN_POINT('Ctrl Pts',(8.88735471887107,-1.02546525089676,-3.25421369185612));
#13441=CARTESIAN_POINT('Ctrl Pts',(8.66370382328686,-0.707383789574088,
-3.27380969673481));
#13442=CARTESIAN_POINT('Ctrl Pts',(8.58495283306189,-0.532667900180301,
-3.28290733887888));
#13443=CARTESIAN_POINT('Ctrl Pts',(8.51366259375967,-0.233643147598146,
-3.29951982513344));
#13444=CARTESIAN_POINT('Ctrl Pts',(8.5,-0.116885306440197,-3.30600637186443));
#13445=CARTESIAN_POINT('Ctrl Pts',(8.5,1.17961196366423E-15,-3.3125));
#13446=CARTESIAN_POINT('Origin',(10.,0.,-4.09375000000066));
#13447=CARTESIAN_POINT('',(8.5,3.28373970573338E-15,-3.875));
#13448=CARTESIAN_POINT('',(8.5,2.97148948005755E-15,-3.8125));
#13449=CARTESIAN_POINT('',(8.5,1.83697019872103E-16,-4.09375000000066));
#13450=CARTESIAN_POINT('Ctrl Pts',(8.5,5.50344221303486E-15,-3.875));
#13451=CARTESIAN_POINT('Ctrl Pts',(8.5,-0.0110053918888026,-3.87438858933951));
#13452=CARTESIAN_POINT('Ctrl Pts',(8.50012111831725,-0.0220159016646482,
-3.87377689435196));
#13453=CARTESIAN_POINT('Ctrl Pts',(8.5047424645492,-0.231838174301002,-3.86212010142772));
#13454=CARTESIAN_POINT('Ctrl Pts',(8.5486128200913,-0.427829951072206,-3.85123166938487));
#13455=CARTESIAN_POINT('Ctrl Pts',(8.70668390008148,-0.783236518084753,
-3.8314868601064));
#13456=CARTESIAN_POINT('Ctrl Pts',(8.816217450061,-0.940635581295921,-3.82249266500866));
#13457=CARTESIAN_POINT('Ctrl Pts',(9.09238361245388,-1.21019757269534,-3.80171778123102));
#13458=CARTESIAN_POINT('Ctrl Pts',(9.25794807746869,-1.31821847072723,-3.79075147669309));
#13459=CARTESIAN_POINT('Ctrl Pts',(9.62403948652231,-1.46567404261087,-3.76904190745478));
#13460=CARTESIAN_POINT('Ctrl Pts',(9.8213829663202,-1.50252780100917,-3.75866393273445));
#13461=CARTESIAN_POINT('Ctrl Pts',(10.2109138433049,-1.49730873649016,-3.73977764566296));
#13462=CARTESIAN_POINT('Ctrl Pts',(10.3994689538231,-1.45836168326399,-3.72962392108878));
#13463=CARTESIAN_POINT('Ctrl Pts',(10.7586590953554,-1.30909104003599,-3.70819597059045));
#13464=CARTESIAN_POINT('Ctrl Pts',(10.9248132207047,-1.19750135855778,-3.69710216313313));
#13465=CARTESIAN_POINT('Ctrl Pts',(11.2014336242843,-0.918884453180532,
-3.67605389927794));
#13466=CARTESIAN_POINT('Ctrl Pts',(11.3102588855052,-0.755649799745938,
-3.66698054443054));
#13467=CARTESIAN_POINT('Ctrl Pts',(11.4590730078294,-0.397954416790984,
-3.64710857871081));
#13468=CARTESIAN_POINT('Ctrl Pts',(11.4981168423511,-0.207102561212835,
-3.63650569784535));
#13469=CARTESIAN_POINT('Ctrl Pts',(11.5018225529342,0.1865443203988,-3.6146364266447));
#13470=CARTESIAN_POINT('Ctrl Pts',(11.463424723088,0.385583992229578,-3.60357866709855));
#13471=CARTESIAN_POINT('Ctrl Pts',(11.3144795152022,0.74726803695194,-3.58348510905841));
#13472=CARTESIAN_POINT('Ctrl Pts',(11.2091103431799,0.907922735579636,-3.57461993918809));
#13473=CARTESIAN_POINT('Ctrl Pts',(10.9404790190137,1.18475234901007,-3.55400569709389));
#13474=CARTESIAN_POINT('Ctrl Pts',(10.7784139283764,1.29699795208542,-3.54309040336632));
#13475=CARTESIAN_POINT('Ctrl Pts',(10.4172144638368,1.4544534560631,-3.52133842202668));
#13476=CARTESIAN_POINT('Ctrl Pts',(10.2210080654068,1.4968915612657,-3.5107196010252));
#13477=CARTESIAN_POINT('Ctrl Pts',(9.83199350868258,1.50265248006167,-3.49184310391614));
#13478=CARTESIAN_POINT('Ctrl Pts',(9.64290196585079,1.4692581263637,-3.48196517188724));
#13479=CARTESIAN_POINT('Ctrl Pts',(9.28043588452235,1.33089386365629,-3.46068256267644));
#13480=CARTESIAN_POINT('Ctrl Pts',(9.11154612849002,1.22462405136247,-3.44960491127033));
#13481=CARTESIAN_POINT('Ctrl Pts',(8.82593125674724,0.953908347451953,-3.42834337868238));
#13482=CARTESIAN_POINT('Ctrl Pts',(8.71154473547014,0.792622045738314,-3.41903455809676));
#13483=CARTESIAN_POINT('Ctrl Pts',(8.55259048145868,0.438253738598535,-3.39934742992232));
#13484=CARTESIAN_POINT('Ctrl Pts',(8.50835784173016,0.249090661057635,-3.38883837005893));
#13485=CARTESIAN_POINT('Ctrl Pts',(8.50035760526253,0.0378352825607713,
-3.37710196014244));
#13486=CARTESIAN_POINT('Ctrl Pts',(8.5,0.0189105259612509,-3.37605058477563));
#13487=CARTESIAN_POINT('Ctrl Pts',(8.5,1.36842346918705E-14,-3.375));
#13488=CARTESIAN_POINT('Ctrl Pts',(8.5,7.43708407166873E-16,-3.3125));
#13489=CARTESIAN_POINT('Ctrl Pts',(8.5,0.0783447140999596,-3.31685248411666));
#13490=CARTESIAN_POINT('Ctrl Pts',(8.50613776958109,0.156746693490995,-3.3212081496384));
#13491=CARTESIAN_POINT('Ctrl Pts',(8.54981152018275,0.432698349243026,-3.33653879718018));
#13492=CARTESIAN_POINT('Ctrl Pts',(8.62063304213439,0.622559785943412,-3.34676183701775));
#13493=CARTESIAN_POINT('Ctrl Pts',(8.82771883817754,0.955153662180287,-3.36596397580967));
#13494=CARTESIAN_POINT('Ctrl Pts',(8.95887838572193,1.0966333751095,-3.37620438450895));
#13495=CARTESIAN_POINT('Ctrl Pts',(9.27320433625469,1.32710840707795,-3.39772948307641));
#13496=CARTESIAN_POINT('Ctrl Pts',(9.45512842592796,1.41158476637647,-3.40882887545789));
#13497=CARTESIAN_POINT('Ctrl Pts',(9.83629072137184,1.50353786784893,-3.42972180776652));
#13498=CARTESIAN_POINT('Ctrl Pts',(10.0313229863958,1.51209851647214,-3.43867095798362));
#13499=CARTESIAN_POINT('Ctrl Pts',(10.4138964321038,1.45468082672273,-3.4586724672987));
#13500=CARTESIAN_POINT('Ctrl Pts',(10.5977968929475,1.38925543813141,-3.4693377542517));
#13501=CARTESIAN_POINT('Ctrl Pts',(10.9353137848773,1.18942675741981,-3.49112733997244));
#13502=CARTESIAN_POINT('Ctrl Pts',(11.0846129600539,1.05507387844816,-3.50204252430314));
#13503=CARTESIAN_POINT('Ctrl Pts',(11.31690728084,0.742918500050649,-3.52188977275615));
#13504=CARTESIAN_POINT('Ctrl Pts',(11.4003953736071,0.570152392671146,-3.53082486707383));
#13505=CARTESIAN_POINT('Ctrl Pts',(11.499772278141,0.197347910314881,-3.55153622720473));
#13506=CARTESIAN_POINT('Ctrl Pts',(11.5126987105155,0.000302860138951845,
-3.56248317443673));
#13507=CARTESIAN_POINT('Ctrl Pts',(11.461774861492,-0.390837801528533,-3.58421321119603));
#13508=CARTESIAN_POINT('Ctrl Pts',(11.3971586909158,-0.580883897082933,
-3.59474816828281));
#13509=CARTESIAN_POINT('Ctrl Pts',(11.2017888100805,-0.917627699073058,
-3.61350190055688));
#13510=CARTESIAN_POINT('Ctrl Pts',(11.0755874413324,-1.06274365900413,-3.62360476562875));
#13511=CARTESIAN_POINT('Ctrl Pts',(10.7698631751223,-1.30249773778121,-3.64497376676652));
#13512=CARTESIAN_POINT('Ctrl Pts',(10.5914287041939,-1.3926258304837,-3.65606225738241));
#13513=CARTESIAN_POINT('Ctrl Pts',(10.2127498902171,-1.49758277342834,-3.67719692095192));
#13514=CARTESIAN_POINT('Ctrl Pts',(10.0165387447534,-1.5125259738472,-3.68635633555412));
#13515=CARTESIAN_POINT('Ctrl Pts',(9.63146951203615,-1.46675353112203,-3.70615444439365));
#13516=CARTESIAN_POINT('Ctrl Pts',(9.44619103261417,-1.40728790842636,-3.71672048224375));
#13517=CARTESIAN_POINT('Ctrl Pts',(9.10163183359622,-1.21782926299707,-3.73856083458663));
#13518=CARTESIAN_POINT('Ctrl Pts',(8.947105749247,-1.08701576919758,-3.74962918244738));
#13519=CARTESIAN_POINT('Ctrl Pts',(8.70468831974993,-0.78007430920107,-3.76981864812865));
#13520=CARTESIAN_POINT('Ctrl Pts',(8.61613728524875,-0.609324505231307,
-3.77864863859832));
#13521=CARTESIAN_POINT('Ctrl Pts',(8.52078048898379,-0.287823460881707,
-3.79650980772885));
#13522=CARTESIAN_POINT('Ctrl Pts',(8.5,-0.144149223312181,-3.80449170981599));
#13523=CARTESIAN_POINT('Ctrl Pts',(8.5,7.80625564189563E-15,-3.8125));
#13524=CARTESIAN_POINT('Origin',(10.,0.,-4.09375000000066));
#13525=CARTESIAN_POINT('',(8.5,-3.4183235905815E-16,-4.375));
#13526=CARTESIAN_POINT('',(8.5,-9.83680045169569E-16,-4.3125));
#13527=CARTESIAN_POINT('',(8.5,1.83697019872103E-16,-4.09375000000066));
#13528=CARTESIAN_POINT('Ctrl Pts',(8.5,-1.04119177003362E-15,-4.375));
#13529=CARTESIAN_POINT('Ctrl Pts',(8.5,-0.0396338362071437,-4.37279812021072));
#13530=CARTESIAN_POINT('Ctrl Pts',(8.50157080884967,-0.0793116750200296,
-4.37059379583223));
#13531=CARTESIAN_POINT('Ctrl Pts',(8.52048633430188,-0.317110762193828,
-4.35738273543368));
#13532=CARTESIAN_POINT('Ctrl Pts',(8.57549134849189,-0.510214376609591,
-4.34665475685503));
#13533=CARTESIAN_POINT('Ctrl Pts',(8.75355177479981,-0.855827002363592,
-4.32745405542425));
#13534=CARTESIAN_POINT('Ctrl Pts',(8.87182712049141,-1.00664204381704,-4.31798363064482));
#13535=CARTESIAN_POINT('Ctrl Pts',(9.16368785862826,-1.26070149334201,-4.2968842674028));
#13536=CARTESIAN_POINT('Ctrl Pts',(9.33625652745125,-1.359496662294,-4.28583724320425));
#13537=CARTESIAN_POINT('Ctrl Pts',(9.71059347431991,-1.48506059335644,-4.26433906147677));
#13538=CARTESIAN_POINT('Ctrl Pts',(9.90877403973935,-1.51023747876559,-4.25467348546964));
#13539=CARTESIAN_POINT('Ctrl Pts',(10.2975548022246,-1.48266469352384,-4.23520235161209));
#13540=CARTESIAN_POINT('Ctrl Pts',(10.4845931987321,-1.43247429464936,-4.22480928481787));
#13541=CARTESIAN_POINT('Ctrl Pts',(10.8363337862261,-1.26107518632444,-4.2031250715693));
#13542=CARTESIAN_POINT('Ctrl Pts',(10.9964023601237,-1.1388409427892,-4.19202837306316));
#13543=CARTESIAN_POINT('Ctrl Pts',(11.2544431817008,-0.844527424377938,
-4.17143800273513));
#13544=CARTESIAN_POINT('Ctrl Pts',(11.3521053561897,-0.677248111344034,
-4.16262489507469));
#13545=CARTESIAN_POINT('Ctrl Pts',(11.4797960466312,-0.312872631346896,
-4.14238181285262));
#13546=CARTESIAN_POINT('Ctrl Pts',(11.5078210746658,-0.118951033038787,
-4.13160839072439));
#13547=CARTESIAN_POINT('Ctrl Pts',(11.4881998688331,0.273485495978084,-4.10980636133456));
#13548=CARTESIAN_POINT('Ctrl Pts',(11.4388842875249,0.468152307369807,-4.09899153847947));
#13549=CARTESIAN_POINT('Ctrl Pts',(11.2710489314116,0.818837488149811,-4.07950902843614));
#13550=CARTESIAN_POINT('Ctrl Pts',(11.1572914368409,0.973013133411089,-4.07031873428782));
#13551=CARTESIAN_POINT('Ctrl Pts',(10.8735157228877,1.23512261415529,-4.04938474997489));
#13552=CARTESIAN_POINT('Ctrl Pts',(10.7045048663223,1.33874127286519,-4.03837491527178));
#13553=CARTESIAN_POINT('Ctrl Pts',(10.3329106081857,1.47617991402588,-4.01667883815917));
#13554=CARTESIAN_POINT('Ctrl Pts',(10.1335555716186,1.50733714117384,-4.00662950491252));
#13555=CARTESIAN_POINT('Ctrl Pts',(9.74276523696346,1.49012395946151,-3.98734945223358));
#13556=CARTESIAN_POINT('Ctrl Pts',(9.55493614768212,1.44517656461946,-3.97706398221645));
#13557=CARTESIAN_POINT('Ctrl Pts',(9.19955182018624,1.28406432435111,-3.9554902057802));
#13558=CARTESIAN_POINT('Ctrl Pts',(9.03655986352437,1.16676070073277,-3.9443898176196));
#13559=CARTESIAN_POINT('Ctrl Pts',(8.76981021047193,0.879705077698299,-3.92358205164675));
#13560=CARTESIAN_POINT('Ctrl Pts',(8.66696645660094,0.714329645529273,-3.91468498030718));
#13561=CARTESIAN_POINT('Ctrl Pts',(8.53326320063107,0.363350328718332,-3.89518612937323));
#13562=CARTESIAN_POINT('Ctrl Pts',(8.5,0.182377903453154,-3.8851321057474));
#13563=CARTESIAN_POINT('Ctrl Pts',(8.5,5.82867087928207E-15,-3.875));
#13564=CARTESIAN_POINT('Ctrl Pts',(8.5,7.43708407166873E-15,-3.8125));
#13565=CARTESIAN_POINT('Ctrl Pts',(8.5,0.0502018192095093,-3.81528898995608));
#13566=CARTESIAN_POINT('Ctrl Pts',(8.5025201593396,0.100461248020518,-3.81808118044564));
#13567=CARTESIAN_POINT('Ctrl Pts',(8.52753304649809,0.348353699511981,-3.83185298330628));
#13568=CARTESIAN_POINT('Ctrl Pts',(8.58660321581262,0.540225908165566,-3.8425125504537));
#13569=CARTESIAN_POINT('Ctrl Pts',(8.77199537670588,0.882122496641686,-3.86150680536903));
#13570=CARTESIAN_POINT('Ctrl Pts',(8.89357576291588,1.03053440786278,-3.87122642818082));
#13571=CARTESIAN_POINT('Ctrl Pts',(9.19130628292978,1.27865909419576,-3.89244334690196));
#13572=CARTESIAN_POINT('Ctrl Pts',(9.36638662271899,1.37385987072669,-3.9035113696923));
#13573=CARTESIAN_POINT('Ctrl Pts',(9.74260938266255,1.49077143027177,-3.92485993899039));
#13574=CARTESIAN_POINT('Ctrl Pts',(9.93995032673828,1.5116310688424,-3.93428777350273));
#13575=CARTESIAN_POINT('Ctrl Pts',(10.3337795089294,1.47585574155707,-3.95422964795688));
#13576=CARTESIAN_POINT('Ctrl Pts',(10.5262878754405,1.41864712145177,-3.96508083939497));
#13577=CARTESIAN_POINT('Ctrl Pts',(10.8733177603541,1.23486546123052,-3.98688236863487));
#13578=CARTESIAN_POINT('Ctrl Pts',(11.0254406158822,1.11178282468298,-3.99762034506027));
#13579=CARTESIAN_POINT('Ctrl Pts',(11.2734937923982,0.815625454365298,-4.01778140269977));
#13580=CARTESIAN_POINT('Ctrl Pts',(11.3675050798851,0.645726402388326,-4.02662631097839));
#13581=CARTESIAN_POINT('Ctrl Pts',(11.4882941294076,0.27321653182585,-4.04732130378742));
#13582=CARTESIAN_POINT('Ctrl Pts',(11.5113785923606,0.073424400495265,-4.05842086663912));
#13583=CARTESIAN_POINT('Ctrl Pts',(11.4788093846572,-0.31597821344001,-4.08005434519108));
#13584=CARTESIAN_POINT('Ctrl Pts',(11.426390985529,-0.502144698267698,-4.0903969276815));
#13585=CARTESIAN_POINT('Ctrl Pts',(11.2511200269621,-0.850994043638245,
-4.10977744686875));
#13586=CARTESIAN_POINT('Ctrl Pts',(11.1274924719547,-1.00909863726869,-4.11961734418583));
#13587=CARTESIAN_POINT('Ctrl Pts',(10.8273329275763,-1.26656878184382,-4.14121072545848));
#13588=CARTESIAN_POINT('Ctrl Pts',(10.6543272396746,-1.36401357864826,-4.15224126540983));
#13589=CARTESIAN_POINT('Ctrl Pts',(10.2869684896998,-1.48449611789176,-4.17326255870997));
#13590=CARTESIAN_POINT('Ctrl Pts',(10.0969206773777,-1.50886140465524,-4.18259075160613));
#13591=CARTESIAN_POINT('Ctrl Pts',(9.70890765883411,-1.48486170925733,-4.2019256948704));
#13592=CARTESIAN_POINT('Ctrl Pts',(9.51485742478298,-1.43323519037989,-4.21269601107803));
#13593=CARTESIAN_POINT('Ctrl Pts',(9.16220953358301,-1.25932265493076,-4.23449369441663));
#13594=CARTESIAN_POINT('Ctrl Pts',(9.00622140645852,-1.14026366274009,-4.24530587090962));
#13595=CARTESIAN_POINT('Ctrl Pts',(8.75029497692334,-0.851416470192139,
-4.26564267011803));
#13596=CARTESIAN_POINT('Ctrl Pts',(8.65193162251457,-0.685115674938669,
-4.27443801805891));
#13597=CARTESIAN_POINT('Ctrl Pts',(8.52952310940459,-0.342587243850923,
-4.29346737534157));
#13598=CARTESIAN_POINT('Ctrl Pts',(8.5,-0.171815618183747,-4.30295468787868));
#13599=CARTESIAN_POINT('Ctrl Pts',(8.5,-2.77555756156289E-15,-4.3125));
#13600=CARTESIAN_POINT('Origin',(11.6380695676704,-1.43081683129597,50.));
#13601=CARTESIAN_POINT('',(10.8234078741651,-0.838564036615816,50.));
#13602=CARTESIAN_POINT('',(11.1752404735808,7.7196243189343E-16,50.));
#13603=CARTESIAN_POINT('Origin',(10.,6.2803698347351E-16,50.));
#13604=CARTESIAN_POINT('Origin',(10.,6.2803698347351E-16,50.));
#13605=CARTESIAN_POINT('Origin',(10.,6.2803698347351E-16,45.425));
#13606=CARTESIAN_POINT('',(11.1752404735808,4.8411153505359E-16,70.));
#13607=CARTESIAN_POINT('',(11.1752404735808,7.7196243189343E-16,45.425));
#13608=CARTESIAN_POINT('Origin',(10.,6.2803698347351E-16,70.));
#13609=CARTESIAN_POINT('Origin',(9.99999999999998,3.31679128606766E-14,
-0.250000000000001));
#13610=CARTESIAN_POINT('',(10.,1.42524047358084,0.));
#13611=CARTESIAN_POINT('',(11.4252404735808,3.27042992204375E-14,0.));
#13612=CARTESIAN_POINT('Origin',(10.,-2.77555756156289E-16,0.));
#13613=CARTESIAN_POINT('Origin',(10.,-2.77555756156289E-16,0.));
#13614=CARTESIAN_POINT('',(11.1752404735808,3.30239874122566E-14,-0.25));
#13615=CARTESIAN_POINT('Origin',(11.4252404735808,3.2993371242278E-14,-0.250000000000001));
#13616=CARTESIAN_POINT('',(10.,1.17524047358084,-0.25));
#13617=CARTESIAN_POINT('Origin',(9.99999999999996,0.,-0.25));
#13618=CARTESIAN_POINT('',(8.82475952641916,1.39999941536694E-15,-0.25));
#13619=CARTESIAN_POINT('Origin',(9.99999999999996,0.,-0.25));
#13620=CARTESIAN_POINT('Origin',(9.99999999999996,0.,-0.25));
#13621=CARTESIAN_POINT('Origin',(10.,1.25607396694702E-15,-0.425));
#13622=CARTESIAN_POINT('',(8.87889204115911,-0.352572142073256,-0.6));
#13623=CARTESIAN_POINT('',(8.95047669813045,0.528858213111385,-0.599999999999999));
#13624=CARTESIAN_POINT('Origin',(9.99999999999996,-4.16333634234434E-16,
-0.6));
#13625=CARTESIAN_POINT('',(8.82475952641916,1.39999941536694E-15,-0.6));
#13626=CARTESIAN_POINT('Origin',(10.,1.37390099297363E-14,-0.599999999999997));
#13627=CARTESIAN_POINT('',(8.82475952641916,1.39999941536694E-15,-0.425));
#13628=CARTESIAN_POINT('Origin',(10.,1.37390099297363E-14,-0.599999999999997));
#13629=CARTESIAN_POINT('Origin',(10.,5.20417042793042E-16,-0.014686890631815));
#13630=CARTESIAN_POINT('',(8.87889204115911,-0.352572142073256,-0.6));
#13631=CARTESIAN_POINT('Ctrl Pts',(9.31588999195394,-1.33491329190002,-0.787500000000036));
#13632=CARTESIAN_POINT('Ctrl Pts',(9.45096423983429,-1.39613718768898,-0.78339040056373));
#13633=CARTESIAN_POINT('Ctrl Pts',(9.59435203957863,-1.43701449684519,-0.779303659361223));
#13634=CARTESIAN_POINT('Ctrl Pts',(9.87021537697088,-1.47305291976775,-0.771943157085211));
#13635=CARTESIAN_POINT('Ctrl Pts',(10.0316511564353,-1.47765112293986,-0.768157840298919));
#13636=CARTESIAN_POINT('Ctrl Pts',(10.3981804009214,-1.40633119562302,-0.758248415469018));
#13637=CARTESIAN_POINT('Ctrl Pts',(10.5749312819463,-1.33367500406789,-0.752841312442329));
#13638=CARTESIAN_POINT('Ctrl Pts',(10.8810273602356,-1.12964248209161,-0.742140561377099));
#13639=CARTESIAN_POINT('Ctrl Pts',(11.0097724421679,-1.00359599007114,-0.736951841472897));
#13640=CARTESIAN_POINT('Ctrl Pts',(11.1623245938582,-0.784943043059515,
-0.729643403436835));
#13641=CARTESIAN_POINT('Ctrl Pts',(11.2068144868733,-0.706988703463572,
-0.727361082536208));
#13642=CARTESIAN_POINT('Ctrl Pts',(11.3162197159035,-0.46210646825122,-0.720196667899025));
#13643=CARTESIAN_POINT('Ctrl Pts',(11.3562289706922,-0.285472776137852,
-0.714942377760899));
#13644=CARTESIAN_POINT('Ctrl Pts',(11.3652048103844,0.0705795678135917,
-0.704117479044929));
#13645=CARTESIAN_POINT('Ctrl Pts',(11.3350833319173,0.246502974812524,-0.698655202939958));
#13646=CARTESIAN_POINT('Ctrl Pts',(11.2228004414835,0.540940885640987,-0.689324498143678));
#13647=CARTESIAN_POINT('Ctrl Pts',(11.139355749309,0.70206509469239,-0.684671532576503));
#13648=CARTESIAN_POINT('Ctrl Pts',(10.8853112808815,0.968914520806622,-0.673640516116689));
#13649=CARTESIAN_POINT('Ctrl Pts',(10.7549867063736,1.06287396576039,-0.668560219664057));
#13650=CARTESIAN_POINT('Ctrl Pts',(10.4560024056832,1.20335504178432,-0.657870333983341));
#13651=CARTESIAN_POINT('Ctrl Pts',(10.2882256142559,1.24445496259069,-0.652355238900997));
#13652=CARTESIAN_POINT('Ctrl Pts',(10.0458298221492,1.25447762911488,-0.645056022132201));
#13653=CARTESIAN_POINT('Ctrl Pts',(9.95976203410233,1.25223583900462,-0.642651933840289));
#13654=CARTESIAN_POINT('Ctrl Pts',(9.71755095444843,1.212465047317,-0.635135277128015));
#13655=CARTESIAN_POINT('Ctrl Pts',(9.57691285160305,1.16185665169924,-0.630233901507229));
#13656=CARTESIAN_POINT('Ctrl Pts',(9.34244867379831,1.02503681453156,-0.620983776053291));
#13657=CARTESIAN_POINT('Ctrl Pts',(9.2460990400825,0.947065227973087,-0.61673534058863));
#13658=CARTESIAN_POINT('Ctrl Pts',(9.12031464861094,0.808843103072976,-0.610443953900247));
#13659=CARTESIAN_POINT('Ctrl Pts',(9.08124815032045,0.758470976466744,-0.608338100134911));
#13660=CARTESIAN_POINT('Ctrl Pts',(9.00997963108962,0.649934636611001,-0.604162272430054));
#13661=CARTESIAN_POINT('Ctrl Pts',(8.97737927124866,0.590421723402226,-0.60212396404191));
#13662=CARTESIAN_POINT('Ctrl Pts',(8.95047669813045,0.528858213111379,-0.600000000000003));
#13663=CARTESIAN_POINT('Origin',(10.,0.,-4.09375000000066));
#13664=CARTESIAN_POINT('',(8.94905609616687,-1.07028823734356,-4.75));
#13665=CARTESIAN_POINT('Ctrl Pts',(8.5,-2.52860858436737E-15,-4.3125));
#13666=CARTESIAN_POINT('Ctrl Pts',(8.5,0.0274437503251295,-4.31402465279584));
#13667=CARTESIAN_POINT('Ctrl Pts',(8.50075314914041,0.0549141360382147,
-4.31555078533542));
#13668=CARTESIAN_POINT('Ctrl Pts',(8.51281673955152,0.274238858712601,-4.32773549215066));
#13669=CARTESIAN_POINT('Ctrl Pts',(8.56013862238322,0.462319710809062,-4.33818442837824));
#13670=CARTESIAN_POINT('Ctrl Pts',(8.72520110101653,0.814646015261691,-4.35775811195895));
#13671=CARTESIAN_POINT('Ctrl Pts',(8.84300415890819,0.974749960834825,-4.36724373277546));
#13672=CARTESIAN_POINT('Ctrl Pts',(9.13405526801533,1.24058557962676,-4.38863125853559));
#13673=CARTESIAN_POINT('Ctrl Pts',(9.30452874313987,1.34358879138029,-4.39969436775815));
#13674=CARTESIAN_POINT('Ctrl Pts',(9.66884997798739,1.4752938707141,-4.42088125576831));
#13675=CARTESIAN_POINT('Ctrl Pts',(9.85827544507659,1.50533361404286,-4.43053311822634));
#13676=CARTESIAN_POINT('Ctrl Pts',(10.2469532865546,1.4928332156697,-4.4495806228816));
#13677=CARTESIAN_POINT('Ctrl Pts',(10.4424153038462,1.44699024351283,-4.46025820946648));
#13678=CARTESIAN_POINT('Ctrl Pts',(10.8005455008481,1.28340590224318,-4.4820327660832));
#13679=CARTESIAN_POINT('Ctrl Pts',(10.9603995334275,1.16860811207587,-4.49291257431624));
#13680=CARTESIAN_POINT('Ctrl Pts',(11.2243570708007,0.887323837723595,-4.51342568931966));
#13681=CARTESIAN_POINT('Ctrl Pts',(11.3271482762418,0.724615621109246,-4.52224357660497));
#13682=CARTESIAN_POINT('Ctrl Pts',(11.4697757525067,0.360422693350202,-4.54247651703603));
#13683=CARTESIAN_POINT('Ctrl Pts',(11.5047165205679,0.161114398455689,-4.55354920008573));
#13684=CARTESIAN_POINT('Ctrl Pts',(11.4944613606605,-0.23175743416047,-4.57537541300885));
#13685=CARTESIAN_POINT('Ctrl Pts',(11.4523660474824,-0.421635508810544,
-4.58592419493385));
#13686=CARTESIAN_POINT('Ctrl Pts',(11.2976058646789,-0.777389409518537,
-4.60568830052873));
#13687=CARTESIAN_POINT('Ctrl Pts',(11.1855360714827,-0.939483271634024,
-4.61489096004492));
#13688=CARTESIAN_POINT('Ctrl Pts',(10.9036463804616,-1.21349687346659,-4.63606487306746));
#13689=CARTESIAN_POINT('Ctrl Pts',(10.7358723954166,-1.32198290482353,-4.64715040355755));
#13690=CARTESIAN_POINT('Ctrl Pts',(10.3746967643035,-1.4648951482614,-4.66849725875148));
#13691=CARTESIAN_POINT('Ctrl Pts',(10.185818855603,-1.50057678649115,-4.67854376429436));
#13692=CARTESIAN_POINT('Ctrl Pts',(9.80405749322727,-1.49940627481901,-4.69694378061864));
#13693=CARTESIAN_POINT('Ctrl Pts',(9.61461670938636,-1.46221328539442,-4.70709139317593));
#13694=CARTESIAN_POINT('Ctrl Pts',(9.25516248530186,-1.31674840974681,-4.72842633358586));
#13695=CARTESIAN_POINT('Ctrl Pts',(9.08926743828778,-1.20796540701542,-4.73942971283271));
#13696=CARTESIAN_POINT('Ctrl Pts',(8.94905609616572,-1.07028823734243,-4.75000000000009));
#13697=CARTESIAN_POINT('',(10.,-1.50000000000001,-4.75));
#13698=CARTESIAN_POINT('Origin',(10.,1.41553435639707E-14,-4.74999999999999));
#13699=CARTESIAN_POINT('Ctrl Pts',(9.99999999999913,-1.5,-4.75000000000005));
#13700=CARTESIAN_POINT('Ctrl Pts',(10.1255895199393,-1.50000000000007,-4.74395757140465));
#13701=CARTESIAN_POINT('Ctrl Pts',(10.2507308814189,-1.48422861589677,-4.73749861084036));
#13702=CARTESIAN_POINT('Ctrl Pts',(10.4985368493372,-1.42070122718309,-4.7238113909635));
#13703=CARTESIAN_POINT('Ctrl Pts',(10.6198343434766,-1.37212705522902,-4.71662618000144));
#13704=CARTESIAN_POINT('Ctrl Pts',(10.9083258766354,-1.2104484538323,-4.69825505237974));
#13705=CARTESIAN_POINT('Ctrl Pts',(11.0619008220634,-1.07825083374469,-4.68719401825923));
#13706=CARTESIAN_POINT('Ctrl Pts',(11.3017355126512,-0.769268115158225,
-4.66707211303419));
#13707=CARTESIAN_POINT('Ctrl Pts',(11.3888013055456,-0.597933807348888,
-4.65821854485274));
#13708=CARTESIAN_POINT('Ctrl Pts',(11.495484249408,-0.227244404456969,-4.63762468913652));
#13709=CARTESIAN_POINT('Ctrl Pts',(11.5123331114375,-0.0308942278626437,
-4.62671634599238));
#13710=CARTESIAN_POINT('Ctrl Pts',(11.4694815398784,0.360733570476433,-4.60495924608465));
#13711=CARTESIAN_POINT('Ctrl Pts',(11.4088028156369,0.552091678685792,-4.59432824007303));
#13712=CARTESIAN_POINT('Ctrl Pts',(11.2205015206609,0.892495877747804,-4.57541689568069));
#13713=CARTESIAN_POINT('Ctrl Pts',(11.0975935417275,1.03995516931373,-4.56558701697272));
#13714=CARTESIAN_POINT('Ctrl Pts',(10.7975174391253,1.28568595533751,-4.54432374358749));
#13715=CARTESIAN_POINT('Ctrl Pts',(10.6214508701799,1.37942897086947,-4.53324876418583));
#13716=CARTESIAN_POINT('Ctrl Pts',(10.2444986873023,1.4928755826989,-4.51196134905813));
#13717=CARTESIAN_POINT('Ctrl Pts',(10.0474891632961,1.51201493633908,-4.50261857166602));
#13718=CARTESIAN_POINT('Ctrl Pts',(9.66085558517198,1.47377647538471,-4.48295447549442));
#13719=CARTESIAN_POINT('Ctrl Pts',(9.47479068400493,1.41815824435774,-4.47245747290127));
#13720=CARTESIAN_POINT('Ctrl Pts',(9.12713776541182,1.23616912866612,-4.45067576084309));
#13721=CARTESIAN_POINT('Ctrl Pts',(8.97025468464088,1.10889196418845,-4.43959224330918));
#13722=CARTESIAN_POINT('Ctrl Pts',(8.72131971383391,0.807158859326236,-4.41923387880694));
#13723=CARTESIAN_POINT('Ctrl Pts',(8.62899538544012,0.637869113850251,-4.41043717299168));
#13724=CARTESIAN_POINT('Ctrl Pts',(8.52384951354157,0.308185521496491,-4.39212141786092));
#13725=CARTESIAN_POINT('Ctrl Pts',(8.5,0.154426772207714,-4.38357926512265));
#13726=CARTESIAN_POINT('Ctrl Pts',(8.5,-6.93889390390723E-16,-4.375));
#13727=CARTESIAN_POINT('Origin',(10.,6.93889390390723E-17,-6.09806372604691));
#13728=CARTESIAN_POINT('',(10.6443298834465,-1.07113911388665,-5.));
#13729=CARTESIAN_POINT('',(8.78412041694949,-0.290063509461163,-5.));
#13730=CARTESIAN_POINT('Origin',(9.99999999999998,-1.13797860024079E-14,
-4.99999999999999));
#13731=CARTESIAN_POINT('Ctrl Pts',(8.78412041694947,-0.290063509461163,
-4.99999999999999));
#13732=CARTESIAN_POINT('Ctrl Pts',(8.79336831497995,-0.402668090853589,
-4.98286548027303));
#13733=CARTESIAN_POINT('Ctrl Pts',(8.81855548790337,-0.513524868267334,
-4.96668035250675));
#13734=CARTESIAN_POINT('Ctrl Pts',(8.87348094514196,-0.657428766680883,
-4.94630258178761));
#13735=CARTESIAN_POINT('Ctrl Pts',(8.89036556196882,-0.695695745300903,
-4.94090840401214));
#13736=CARTESIAN_POINT('Ctrl Pts',(8.97645374420734,-0.87105264194039,-4.91484743980917));
#13737=CARTESIAN_POINT('Ctrl Pts',(9.06781875114683,-0.998034204940183,
-4.89302514868297));
#13738=CARTESIAN_POINT('Ctrl Pts',(9.28262868845915,-1.21034627359954,-4.85054699009318));
#13739=CARTESIAN_POINT('Ctrl Pts',(9.40267222397502,-1.29628843126461,-4.83014533678493));
#13740=CARTESIAN_POINT('Ctrl Pts',(9.60392124441673,-1.39681863214303,-4.8001776785817));
#13741=CARTESIAN_POINT('Ctrl Pts',(9.67666586925919,-1.42580180076185,-4.79005687278183));
#13742=CARTESIAN_POINT('Ctrl Pts',(9.79101809489918,-1.46056097182177,-4.77513315557713));
#13743=CARTESIAN_POINT('Ctrl Pts',(9.83106504321369,-1.47081735077962,-4.77008153382727));
#13744=CARTESIAN_POINT('Ctrl Pts',(9.92442725123966,-1.49036268626192,-4.75868779013612));
#13745=CARTESIAN_POINT('Ctrl Pts',(9.96639652896039,-1.49617473374205,-4.75382526625796));
#13746=CARTESIAN_POINT('Ctrl Pts',(10.,-1.50000000000001,-4.75));
#13747=CARTESIAN_POINT('Ctrl Pts',(8.94905609616687,-1.07028823734356,-4.75));
#13748=CARTESIAN_POINT('Ctrl Pts',(8.88048002431175,-0.998199014453058,
-4.75339109508933));
#13749=CARTESIAN_POINT('Ctrl Pts',(8.81918867282277,-0.919524387385814,
-4.75669843060152));
#13750=CARTESIAN_POINT('Ctrl Pts',(8.71097449305476,-0.748159557544319,
-4.7631589040441));
#13751=CARTESIAN_POINT('Ctrl Pts',(8.66466709958596,-0.655062197520237,
-4.76629029828746));
#13752=CARTESIAN_POINT('Ctrl Pts',(8.56186918253385,-0.376051172385046,
-4.77611622876661));
#13753=CARTESIAN_POINT('Ctrl Pts',(8.53173024571444,-0.183268031214154,
-4.78299012969882));
#13754=CARTESIAN_POINT('Ctrl Pts',(8.54781857072166,0.19183936578167,-4.79656675400034));
#13755=CARTESIAN_POINT('Ctrl Pts',(8.58965911926261,0.37084172856208,-4.80313791143504));
#13756=CARTESIAN_POINT('Ctrl Pts',(8.7282784194181,0.684306569655476,-4.81479257032263));
#13757=CARTESIAN_POINT('Ctrl Pts',(8.82969241906386,0.848554529634141,-4.82063380171928));
#13758=CARTESIAN_POINT('Ctrl Pts',(9.12090089114092,1.12410941382214,-4.83498378132651));
#13759=CARTESIAN_POINT('Ctrl Pts',(9.27900025841762,1.22349274924891,-4.84194571908824));
#13760=CARTESIAN_POINT('Ctrl Pts',(9.61234668683674,1.35071484274753,-4.85529047149639));
#13761=CARTESIAN_POINT('Ctrl Pts',(9.78278473237956,1.38205314022897,-4.86156680198945));
#13762=CARTESIAN_POINT('Ctrl Pts',(9.97651288258527,1.38188133934352,-4.86809170161775));
#13763=CARTESIAN_POINT('Ctrl Pts',(9.99866641785605,1.38135261176334,-4.86882232218483));
#13764=CARTESIAN_POINT('Ctrl Pts',(10.1834948329215,1.37240120630269,-4.87500432781037));
#13765=CARTESIAN_POINT('Ctrl Pts',(10.3435424249825,1.33518884446457,-4.88097594258612));
#13766=CARTESIAN_POINT('Ctrl Pts',(10.6530240524541,1.2012172822316,-4.89388665129064));
#13767=CARTESIAN_POINT('Ctrl Pts',(10.798071739099,1.10176683221065,-4.90074515506571));
#13768=CARTESIAN_POINT('Ctrl Pts',(10.9807336019928,0.91611676118869,-4.91071271756164));
#13769=CARTESIAN_POINT('Ctrl Pts',(11.0351796318909,0.849043997110775,-4.91394151311341));
#13770=CARTESIAN_POINT('Ctrl Pts',(11.132065905334,0.703223726200913,-4.92026008116464));
#13771=CARTESIAN_POINT('Ctrl Pts',(11.1745716303164,0.623441645351299,-4.92328285528754));
#13772=CARTESIAN_POINT('Ctrl Pts',(11.2679507966456,0.392153828008909,-4.93236789096539));
#13773=CARTESIAN_POINT('Ctrl Pts',(11.2999561328232,0.234795704048855,-4.93862633010872));
#13774=CARTESIAN_POINT('Ctrl Pts',(11.3057475717508,-0.0949774628164109,
-4.95194611175233));
#13775=CARTESIAN_POINT('Ctrl Pts',(11.2751627247682,-0.264473725604603,
-4.95890530450437));
#13776=CARTESIAN_POINT('Ctrl Pts',(11.1733401725867,-0.523458564831564,
-4.96970385822774));
#13777=CARTESIAN_POINT('Ctrl Pts',(11.1027417698804,-0.668286678049642,
-4.97517368734288));
#13778=CARTESIAN_POINT('Ctrl Pts',(10.8787277539701,-0.916282624157924,
-4.98824328631997));
#13779=CARTESIAN_POINT('Ctrl Pts',(10.767648972228,-1.00387908882771,-4.99406933563244));
#13780=CARTESIAN_POINT('Ctrl Pts',(10.644329883445,-1.07113911388744,-5.00000000000007));
#13781=CARTESIAN_POINT('Origin',(10.,-1.97758476261356E-15,-1.11180034750007));
#13782=CARTESIAN_POINT('',(7.75,1.07820162771162,0.167430854930704));
#13783=CARTESIAN_POINT('',(7.75,-1.07820162771163,0.167430854930704));
#13784=CARTESIAN_POINT('Ctrl Pts',(7.74999999999987,1.07820162771162,0.167430854930692));
#13785=CARTESIAN_POINT('Ctrl Pts',(7.74999999999987,0.101905922377729,-0.0761540675789283));
#13786=CARTESIAN_POINT('Ctrl Pts',(7.74999999999987,-0.955556563998336,
0.136831019063787));
#13787=CARTESIAN_POINT('Ctrl Pts',(7.74999999999987,-1.07820162771163,0.167430854930702));
#13788=CARTESIAN_POINT('',(7.94125000000001,1.40945634465917,0.167430854930701));
#13789=CARTESIAN_POINT('Ctrl Pts',(7.75,1.07820162771162,0.1674308549307));
#13790=CARTESIAN_POINT('Ctrl Pts',(7.75,1.08822882740562,0.169932632462967));
#13791=CARTESIAN_POINT('Ctrl Pts',(7.75039494983514,1.09830001494465,0.172268201928529));
#13792=CARTESIAN_POINT('Ctrl Pts',(7.75566690600961,1.16494227339007,0.1865478019635));
#13793=CARTESIAN_POINT('Ctrl Pts',(7.77351823958108,1.22142697967552,0.192779134401903));
#13794=CARTESIAN_POINT('Ctrl Pts',(7.82897232652383,1.31747627574771,0.192779134401904));
#13795=CARTESIAN_POINT('Ctrl Pts',(7.8689638503066,1.36117833725476,0.186547801963505));
#13796=CARTESIAN_POINT('Ctrl Pts',(7.92404176099867,1.3990651144522,0.172268201928533));
#13797=CARTESIAN_POINT('Ctrl Pts',(7.93256619033618,1.40444274481217,0.169932632462963));
#13798=CARTESIAN_POINT('Ctrl Pts',(7.94125000000001,1.40945634465917,0.167430854930694));
#13799=CARTESIAN_POINT('',(9.80874999999225,2.48765797236632,0.167430854928471));
#13800=CARTESIAN_POINT('Ctrl Pts',(9.80874999999219,2.48765797236642,0.167430854928496));
#13801=CARTESIAN_POINT('Ctrl Pts',(8.96325553214691,1.99951151375761,-0.0761533719469303));
#13802=CARTESIAN_POINT('Ctrl Pts',(8.04746658506355,1.47078051863815,0.136830199647584));
#13803=CARTESIAN_POINT('Ctrl Pts',(7.94124999999993,1.40945634465926,0.167430854930605));
#13804=CARTESIAN_POINT('',(10.19125,2.48765797237079,0.167430854930702));
#13805=CARTESIAN_POINT('Ctrl Pts',(9.80874999999225,2.48765797236632,0.167430854928472));
#13806=CARTESIAN_POINT('Ctrl Pts',(9.81743380965852,2.49267157221501,0.169932632461582));
#13807=CARTESIAN_POINT('Ctrl Pts',(9.82635318883376,2.49736512939557,0.172268201927895));
#13808=CARTESIAN_POINT('Ctrl Pts',(9.88670305570301,2.52612061064484,0.186547801963509));
#13809=CARTESIAN_POINT('Ctrl Pts',(9.94454591305725,2.53890325542325,0.192779134401916));
#13810=CARTESIAN_POINT('Ctrl Pts',(10.0554540869428,2.53890325542325,0.192779134401916));
#13811=CARTESIAN_POINT('Ctrl Pts',(10.113296944297,2.52612061064484,0.186547801963509));
#13812=CARTESIAN_POINT('Ctrl Pts',(10.1736468111635,2.49736512939686,0.172268201928537));
#13813=CARTESIAN_POINT('Ctrl Pts',(10.1825661903362,2.4926715722178,0.169932632462971));
#13814=CARTESIAN_POINT('Ctrl Pts',(10.19125,2.4876579723708,0.167430854930703));
#13815=CARTESIAN_POINT('',(12.0587499999922,1.40945634466364,0.167430854928471));
#13816=CARTESIAN_POINT('Ctrl Pts',(12.0587499999924,1.40945634466401,0.167430854928456));
#13817=CARTESIAN_POINT('Ctrl Pts',(11.2132555321468,1.89760280327304,-0.0761533719468779));
#13818=CARTESIAN_POINT('Ctrl Pts',(10.2974665850633,2.42633379839257,0.136830199647965));
#13819=CARTESIAN_POINT('Ctrl Pts',(10.1912500000002,2.48765797237113,0.167430854930822));
#13820=CARTESIAN_POINT('',(12.25,1.07820162771162,0.167430854930704));
#13821=CARTESIAN_POINT('Ctrl Pts',(12.0587499999922,1.40945634466366,0.167430854928468));
#13822=CARTESIAN_POINT('Ctrl Pts',(12.0674338096587,1.40444274481538,0.169932632461582));
#13823=CARTESIAN_POINT('Ctrl Pts',(12.0759582389988,1.39906511445392,0.172268201927899));
#13824=CARTESIAN_POINT('Ctrl Pts',(12.1310361496934,1.36117833725476,0.186547801963515));
#13825=CARTESIAN_POINT('Ctrl Pts',(12.1710276734762,1.31747627574772,0.19277913440193));
#13826=CARTESIAN_POINT('Ctrl Pts',(12.2264817604189,1.22142697967552,0.19277913440193));
#13827=CARTESIAN_POINT('Ctrl Pts',(12.2443330939904,1.16494227339007,0.186547801963508));
#13828=CARTESIAN_POINT('Ctrl Pts',(12.2496050501649,1.09830001494464,0.172268201928536));
#13829=CARTESIAN_POINT('Ctrl Pts',(12.25,1.08822882740562,0.169932632462973));
#13830=CARTESIAN_POINT('Ctrl Pts',(12.25,1.07820162771162,0.167430854930706));
#13831=CARTESIAN_POINT('',(12.25,-1.07820162771163,0.167430854930704));
#13832=CARTESIAN_POINT('Ctrl Pts',(12.2500000000004,1.07820162771161,0.167430854930734));
#13833=CARTESIAN_POINT('Ctrl Pts',(12.2500000000004,0.955556563999613,0.13683101906416));
#13834=CARTESIAN_POINT('Ctrl Pts',(12.2500000000004,-0.101905922376654,
-0.0761540675790152));
#13835=CARTESIAN_POINT('Ctrl Pts',(12.2500000000004,-1.07820162771162,0.167430854930741));
#13836=CARTESIAN_POINT('',(12.05875,-1.40945634465918,0.167430854930701));
#13837=CARTESIAN_POINT('Ctrl Pts',(12.25,-1.07820162771163,0.167430854930707));
#13838=CARTESIAN_POINT('Ctrl Pts',(12.25,-1.08822882740564,0.169932632462975));
#13839=CARTESIAN_POINT('Ctrl Pts',(12.2496050501649,-1.09830001494466,0.172268201928546));
#13840=CARTESIAN_POINT('Ctrl Pts',(12.2443330939904,-1.16494227339009,0.186547801963517));
#13841=CARTESIAN_POINT('Ctrl Pts',(12.2264817604189,-1.22142697967554,0.19277913440193));
#13842=CARTESIAN_POINT('Ctrl Pts',(12.1710276734762,-1.31747627574773,0.19277913440193));
#13843=CARTESIAN_POINT('Ctrl Pts',(12.1310361496934,-1.36117833725477,0.186547801963508));
#13844=CARTESIAN_POINT('Ctrl Pts',(12.0759582390013,-1.39906511445221,0.172268201928536));
#13845=CARTESIAN_POINT('Ctrl Pts',(12.0674338096638,-1.40444274481218,0.169932632462968));
#13846=CARTESIAN_POINT('Ctrl Pts',(12.05875,-1.40945634465918,0.1674308549307));
#13847=CARTESIAN_POINT('',(11.3136047870823,-1.8396661339226,0.032051722242904));
#13848=CARTESIAN_POINT('Ctrl Pts',(12.05875,-1.40945634465921,0.167430854930669));
#13849=CARTESIAN_POINT('Ctrl Pts',(11.9525334149364,-1.47078051863809,0.136830199647644));
#13850=CARTESIAN_POINT('Ctrl Pts',(11.5738874817892,-1.6893918500682,0.0487691202162801));
#13851=CARTESIAN_POINT('Ctrl Pts',(11.3136047870823,-1.8396661339226,0.032051722242904));
#13852=CARTESIAN_POINT('',(11.2813444213584,-1.79448640949261,1.11022302462516E-15));
#13853=CARTESIAN_POINT('',(10.1623067125414,-0.227305933494581,-1.11180034750007));
#13854=CARTESIAN_POINT('',(7.795,-4.23990565700729E-15,0.));
#13855=CARTESIAN_POINT('Origin',(10.,-2.45850832763142E-16,0.));
#13856=CARTESIAN_POINT('Origin',(10.,-2.45850832763142E-16,0.));
#13857=CARTESIAN_POINT('',(10.1912500000077,-2.48765797236633,0.16743085492847));
#13858=CARTESIAN_POINT('Ctrl Pts',(11.3136047870823,-1.8396661339226,0.032051722242904));
#13859=CARTESIAN_POINT('Ctrl Pts',(10.7800977696077,-2.14768655407616,-0.00221428665468549));
#13860=CARTESIAN_POINT('Ctrl Pts',(10.1912500000077,-2.48765797236641,0.167430854928321));
#13861=CARTESIAN_POINT('',(9.80874999999999,-2.4876579723708,0.167430854930701));
#13862=CARTESIAN_POINT('Ctrl Pts',(10.1912500000077,-2.48765797236635,0.167430854928484));
#13863=CARTESIAN_POINT('Ctrl Pts',(10.1825661903415,-2.49267157221503,0.169932632461591));
#13864=CARTESIAN_POINT('Ctrl Pts',(10.1736468111662,-2.49736512939558,0.172268201927902));
#13865=CARTESIAN_POINT('Ctrl Pts',(10.113296944297,-2.52612061064485,0.186547801963512));
#13866=CARTESIAN_POINT('Ctrl Pts',(10.0554540869428,-2.53890325542326,0.192779134401922));
#13867=CARTESIAN_POINT('Ctrl Pts',(9.94454591305725,-2.53890325542326,0.192779134401922));
#13868=CARTESIAN_POINT('Ctrl Pts',(9.88670305570301,-2.52612061064485,0.186547801963512));
#13869=CARTESIAN_POINT('Ctrl Pts',(9.82635318883646,-2.49736512939687,0.172268201928539));
#13870=CARTESIAN_POINT('Ctrl Pts',(9.81743380966382,-2.49267157221781,0.169932632462973));
#13871=CARTESIAN_POINT('Ctrl Pts',(9.80874999999999,-2.4876579723708,0.167430854930705));
#13872=CARTESIAN_POINT('',(7.94125000000775,-1.40945634466365,0.167430854928471));
#13873=CARTESIAN_POINT('Ctrl Pts',(9.8087500000001,-2.48765797237069,0.167430854930522));
#13874=CARTESIAN_POINT('Ctrl Pts',(9.70253341493606,-2.42633379839157,0.13683019964737));
#13875=CARTESIAN_POINT('Ctrl Pts',(8.78674446785274,-1.89760280327212,-0.076153371947011));
#13876=CARTESIAN_POINT('Ctrl Pts',(7.9412500000078,-1.40945634466351,0.167430854928336));
#13877=CARTESIAN_POINT('Ctrl Pts',(7.94125000000775,-1.40945634466365,0.167430854928468));
#13878=CARTESIAN_POINT('Ctrl Pts',(7.93256619034125,-1.40444274481538,0.169932632461579));
#13879=CARTESIAN_POINT('Ctrl Pts',(7.92404176100115,-1.39906511445391,0.172268201927892));
#13880=CARTESIAN_POINT('Ctrl Pts',(7.8689638503066,-1.36117833725477,0.186547801963505));
#13881=CARTESIAN_POINT('Ctrl Pts',(7.82897232652383,-1.31747627574772,0.192779134401905));
#13882=CARTESIAN_POINT('Ctrl Pts',(7.77351823958107,-1.22142697967553,0.192779134401905));
#13883=CARTESIAN_POINT('Ctrl Pts',(7.75566690600961,-1.16494227339009,0.186547801963506));
#13884=CARTESIAN_POINT('Ctrl Pts',(7.75039494983514,-1.09830001494466,0.172268201928534));
#13885=CARTESIAN_POINT('Ctrl Pts',(7.75,-1.08822882740563,0.169932632462972));
#13886=CARTESIAN_POINT('Ctrl Pts',(7.75,-1.07820162771163,0.167430854930705));
#13887=CARTESIAN_POINT('Origin',(8.3619304323296,-1.43081683129597,-5.));
#13888=CARTESIAN_POINT('',(9.99999999999998,-1.17524047358085,-5.));
#13889=CARTESIAN_POINT('Ctrl Pts',(10.644338987182,-1.07113497601277,-5.));
#13890=CARTESIAN_POINT('Ctrl Pts',(10.5440050738937,-1.11673874287806,-5.));
#13891=CARTESIAN_POINT('Ctrl Pts',(10.4380540912739,-1.14875076448289,-4.99999999566118));
#13892=CARTESIAN_POINT('Ctrl Pts',(10.2203802376671,-1.18392468893706,-4.99999999566118));
#13893=CARTESIAN_POINT('Ctrl Pts',(10.1096697025943,-1.18690507596007,-5.));
#13894=CARTESIAN_POINT('Ctrl Pts',(9.99999999999998,-1.17524047358084,-5.));
#13895=CARTESIAN_POINT('',(9.17659212583488,-0.838564036615816,-5.));
#13896=CARTESIAN_POINT('Origin',(10.,-1.80411241501588E-15,-5.00000000000001));
#13897=CARTESIAN_POINT('Ctrl Pts',(9.17659212583488,-0.838564036615818,
-5.));
#13898=CARTESIAN_POINT('Ctrl Pts',(9.09851202438752,-0.778225572908694,
-5.));
#13899=CARTESIAN_POINT('Ctrl Pts',(9.02865043451385,-0.707952532814371,
-5.));
#13900=CARTESIAN_POINT('Ctrl Pts',(8.9593649481068,-0.617298198088506,-5.));
#13901=CARTESIAN_POINT('Ctrl Pts',(8.95036011164251,-0.604979393142242,
-5.00000000000001));
#13902=CARTESIAN_POINT('Ctrl Pts',(8.87589705237352,-0.499348593506461,
-5.00000000000001));
#13903=CARTESIAN_POINT('Ctrl Pts',(8.82288050353553,-0.397568704911158,
-5.));
#13904=CARTESIAN_POINT('Ctrl Pts',(8.78412041694949,-0.290063509461163,
-5.));
#13905=CARTESIAN_POINT('Origin',(7.35388,-2.64612,-2.07615032504948E-16));
#13906=CARTESIAN_POINT('Ctrl Pts',(10.,1.52706329386826,-5.453125));
#13907=CARTESIAN_POINT('Ctrl Pts',(10.,1.1752404735808,-5.24999999999998));
#13908=CARTESIAN_POINT('Ctrl Pts',(9.11834959621556,1.52706329386826,-5.41145833333333));
#13909=CARTESIAN_POINT('Ctrl Pts',(9.32147459621558,1.1752404735808,-5.20833333333331));
#13910=CARTESIAN_POINT('Ctrl Pts',(8.67752439432334,0.763531646934129,-5.36979166666666));
#13911=CARTESIAN_POINT('Ctrl Pts',(8.98221189432337,0.587620236790398,-5.16666666666665));
#13912=CARTESIAN_POINT('Ctrl Pts',(8.23669919243112,-5.95778990892362E-15,
-5.328125));
#13913=CARTESIAN_POINT('Ctrl Pts',(8.64294919243116,-5.97022772797746E-15,
-5.12499999999998));
#13914=CARTESIAN_POINT('Ctrl Pts',(8.67752439432334,-0.76353164693414,-5.28645833333333));
#13915=CARTESIAN_POINT('Ctrl Pts',(8.98221189432337,-0.58762023679041,-5.08333333333331));
#13916=CARTESIAN_POINT('Ctrl Pts',(9.11834959621556,-1.52706329386827,-5.24479166666667));
#13917=CARTESIAN_POINT('Ctrl Pts',(9.32147459621558,-1.17524047358081,-5.04166666666664));
#13918=CARTESIAN_POINT('Ctrl Pts',(10.,-1.52706329386828,-5.203125));
#13919=CARTESIAN_POINT('Ctrl Pts',(10.,-1.17524047358081,-4.99999999999998));
#13920=CARTESIAN_POINT('Ctrl Pts',(10.8816504037844,-1.52706329386828,-5.16145833333333));
#13921=CARTESIAN_POINT('Ctrl Pts',(10.6785254037844,-1.17524047358081,-4.95833333333331));
#13922=CARTESIAN_POINT('Ctrl Pts',(11.3224756056767,-0.763531646934141,
-5.11979166666667));
#13923=CARTESIAN_POINT('Ctrl Pts',(11.0177881056766,-0.58762023679041,-4.91666666666664));
#13924=CARTESIAN_POINT('Ctrl Pts',(11.7633008075689,-6.37436596191892E-15,
-5.078125));
#13925=CARTESIAN_POINT('Ctrl Pts',(11.3570508075688,-6.28730122854203E-15,
-4.87499999999998));
#13926=CARTESIAN_POINT('Ctrl Pts',(11.3224756056767,0.763531646934127,-5.03645833333333));
#13927=CARTESIAN_POINT('Ctrl Pts',(11.0177881056766,0.587620236790397,-4.83333333333331));
#13928=CARTESIAN_POINT('Ctrl Pts',(10.8816504037844,1.52706329386826,-4.99479166666666));
#13929=CARTESIAN_POINT('Ctrl Pts',(10.6785254037844,1.1752404735808,-4.79166666666665));
#13930=CARTESIAN_POINT('Ctrl Pts',(10.,1.52706329386826,-4.953125));
#13931=CARTESIAN_POINT('Ctrl Pts',(10.,1.1752404735808,-4.74999999999998));
#13932=CARTESIAN_POINT('Ctrl Pts',(9.11834959621556,1.52706329386826,-4.91145833333333));
#13933=CARTESIAN_POINT('Ctrl Pts',(9.32147459621558,1.1752404735808,-4.70833333333331));
#13934=CARTESIAN_POINT('Ctrl Pts',(8.67752439432334,0.763531646934129,-4.86979166666666));
#13935=CARTESIAN_POINT('Ctrl Pts',(8.98221189432337,0.587620236790398,-4.66666666666664));
#13936=CARTESIAN_POINT('Ctrl Pts',(8.23669919243112,-5.92717373894494E-15,
-4.828125));
#13937=CARTESIAN_POINT('Ctrl Pts',(8.64294919243116,-5.93961155799878E-15,
-4.62499999999998));
#13938=CARTESIAN_POINT('Ctrl Pts',(8.67752439432334,-0.76353164693414,-4.78645833333333));
#13939=CARTESIAN_POINT('Ctrl Pts',(8.98221189432337,-0.58762023679041,-4.58333333333331));
#13940=CARTESIAN_POINT('Ctrl Pts',(9.11834959621556,-1.52706329386827,-4.74479166666667));
#13941=CARTESIAN_POINT('Ctrl Pts',(9.32147459621558,-1.17524047358081,-4.54166666666665));
#13942=CARTESIAN_POINT('Ctrl Pts',(10.,-1.52706329386828,-4.703125));
#13943=CARTESIAN_POINT('Ctrl Pts',(10.,-1.17524047358081,-4.49999999999998));
#13944=CARTESIAN_POINT('Ctrl Pts',(10.8816504037844,-1.52706329386828,-4.66145833333333));
#13945=CARTESIAN_POINT('Ctrl Pts',(10.6785254037844,-1.17524047358081,-4.45833333333331));
#13946=CARTESIAN_POINT('Ctrl Pts',(11.3224756056767,-0.763531646934141,
-4.61979166666666));
#13947=CARTESIAN_POINT('Ctrl Pts',(11.0177881056766,-0.58762023679041,-4.41666666666665));
#13948=CARTESIAN_POINT('Ctrl Pts',(11.7633008075689,-6.34374979194023E-15,
-4.578125));
#13949=CARTESIAN_POINT('Ctrl Pts',(11.3570508075688,-6.25668505856334E-15,
-4.37499999999998));
#13950=CARTESIAN_POINT('Ctrl Pts',(11.3224756056767,0.763531646934127,-4.53645833333333));
#13951=CARTESIAN_POINT('Ctrl Pts',(11.0177881056766,0.587620236790397,-4.33333333333331));
#13952=CARTESIAN_POINT('Ctrl Pts',(10.8816504037844,1.52706329386826,-4.49479166666666));
#13953=CARTESIAN_POINT('Ctrl Pts',(10.6785254037844,1.1752404735808,-4.29166666666664));
#13954=CARTESIAN_POINT('Ctrl Pts',(10.,1.52706329386826,-4.453125));
#13955=CARTESIAN_POINT('Ctrl Pts',(10.,1.1752404735808,-4.24999999999998));
#13956=CARTESIAN_POINT('Ctrl Pts',(9.11834959621556,1.52706329386826,-4.41145833333333));
#13957=CARTESIAN_POINT('Ctrl Pts',(9.32147459621558,1.1752404735808,-4.20833333333331));
#13958=CARTESIAN_POINT('Ctrl Pts',(8.67752439432334,0.763531646934129,-4.36979166666667));
#13959=CARTESIAN_POINT('Ctrl Pts',(8.98221189432337,0.587620236790398,-4.16666666666665));
#13960=CARTESIAN_POINT('Ctrl Pts',(8.23669919243112,-5.89655756896626E-15,
-4.328125));
#13961=CARTESIAN_POINT('Ctrl Pts',(8.64294919243116,-5.9089953880201E-15,
-4.12499999999998));
#13962=CARTESIAN_POINT('Ctrl Pts',(8.67752439432334,-0.76353164693414,-4.28645833333333));
#13963=CARTESIAN_POINT('Ctrl Pts',(8.98221189432337,-0.58762023679041,-4.08333333333331));
#13964=CARTESIAN_POINT('Ctrl Pts',(9.11834959621556,-1.52706329386827,-4.24479166666666));
#13965=CARTESIAN_POINT('Ctrl Pts',(9.32147459621558,-1.17524047358081,-4.04166666666664));
#13966=CARTESIAN_POINT('Ctrl Pts',(10.,-1.52706329386828,-4.203125));
#13967=CARTESIAN_POINT('Ctrl Pts',(10.,-1.17524047358081,-3.99999999999998));
#13968=CARTESIAN_POINT('Ctrl Pts',(10.8816504037844,-1.52706329386828,-4.16145833333333));
#13969=CARTESIAN_POINT('Ctrl Pts',(10.6785254037844,-1.17524047358081,-3.95833333333331));
#13970=CARTESIAN_POINT('Ctrl Pts',(11.3224756056767,-0.763531646934141,
-4.11979166666666));
#13971=CARTESIAN_POINT('Ctrl Pts',(11.0177881056766,-0.58762023679041,-3.91666666666665));
#13972=CARTESIAN_POINT('Ctrl Pts',(11.7633008075689,-6.31313362196155E-15,
-4.078125));
#13973=CARTESIAN_POINT('Ctrl Pts',(11.3570508075688,-6.22606888858466E-15,
-3.87499999999998));
#13974=CARTESIAN_POINT('Ctrl Pts',(11.3224756056767,0.763531646934127,-4.03645833333333));
#13975=CARTESIAN_POINT('Ctrl Pts',(11.0177881056766,0.587620236790397,-3.83333333333331));
#13976=CARTESIAN_POINT('Ctrl Pts',(10.8816504037844,1.52706329386826,-3.99479166666666));
#13977=CARTESIAN_POINT('Ctrl Pts',(10.6785254037844,1.1752404735808,-3.79166666666665));
#13978=CARTESIAN_POINT('Ctrl Pts',(10.,1.52706329386826,-3.953125));
#13979=CARTESIAN_POINT('Ctrl Pts',(10.,1.1752404735808,-3.74999999999998));
#13980=CARTESIAN_POINT('Ctrl Pts',(9.11834959621556,1.52706329386826,-3.91145833333333));
#13981=CARTESIAN_POINT('Ctrl Pts',(9.32147459621558,1.1752404735808,-3.70833333333331));
#13982=CARTESIAN_POINT('Ctrl Pts',(8.67752439432334,0.763531646934129,-3.86979166666666));
#13983=CARTESIAN_POINT('Ctrl Pts',(8.98221189432337,0.587620236790398,-3.66666666666664));
#13984=CARTESIAN_POINT('Ctrl Pts',(8.23669919243112,-5.86594139898757E-15,
-3.828125));
#13985=CARTESIAN_POINT('Ctrl Pts',(8.64294919243116,-5.87837921804141E-15,
-3.62499999999998));
#13986=CARTESIAN_POINT('Ctrl Pts',(8.67752439432334,-0.76353164693414,-3.78645833333333));
#13987=CARTESIAN_POINT('Ctrl Pts',(8.98221189432337,-0.58762023679041,-3.58333333333331));
#13988=CARTESIAN_POINT('Ctrl Pts',(9.11834959621556,-1.52706329386827,-3.74479166666666));
#13989=CARTESIAN_POINT('Ctrl Pts',(9.32147459621558,-1.17524047358081,-3.54166666666664));
#13990=CARTESIAN_POINT('Ctrl Pts',(10.,-1.52706329386828,-3.703125));
#13991=CARTESIAN_POINT('Ctrl Pts',(10.,-1.17524047358081,-3.49999999999998));
#13992=CARTESIAN_POINT('Ctrl Pts',(10.8816504037844,-1.52706329386828,-3.66145833333333));
#13993=CARTESIAN_POINT('Ctrl Pts',(10.6785254037844,-1.17524047358081,-3.45833333333331));
#13994=CARTESIAN_POINT('Ctrl Pts',(11.3224756056767,-0.763531646934141,
-3.61979166666666));
#13995=CARTESIAN_POINT('Ctrl Pts',(11.0177881056766,-0.58762023679041,-3.41666666666664));
#13996=CARTESIAN_POINT('Ctrl Pts',(11.7633008075689,-6.28251745198286E-15,
-3.578125));
#13997=CARTESIAN_POINT('Ctrl Pts',(11.3570508075688,-6.19545271860597E-15,
-3.37499999999998));
#13998=CARTESIAN_POINT('Ctrl Pts',(11.3224756056767,0.763531646934127,-3.53645833333333));
#13999=CARTESIAN_POINT('Ctrl Pts',(11.0177881056766,0.587620236790397,-3.33333333333331));
#14000=CARTESIAN_POINT('Ctrl Pts',(10.8816504037844,1.52706329386826,-3.49479166666667));
#14001=CARTESIAN_POINT('Ctrl Pts',(10.6785254037844,1.1752404735808,-3.29166666666664));
#14002=CARTESIAN_POINT('Ctrl Pts',(10.,1.52706329386826,-3.453125));
#14003=CARTESIAN_POINT('Ctrl Pts',(10.,1.1752404735808,-3.24999999999998));
#14004=CARTESIAN_POINT('Ctrl Pts',(9.11834959621556,1.52706329386826,-3.41145833333333));
#14005=CARTESIAN_POINT('Ctrl Pts',(9.32147459621558,1.1752404735808,-3.20833333333331));
#14006=CARTESIAN_POINT('Ctrl Pts',(8.67752439432334,0.763531646934129,-3.36979166666667));
#14007=CARTESIAN_POINT('Ctrl Pts',(8.98221189432337,0.587620236790398,-3.16666666666665));
#14008=CARTESIAN_POINT('Ctrl Pts',(8.23669919243112,-5.83532522900889E-15,
-3.328125));
#14009=CARTESIAN_POINT('Ctrl Pts',(8.64294919243116,-5.84776304806273E-15,
-3.12499999999998));
#14010=CARTESIAN_POINT('Ctrl Pts',(8.67752439432334,-0.76353164693414,-3.28645833333333));
#14011=CARTESIAN_POINT('Ctrl Pts',(8.98221189432337,-0.58762023679041,-3.08333333333331));
#14012=CARTESIAN_POINT('Ctrl Pts',(9.11834959621556,-1.52706329386827,-3.24479166666666));
#14013=CARTESIAN_POINT('Ctrl Pts',(9.32147459621558,-1.17524047358081,-3.04166666666665));
#14014=CARTESIAN_POINT('Ctrl Pts',(10.,-1.52706329386828,-3.203125));
#14015=CARTESIAN_POINT('Ctrl Pts',(10.,-1.17524047358081,-2.99999999999998));
#14016=CARTESIAN_POINT('Ctrl Pts',(10.8816504037844,-1.52706329386828,-3.16145833333333));
#14017=CARTESIAN_POINT('Ctrl Pts',(10.6785254037844,-1.17524047358081,-2.95833333333331));
#14018=CARTESIAN_POINT('Ctrl Pts',(11.3224756056767,-0.763531646934141,
-3.11979166666666));
#14019=CARTESIAN_POINT('Ctrl Pts',(11.0177881056766,-0.58762023679041,-2.91666666666665));
#14020=CARTESIAN_POINT('Ctrl Pts',(11.7633008075689,-6.25190128200418E-15,
-3.078125));
#14021=CARTESIAN_POINT('Ctrl Pts',(11.3570508075688,-6.16483654862729E-15,
-2.87499999999998));
#14022=CARTESIAN_POINT('Ctrl Pts',(11.3224756056767,0.763531646934127,-3.03645833333333));
#14023=CARTESIAN_POINT('Ctrl Pts',(11.0177881056766,0.587620236790397,-2.83333333333331));
#14024=CARTESIAN_POINT('Ctrl Pts',(10.8816504037844,1.52706329386826,-2.99479166666666));
#14025=CARTESIAN_POINT('Ctrl Pts',(10.6785254037844,1.1752404735808,-2.79166666666664));
#14026=CARTESIAN_POINT('Ctrl Pts',(10.,1.52706329386826,-2.953125));
#14027=CARTESIAN_POINT('Ctrl Pts',(10.,1.1752404735808,-2.74999999999998));
#14028=CARTESIAN_POINT('Ctrl Pts',(9.11834959621556,1.52706329386826,-2.91145833333333));
#14029=CARTESIAN_POINT('Ctrl Pts',(9.32147459621558,1.1752404735808,-2.70833333333331));
#14030=CARTESIAN_POINT('Ctrl Pts',(8.67752439432334,0.763531646934129,-2.86979166666666));
#14031=CARTESIAN_POINT('Ctrl Pts',(8.98221189432337,0.587620236790398,-2.66666666666664));
#14032=CARTESIAN_POINT('Ctrl Pts',(8.23669919243112,-5.8047090590302E-15,
-2.828125));
#14033=CARTESIAN_POINT('Ctrl Pts',(8.64294919243116,-5.81714687808404E-15,
-2.62499999999998));
#14034=CARTESIAN_POINT('Ctrl Pts',(8.67752439432334,-0.76353164693414,-2.78645833333333));
#14035=CARTESIAN_POINT('Ctrl Pts',(8.98221189432337,-0.587620236790409,
-2.58333333333331));
#14036=CARTESIAN_POINT('Ctrl Pts',(9.11834959621556,-1.52706329386827,-2.74479166666666));
#14037=CARTESIAN_POINT('Ctrl Pts',(9.32147459621558,-1.17524047358081,-2.54166666666665));
#14038=CARTESIAN_POINT('Ctrl Pts',(10.,-1.52706329386828,-2.703125));
#14039=CARTESIAN_POINT('Ctrl Pts',(10.,-1.17524047358081,-2.49999999999998));
#14040=CARTESIAN_POINT('Ctrl Pts',(10.8816504037844,-1.52706329386828,-2.66145833333333));
#14041=CARTESIAN_POINT('Ctrl Pts',(10.6785254037844,-1.17524047358081,-2.45833333333331));
#14042=CARTESIAN_POINT('Ctrl Pts',(11.3224756056767,-0.763531646934141,
-2.61979166666666));
#14043=CARTESIAN_POINT('Ctrl Pts',(11.0177881056766,-0.58762023679041,-2.41666666666665));
#14044=CARTESIAN_POINT('Ctrl Pts',(11.7633008075689,-6.22128511202549E-15,
-2.578125));
#14045=CARTESIAN_POINT('Ctrl Pts',(11.3570508075688,-6.13422037864861E-15,
-2.37499999999998));
#14046=CARTESIAN_POINT('Ctrl Pts',(11.3224756056767,0.763531646934128,-2.53645833333333));
#14047=CARTESIAN_POINT('Ctrl Pts',(11.0177881056766,0.587620236790397,-2.33333333333331));
#14048=CARTESIAN_POINT('Ctrl Pts',(10.8816504037844,1.52706329386826,-2.49479166666667));
#14049=CARTESIAN_POINT('Ctrl Pts',(10.6785254037844,1.1752404735808,-2.29166666666664));
#14050=CARTESIAN_POINT('Ctrl Pts',(10.,1.52706329386826,-2.453125));
#14051=CARTESIAN_POINT('Ctrl Pts',(10.,1.1752404735808,-2.24999999999998));
#14052=CARTESIAN_POINT('Ctrl Pts',(9.11834959621556,1.52706329386826,-2.41145833333333));
#14053=CARTESIAN_POINT('Ctrl Pts',(9.32147459621558,1.1752404735808,-2.20833333333331));
#14054=CARTESIAN_POINT('Ctrl Pts',(8.67752439432334,0.763531646934129,-2.36979166666666));
#14055=CARTESIAN_POINT('Ctrl Pts',(8.98221189432337,0.587620236790398,-2.16666666666665));
#14056=CARTESIAN_POINT('Ctrl Pts',(8.23669919243112,-5.77409288905152E-15,
-2.328125));
#14057=CARTESIAN_POINT('Ctrl Pts',(8.64294919243116,-5.78653070810536E-15,
-2.12499999999998));
#14058=CARTESIAN_POINT('Ctrl Pts',(8.67752439432334,-0.76353164693414,-2.28645833333333));
#14059=CARTESIAN_POINT('Ctrl Pts',(8.98221189432337,-0.587620236790409,
-2.08333333333331));
#14060=CARTESIAN_POINT('Ctrl Pts',(9.11834959621556,-1.52706329386827,-2.24479166666666));
#14061=CARTESIAN_POINT('Ctrl Pts',(9.32147459621558,-1.17524047358081,-2.04166666666664));
#14062=CARTESIAN_POINT('Ctrl Pts',(10.,-1.52706329386828,-2.203125));
#14063=CARTESIAN_POINT('Ctrl Pts',(10.,-1.17524047358081,-1.99999999999998));
#14064=CARTESIAN_POINT('Ctrl Pts',(10.8816504037844,-1.52706329386828,-2.16145833333333));
#14065=CARTESIAN_POINT('Ctrl Pts',(10.6785254037844,-1.17524047358081,-1.95833333333331));
#14066=CARTESIAN_POINT('Ctrl Pts',(11.3224756056767,-0.763531646934141,
-2.11979166666666));
#14067=CARTESIAN_POINT('Ctrl Pts',(11.0177881056766,-0.58762023679041,-1.91666666666664));
#14068=CARTESIAN_POINT('Ctrl Pts',(11.7633008075689,-6.19066894204681E-15,
-2.078125));
#14069=CARTESIAN_POINT('Ctrl Pts',(11.3570508075688,-6.10360420866992E-15,
-1.87499999999998));
#14070=CARTESIAN_POINT('Ctrl Pts',(11.3224756056767,0.763531646934128,-2.03645833333333));
#14071=CARTESIAN_POINT('Ctrl Pts',(11.0177881056766,0.587620236790397,-1.83333333333331));
#14072=CARTESIAN_POINT('Ctrl Pts',(10.8816504037844,1.52706329386826,-1.99479166666666));
#14073=CARTESIAN_POINT('Ctrl Pts',(10.6785254037844,1.1752404735808,-1.79166666666665));
#14074=CARTESIAN_POINT('Ctrl Pts',(10.,1.52706329386826,-1.953125));
#14075=CARTESIAN_POINT('Ctrl Pts',(10.,1.1752404735808,-1.74999999999998));
#14076=CARTESIAN_POINT('Ctrl Pts',(9.11834959621556,1.52706329386826,-1.91145833333333));
#14077=CARTESIAN_POINT('Ctrl Pts',(9.32147459621558,1.1752404735808,-1.70833333333331));
#14078=CARTESIAN_POINT('Ctrl Pts',(8.67752439432334,0.763531646934129,-1.86979166666666));
#14079=CARTESIAN_POINT('Ctrl Pts',(8.98221189432337,0.587620236790398,-1.66666666666664));
#14080=CARTESIAN_POINT('Ctrl Pts',(8.23669919243112,-5.74347671907284E-15,
-1.828125));
#14081=CARTESIAN_POINT('Ctrl Pts',(8.64294919243116,-5.75591453812668E-15,
-1.62499999999998));
#14082=CARTESIAN_POINT('Ctrl Pts',(8.67752439432334,-0.76353164693414,-1.78645833333333));
#14083=CARTESIAN_POINT('Ctrl Pts',(8.98221189432337,-0.587620236790409,
-1.58333333333331));
#14084=CARTESIAN_POINT('Ctrl Pts',(9.11834959621556,-1.52706329386827,-1.74479166666666));
#14085=CARTESIAN_POINT('Ctrl Pts',(9.32147459621558,-1.17524047358081,-1.54166666666665));
#14086=CARTESIAN_POINT('Ctrl Pts',(10.,-1.52706329386828,-1.703125));
#14087=CARTESIAN_POINT('Ctrl Pts',(10.,-1.17524047358081,-1.49999999999998));
#14088=CARTESIAN_POINT('Ctrl Pts',(10.8816504037844,-1.52706329386828,-1.66145833333333));
#14089=CARTESIAN_POINT('Ctrl Pts',(10.6785254037844,-1.17524047358081,-1.45833333333331));
#14090=CARTESIAN_POINT('Ctrl Pts',(11.3224756056767,-0.763531646934141,
-1.61979166666666));
#14091=CARTESIAN_POINT('Ctrl Pts',(11.0177881056766,-0.58762023679041,-1.41666666666665));
#14092=CARTESIAN_POINT('Ctrl Pts',(11.7633008075689,-6.16005277206813E-15,
-1.578125));
#14093=CARTESIAN_POINT('Ctrl Pts',(11.3570508075688,-6.07298803869124E-15,
-1.37499999999998));
#14094=CARTESIAN_POINT('Ctrl Pts',(11.3224756056767,0.763531646934128,-1.53645833333333));
#14095=CARTESIAN_POINT('Ctrl Pts',(11.0177881056766,0.587620236790397,-1.33333333333331));
#14096=CARTESIAN_POINT('Ctrl Pts',(10.8816504037844,1.52706329386826,-1.49479166666667));
#14097=CARTESIAN_POINT('Ctrl Pts',(10.6785254037844,1.1752404735808,-1.29166666666665));
#14098=CARTESIAN_POINT('Ctrl Pts',(10.,1.52706329386826,-1.453125));
#14099=CARTESIAN_POINT('Ctrl Pts',(10.,1.1752404735808,-1.24999999999998));
#14100=CARTESIAN_POINT('Ctrl Pts',(9.11834959621556,1.52706329386826,-1.41145833333333));
#14101=CARTESIAN_POINT('Ctrl Pts',(9.32147459621558,1.1752404735808,-1.20833333333331));
#14102=CARTESIAN_POINT('Ctrl Pts',(8.67752439432334,0.763531646934129,-1.36979166666666));
#14103=CARTESIAN_POINT('Ctrl Pts',(8.98221189432337,0.587620236790398,-1.16666666666665));
#14104=CARTESIAN_POINT('Ctrl Pts',(8.23669919243112,-5.71286054909415E-15,
-1.328125));
#14105=CARTESIAN_POINT('Ctrl Pts',(8.64294919243116,-5.72529836814799E-15,
-1.12499999999998));
#14106=CARTESIAN_POINT('Ctrl Pts',(8.67752439432334,-0.76353164693414,-1.28645833333333));
#14107=CARTESIAN_POINT('Ctrl Pts',(8.98221189432337,-0.587620236790409,
-1.08333333333331));
#14108=CARTESIAN_POINT('Ctrl Pts',(9.11834959621556,-1.52706329386827,-1.24479166666666));
#14109=CARTESIAN_POINT('Ctrl Pts',(9.32147459621558,-1.17524047358081,-1.04166666666665));
#14110=CARTESIAN_POINT('Ctrl Pts',(10.,-1.52706329386828,-1.203125));
#14111=CARTESIAN_POINT('Ctrl Pts',(10.,-1.17524047358081,-0.999999999999979));
#14112=CARTESIAN_POINT('Ctrl Pts',(10.8816504037844,-1.52706329386828,-1.16145833333333));
#14113=CARTESIAN_POINT('Ctrl Pts',(10.6785254037844,-1.17524047358081,-0.958333333333312));
#14114=CARTESIAN_POINT('Ctrl Pts',(11.3224756056767,-0.763531646934141,
-1.11979166666666));
#14115=CARTESIAN_POINT('Ctrl Pts',(11.0177881056766,-0.58762023679041,-0.916666666666645));
#14116=CARTESIAN_POINT('Ctrl Pts',(11.7633008075689,-6.12943660208945E-15,
-1.078125));
#14117=CARTESIAN_POINT('Ctrl Pts',(11.3570508075688,-6.04237186871255E-15,
-0.874999999999979));
#14118=CARTESIAN_POINT('Ctrl Pts',(11.3224756056767,0.763531646934128,-1.03645833333333));
#14119=CARTESIAN_POINT('Ctrl Pts',(11.0177881056766,0.587620236790397,-0.833333333333311));
#14120=CARTESIAN_POINT('Ctrl Pts',(10.8816504037844,1.52706329386826,-0.994791666666665));
#14121=CARTESIAN_POINT('Ctrl Pts',(10.6785254037844,1.1752404735808,-0.791666666666645));
#14122=CARTESIAN_POINT('Ctrl Pts',(10.,1.52706329386826,-0.953124999999998));
#14123=CARTESIAN_POINT('Ctrl Pts',(10.,1.1752404735808,-0.749999999999979));
#14124=CARTESIAN_POINT('Ctrl Pts',(9.11834959621556,1.52706329386826,-0.911458333333331));
#14125=CARTESIAN_POINT('Ctrl Pts',(9.32147459621558,1.1752404735808,-0.708333333333311));
#14126=CARTESIAN_POINT('Ctrl Pts',(8.67752439432334,0.763531646934129,-0.869791666666665));
#14127=CARTESIAN_POINT('Ctrl Pts',(8.98221189432337,0.587620236790398,-0.666666666666645));
#14128=CARTESIAN_POINT('Ctrl Pts',(8.23669919243112,-5.68224437911547E-15,
-0.828124999999998));
#14129=CARTESIAN_POINT('Ctrl Pts',(8.64294919243116,-5.69468219816931E-15,
-0.624999999999979));
#14130=CARTESIAN_POINT('Ctrl Pts',(8.67752439432334,-0.76353164693414,-0.786458333333332));
#14131=CARTESIAN_POINT('Ctrl Pts',(8.98221189432337,-0.587620236790409,
-0.583333333333312));
#14132=CARTESIAN_POINT('Ctrl Pts',(9.11834959621556,-1.52706329386827,-0.744791666666665));
#14133=CARTESIAN_POINT('Ctrl Pts',(9.32147459621558,-1.17524047358081,-0.541666666666645));
#14134=CARTESIAN_POINT('Ctrl Pts',(10.,-1.52706329386828,-0.703124999999998));
#14135=CARTESIAN_POINT('Ctrl Pts',(10.,-1.17524047358081,-0.499999999999978));
#14136=CARTESIAN_POINT('Ctrl Pts',(10.8816504037844,-1.52706329386828,-0.661458333333332));
#14137=CARTESIAN_POINT('Ctrl Pts',(10.6785254037844,-1.17524047358081,-0.458333333333312));
#14138=CARTESIAN_POINT('Ctrl Pts',(11.3224756056767,-0.763531646934141,
-0.619791666666664));
#14139=CARTESIAN_POINT('Ctrl Pts',(11.0177881056766,-0.58762023679041,-0.416666666666645));
#14140=CARTESIAN_POINT('Ctrl Pts',(11.402733395249,-0.624521077691715,-0.612205724322264));
#14141=CARTESIAN_POINT('Ctrl Pts',(11.0795551607845,-0.480636559109726,
-0.409080724322244));
#14142=CARTESIAN_POINT('Ctrl Pts',(11.4523325183228,-0.471860741852823,
-0.6038749009017));
#14143=CARTESIAN_POINT('Ctrl Pts',(11.1177270539369,-0.363147908764509,
-0.40074990090168));
#14144=CARTESIAN_POINT('Ctrl Pts',(11.5959124671629,-0.0299383478415521,
-0.579758764841407));
#14145=CARTESIAN_POINT('Ctrl Pts',(11.2282273637466,-0.0230407987912581,
-0.376633764841388));
#14146=CARTESIAN_POINT('Ctrl Pts',(11.7394924160029,0.411984046169719,-0.555642628781115));
#14147=CARTESIAN_POINT('Ctrl Pts',(11.3387276735563,0.317066311181993,-0.352517628781095));
#14148=CARTESIAN_POINT('Ctrl Pts',(9.99999999999998,-1.17524047358085,-5.));
#14149=CARTESIAN_POINT('Ctrl Pts',(10.6785254037865,-1.17524047357737,-4.95833333333308));
#14150=CARTESIAN_POINT('Ctrl Pts',(11.0177881056767,-0.587620236790428,
-4.91666666666667));
#14151=CARTESIAN_POINT('Ctrl Pts',(11.3570508075689,-5.99520433297585E-15,
-4.875));
#14152=CARTESIAN_POINT('Ctrl Pts',(11.0177881056767,0.587620236790415,-4.83333333333333));
#14153=CARTESIAN_POINT('Ctrl Pts',(10.6785254037844,1.17524047358084,-4.79166666666667));
#14154=CARTESIAN_POINT('Ctrl Pts',(10.,1.17524047358084,-4.75));
#14155=CARTESIAN_POINT('Ctrl Pts',(9.32147459621556,1.17524047358084,-4.70833333333333));
#14156=CARTESIAN_POINT('Ctrl Pts',(8.98221189432333,0.587620236790416,-4.66666666666667));
#14157=CARTESIAN_POINT('Ctrl Pts',(8.64294919243111,-5.77315972805081E-15,
-4.625));
#14158=CARTESIAN_POINT('Ctrl Pts',(8.98221189432333,-0.587620236790427,
-4.58333333333333));
#14159=CARTESIAN_POINT('Ctrl Pts',(9.32147459621556,-1.17524047358085,-4.54166666666667));
#14160=CARTESIAN_POINT('Ctrl Pts',(10.,-1.17524047358085,-4.5));
#14161=CARTESIAN_POINT('Ctrl Pts',(10.6785254037844,-1.17524047358085,-4.45833333333333));
#14162=CARTESIAN_POINT('Ctrl Pts',(11.0177881056767,-0.587620236790428,
-4.41666666666667));
#14163=CARTESIAN_POINT('Ctrl Pts',(11.3570508075689,-5.99520433297585E-15,
-4.375));
#14164=CARTESIAN_POINT('Ctrl Pts',(11.0177881056767,0.587620236790415,-4.33333333333333));
#14165=CARTESIAN_POINT('Ctrl Pts',(10.6785254037844,1.17524047358084,-4.29166666666667));
#14166=CARTESIAN_POINT('Ctrl Pts',(10.,1.17524047358084,-4.25));
#14167=CARTESIAN_POINT('Ctrl Pts',(9.32147459621556,1.17524047358084,-4.20833333333333));
#14168=CARTESIAN_POINT('Ctrl Pts',(8.98221189432333,0.587620236790416,-4.16666666666667));
#14169=CARTESIAN_POINT('Ctrl Pts',(8.64294919243111,-5.6621374255883E-15,
-4.125));
#14170=CARTESIAN_POINT('Ctrl Pts',(8.98221189432333,-0.587620236790427,
-4.08333333333333));
#14171=CARTESIAN_POINT('Ctrl Pts',(9.32147459621556,-1.17524047358085,-4.04166666666667));
#14172=CARTESIAN_POINT('Ctrl Pts',(10.,-1.17524047358085,-4.));
#14173=CARTESIAN_POINT('Ctrl Pts',(10.6785254037844,-1.17524047358085,-3.95833333333333));
#14174=CARTESIAN_POINT('Ctrl Pts',(11.0177881056767,-0.587620236790428,
-3.91666666666667));
#14175=CARTESIAN_POINT('Ctrl Pts',(11.3570508075689,-6.21724893790088E-15,
-3.875));
#14176=CARTESIAN_POINT('Ctrl Pts',(11.0177881056767,0.587620236790415,-3.83333333333333));
#14177=CARTESIAN_POINT('Ctrl Pts',(10.6785254037844,1.17524047358084,-3.79166666666667));
#14178=CARTESIAN_POINT('Ctrl Pts',(10.,1.17524047358084,-3.75));
#14179=CARTESIAN_POINT('Ctrl Pts',(9.32147459621556,1.17524047358084,-3.70833333333333));
#14180=CARTESIAN_POINT('Ctrl Pts',(8.98221189432334,0.587620236790416,-3.66666666666667));
#14181=CARTESIAN_POINT('Ctrl Pts',(8.64294919243111,-5.77315972805081E-15,
-3.625));
#14182=CARTESIAN_POINT('Ctrl Pts',(8.98221189432333,-0.587620236790427,
-3.58333333333333));
#14183=CARTESIAN_POINT('Ctrl Pts',(9.32147459621556,-1.17524047358085,-3.54166666666667));
#14184=CARTESIAN_POINT('Ctrl Pts',(10.,-1.17524047358085,-3.5));
#14185=CARTESIAN_POINT('Ctrl Pts',(10.6785254037844,-1.17524047358085,-3.45833333333333));
#14186=CARTESIAN_POINT('Ctrl Pts',(11.0177881056767,-0.587620236790428,
-3.41666666666667));
#14187=CARTESIAN_POINT('Ctrl Pts',(11.3570508075689,-5.99520433297585E-15,
-3.375));
#14188=CARTESIAN_POINT('Ctrl Pts',(11.0177881056767,0.587620236790415,-3.33333333333333));
#14189=CARTESIAN_POINT('Ctrl Pts',(10.6785254037844,1.17524047358084,-3.29166666666667));
#14190=CARTESIAN_POINT('Ctrl Pts',(10.,1.17524047358084,-3.25));
#14191=CARTESIAN_POINT('Ctrl Pts',(9.32147459621556,1.17524047358084,-3.20833333333333));
#14192=CARTESIAN_POINT('Ctrl Pts',(8.98221189432333,0.587620236790416,-3.16666666666667));
#14193=CARTESIAN_POINT('Ctrl Pts',(8.64294919243111,-5.77315972805081E-15,
-3.125));
#14194=CARTESIAN_POINT('Ctrl Pts',(8.98221189432333,-0.587620236790427,
-3.08333333333333));
#14195=CARTESIAN_POINT('Ctrl Pts',(9.32147459621556,-1.17524047358085,-3.04166666666667));
#14196=CARTESIAN_POINT('Ctrl Pts',(10.,-1.17524047358085,-3.));
#14197=CARTESIAN_POINT('Ctrl Pts',(10.6785254037844,-1.17524047358085,-2.95833333333333));
#14198=CARTESIAN_POINT('Ctrl Pts',(11.0177881056767,-0.587620236790428,
-2.91666666666667));
#14199=CARTESIAN_POINT('Ctrl Pts',(11.3570508075689,-5.99520433297585E-15,
-2.875));
#14200=CARTESIAN_POINT('Ctrl Pts',(11.0177881056767,0.587620236790415,-2.83333333333333));
#14201=CARTESIAN_POINT('Ctrl Pts',(10.6785254037844,1.17524047358084,-2.79166666666667));
#14202=CARTESIAN_POINT('Ctrl Pts',(10.,1.17524047358084,-2.75));
#14203=CARTESIAN_POINT('Ctrl Pts',(9.32147459621556,1.17524047358084,-2.70833333333333));
#14204=CARTESIAN_POINT('Ctrl Pts',(8.98221189432333,0.587620236790416,-2.66666666666667));
#14205=CARTESIAN_POINT('Ctrl Pts',(8.64294919243111,-5.77315972805081E-15,
-2.625));
#14206=CARTESIAN_POINT('Ctrl Pts',(8.98221189432333,-0.587620236790427,
-2.58333333333333));
#14207=CARTESIAN_POINT('Ctrl Pts',(9.32147459621556,-1.17524047358085,-2.54166666666667));
#14208=CARTESIAN_POINT('Ctrl Pts',(10.,-1.17524047358085,-2.5));
#14209=CARTESIAN_POINT('Ctrl Pts',(10.6785254037844,-1.17524047358085,-2.45833333333333));
#14210=CARTESIAN_POINT('Ctrl Pts',(11.0177881056767,-0.587620236790428,
-2.41666666666667));
#14211=CARTESIAN_POINT('Ctrl Pts',(11.3570508075689,-5.99520433297585E-15,
-2.375));
#14212=CARTESIAN_POINT('Ctrl Pts',(11.0177881056767,0.587620236790415,-2.33333333333333));
#14213=CARTESIAN_POINT('Ctrl Pts',(10.6785254037844,1.17524047358084,-2.29166666666667));
#14214=CARTESIAN_POINT('Ctrl Pts',(10.,1.17524047358084,-2.25));
#14215=CARTESIAN_POINT('Ctrl Pts',(9.32147459621556,1.17524047358084,-2.20833333333333));
#14216=CARTESIAN_POINT('Ctrl Pts',(8.98221189432334,0.587620236790416,-2.16666666666667));
#14217=CARTESIAN_POINT('Ctrl Pts',(8.64294919243111,-5.77315972805081E-15,
-2.125));
#14218=CARTESIAN_POINT('Ctrl Pts',(8.98221189432334,-0.587620236790427,
-2.08333333333333));
#14219=CARTESIAN_POINT('Ctrl Pts',(9.32147459621556,-1.17524047358085,-2.04166666666667));
#14220=CARTESIAN_POINT('Ctrl Pts',(10.,-1.17524047358085,-2.));
#14221=CARTESIAN_POINT('Ctrl Pts',(10.6785254037844,-1.17524047358085,-1.95833333333333));
#14222=CARTESIAN_POINT('Ctrl Pts',(11.0177881056767,-0.587620236790428,
-1.91666666666667));
#14223=CARTESIAN_POINT('Ctrl Pts',(11.3570508075689,-5.99520433297585E-15,
-1.875));
#14224=CARTESIAN_POINT('Ctrl Pts',(11.0177881056767,0.587620236790415,-1.83333333333333));
#14225=CARTESIAN_POINT('Ctrl Pts',(10.6785254037844,1.17524047358084,-1.79166666666667));
#14226=CARTESIAN_POINT('Ctrl Pts',(10.,1.17524047358084,-1.75));
#14227=CARTESIAN_POINT('Ctrl Pts',(9.32147459621556,1.17524047358084,-1.70833333333333));
#14228=CARTESIAN_POINT('Ctrl Pts',(8.98221189432333,0.587620236790416,-1.66666666666667));
#14229=CARTESIAN_POINT('Ctrl Pts',(8.64294919243111,-5.77315972805081E-15,
-1.625));
#14230=CARTESIAN_POINT('Ctrl Pts',(8.98221189432334,-0.587620236790427,
-1.58333333333333));
#14231=CARTESIAN_POINT('Ctrl Pts',(9.32147459621556,-1.17524047358085,-1.54166666666667));
#14232=CARTESIAN_POINT('Ctrl Pts',(10.,-1.17524047358085,-1.5));
#14233=CARTESIAN_POINT('Ctrl Pts',(10.6785254037844,-1.17524047358085,-1.45833333333333));
#14234=CARTESIAN_POINT('Ctrl Pts',(11.0177881056767,-0.587620236790428,
-1.41666666666667));
#14235=CARTESIAN_POINT('Ctrl Pts',(11.3570508075689,-5.99520433297585E-15,
-1.375));
#14236=CARTESIAN_POINT('Ctrl Pts',(11.0177881056767,0.587620236790415,-1.33333333333333));
#14237=CARTESIAN_POINT('Ctrl Pts',(10.6785254037844,1.17524047358084,-1.29166666666667));
#14238=CARTESIAN_POINT('Ctrl Pts',(10.,1.17524047358084,-1.25));
#14239=CARTESIAN_POINT('Ctrl Pts',(9.32147459621556,1.17524047358084,-1.20833333333333));
#14240=CARTESIAN_POINT('Ctrl Pts',(8.98221189432334,0.587620236790415,-1.16666666666667));
#14241=CARTESIAN_POINT('Ctrl Pts',(8.64294919243111,-5.6621374255883E-15,
-1.125));
#14242=CARTESIAN_POINT('Ctrl Pts',(8.98221189432334,-0.587620236790427,
-1.08333333333333));
#14243=CARTESIAN_POINT('Ctrl Pts',(9.32147459621556,-1.17524047358085,-1.04166666666667));
#14244=CARTESIAN_POINT('Ctrl Pts',(10.,-1.17524047358085,-0.999999999999999));
#14245=CARTESIAN_POINT('Ctrl Pts',(10.6785254037844,-1.17524047358085,-0.958333333333332));
#14246=CARTESIAN_POINT('Ctrl Pts',(11.0177881056767,-0.587620236790428,
-0.916666666666665));
#14247=CARTESIAN_POINT('Ctrl Pts',(11.3570508075689,-6.0507154842071E-15,
-0.874999999999999));
#14248=CARTESIAN_POINT('Ctrl Pts',(11.0177881056767,0.587620236790415,-0.833333333333332));
#14249=CARTESIAN_POINT('Ctrl Pts',(10.6785254037844,1.17524047358084,-0.791666666666665));
#14250=CARTESIAN_POINT('Ctrl Pts',(10.,1.17524047358084,-0.749999999999999));
#14251=CARTESIAN_POINT('Ctrl Pts',(9.32147459621556,1.17524047358084,-0.708333333333332));
#14252=CARTESIAN_POINT('Ctrl Pts',(8.98221189432334,0.587620236790416,-0.666666666666665));
#14253=CARTESIAN_POINT('Ctrl Pts',(8.72391226141414,0.140232149015294,-0.634943507461357));
#14254=CARTESIAN_POINT('Ctrl Pts',(8.87889204115911,-0.352572142073256,
-0.6));
#14255=CARTESIAN_POINT('Ctrl Pts',(10.,1.17524047358084,-5.1875));
#14256=CARTESIAN_POINT('Ctrl Pts',(10.,1.52706329386826,-4.984375));
#14257=CARTESIAN_POINT('Ctrl Pts',(9.32147459621556,1.17524047358084,-5.14583333333333));
#14258=CARTESIAN_POINT('Ctrl Pts',(9.11834959621556,1.52706329386826,-4.94270833333333));
#14259=CARTESIAN_POINT('Ctrl Pts',(8.98221189432333,0.587620236790415,-5.10416666666667));
#14260=CARTESIAN_POINT('Ctrl Pts',(8.67752439432334,0.763531646934129,-4.90104166666666));
#14261=CARTESIAN_POINT('Ctrl Pts',(8.64294919243111,-5.96640070673013E-15,
-5.0625));
#14262=CARTESIAN_POINT('Ctrl Pts',(8.23669919243112,-5.92908724956861E-15,
-4.859375));
#14263=CARTESIAN_POINT('Ctrl Pts',(8.98221189432333,-0.587620236790427,
-5.02083333333333));
#14264=CARTESIAN_POINT('Ctrl Pts',(8.67752439432334,-0.76353164693414,-4.81770833333333));
#14265=CARTESIAN_POINT('Ctrl Pts',(9.32147459621556,-1.17524047358085,-4.97916666666667));
#14266=CARTESIAN_POINT('Ctrl Pts',(9.11834959621556,-1.52706329386827,-4.77604166666667));
#14267=CARTESIAN_POINT('Ctrl Pts',(10.,-1.17524047358085,-4.9375));
#14268=CARTESIAN_POINT('Ctrl Pts',(10.,-1.52706329386827,-4.734375));
#14269=CARTESIAN_POINT('Ctrl Pts',(10.6785254037844,-1.17524047358085,-4.89583333333333));
#14270=CARTESIAN_POINT('Ctrl Pts',(10.8816504037844,-1.52706329386828,-4.69270833333333));
#14271=CARTESIAN_POINT('Ctrl Pts',(11.0177881056767,-0.587620236790428,
-4.85416666666667));
#14272=CARTESIAN_POINT('Ctrl Pts',(11.3224756056767,-0.763531646934141,
-4.65104166666667));
#14273=CARTESIAN_POINT('Ctrl Pts',(11.3570508075689,-6.2834742072947E-15,
-4.8125));
#14274=CARTESIAN_POINT('Ctrl Pts',(11.7633008075689,-6.3456633025639E-15,
-4.609375));
#14275=CARTESIAN_POINT('Ctrl Pts',(11.0177881056767,0.587620236790414,-4.77083333333333));
#14276=CARTESIAN_POINT('Ctrl Pts',(11.3224756056767,0.763531646934127,-4.56770833333333));
#14277=CARTESIAN_POINT('Ctrl Pts',(10.6785254037844,1.17524047358084,-4.72916666666667));
#14278=CARTESIAN_POINT('Ctrl Pts',(10.8816504037844,1.52706329386826,-4.52604166666667));
#14279=CARTESIAN_POINT('Ctrl Pts',(10.,1.17524047358084,-4.6875));
#14280=CARTESIAN_POINT('Ctrl Pts',(10.,1.52706329386826,-4.484375));
#14281=CARTESIAN_POINT('Ctrl Pts',(9.32147459621556,1.17524047358084,-4.64583333333333));
#14282=CARTESIAN_POINT('Ctrl Pts',(9.11834959621556,1.52706329386826,-4.44270833333333));
#14283=CARTESIAN_POINT('Ctrl Pts',(8.98221189432333,0.587620236790415,-4.60416666666666));
#14284=CARTESIAN_POINT('Ctrl Pts',(8.67752439432334,0.763531646934129,-4.40104166666667));
#14285=CARTESIAN_POINT('Ctrl Pts',(8.64294919243111,-5.93578453675144E-15,
-4.5625));
#14286=CARTESIAN_POINT('Ctrl Pts',(8.23669919243112,-5.89847107958992E-15,
-4.359375));
#14287=CARTESIAN_POINT('Ctrl Pts',(8.98221189432333,-0.587620236790427,
-4.52083333333333));
#14288=CARTESIAN_POINT('Ctrl Pts',(8.67752439432334,-0.76353164693414,-4.31770833333333));
#14289=CARTESIAN_POINT('Ctrl Pts',(9.32147459621556,-1.17524047358085,-4.47916666666667));
#14290=CARTESIAN_POINT('Ctrl Pts',(9.11834959621556,-1.52706329386827,-4.27604166666667));
#14291=CARTESIAN_POINT('Ctrl Pts',(10.,-1.17524047358085,-4.4375));
#14292=CARTESIAN_POINT('Ctrl Pts',(10.,-1.52706329386827,-4.234375));
#14293=CARTESIAN_POINT('Ctrl Pts',(10.6785254037844,-1.17524047358085,-4.39583333333333));
#14294=CARTESIAN_POINT('Ctrl Pts',(10.8816504037844,-1.52706329386828,-4.19270833333333));
#14295=CARTESIAN_POINT('Ctrl Pts',(11.0177881056767,-0.587620236790428,
-4.35416666666667));
#14296=CARTESIAN_POINT('Ctrl Pts',(11.3224756056767,-0.763531646934141,
-4.15104166666667));
#14297=CARTESIAN_POINT('Ctrl Pts',(11.3570508075689,-6.25285803731602E-15,
-4.3125));
#14298=CARTESIAN_POINT('Ctrl Pts',(11.7633008075689,-6.31504713258522E-15,
-4.109375));
#14299=CARTESIAN_POINT('Ctrl Pts',(11.0177881056767,0.587620236790415,-4.27083333333333));
#14300=CARTESIAN_POINT('Ctrl Pts',(11.3224756056767,0.763531646934127,-4.06770833333333));
#14301=CARTESIAN_POINT('Ctrl Pts',(10.6785254037844,1.17524047358084,-4.22916666666667));
#14302=CARTESIAN_POINT('Ctrl Pts',(10.8816504037844,1.52706329386826,-4.02604166666667));
#14303=CARTESIAN_POINT('Ctrl Pts',(10.,1.17524047358084,-4.1875));
#14304=CARTESIAN_POINT('Ctrl Pts',(10.,1.52706329386826,-3.984375));
#14305=CARTESIAN_POINT('Ctrl Pts',(9.32147459621556,1.17524047358084,-4.14583333333333));
#14306=CARTESIAN_POINT('Ctrl Pts',(9.11834959621556,1.52706329386826,-3.94270833333333));
#14307=CARTESIAN_POINT('Ctrl Pts',(8.98221189432333,0.587620236790416,-4.10416666666667));
#14308=CARTESIAN_POINT('Ctrl Pts',(8.67752439432334,0.763531646934129,-3.90104166666667));
#14309=CARTESIAN_POINT('Ctrl Pts',(8.64294919243111,-5.90516836677276E-15,
-4.0625));
#14310=CARTESIAN_POINT('Ctrl Pts',(8.23669919243112,-5.86785490961124E-15,
-3.859375));
#14311=CARTESIAN_POINT('Ctrl Pts',(8.98221189432333,-0.587620236790427,
-4.02083333333333));
#14312=CARTESIAN_POINT('Ctrl Pts',(8.67752439432334,-0.76353164693414,-3.81770833333333));
#14313=CARTESIAN_POINT('Ctrl Pts',(9.32147459621556,-1.17524047358085,-3.97916666666667));
#14314=CARTESIAN_POINT('Ctrl Pts',(9.11834959621556,-1.52706329386827,-3.77604166666667));
#14315=CARTESIAN_POINT('Ctrl Pts',(10.,-1.17524047358085,-3.9375));
#14316=CARTESIAN_POINT('Ctrl Pts',(10.,-1.52706329386827,-3.734375));
#14317=CARTESIAN_POINT('Ctrl Pts',(10.6785254037844,-1.17524047358085,-3.89583333333333));
#14318=CARTESIAN_POINT('Ctrl Pts',(10.8816504037844,-1.52706329386828,-3.69270833333333));
#14319=CARTESIAN_POINT('Ctrl Pts',(11.0177881056767,-0.587620236790428,
-3.85416666666667));
#14320=CARTESIAN_POINT('Ctrl Pts',(11.3224756056767,-0.763531646934141,
-3.65104166666667));
#14321=CARTESIAN_POINT('Ctrl Pts',(11.3570508075689,-6.22224186733733E-15,
-3.8125));
#14322=CARTESIAN_POINT('Ctrl Pts',(11.7633008075689,-6.28443096260653E-15,
-3.609375));
#14323=CARTESIAN_POINT('Ctrl Pts',(11.0177881056767,0.587620236790415,-3.77083333333333));
#14324=CARTESIAN_POINT('Ctrl Pts',(11.3224756056767,0.763531646934127,-3.56770833333333));
#14325=CARTESIAN_POINT('Ctrl Pts',(10.6785254037844,1.17524047358084,-3.72916666666667));
#14326=CARTESIAN_POINT('Ctrl Pts',(10.8816504037844,1.52706329386826,-3.52604166666667));
#14327=CARTESIAN_POINT('Ctrl Pts',(10.,1.17524047358084,-3.6875));
#14328=CARTESIAN_POINT('Ctrl Pts',(10.,1.52706329386826,-3.484375));
#14329=CARTESIAN_POINT('Ctrl Pts',(9.32147459621556,1.17524047358084,-3.64583333333333));
#14330=CARTESIAN_POINT('Ctrl Pts',(9.11834959621556,1.52706329386826,-3.44270833333333));
#14331=CARTESIAN_POINT('Ctrl Pts',(8.98221189432333,0.587620236790416,-3.60416666666667));
#14332=CARTESIAN_POINT('Ctrl Pts',(8.67752439432334,0.763531646934129,-3.40104166666667));
#14333=CARTESIAN_POINT('Ctrl Pts',(8.64294919243111,-5.87455219679408E-15,
-3.5625));
#14334=CARTESIAN_POINT('Ctrl Pts',(8.23669919243112,-5.83723873963255E-15,
-3.359375));
#14335=CARTESIAN_POINT('Ctrl Pts',(8.98221189432333,-0.587620236790427,
-3.52083333333333));
#14336=CARTESIAN_POINT('Ctrl Pts',(8.67752439432334,-0.76353164693414,-3.31770833333333));
#14337=CARTESIAN_POINT('Ctrl Pts',(9.32147459621556,-1.17524047358085,-3.47916666666667));
#14338=CARTESIAN_POINT('Ctrl Pts',(9.11834959621556,-1.52706329386827,-3.27604166666667));
#14339=CARTESIAN_POINT('Ctrl Pts',(10.,-1.17524047358085,-3.4375));
#14340=CARTESIAN_POINT('Ctrl Pts',(10.,-1.52706329386827,-3.234375));
#14341=CARTESIAN_POINT('Ctrl Pts',(10.6785254037844,-1.17524047358085,-3.39583333333333));
#14342=CARTESIAN_POINT('Ctrl Pts',(10.8816504037844,-1.52706329386828,-3.19270833333333));
#14343=CARTESIAN_POINT('Ctrl Pts',(11.0177881056767,-0.587620236790428,
-3.35416666666667));
#14344=CARTESIAN_POINT('Ctrl Pts',(11.3224756056767,-0.763531646934141,
-3.15104166666667));
#14345=CARTESIAN_POINT('Ctrl Pts',(11.3570508075689,-6.19162569735865E-15,
-3.3125));
#14346=CARTESIAN_POINT('Ctrl Pts',(11.7633008075689,-6.25381479262785E-15,
-3.109375));
#14347=CARTESIAN_POINT('Ctrl Pts',(11.0177881056767,0.587620236790415,-3.27083333333333));
#14348=CARTESIAN_POINT('Ctrl Pts',(11.3224756056767,0.763531646934127,-3.06770833333333));
#14349=CARTESIAN_POINT('Ctrl Pts',(10.6785254037844,1.17524047358084,-3.22916666666667));
#14350=CARTESIAN_POINT('Ctrl Pts',(10.8816504037844,1.52706329386826,-3.02604166666667));
#14351=CARTESIAN_POINT('Ctrl Pts',(10.,1.17524047358084,-3.1875));
#14352=CARTESIAN_POINT('Ctrl Pts',(10.,1.52706329386826,-2.984375));
#14353=CARTESIAN_POINT('Ctrl Pts',(9.32147459621556,1.17524047358084,-3.14583333333333));
#14354=CARTESIAN_POINT('Ctrl Pts',(9.11834959621556,1.52706329386826,-2.94270833333333));
#14355=CARTESIAN_POINT('Ctrl Pts',(8.98221189432333,0.587620236790416,-3.10416666666667));
#14356=CARTESIAN_POINT('Ctrl Pts',(8.67752439432334,0.763531646934129,-2.90104166666667));
#14357=CARTESIAN_POINT('Ctrl Pts',(8.64294919243111,-5.84393602681539E-15,
-3.0625));
#14358=CARTESIAN_POINT('Ctrl Pts',(8.23669919243112,-5.80662256965387E-15,
-2.859375));
#14359=CARTESIAN_POINT('Ctrl Pts',(8.98221189432333,-0.587620236790427,
-3.02083333333333));
#14360=CARTESIAN_POINT('Ctrl Pts',(8.67752439432334,-0.76353164693414,-2.81770833333333));
#14361=CARTESIAN_POINT('Ctrl Pts',(9.32147459621556,-1.17524047358085,-2.97916666666667));
#14362=CARTESIAN_POINT('Ctrl Pts',(9.11834959621556,-1.52706329386827,-2.77604166666667));
#14363=CARTESIAN_POINT('Ctrl Pts',(10.,-1.17524047358085,-2.9375));
#14364=CARTESIAN_POINT('Ctrl Pts',(10.,-1.52706329386827,-2.734375));
#14365=CARTESIAN_POINT('Ctrl Pts',(10.6785254037844,-1.17524047358085,-2.89583333333333));
#14366=CARTESIAN_POINT('Ctrl Pts',(10.8816504037844,-1.52706329386828,-2.69270833333333));
#14367=CARTESIAN_POINT('Ctrl Pts',(11.0177881056767,-0.587620236790428,
-2.85416666666667));
#14368=CARTESIAN_POINT('Ctrl Pts',(11.3224756056767,-0.763531646934141,
-2.65104166666667));
#14369=CARTESIAN_POINT('Ctrl Pts',(11.3570508075689,-6.16100952737996E-15,
-2.8125));
#14370=CARTESIAN_POINT('Ctrl Pts',(11.7633008075689,-6.22319862264916E-15,
-2.609375));
#14371=CARTESIAN_POINT('Ctrl Pts',(11.0177881056767,0.587620236790415,-2.77083333333333));
#14372=CARTESIAN_POINT('Ctrl Pts',(11.3224756056767,0.763531646934127,-2.56770833333333));
#14373=CARTESIAN_POINT('Ctrl Pts',(10.6785254037844,1.17524047358084,-2.72916666666667));
#14374=CARTESIAN_POINT('Ctrl Pts',(10.8816504037844,1.52706329386826,-2.52604166666667));
#14375=CARTESIAN_POINT('Ctrl Pts',(10.,1.17524047358084,-2.6875));
#14376=CARTESIAN_POINT('Ctrl Pts',(10.,1.52706329386826,-2.484375));
#14377=CARTESIAN_POINT('Ctrl Pts',(9.32147459621556,1.17524047358084,-2.64583333333333));
#14378=CARTESIAN_POINT('Ctrl Pts',(9.11834959621556,1.52706329386826,-2.44270833333333));
#14379=CARTESIAN_POINT('Ctrl Pts',(8.98221189432333,0.587620236790416,-2.60416666666667));
#14380=CARTESIAN_POINT('Ctrl Pts',(8.67752439432334,0.763531646934129,-2.40104166666667));
#14381=CARTESIAN_POINT('Ctrl Pts',(8.64294919243111,-5.81331985683671E-15,
-2.5625));
#14382=CARTESIAN_POINT('Ctrl Pts',(8.23669919243112,-5.77600639967519E-15,
-2.359375));
#14383=CARTESIAN_POINT('Ctrl Pts',(8.98221189432333,-0.587620236790427,
-2.52083333333333));
#14384=CARTESIAN_POINT('Ctrl Pts',(8.67752439432334,-0.76353164693414,-2.31770833333333));
#14385=CARTESIAN_POINT('Ctrl Pts',(9.32147459621556,-1.17524047358085,-2.47916666666667));
#14386=CARTESIAN_POINT('Ctrl Pts',(9.11834959621556,-1.52706329386827,-2.27604166666667));
#14387=CARTESIAN_POINT('Ctrl Pts',(10.,-1.17524047358085,-2.4375));
#14388=CARTESIAN_POINT('Ctrl Pts',(10.,-1.52706329386827,-2.234375));
#14389=CARTESIAN_POINT('Ctrl Pts',(10.6785254037844,-1.17524047358085,-2.39583333333333));
#14390=CARTESIAN_POINT('Ctrl Pts',(10.8816504037844,-1.52706329386828,-2.19270833333333));
#14391=CARTESIAN_POINT('Ctrl Pts',(11.0177881056767,-0.587620236790428,
-2.35416666666667));
#14392=CARTESIAN_POINT('Ctrl Pts',(11.3224756056767,-0.763531646934141,
-2.15104166666667));
#14393=CARTESIAN_POINT('Ctrl Pts',(11.3570508075689,-6.13039335740128E-15,
-2.3125));
#14394=CARTESIAN_POINT('Ctrl Pts',(11.7633008075689,-6.19258245267048E-15,
-2.109375));
#14395=CARTESIAN_POINT('Ctrl Pts',(11.0177881056767,0.587620236790415,-2.27083333333333));
#14396=CARTESIAN_POINT('Ctrl Pts',(11.3224756056767,0.763531646934128,-2.06770833333333));
#14397=CARTESIAN_POINT('Ctrl Pts',(10.6785254037844,1.17524047358084,-2.22916666666667));
#14398=CARTESIAN_POINT('Ctrl Pts',(10.8816504037844,1.52706329386826,-2.02604166666667));
#14399=CARTESIAN_POINT('Ctrl Pts',(10.,1.17524047358084,-2.1875));
#14400=CARTESIAN_POINT('Ctrl Pts',(10.,1.52706329386826,-1.984375));
#14401=CARTESIAN_POINT('Ctrl Pts',(9.32147459621556,1.17524047358084,-2.14583333333333));
#14402=CARTESIAN_POINT('Ctrl Pts',(9.11834959621556,1.52706329386826,-1.94270833333333));
#14403=CARTESIAN_POINT('Ctrl Pts',(8.98221189432333,0.587620236790416,-2.10416666666667));
#14404=CARTESIAN_POINT('Ctrl Pts',(8.67752439432334,0.763531646934129,-1.90104166666667));
#14405=CARTESIAN_POINT('Ctrl Pts',(8.64294919243111,-5.78270368685802E-15,
-2.0625));
#14406=CARTESIAN_POINT('Ctrl Pts',(8.23669919243112,-5.7453902296965E-15,
-1.859375));
#14407=CARTESIAN_POINT('Ctrl Pts',(8.98221189432333,-0.587620236790427,
-2.02083333333333));
#14408=CARTESIAN_POINT('Ctrl Pts',(8.67752439432334,-0.76353164693414,-1.81770833333333));
#14409=CARTESIAN_POINT('Ctrl Pts',(9.32147459621556,-1.17524047358085,-1.97916666666667));
#14410=CARTESIAN_POINT('Ctrl Pts',(9.11834959621556,-1.52706329386827,-1.77604166666667));
#14411=CARTESIAN_POINT('Ctrl Pts',(10.,-1.17524047358085,-1.9375));
#14412=CARTESIAN_POINT('Ctrl Pts',(10.,-1.52706329386827,-1.734375));
#14413=CARTESIAN_POINT('Ctrl Pts',(10.6785254037844,-1.17524047358085,-1.89583333333333));
#14414=CARTESIAN_POINT('Ctrl Pts',(10.8816504037844,-1.52706329386828,-1.69270833333333));
#14415=CARTESIAN_POINT('Ctrl Pts',(11.0177881056767,-0.587620236790428,
-1.85416666666667));
#14416=CARTESIAN_POINT('Ctrl Pts',(11.3224756056767,-0.763531646934141,
-1.65104166666667));
#14417=CARTESIAN_POINT('Ctrl Pts',(11.3570508075689,-6.09977718742259E-15,
-1.8125));
#14418=CARTESIAN_POINT('Ctrl Pts',(11.7633008075689,-6.1619662826918E-15,
-1.609375));
#14419=CARTESIAN_POINT('Ctrl Pts',(11.0177881056767,0.587620236790415,-1.77083333333333));
#14420=CARTESIAN_POINT('Ctrl Pts',(11.3224756056767,0.763531646934128,-1.56770833333333));
#14421=CARTESIAN_POINT('Ctrl Pts',(10.6785254037844,1.17524047358084,-1.72916666666667));
#14422=CARTESIAN_POINT('Ctrl Pts',(10.8816504037844,1.52706329386826,-1.52604166666667));
#14423=CARTESIAN_POINT('Ctrl Pts',(10.,1.17524047358084,-1.6875));
#14424=CARTESIAN_POINT('Ctrl Pts',(10.,1.52706329386826,-1.484375));
#14425=CARTESIAN_POINT('Ctrl Pts',(9.32147459621556,1.17524047358084,-1.64583333333333));
#14426=CARTESIAN_POINT('Ctrl Pts',(9.11834959621556,1.52706329386826,-1.44270833333333));
#14427=CARTESIAN_POINT('Ctrl Pts',(8.98221189432333,0.587620236790416,-1.60416666666667));
#14428=CARTESIAN_POINT('Ctrl Pts',(8.67752439432334,0.763531646934129,-1.40104166666667));
#14429=CARTESIAN_POINT('Ctrl Pts',(8.64294919243111,-5.75208751687934E-15,
-1.5625));
#14430=CARTESIAN_POINT('Ctrl Pts',(8.23669919243112,-5.71477405971782E-15,
-1.359375));
#14431=CARTESIAN_POINT('Ctrl Pts',(8.98221189432333,-0.587620236790427,
-1.52083333333333));
#14432=CARTESIAN_POINT('Ctrl Pts',(8.67752439432334,-0.76353164693414,-1.31770833333333));
#14433=CARTESIAN_POINT('Ctrl Pts',(9.32147459621556,-1.17524047358085,-1.47916666666667));
#14434=CARTESIAN_POINT('Ctrl Pts',(9.11834959621556,-1.52706329386827,-1.27604166666667));
#14435=CARTESIAN_POINT('Ctrl Pts',(10.,-1.17524047358085,-1.4375));
#14436=CARTESIAN_POINT('Ctrl Pts',(10.,-1.52706329386827,-1.234375));
#14437=CARTESIAN_POINT('Ctrl Pts',(10.6785254037844,-1.17524047358085,-1.39583333333333));
#14438=CARTESIAN_POINT('Ctrl Pts',(10.8816504037844,-1.52706329386828,-1.19270833333333));
#14439=CARTESIAN_POINT('Ctrl Pts',(11.0177881056767,-0.587620236790428,
-1.35416666666667));
#14440=CARTESIAN_POINT('Ctrl Pts',(11.3224756056767,-0.763531646934141,
-1.15104166666667));
#14441=CARTESIAN_POINT('Ctrl Pts',(11.3570508075689,-6.06916101744391E-15,
-1.3125));
#14442=CARTESIAN_POINT('Ctrl Pts',(11.7633008075689,-6.13135011271311E-15,
-1.109375));
#14443=CARTESIAN_POINT('Ctrl Pts',(11.0177881056767,0.587620236790415,-1.27083333333333));
#14444=CARTESIAN_POINT('Ctrl Pts',(11.3224756056767,0.763531646934128,-1.06770833333333));
#14445=CARTESIAN_POINT('Ctrl Pts',(10.6785254037844,1.17524047358084,-1.22916666666667));
#14446=CARTESIAN_POINT('Ctrl Pts',(10.8816504037844,1.52706329386826,-1.02604166666667));
#14447=CARTESIAN_POINT('Ctrl Pts',(10.,1.17524047358084,-1.1875));
#14448=CARTESIAN_POINT('Ctrl Pts',(10.,1.52706329386826,-0.984374999999999));
#14449=CARTESIAN_POINT('Ctrl Pts',(9.32147459621556,1.17524047358084,-1.14583333333333));
#14450=CARTESIAN_POINT('Ctrl Pts',(9.11834959621556,1.52706329386826,-0.942708333333333));
#14451=CARTESIAN_POINT('Ctrl Pts',(8.98221189432333,0.587620236790416,-1.10416666666667));
#14452=CARTESIAN_POINT('Ctrl Pts',(8.67752439432334,0.763531646934129,-0.901041666666666));
#14453=CARTESIAN_POINT('Ctrl Pts',(8.64294919243111,-5.72147134690065E-15,
-1.0625));
#14454=CARTESIAN_POINT('Ctrl Pts',(8.23669919243112,-5.68415788973913E-15,
-0.859374999999999));
#14455=CARTESIAN_POINT('Ctrl Pts',(8.98221189432333,-0.587620236790427,
-1.02083333333333));
#14456=CARTESIAN_POINT('Ctrl Pts',(8.67752439432334,-0.76353164693414,-0.817708333333332));
#14457=CARTESIAN_POINT('Ctrl Pts',(9.32147459621556,-1.17524047358085,-0.979166666666666));
#14458=CARTESIAN_POINT('Ctrl Pts',(9.11834959621556,-1.52706329386827,-0.776041666666666));
#14459=CARTESIAN_POINT('Ctrl Pts',(10.,-1.17524047358085,-0.937499999999999));
#14460=CARTESIAN_POINT('Ctrl Pts',(10.,-1.52706329386827,-0.734375));
#14461=CARTESIAN_POINT('Ctrl Pts',(10.6785254037844,-1.17524047358085,-0.895833333333332));
#14462=CARTESIAN_POINT('Ctrl Pts',(10.8816504037844,-1.52706329386828,-0.692708333333333));
#14463=CARTESIAN_POINT('Ctrl Pts',(11.0177881056767,-0.587620236790428,
-0.854166666666665));
#14464=CARTESIAN_POINT('Ctrl Pts',(11.3224756056767,-0.763531646934141,
-0.651041666666666));
#14465=CARTESIAN_POINT('Ctrl Pts',(11.3570508075689,-6.03854484746523E-15,
-0.812499999999999));
#14466=CARTESIAN_POINT('Ctrl Pts',(11.7633008075689,-6.10073394273443E-15,
-0.609375));
#14467=CARTESIAN_POINT('Ctrl Pts',(11.0177881056767,0.587620236790415,-0.770833333333332));
#14468=CARTESIAN_POINT('Ctrl Pts',(11.3224756056767,0.763531646934128,-0.567708333333332));
#14469=CARTESIAN_POINT('Ctrl Pts',(10.6785254037844,1.17524047358084,-0.729166666666665));
#14470=CARTESIAN_POINT('Ctrl Pts',(10.8816504037844,1.52706329386826,-0.526041666666666));
#14471=CARTESIAN_POINT('Ctrl Pts',(10.,1.17524047358084,-0.687499999999999));
#14472=CARTESIAN_POINT('Ctrl Pts',(10.,1.52706329386826,-0.484375));
#14473=CARTESIAN_POINT('Ctrl Pts',(9.32147459621556,1.17524047358084,-0.645833333333332));
#14474=CARTESIAN_POINT('Ctrl Pts',(9.11834959621556,1.52706329386826,-0.442708333333332));
#14475=CARTESIAN_POINT('Ctrl Pts',(8.98221189432333,0.587620236790416,-0.604166666666665));
#14476=CARTESIAN_POINT('Ctrl Pts',(8.67752439432334,0.763531646934129,-0.401041666666666));
#14477=CARTESIAN_POINT('Ctrl Pts',(8.64294919243111,-5.69085517692197E-15,
-0.562499999999999));
#14478=CARTESIAN_POINT('Ctrl Pts',(8.23669919243112,-5.65354171976045E-15,
-0.359374999999999));
#14479=CARTESIAN_POINT('Ctrl Pts',(8.98221189432333,-0.587620236790427,
-0.520833333333332));
#14480=CARTESIAN_POINT('Ctrl Pts',(8.67752439432334,-0.76353164693414,-0.317708333333333));
#14481=CARTESIAN_POINT('Ctrl Pts',(9.32147459621556,-1.17524047358085,-0.479166666666665));
#14482=CARTESIAN_POINT('Ctrl Pts',(9.11834959621556,-1.52706329386827,-0.276041666666666));
#14483=CARTESIAN_POINT('Ctrl Pts',(10.,-1.17524047358085,-0.437499999999999));
#14484=CARTESIAN_POINT('Ctrl Pts',(10.,-1.52706329386827,-0.234374999999999));
#14485=CARTESIAN_POINT('Ctrl Pts',(10.6785254037844,-1.17524047358085,-0.395833333333332));
#14486=CARTESIAN_POINT('Ctrl Pts',(10.8816504037844,-1.52706329386828,-0.192708333333333));
#14487=CARTESIAN_POINT('Ctrl Pts',(11.0177881056767,-0.587620236790428,
-0.354166666666665));
#14488=CARTESIAN_POINT('Ctrl Pts',(11.3224756056767,-0.763531646934141,
-0.151041666666666));
#14489=CARTESIAN_POINT('Ctrl Pts',(11.0795590523227,-0.480629818767809,
-0.346580246381644));
#14490=CARTESIAN_POINT('Ctrl Pts',(11.4027384517675,-0.62451231954478,-0.143455246381645));
#14491=CARTESIAN_POINT('Ctrl Pts',(11.1177318111967,-0.363133266145384,
-0.338248862630565));
#14492=CARTESIAN_POINT('Ctrl Pts',(11.4523386997274,-0.471841715783937,
-0.135123862630565));
#14493=CARTESIAN_POINT('Ctrl Pts',(8.95047669813045,0.528858213111385,-0.6));
#14494=CARTESIAN_POINT('Ctrl Pts',(8.96550915948498,0.558690251425029,-0.602115314481322));
#14495=CARTESIAN_POINT('Ctrl Pts',(8.98221189432333,0.587620236790416,-0.604166666666665));
#14496=CARTESIAN_POINT('Ctrl Pts',(9.32147459621556,1.17524047358084,-0.645833333333331));
#14497=CARTESIAN_POINT('Ctrl Pts',(10.,1.17524047358084,-0.687499999999999));
#14498=CARTESIAN_POINT('Ctrl Pts',(10.6785254037844,1.17524047358084,-0.729166666666665));
#14499=CARTESIAN_POINT('Ctrl Pts',(11.0177881056767,0.587620236790415,-0.770833333333331));
#14500=CARTESIAN_POINT('Ctrl Pts',(11.3570508075689,-6.01624688687093E-15,
-0.812499999999999));
#14501=CARTESIAN_POINT('Ctrl Pts',(11.0177881056767,-0.587620236790428,
-0.854166666666665));
#14502=CARTESIAN_POINT('Ctrl Pts',(10.6785254037844,-1.17524047358085,-0.895833333333331));
#14503=CARTESIAN_POINT('Ctrl Pts',(10.,-1.17524047358085,-0.937499999999999));
#14504=CARTESIAN_POINT('Ctrl Pts',(9.32147459621556,-1.17524047358085,-0.979166666666665));
#14505=CARTESIAN_POINT('Ctrl Pts',(8.98221189432333,-0.587620236790427,
-1.02083333333333));
#14506=CARTESIAN_POINT('Ctrl Pts',(8.64294919243111,-5.6755689382128E-15,
-1.0625));
#14507=CARTESIAN_POINT('Ctrl Pts',(8.98221189432333,0.587620236790416,-1.10416666666667));
#14508=CARTESIAN_POINT('Ctrl Pts',(9.32147459621556,1.17524047358084,-1.14583333333333));
#14509=CARTESIAN_POINT('Ctrl Pts',(10.,1.17524047358084,-1.1875));
#14510=CARTESIAN_POINT('Ctrl Pts',(10.6785254037844,1.17524047358084,-1.22916666666667));
#14511=CARTESIAN_POINT('Ctrl Pts',(11.0177881056767,0.587620236790415,-1.27083333333333));
#14512=CARTESIAN_POINT('Ctrl Pts',(11.3570508075689,-5.95405927481978E-15,
-1.3125));
#14513=CARTESIAN_POINT('Ctrl Pts',(11.0177881056767,-0.587620236790428,
-1.35416666666667));
#14514=CARTESIAN_POINT('Ctrl Pts',(10.6785254037844,-1.17524047358085,-1.39583333333333));
#14515=CARTESIAN_POINT('Ctrl Pts',(10.,-1.17524047358085,-1.4375));
#14516=CARTESIAN_POINT('Ctrl Pts',(9.32147459621556,-1.17524047358085,-1.47916666666667));
#14517=CARTESIAN_POINT('Ctrl Pts',(8.98221189432333,-0.587620236790427,
-1.52083333333333));
#14518=CARTESIAN_POINT('Ctrl Pts',(8.64294919243111,-5.61338132616165E-15,
-1.5625));
#14519=CARTESIAN_POINT('Ctrl Pts',(8.98221189432333,0.587620236790416,-1.60416666666666));
#14520=CARTESIAN_POINT('Ctrl Pts',(9.32147459621556,1.17524047358084,-1.64583333333333));
#14521=CARTESIAN_POINT('Ctrl Pts',(10.,1.17524047358084,-1.6875));
#14522=CARTESIAN_POINT('Ctrl Pts',(10.6785254037844,1.17524047358084,-1.72916666666667));
#14523=CARTESIAN_POINT('Ctrl Pts',(11.0177881056767,0.587620236790415,-1.77083333333333));
#14524=CARTESIAN_POINT('Ctrl Pts',(11.3570508075689,-5.89187166276863E-15,
-1.8125));
#14525=CARTESIAN_POINT('Ctrl Pts',(11.0177881056767,-0.587620236790428,
-1.85416666666667));
#14526=CARTESIAN_POINT('Ctrl Pts',(10.6785254037844,-1.17524047358085,-1.89583333333333));
#14527=CARTESIAN_POINT('Ctrl Pts',(10.,-1.17524047358085,-1.9375));
#14528=CARTESIAN_POINT('Ctrl Pts',(9.32147459621556,-1.17524047358085,-1.97916666666666));
#14529=CARTESIAN_POINT('Ctrl Pts',(8.98221189432333,-0.587620236790427,
-2.02083333333333));
#14530=CARTESIAN_POINT('Ctrl Pts',(8.64294919243111,-5.62058265314958E-15,
-2.0625));
#14531=CARTESIAN_POINT('Ctrl Pts',(8.98221189432333,0.587620236790416,-2.10416666666666));
#14532=CARTESIAN_POINT('Ctrl Pts',(9.32147459621556,1.17524047358084,-2.14583333333333));
#14533=CARTESIAN_POINT('Ctrl Pts',(10.,1.17524047358084,-2.1875));
#14534=CARTESIAN_POINT('Ctrl Pts',(10.6785254037844,1.17524047358084,-2.22916666666666));
#14535=CARTESIAN_POINT('Ctrl Pts',(11.0177881056767,0.587620236790415,-2.27083333333333));
#14536=CARTESIAN_POINT('Ctrl Pts',(11.3570508075689,-5.87825630804484E-15,
-2.3125));
#14537=CARTESIAN_POINT('Ctrl Pts',(11.0177881056767,-0.587620236790428,
-2.35416666666667));
#14538=CARTESIAN_POINT('Ctrl Pts',(10.6785254037844,-1.17524047358085,-2.39583333333333));
#14539=CARTESIAN_POINT('Ctrl Pts',(10.,-1.17524047358085,-2.4375));
#14540=CARTESIAN_POINT('Ctrl Pts',(9.32147459621556,-1.17524047358085,-2.47916666666666));
#14541=CARTESIAN_POINT('Ctrl Pts',(8.98221189432333,-0.587620236790427,
-2.52083333333333));
#14542=CARTESIAN_POINT('Ctrl Pts',(8.64294919243111,-5.55839504109843E-15,
-2.5625));
#14543=CARTESIAN_POINT('Ctrl Pts',(8.98221189432333,0.587620236790416,-2.60416666666666));
#14544=CARTESIAN_POINT('Ctrl Pts',(9.32147459621556,1.17524047358084,-2.64583333333333));
#14545=CARTESIAN_POINT('Ctrl Pts',(10.,1.17524047358084,-2.6875));
#14546=CARTESIAN_POINT('Ctrl Pts',(10.6785254037844,1.17524047358084,-2.72916666666667));
#14547=CARTESIAN_POINT('Ctrl Pts',(11.0177881056767,0.587620236790415,-2.77083333333333));
#14548=CARTESIAN_POINT('Ctrl Pts',(11.3570508075689,-5.87851874112886E-15,
-2.8125));
#14549=CARTESIAN_POINT('Ctrl Pts',(11.0177881056767,-0.587620236790427,
-2.85416666666667));
#14550=CARTESIAN_POINT('Ctrl Pts',(10.6785254037844,-1.17524047358085,-2.89583333333333));
#14551=CARTESIAN_POINT('Ctrl Pts',(10.,-1.17524047358085,-2.9375));
#14552=CARTESIAN_POINT('Ctrl Pts',(9.32147459621556,-1.17524047358085,-2.97916666666666));
#14553=CARTESIAN_POINT('Ctrl Pts',(8.98221189432333,-0.587620236790427,
-3.02083333333333));
#14554=CARTESIAN_POINT('Ctrl Pts',(8.64294919243111,-5.56559636808635E-15,
-3.0625));
#14555=CARTESIAN_POINT('Ctrl Pts',(8.98221189432333,0.587620236790416,-3.10416666666666));
#14556=CARTESIAN_POINT('Ctrl Pts',(9.32147459621556,1.17524047358084,-3.14583333333333));
#14557=CARTESIAN_POINT('Ctrl Pts',(10.,1.17524047358084,-3.1875));
#14558=CARTESIAN_POINT('Ctrl Pts',(10.6785254037844,1.17524047358084,-3.22916666666666));
#14559=CARTESIAN_POINT('Ctrl Pts',(11.0177881056767,0.587620236790415,-3.27083333333333));
#14560=CARTESIAN_POINT('Ctrl Pts',(11.3570508075689,-5.89959785592459E-15,
-3.3125));
#14561=CARTESIAN_POINT('Ctrl Pts',(11.0177881056767,-0.587620236790427,
-3.35416666666666));
#14562=CARTESIAN_POINT('Ctrl Pts',(10.6785254037844,-1.17524047358085,-3.39583333333333));
#14563=CARTESIAN_POINT('Ctrl Pts',(10.,-1.17524047358085,-3.4375));
#14564=CARTESIAN_POINT('Ctrl Pts',(9.32147459621556,-1.17524047358085,-3.47916666666667));
#14565=CARTESIAN_POINT('Ctrl Pts',(8.98221189432333,-0.587620236790427,
-3.52083333333333));
#14566=CARTESIAN_POINT('Ctrl Pts',(8.64294919243111,-5.55891990726646E-15,
-3.5625));
#14567=CARTESIAN_POINT('Ctrl Pts',(8.98221189432333,0.587620236790416,-3.60416666666666));
#14568=CARTESIAN_POINT('Ctrl Pts',(9.32147459621556,1.17524047358084,-3.64583333333333));
#14569=CARTESIAN_POINT('Ctrl Pts',(10.,1.17524047358084,-3.6875));
#14570=CARTESIAN_POINT('Ctrl Pts',(10.6785254037844,1.17524047358084,-3.72916666666666));
#14571=CARTESIAN_POINT('Ctrl Pts',(11.0177881056767,0.587620236790415,-3.77083333333333));
#14572=CARTESIAN_POINT('Ctrl Pts',(11.3570508075689,-5.75414351702656E-15,
-3.8125));
#14573=CARTESIAN_POINT('Ctrl Pts',(11.0177881056767,-0.587620236790427,
-3.85416666666666));
#14574=CARTESIAN_POINT('Ctrl Pts',(10.6785254037844,-1.17524047358085,-3.89583333333333));
#14575=CARTESIAN_POINT('Ctrl Pts',(10.,-1.17524047358085,-3.9375));
#14576=CARTESIAN_POINT('Ctrl Pts',(9.32147459621556,-1.17524047358085,-3.97916666666666));
#14577=CARTESIAN_POINT('Ctrl Pts',(8.98221189432333,-0.587620236790427,
-4.02083333333333));
#14578=CARTESIAN_POINT('Ctrl Pts',(8.64294919243111,-5.41346556836843E-15,
-4.0625));
#14579=CARTESIAN_POINT('Ctrl Pts',(8.98221189432333,0.587620236790416,-4.10416666666667));
#14580=CARTESIAN_POINT('Ctrl Pts',(9.32147459621556,1.17524047358084,-4.14583333333333));
#14581=CARTESIAN_POINT('Ctrl Pts',(10.,1.17524047358084,-4.1875));
#14582=CARTESIAN_POINT('Ctrl Pts',(10.6785254037844,1.17524047358084,-4.22916666666666));
#14583=CARTESIAN_POINT('Ctrl Pts',(11.0177881056767,0.587620236790415,-4.27083333333333));
#14584=CARTESIAN_POINT('Ctrl Pts',(11.3570508075689,-5.71971148059104E-15,
-4.3125));
#14585=CARTESIAN_POINT('Ctrl Pts',(11.0177881056767,-0.587620236790427,
-4.35416666666666));
#14586=CARTESIAN_POINT('Ctrl Pts',(10.6785254037844,-1.17524047358085,-4.39583333333333));
#14587=CARTESIAN_POINT('Ctrl Pts',(10.,-1.17524047358085,-4.4375));
#14588=CARTESIAN_POINT('Ctrl Pts',(9.32147459621556,-1.17524047358085,-4.47916666666666));
#14589=CARTESIAN_POINT('Ctrl Pts',(8.98221189432333,-0.587620236790427,
-4.52083333333333));
#14590=CARTESIAN_POINT('Ctrl Pts',(8.64294919243111,-5.37903353193291E-15,
-4.5625));
#14591=CARTESIAN_POINT('Ctrl Pts',(8.98221189432333,0.587620236790416,-4.60416666666666));
#14592=CARTESIAN_POINT('Ctrl Pts',(9.32147459621556,1.17524047358084,-4.64583333333333));
#14593=CARTESIAN_POINT('Ctrl Pts',(10.,1.17524047358084,-4.6875));
#14594=CARTESIAN_POINT('Ctrl Pts',(10.6785254037844,1.17524047358084,-4.72916666666666));
#14595=CARTESIAN_POINT('Ctrl Pts',(11.0177881056767,0.587620236790415,-4.77083333333333));
#14596=CARTESIAN_POINT('Ctrl Pts',(11.3570508075689,-5.79630174661804E-15,
-4.8125));
#14597=CARTESIAN_POINT('Ctrl Pts',(11.0177881056767,-0.587620236790427,
-4.85416666666666));
#14598=CARTESIAN_POINT('Ctrl Pts',(10.6785254037844,-1.17524047358085,-4.89583333333333));
#14599=CARTESIAN_POINT('Ctrl Pts',(10.,-1.17524047358085,-4.9375));
#14600=CARTESIAN_POINT('Ctrl Pts',(9.51946564073912,-1.17524047358085,-4.96700849718747));
#14601=CARTESIAN_POINT('Ctrl Pts',(9.17659212583488,-0.838564036615816,
-5.));
#14602=CARTESIAN_POINT('Ctrl Pts',(10.,1.17524047358084,-5.25));
#14603=CARTESIAN_POINT('Ctrl Pts',(10.,1.17524047358084,-5.1875));
#14604=CARTESIAN_POINT('Ctrl Pts',(9.32147459621556,1.17524047358084,-5.20833333333333));
#14605=CARTESIAN_POINT('Ctrl Pts',(9.32147459621556,1.17524047358084,-5.14583333333333));
#14606=CARTESIAN_POINT('Ctrl Pts',(8.98221189432333,0.587620236790415,-5.16666666666667));
#14607=CARTESIAN_POINT('Ctrl Pts',(8.98221189432333,0.587620236790415,-5.10416666666666));
#14608=CARTESIAN_POINT('Ctrl Pts',(8.64294919243111,-5.97022772797746E-15,
-5.125));
#14609=CARTESIAN_POINT('Ctrl Pts',(8.64294919243111,-5.96640070673013E-15,
-5.0625));
#14610=CARTESIAN_POINT('Ctrl Pts',(8.98221189432333,-0.587620236790427,
-5.08333333333333));
#14611=CARTESIAN_POINT('Ctrl Pts',(8.98221189432333,-0.587620236790427,
-5.02083333333333));
#14612=CARTESIAN_POINT('Ctrl Pts',(9.32147459621556,-1.17524047358085,-5.04166666666667));
#14613=CARTESIAN_POINT('Ctrl Pts',(9.32147459621556,-1.17524047358085,-4.97916666666667));
#14614=CARTESIAN_POINT('Ctrl Pts',(10.,-1.17524047358085,-5.));
#14615=CARTESIAN_POINT('Ctrl Pts',(10.,-1.17524047358085,-4.9375));
#14616=CARTESIAN_POINT('Ctrl Pts',(10.6785254037844,-1.17524047358085,-4.95833333333333));
#14617=CARTESIAN_POINT('Ctrl Pts',(10.6785254037844,-1.17524047358085,-4.89583333333333));
#14618=CARTESIAN_POINT('Ctrl Pts',(11.0177881056767,-0.587620236790428,
-4.91666666666667));
#14619=CARTESIAN_POINT('Ctrl Pts',(11.0177881056767,-0.587620236790428,
-4.85416666666666));
#14620=CARTESIAN_POINT('Ctrl Pts',(11.3570508075689,-6.28730122854203E-15,
-4.875));
#14621=CARTESIAN_POINT('Ctrl Pts',(11.3570508075689,-6.2834742072947E-15,
-4.8125));
#14622=CARTESIAN_POINT('Ctrl Pts',(11.0177881056767,0.587620236790414,-4.83333333333333));
#14623=CARTESIAN_POINT('Ctrl Pts',(11.0177881056767,0.587620236790414,-4.77083333333333));
#14624=CARTESIAN_POINT('Ctrl Pts',(10.6785254037844,1.17524047358084,-4.79166666666667));
#14625=CARTESIAN_POINT('Ctrl Pts',(10.6785254037844,1.17524047358084,-4.72916666666666));
#14626=CARTESIAN_POINT('Ctrl Pts',(10.,1.17524047358084,-4.75));
#14627=CARTESIAN_POINT('Ctrl Pts',(10.,1.17524047358084,-4.6875));
#14628=CARTESIAN_POINT('Ctrl Pts',(9.32147459621556,1.17524047358084,-4.70833333333333));
#14629=CARTESIAN_POINT('Ctrl Pts',(9.32147459621556,1.17524047358084,-4.64583333333333));
#14630=CARTESIAN_POINT('Ctrl Pts',(8.98221189432333,0.587620236790415,-4.66666666666667));
#14631=CARTESIAN_POINT('Ctrl Pts',(8.98221189432333,0.587620236790415,-4.60416666666666));
#14632=CARTESIAN_POINT('Ctrl Pts',(8.64294919243111,-5.93961155799878E-15,
-4.625));
#14633=CARTESIAN_POINT('Ctrl Pts',(8.64294919243111,-5.93578453675144E-15,
-4.5625));
#14634=CARTESIAN_POINT('Ctrl Pts',(8.98221189432333,-0.587620236790427,
-4.58333333333333));
#14635=CARTESIAN_POINT('Ctrl Pts',(8.98221189432333,-0.587620236790427,
-4.52083333333333));
#14636=CARTESIAN_POINT('Ctrl Pts',(9.32147459621556,-1.17524047358085,-4.54166666666667));
#14637=CARTESIAN_POINT('Ctrl Pts',(9.32147459621556,-1.17524047358085,-4.47916666666666));
#14638=CARTESIAN_POINT('Ctrl Pts',(10.,-1.17524047358085,-4.5));
#14639=CARTESIAN_POINT('Ctrl Pts',(10.,-1.17524047358085,-4.4375));
#14640=CARTESIAN_POINT('Ctrl Pts',(10.6785254037844,-1.17524047358085,-4.45833333333333));
#14641=CARTESIAN_POINT('Ctrl Pts',(10.6785254037844,-1.17524047358085,-4.39583333333333));
#14642=CARTESIAN_POINT('Ctrl Pts',(11.0177881056767,-0.587620236790428,
-4.41666666666667));
#14643=CARTESIAN_POINT('Ctrl Pts',(11.0177881056767,-0.587620236790428,
-4.35416666666666));
#14644=CARTESIAN_POINT('Ctrl Pts',(11.3570508075689,-6.25668505856335E-15,
-4.375));
#14645=CARTESIAN_POINT('Ctrl Pts',(11.3570508075689,-6.25285803731602E-15,
-4.3125));
#14646=CARTESIAN_POINT('Ctrl Pts',(11.0177881056767,0.587620236790415,-4.33333333333333));
#14647=CARTESIAN_POINT('Ctrl Pts',(11.0177881056767,0.587620236790415,-4.27083333333333));
#14648=CARTESIAN_POINT('Ctrl Pts',(10.6785254037844,1.17524047358084,-4.29166666666667));
#14649=CARTESIAN_POINT('Ctrl Pts',(10.6785254037844,1.17524047358084,-4.22916666666666));
#14650=CARTESIAN_POINT('Ctrl Pts',(10.,1.17524047358084,-4.25));
#14651=CARTESIAN_POINT('Ctrl Pts',(10.,1.17524047358084,-4.1875));
#14652=CARTESIAN_POINT('Ctrl Pts',(9.32147459621556,1.17524047358084,-4.20833333333333));
#14653=CARTESIAN_POINT('Ctrl Pts',(9.32147459621556,1.17524047358084,-4.14583333333333));
#14654=CARTESIAN_POINT('Ctrl Pts',(8.98221189432333,0.587620236790415,-4.16666666666667));
#14655=CARTESIAN_POINT('Ctrl Pts',(8.98221189432333,0.587620236790415,-4.10416666666666));
#14656=CARTESIAN_POINT('Ctrl Pts',(8.64294919243111,-5.90899538802009E-15,
-4.125));
#14657=CARTESIAN_POINT('Ctrl Pts',(8.64294919243111,-5.90516836677276E-15,
-4.0625));
#14658=CARTESIAN_POINT('Ctrl Pts',(8.98221189432333,-0.587620236790427,
-4.08333333333333));
#14659=CARTESIAN_POINT('Ctrl Pts',(8.98221189432333,-0.587620236790427,
-4.02083333333333));
#14660=CARTESIAN_POINT('Ctrl Pts',(9.32147459621556,-1.17524047358085,-4.04166666666667));
#14661=CARTESIAN_POINT('Ctrl Pts',(9.32147459621556,-1.17524047358085,-3.97916666666666));
#14662=CARTESIAN_POINT('Ctrl Pts',(10.,-1.17524047358085,-4.));
#14663=CARTESIAN_POINT('Ctrl Pts',(10.,-1.17524047358085,-3.9375));
#14664=CARTESIAN_POINT('Ctrl Pts',(10.6785254037844,-1.17524047358085,-3.95833333333333));
#14665=CARTESIAN_POINT('Ctrl Pts',(10.6785254037844,-1.17524047358085,-3.89583333333333));
#14666=CARTESIAN_POINT('Ctrl Pts',(11.0177881056767,-0.587620236790428,
-3.91666666666667));
#14667=CARTESIAN_POINT('Ctrl Pts',(11.0177881056767,-0.587620236790428,
-3.85416666666666));
#14668=CARTESIAN_POINT('Ctrl Pts',(11.3570508075689,-6.22606888858467E-15,
-3.875));
#14669=CARTESIAN_POINT('Ctrl Pts',(11.3570508075689,-6.22224186733733E-15,
-3.8125));
#14670=CARTESIAN_POINT('Ctrl Pts',(11.0177881056767,0.587620236790415,-3.83333333333333));
#14671=CARTESIAN_POINT('Ctrl Pts',(11.0177881056767,0.587620236790415,-3.77083333333333));
#14672=CARTESIAN_POINT('Ctrl Pts',(10.6785254037844,1.17524047358084,-3.79166666666667));
#14673=CARTESIAN_POINT('Ctrl Pts',(10.6785254037844,1.17524047358084,-3.72916666666666));
#14674=CARTESIAN_POINT('Ctrl Pts',(10.,1.17524047358084,-3.75));
#14675=CARTESIAN_POINT('Ctrl Pts',(10.,1.17524047358084,-3.6875));
#14676=CARTESIAN_POINT('Ctrl Pts',(9.32147459621556,1.17524047358084,-3.70833333333333));
#14677=CARTESIAN_POINT('Ctrl Pts',(9.32147459621556,1.17524047358084,-3.64583333333333));
#14678=CARTESIAN_POINT('Ctrl Pts',(8.98221189432333,0.587620236790415,-3.66666666666667));
#14679=CARTESIAN_POINT('Ctrl Pts',(8.98221189432333,0.587620236790415,-3.60416666666666));
#14680=CARTESIAN_POINT('Ctrl Pts',(8.64294919243111,-5.87837921804141E-15,
-3.625));
#14681=CARTESIAN_POINT('Ctrl Pts',(8.64294919243111,-5.87455219679408E-15,
-3.5625));
#14682=CARTESIAN_POINT('Ctrl Pts',(8.98221189432333,-0.587620236790427,
-3.58333333333333));
#14683=CARTESIAN_POINT('Ctrl Pts',(8.98221189432333,-0.587620236790427,
-3.52083333333333));
#14684=CARTESIAN_POINT('Ctrl Pts',(9.32147459621556,-1.17524047358085,-3.54166666666667));
#14685=CARTESIAN_POINT('Ctrl Pts',(9.32147459621556,-1.17524047358085,-3.47916666666666));
#14686=CARTESIAN_POINT('Ctrl Pts',(10.,-1.17524047358085,-3.5));
#14687=CARTESIAN_POINT('Ctrl Pts',(10.,-1.17524047358085,-3.4375));
#14688=CARTESIAN_POINT('Ctrl Pts',(10.6785254037844,-1.17524047358085,-3.45833333333333));
#14689=CARTESIAN_POINT('Ctrl Pts',(10.6785254037844,-1.17524047358085,-3.39583333333333));
#14690=CARTESIAN_POINT('Ctrl Pts',(11.0177881056767,-0.587620236790428,
-3.41666666666667));
#14691=CARTESIAN_POINT('Ctrl Pts',(11.0177881056767,-0.587620236790428,
-3.35416666666666));
#14692=CARTESIAN_POINT('Ctrl Pts',(11.3570508075689,-6.19545271860598E-15,
-3.375));
#14693=CARTESIAN_POINT('Ctrl Pts',(11.3570508075689,-6.19162569735865E-15,
-3.3125));
#14694=CARTESIAN_POINT('Ctrl Pts',(11.0177881056767,0.587620236790415,-3.33333333333333));
#14695=CARTESIAN_POINT('Ctrl Pts',(11.0177881056767,0.587620236790415,-3.27083333333333));
#14696=CARTESIAN_POINT('Ctrl Pts',(10.6785254037844,1.17524047358084,-3.29166666666667));
#14697=CARTESIAN_POINT('Ctrl Pts',(10.6785254037844,1.17524047358084,-3.22916666666666));
#14698=CARTESIAN_POINT('Ctrl Pts',(10.,1.17524047358084,-3.25));
#14699=CARTESIAN_POINT('Ctrl Pts',(10.,1.17524047358084,-3.1875));
#14700=CARTESIAN_POINT('Ctrl Pts',(9.32147459621556,1.17524047358084,-3.20833333333333));
#14701=CARTESIAN_POINT('Ctrl Pts',(9.32147459621556,1.17524047358084,-3.14583333333333));
#14702=CARTESIAN_POINT('Ctrl Pts',(8.98221189432333,0.587620236790415,-3.16666666666667));
#14703=CARTESIAN_POINT('Ctrl Pts',(8.98221189432333,0.587620236790415,-3.10416666666666));
#14704=CARTESIAN_POINT('Ctrl Pts',(8.64294919243111,-5.84776304806273E-15,
-3.125));
#14705=CARTESIAN_POINT('Ctrl Pts',(8.64294919243111,-5.84393602681539E-15,
-3.0625));
#14706=CARTESIAN_POINT('Ctrl Pts',(8.98221189432333,-0.587620236790427,
-3.08333333333333));
#14707=CARTESIAN_POINT('Ctrl Pts',(8.98221189432333,-0.587620236790427,
-3.02083333333333));
#14708=CARTESIAN_POINT('Ctrl Pts',(9.32147459621556,-1.17524047358085,-3.04166666666667));
#14709=CARTESIAN_POINT('Ctrl Pts',(9.32147459621556,-1.17524047358085,-2.97916666666666));
#14710=CARTESIAN_POINT('Ctrl Pts',(10.,-1.17524047358085,-3.));
#14711=CARTESIAN_POINT('Ctrl Pts',(10.,-1.17524047358085,-2.9375));
#14712=CARTESIAN_POINT('Ctrl Pts',(10.6785254037844,-1.17524047358085,-2.95833333333333));
#14713=CARTESIAN_POINT('Ctrl Pts',(10.6785254037844,-1.17524047358085,-2.89583333333333));
#14714=CARTESIAN_POINT('Ctrl Pts',(11.0177881056767,-0.587620236790428,
-2.91666666666667));
#14715=CARTESIAN_POINT('Ctrl Pts',(11.0177881056767,-0.587620236790428,
-2.85416666666666));
#14716=CARTESIAN_POINT('Ctrl Pts',(11.3570508075689,-6.1648365486273E-15,
-2.875));
#14717=CARTESIAN_POINT('Ctrl Pts',(11.3570508075689,-6.16100952737996E-15,
-2.8125));
#14718=CARTESIAN_POINT('Ctrl Pts',(11.0177881056767,0.587620236790415,-2.83333333333333));
#14719=CARTESIAN_POINT('Ctrl Pts',(11.0177881056767,0.587620236790415,-2.77083333333333));
#14720=CARTESIAN_POINT('Ctrl Pts',(10.6785254037844,1.17524047358084,-2.79166666666667));
#14721=CARTESIAN_POINT('Ctrl Pts',(10.6785254037844,1.17524047358084,-2.72916666666666));
#14722=CARTESIAN_POINT('Ctrl Pts',(10.,1.17524047358084,-2.75));
#14723=CARTESIAN_POINT('Ctrl Pts',(10.,1.17524047358084,-2.6875));
#14724=CARTESIAN_POINT('Ctrl Pts',(9.32147459621556,1.17524047358084,-2.70833333333333));
#14725=CARTESIAN_POINT('Ctrl Pts',(9.32147459621556,1.17524047358084,-2.64583333333333));
#14726=CARTESIAN_POINT('Ctrl Pts',(8.98221189432333,0.587620236790415,-2.66666666666667));
#14727=CARTESIAN_POINT('Ctrl Pts',(8.98221189432333,0.587620236790415,-2.60416666666666));
#14728=CARTESIAN_POINT('Ctrl Pts',(8.64294919243111,-5.81714687808404E-15,
-2.625));
#14729=CARTESIAN_POINT('Ctrl Pts',(8.64294919243111,-5.81331985683671E-15,
-2.5625));
#14730=CARTESIAN_POINT('Ctrl Pts',(8.98221189432333,-0.587620236790427,
-2.58333333333333));
#14731=CARTESIAN_POINT('Ctrl Pts',(8.98221189432333,-0.587620236790427,
-2.52083333333333));
#14732=CARTESIAN_POINT('Ctrl Pts',(9.32147459621556,-1.17524047358085,-2.54166666666667));
#14733=CARTESIAN_POINT('Ctrl Pts',(9.32147459621556,-1.17524047358085,-2.47916666666666));
#14734=CARTESIAN_POINT('Ctrl Pts',(10.,-1.17524047358085,-2.5));
#14735=CARTESIAN_POINT('Ctrl Pts',(10.,-1.17524047358085,-2.4375));
#14736=CARTESIAN_POINT('Ctrl Pts',(10.6785254037844,-1.17524047358085,-2.45833333333333));
#14737=CARTESIAN_POINT('Ctrl Pts',(10.6785254037844,-1.17524047358085,-2.39583333333333));
#14738=CARTESIAN_POINT('Ctrl Pts',(11.0177881056767,-0.587620236790428,
-2.41666666666667));
#14739=CARTESIAN_POINT('Ctrl Pts',(11.0177881056767,-0.587620236790428,
-2.35416666666666));
#14740=CARTESIAN_POINT('Ctrl Pts',(11.3570508075689,-6.13422037864861E-15,
-2.375));
#14741=CARTESIAN_POINT('Ctrl Pts',(11.3570508075689,-6.13039335740128E-15,
-2.3125));
#14742=CARTESIAN_POINT('Ctrl Pts',(11.0177881056767,0.587620236790415,-2.33333333333333));
#14743=CARTESIAN_POINT('Ctrl Pts',(11.0177881056767,0.587620236790415,-2.27083333333333));
#14744=CARTESIAN_POINT('Ctrl Pts',(10.6785254037844,1.17524047358084,-2.29166666666667));
#14745=CARTESIAN_POINT('Ctrl Pts',(10.6785254037844,1.17524047358084,-2.22916666666666));
#14746=CARTESIAN_POINT('Ctrl Pts',(10.,1.17524047358084,-2.25));
#14747=CARTESIAN_POINT('Ctrl Pts',(10.,1.17524047358084,-2.1875));
#14748=CARTESIAN_POINT('Ctrl Pts',(9.32147459621556,1.17524047358084,-2.20833333333333));
#14749=CARTESIAN_POINT('Ctrl Pts',(9.32147459621556,1.17524047358084,-2.14583333333333));
#14750=CARTESIAN_POINT('Ctrl Pts',(8.98221189432333,0.587620236790416,-2.16666666666667));
#14751=CARTESIAN_POINT('Ctrl Pts',(8.98221189432333,0.587620236790416,-2.10416666666666));
#14752=CARTESIAN_POINT('Ctrl Pts',(8.64294919243111,-5.78653070810536E-15,
-2.125));
#14753=CARTESIAN_POINT('Ctrl Pts',(8.64294919243111,-5.78270368685802E-15,
-2.0625));
#14754=CARTESIAN_POINT('Ctrl Pts',(8.98221189432333,-0.587620236790427,
-2.08333333333333));
#14755=CARTESIAN_POINT('Ctrl Pts',(8.98221189432333,-0.587620236790427,
-2.02083333333333));
#14756=CARTESIAN_POINT('Ctrl Pts',(9.32147459621556,-1.17524047358085,-2.04166666666667));
#14757=CARTESIAN_POINT('Ctrl Pts',(9.32147459621556,-1.17524047358085,-1.97916666666666));
#14758=CARTESIAN_POINT('Ctrl Pts',(10.,-1.17524047358085,-2.));
#14759=CARTESIAN_POINT('Ctrl Pts',(10.,-1.17524047358085,-1.9375));
#14760=CARTESIAN_POINT('Ctrl Pts',(10.6785254037844,-1.17524047358085,-1.95833333333333));
#14761=CARTESIAN_POINT('Ctrl Pts',(10.6785254037844,-1.17524047358085,-1.89583333333333));
#14762=CARTESIAN_POINT('Ctrl Pts',(11.0177881056767,-0.587620236790428,
-1.91666666666667));
#14763=CARTESIAN_POINT('Ctrl Pts',(11.0177881056767,-0.587620236790428,
-1.85416666666666));
#14764=CARTESIAN_POINT('Ctrl Pts',(11.3570508075689,-6.10360420866993E-15,
-1.875));
#14765=CARTESIAN_POINT('Ctrl Pts',(11.3570508075689,-6.09977718742259E-15,
-1.8125));
#14766=CARTESIAN_POINT('Ctrl Pts',(11.0177881056767,0.587620236790415,-1.83333333333333));
#14767=CARTESIAN_POINT('Ctrl Pts',(11.0177881056767,0.587620236790415,-1.77083333333333));
#14768=CARTESIAN_POINT('Ctrl Pts',(10.6785254037844,1.17524047358084,-1.79166666666667));
#14769=CARTESIAN_POINT('Ctrl Pts',(10.6785254037844,1.17524047358084,-1.72916666666666));
#14770=CARTESIAN_POINT('Ctrl Pts',(10.,1.17524047358084,-1.75));
#14771=CARTESIAN_POINT('Ctrl Pts',(10.,1.17524047358084,-1.6875));
#14772=CARTESIAN_POINT('Ctrl Pts',(9.32147459621556,1.17524047358084,-1.70833333333333));
#14773=CARTESIAN_POINT('Ctrl Pts',(9.32147459621556,1.17524047358084,-1.64583333333333));
#14774=CARTESIAN_POINT('Ctrl Pts',(8.98221189432333,0.587620236790416,-1.66666666666667));
#14775=CARTESIAN_POINT('Ctrl Pts',(8.98221189432333,0.587620236790416,-1.60416666666666));
#14776=CARTESIAN_POINT('Ctrl Pts',(8.64294919243111,-5.75591453812668E-15,
-1.625));
#14777=CARTESIAN_POINT('Ctrl Pts',(8.64294919243111,-5.75208751687934E-15,
-1.5625));
#14778=CARTESIAN_POINT('Ctrl Pts',(8.98221189432333,-0.587620236790427,
-1.58333333333333));
#14779=CARTESIAN_POINT('Ctrl Pts',(8.98221189432333,-0.587620236790427,
-1.52083333333333));
#14780=CARTESIAN_POINT('Ctrl Pts',(9.32147459621556,-1.17524047358085,-1.54166666666667));
#14781=CARTESIAN_POINT('Ctrl Pts',(9.32147459621556,-1.17524047358085,-1.47916666666666));
#14782=CARTESIAN_POINT('Ctrl Pts',(10.,-1.17524047358085,-1.5));
#14783=CARTESIAN_POINT('Ctrl Pts',(10.,-1.17524047358085,-1.4375));
#14784=CARTESIAN_POINT('Ctrl Pts',(10.6785254037844,-1.17524047358085,-1.45833333333333));
#14785=CARTESIAN_POINT('Ctrl Pts',(10.6785254037844,-1.17524047358085,-1.39583333333333));
#14786=CARTESIAN_POINT('Ctrl Pts',(11.0177881056767,-0.587620236790428,
-1.41666666666667));
#14787=CARTESIAN_POINT('Ctrl Pts',(11.0177881056767,-0.587620236790428,
-1.35416666666666));
#14788=CARTESIAN_POINT('Ctrl Pts',(11.3570508075689,-6.07298803869125E-15,
-1.375));
#14789=CARTESIAN_POINT('Ctrl Pts',(11.3570508075689,-6.06916101744391E-15,
-1.3125));
#14790=CARTESIAN_POINT('Ctrl Pts',(11.0177881056767,0.587620236790415,-1.33333333333333));
#14791=CARTESIAN_POINT('Ctrl Pts',(11.0177881056767,0.587620236790415,-1.27083333333333));
#14792=CARTESIAN_POINT('Ctrl Pts',(10.6785254037844,1.17524047358084,-1.29166666666667));
#14793=CARTESIAN_POINT('Ctrl Pts',(10.6785254037844,1.17524047358084,-1.22916666666666));
#14794=CARTESIAN_POINT('Ctrl Pts',(10.,1.17524047358084,-1.25));
#14795=CARTESIAN_POINT('Ctrl Pts',(10.,1.17524047358084,-1.1875));
#14796=CARTESIAN_POINT('Ctrl Pts',(9.32147459621556,1.17524047358084,-1.20833333333333));
#14797=CARTESIAN_POINT('Ctrl Pts',(9.32147459621556,1.17524047358084,-1.14583333333333));
#14798=CARTESIAN_POINT('Ctrl Pts',(8.98221189432333,0.587620236790416,-1.16666666666667));
#14799=CARTESIAN_POINT('Ctrl Pts',(8.98221189432333,0.587620236790416,-1.10416666666666));
#14800=CARTESIAN_POINT('Ctrl Pts',(8.64294919243111,-5.72529836814799E-15,
-1.125));
#14801=CARTESIAN_POINT('Ctrl Pts',(8.64294919243111,-5.72147134690065E-15,
-1.0625));
#14802=CARTESIAN_POINT('Ctrl Pts',(8.98221189432333,-0.587620236790427,
-1.08333333333333));
#14803=CARTESIAN_POINT('Ctrl Pts',(8.98221189432333,-0.587620236790427,
-1.02083333333333));
#14804=CARTESIAN_POINT('Ctrl Pts',(9.32147459621556,-1.17524047358085,-1.04166666666667));
#14805=CARTESIAN_POINT('Ctrl Pts',(9.32147459621556,-1.17524047358085,-0.979166666666664));
#14806=CARTESIAN_POINT('Ctrl Pts',(10.,-1.17524047358085,-1.));
#14807=CARTESIAN_POINT('Ctrl Pts',(10.,-1.17524047358085,-0.937499999999998));
#14808=CARTESIAN_POINT('Ctrl Pts',(10.6785254037844,-1.17524047358085,-0.958333333333333));
#14809=CARTESIAN_POINT('Ctrl Pts',(10.6785254037844,-1.17524047358085,-0.89583333333333));
#14810=CARTESIAN_POINT('Ctrl Pts',(11.0177881056767,-0.587620236790428,
-0.916666666666667));
#14811=CARTESIAN_POINT('Ctrl Pts',(11.0177881056767,-0.587620236790428,
-0.854166666666664));
#14812=CARTESIAN_POINT('Ctrl Pts',(11.3570508075689,-6.04237186871256E-15,
-0.875));
#14813=CARTESIAN_POINT('Ctrl Pts',(11.3570508075689,-6.03854484746523E-15,
-0.812499999999998));
#14814=CARTESIAN_POINT('Ctrl Pts',(11.0177881056767,0.587620236790415,-0.833333333333333));
#14815=CARTESIAN_POINT('Ctrl Pts',(11.0177881056767,0.587620236790415,-0.77083333333333));
#14816=CARTESIAN_POINT('Ctrl Pts',(10.6785254037844,1.17524047358084,-0.791666666666667));
#14817=CARTESIAN_POINT('Ctrl Pts',(10.6785254037844,1.17524047358084,-0.729166666666664));
#14818=CARTESIAN_POINT('Ctrl Pts',(10.,1.17524047358084,-0.75));
#14819=CARTESIAN_POINT('Ctrl Pts',(10.,1.17524047358084,-0.687499999999998));
#14820=CARTESIAN_POINT('Ctrl Pts',(9.32147459621556,1.17524047358084,-0.708333333333333));
#14821=CARTESIAN_POINT('Ctrl Pts',(9.32147459621556,1.17524047358084,-0.64583333333333));
#14822=CARTESIAN_POINT('Ctrl Pts',(8.98221189432333,0.587620236790416,-0.666666666666666));
#14823=CARTESIAN_POINT('Ctrl Pts',(8.98221189432333,0.587620236790416,-0.604166666666664));
#14824=CARTESIAN_POINT('Ctrl Pts',(8.64294919243111,-5.69468219816931E-15,
-0.625));
#14825=CARTESIAN_POINT('Ctrl Pts',(8.64294919243111,-5.69085517692197E-15,
-0.562499999999997));
#14826=CARTESIAN_POINT('Ctrl Pts',(8.98221189432333,-0.587620236790427,
-0.583333333333333));
#14827=CARTESIAN_POINT('Ctrl Pts',(8.98221189432333,-0.587620236790427,
-0.520833333333331));
#14828=CARTESIAN_POINT('Ctrl Pts',(9.32147459621556,-1.17524047358085,-0.541666666666666));
#14829=CARTESIAN_POINT('Ctrl Pts',(9.32147459621556,-1.17524047358085,-0.479166666666664));
#14830=CARTESIAN_POINT('Ctrl Pts',(10.,-1.17524047358085,-0.5));
#14831=CARTESIAN_POINT('Ctrl Pts',(10.,-1.17524047358085,-0.437499999999997));
#14832=CARTESIAN_POINT('Ctrl Pts',(10.6785254037844,-1.17524047358085,-0.458333333333333));
#14833=CARTESIAN_POINT('Ctrl Pts',(10.6785254037844,-1.17524047358085,-0.395833333333331));
#14834=CARTESIAN_POINT('Ctrl Pts',(11.0177881056767,-0.587620236790428,
-0.416666666666666));
#14835=CARTESIAN_POINT('Ctrl Pts',(11.0177881056767,-0.587620236790428,
-0.354166666666664));
#14836=CARTESIAN_POINT('Ctrl Pts',(11.0795494812912,-0.480646396280717,
-0.409081421851211));
#14837=CARTESIAN_POINT('Ctrl Pts',(11.0795494812912,-0.480646396280717,
-0.346581421851208));
#14838=CARTESIAN_POINT('Ctrl Pts',(11.1177201106129,-0.36316927881361,-0.400751416197902));
#14839=CARTESIAN_POINT('Ctrl Pts',(11.1177201106129,-0.36316927881361,-0.3382514161979));
#14840=CARTESIAN_POINT('Ctrl Pts',(11.2282265536564,-0.0230654183068613,
-0.376635510549072));
#14841=CARTESIAN_POINT('Ctrl Pts',(11.2282265536564,-0.0230654183068613,
-0.314135510549069));
#14842=CARTESIAN_POINT('Ctrl Pts',(11.3387329966998,0.317038442199887,-0.352519604900241));
#14843=CARTESIAN_POINT('Ctrl Pts',(11.3387329966998,0.317038442199888,-0.290019604900239));
#14844=CARTESIAN_POINT('Origin',(10.,-6.93889390390723E-15,71.1118003475001));
#14845=CARTESIAN_POINT('',(12.205,-4.23990565700729E-15,70.));
#14846=CARTESIAN_POINT('',(8.71865557864162,-1.79448640949261,70.));
#14847=CARTESIAN_POINT('Origin',(10.,6.88382331736933E-17,70.));
#14848=CARTESIAN_POINT('',(8.68639521291712,-1.83966613392338,69.9679482777569));
#14849=CARTESIAN_POINT('',(9.83769328745861,-0.227305933494591,71.1118003475001));
#14850=CARTESIAN_POINT('',(9.80874999999225,-2.48765797236633,69.8325691450715));
#14851=CARTESIAN_POINT('Ctrl Pts',(8.68639521291712,-1.83966613392338,69.9679482777569));
#14852=CARTESIAN_POINT('Ctrl Pts',(8.82926072519056,-1.92214957589237,69.9771242225039));
#14853=CARTESIAN_POINT('Ctrl Pts',(9.36883822951651,-2.23367479326362,69.9593063060808));
#14854=CARTESIAN_POINT('Ctrl Pts',(9.80874999999186,-2.48765797236725,69.8325691450717));
#14855=CARTESIAN_POINT('',(10.19125,-2.4876579723708,69.8325691450693));
#14856=CARTESIAN_POINT('Ctrl Pts',(9.80874999999225,-2.48765797236633,69.8325691450715));
#14857=CARTESIAN_POINT('Ctrl Pts',(9.81743380965852,-2.49267157221502,69.8300673675384));
#14858=CARTESIAN_POINT('Ctrl Pts',(9.82635318883376,-2.49736512939558,69.8277317980721));
#14859=CARTESIAN_POINT('Ctrl Pts',(9.88670305570302,-2.52612061064485,69.8134521980365));
#14860=CARTESIAN_POINT('Ctrl Pts',(9.94454591305724,-2.53890325542326,69.8072208655981));
#14861=CARTESIAN_POINT('Ctrl Pts',(10.0554540869427,-2.53890325542326,69.8072208655981));
#14862=CARTESIAN_POINT('Ctrl Pts',(10.113296944297,-2.52612061064486,69.8134521980365));
#14863=CARTESIAN_POINT('Ctrl Pts',(10.1736468111635,-2.49736512939687,69.8277317980714));
#14864=CARTESIAN_POINT('Ctrl Pts',(10.1825661903362,-2.49267157221781,69.830067367537));
#14865=CARTESIAN_POINT('Ctrl Pts',(10.19125,-2.4876579723708,69.8325691450693));
#14866=CARTESIAN_POINT('',(12.0587499999922,-1.40945634466365,69.8325691450715));
#14867=CARTESIAN_POINT('Ctrl Pts',(10.1912499999997,-2.487657972371,69.8325691450705));
#14868=CARTESIAN_POINT('Ctrl Pts',(10.732728652591,-2.17503512653698,69.9885673969545));
#14869=CARTESIAN_POINT('Ctrl Pts',(11.6188382295376,-1.66343952375537,69.9593063060751));
#14870=CARTESIAN_POINT('Ctrl Pts',(12.058749999992,-1.40945634466383,69.8325691450703));
#14871=CARTESIAN_POINT('',(12.25,-1.07820162771163,69.8325691450693));
#14872=CARTESIAN_POINT('Ctrl Pts',(12.0587499999922,-1.40945634466367,69.8325691450715));
#14873=CARTESIAN_POINT('Ctrl Pts',(12.0674338096587,-1.40444274481539,69.8300673675384));
#14874=CARTESIAN_POINT('Ctrl Pts',(12.0759582389988,-1.39906511445393,69.8277317980721));
#14875=CARTESIAN_POINT('Ctrl Pts',(12.1310361496934,-1.36117833725477,69.8134521980365));
#14876=CARTESIAN_POINT('Ctrl Pts',(12.1710276734762,-1.31747627574773,69.8072208655981));
#14877=CARTESIAN_POINT('Ctrl Pts',(12.2264817604189,-1.22142697967554,69.8072208655981));
#14878=CARTESIAN_POINT('Ctrl Pts',(12.2443330939904,-1.16494227339009,69.8134521980365));
#14879=CARTESIAN_POINT('Ctrl Pts',(12.2496050501649,-1.09830001494465,69.8277317980714));
#14880=CARTESIAN_POINT('Ctrl Pts',(12.25,-1.08822882740562,69.830067367537));
#14881=CARTESIAN_POINT('Ctrl Pts',(12.25,-1.07820162771162,69.8325691450693));
#14882=CARTESIAN_POINT('',(12.25,1.07820162771162,69.8325691450693));
#14883=CARTESIAN_POINT('Ctrl Pts',(12.2500000000013,-1.07820162771207,69.832569145071));
#14884=CARTESIAN_POINT('Ctrl Pts',(12.2500000000013,-0.452955936066207,
69.9885673969477));
#14885=CARTESIAN_POINT('Ctrl Pts',(12.2500000000013,0.570235269502466,69.9593063060808));
#14886=CARTESIAN_POINT('Ctrl Pts',(12.2500000000013,1.07820162771206,69.8325691450708));
#14887=CARTESIAN_POINT('',(12.05875,1.40945634465917,69.8325691450693));
#14888=CARTESIAN_POINT('Ctrl Pts',(12.05875,1.40945634465917,69.8325691450693));
#14889=CARTESIAN_POINT('Ctrl Pts',(12.0674338096638,1.40444274481217,69.830067367537));
#14890=CARTESIAN_POINT('Ctrl Pts',(12.0759582390013,1.39906511445221,69.8277317980714));
#14891=CARTESIAN_POINT('Ctrl Pts',(12.1310361496934,1.36117833725476,69.8134521980365));
#14892=CARTESIAN_POINT('Ctrl Pts',(12.1710276734762,1.31747627574772,69.8072208655981));
#14893=CARTESIAN_POINT('Ctrl Pts',(12.2264817604189,1.22142697967553,69.8072208655981));
#14894=CARTESIAN_POINT('Ctrl Pts',(12.2443330939904,1.16494227339008,69.8134521980365));
#14895=CARTESIAN_POINT('Ctrl Pts',(12.2496050501649,1.09830001494464,69.8277317980714));
#14896=CARTESIAN_POINT('Ctrl Pts',(12.25,1.08822882740562,69.830067367537));
#14897=CARTESIAN_POINT('Ctrl Pts',(12.25,1.07820162771161,69.8325691450693));
#14898=CARTESIAN_POINT('',(10.1912500000078,2.48765797236632,69.8325691450715));
#14899=CARTESIAN_POINT('Ctrl Pts',(12.0587499999999,1.40945634465969,69.8325691450678));
#14900=CARTESIAN_POINT('Ctrl Pts',(11.5172713474041,1.72207919049631,69.9885673969541));
#14901=CARTESIAN_POINT('Ctrl Pts',(10.6311617704576,2.23367479327785,69.9593063060749));
#14902=CARTESIAN_POINT('Ctrl Pts',(10.1912500000077,2.48765797236677,69.8325691450723));
#14903=CARTESIAN_POINT('',(9.80874999999999,2.48765797237079,69.8325691450693));
#14904=CARTESIAN_POINT('Ctrl Pts',(9.80874999999998,2.48765797237079,69.8325691450693));
#14905=CARTESIAN_POINT('Ctrl Pts',(9.81743380966381,2.49267157221779,69.830067367537));
#14906=CARTESIAN_POINT('Ctrl Pts',(9.82635318883646,2.49736512939686,69.8277317980714));
#14907=CARTESIAN_POINT('Ctrl Pts',(9.88670305570301,2.52612061064484,69.8134521980365));
#14908=CARTESIAN_POINT('Ctrl Pts',(9.94454591305725,2.53890325542325,69.8072208655981));
#14909=CARTESIAN_POINT('Ctrl Pts',(10.0554540869428,2.53890325542325,69.8072208655981));
#14910=CARTESIAN_POINT('Ctrl Pts',(10.113296944297,2.52612061064485,69.8134521980365));
#14911=CARTESIAN_POINT('Ctrl Pts',(10.1736468111663,2.49736512939556,69.8277317980721));
#14912=CARTESIAN_POINT('Ctrl Pts',(10.1825661903415,2.49267157221499,69.8300673675384));
#14913=CARTESIAN_POINT('Ctrl Pts',(10.1912500000078,2.4876579723663,69.8325691450715));
#14914=CARTESIAN_POINT('',(7.94125000000775,1.40945634466364,69.8325691450715));
#14915=CARTESIAN_POINT('Ctrl Pts',(9.80874999999915,2.48765797237228,69.8325691450693));
#14916=CARTESIAN_POINT('Ctrl Pts',(9.26727134742415,2.17503512654767,69.9885673969476));
#14917=CARTESIAN_POINT('Ctrl Pts',(8.3811617704763,1.66343952376533,69.9593063060807));
#14918=CARTESIAN_POINT('Ctrl Pts',(7.94125000000625,1.40945634466476,69.8325691450743));
#14919=CARTESIAN_POINT('',(7.75,1.07820162771162,69.8325691450693));
#14920=CARTESIAN_POINT('Ctrl Pts',(7.75,1.07820162771161,69.8325691450693));
#14921=CARTESIAN_POINT('Ctrl Pts',(7.75,1.08822882740562,69.830067367537));
#14922=CARTESIAN_POINT('Ctrl Pts',(7.75039494983514,1.09830001494464,69.8277317980714));
#14923=CARTESIAN_POINT('Ctrl Pts',(7.75566690600961,1.16494227339007,69.8134521980365));
#14924=CARTESIAN_POINT('Ctrl Pts',(7.77351823958108,1.22142697967553,69.8072208655981));
#14925=CARTESIAN_POINT('Ctrl Pts',(7.82897232652383,1.31747627574772,69.8072208655981));
#14926=CARTESIAN_POINT('Ctrl Pts',(7.8689638503066,1.36117833725476,69.8134521980365));
#14927=CARTESIAN_POINT('Ctrl Pts',(7.92404176100115,1.39906511445391,69.8277317980721));
#14928=CARTESIAN_POINT('Ctrl Pts',(7.93256619034125,1.40444274481537,69.8300673675384));
#14929=CARTESIAN_POINT('Ctrl Pts',(7.94125000000775,1.40945634466364,69.8325691450715));
#14930=CARTESIAN_POINT('',(7.75,-1.07820162771163,69.8325691450693));
#14931=CARTESIAN_POINT('Ctrl Pts',(7.75000000000031,1.07820162771109,69.8325691450671));
#14932=CARTESIAN_POINT('Ctrl Pts',(7.75000000000031,0.452955936015644,69.9885673969607));
#14933=CARTESIAN_POINT('Ctrl Pts',(7.75000000000031,-0.570235269549749,
69.9593063060688));
#14934=CARTESIAN_POINT('Ctrl Pts',(7.75000000000031,-1.07820162771118,69.8325691450673));
#14935=CARTESIAN_POINT('',(7.94125000000001,-1.40945634465918,69.8325691450693));
#14936=CARTESIAN_POINT('Ctrl Pts',(7.75,-1.07820162771162,69.8325691450693));
#14937=CARTESIAN_POINT('Ctrl Pts',(7.75,-1.08822882740563,69.830067367537));
#14938=CARTESIAN_POINT('Ctrl Pts',(7.75039494983514,-1.09830001494465,69.8277317980714));
#14939=CARTESIAN_POINT('Ctrl Pts',(7.75566690600961,-1.16494227339009,69.8134521980364));
#14940=CARTESIAN_POINT('Ctrl Pts',(7.77351823958108,-1.22142697967554,69.8072208655981));
#14941=CARTESIAN_POINT('Ctrl Pts',(7.82897232652383,-1.31747627574773,69.8072208655981));
#14942=CARTESIAN_POINT('Ctrl Pts',(7.86896385030661,-1.36117833725477,69.8134521980365));
#14943=CARTESIAN_POINT('Ctrl Pts',(7.92404176099869,-1.39906511445222,69.8277317980714));
#14944=CARTESIAN_POINT('Ctrl Pts',(7.93256619033619,-1.40444274481218,69.830067367537));
#14945=CARTESIAN_POINT('Ctrl Pts',(7.94125000000002,-1.40945634465919,69.8325691450693));
#14946=CARTESIAN_POINT('Ctrl Pts',(7.94124999999887,-1.40945634465967,69.8325691450722));
#14947=CARTESIAN_POINT('Ctrl Pts',(8.33219331106918,-1.63516757054399,69.945198651));
#14948=CARTESIAN_POINT('Ctrl Pts',(8.68639521291712,-1.83966613392338,69.9679482777569));
#14949=CARTESIAN_POINT('Origin',(10.,6.88382331736933E-17,70.));
#14950=CARTESIAN_POINT('Origin',(12.64612,-2.64612,70.));
#14951=CARTESIAN_POINT('Origin',(9.99564196152422,2.59556009666618,-5.06907123838741));
#14952=CARTESIAN_POINT('',(9.80874999999999,2.48765797237079,44.8325691450693));
#14953=CARTESIAN_POINT('',(7.94125000000001,1.40945634465917,0.167430854930701));
#14954=CARTESIAN_POINT('Origin',(12.2456419615242,1.30155422036379,-5.06907123838741));
#14955=CARTESIAN_POINT('',(12.05875,1.40945634465917,44.8325691450693));
#14956=CARTESIAN_POINT('',(10.19125,2.48765797237079,0.167430854930702));
#14957=CARTESIAN_POINT('Origin',(10.,2.15640325542325,25.5));
#14958=CARTESIAN_POINT('Origin',(11.8675,1.07820162771162,25.4999999999989));
#14959=CARTESIAN_POINT('',(12.25,1.07820162771162,0.167430854930704));
#14960=CARTESIAN_POINT('Origin',(8.1325,1.07820162771162,25.5000000000011));
#14961=CARTESIAN_POINT('',(7.75,1.07820162771162,44.8325691450693));
#14962=CARTESIAN_POINT('Origin',(12.25,-1.293961953259,56.0689430854641));
#14963=CARTESIAN_POINT('',(12.25,-1.07820162771163,44.8325691450693));
#14964=CARTESIAN_POINT('Origin',(7.75,1.29396195325441,-5.0689430854642));
#14965=CARTESIAN_POINT('',(7.75,-1.07820162771163,0.167430854930704));
#14966=CARTESIAN_POINT('Origin',(10.0043580384758,-2.59556009666619,-5.06907123838741));
#14967=CARTESIAN_POINT('',(10.19125,-2.4876579723708,44.8325691450693));
#14968=CARTESIAN_POINT('',(12.05875,-1.40945634465918,0.167430854930701));
#14969=CARTESIAN_POINT('Origin',(7.75435803847501,-1.30155422036335,-5.06907123838746));
#14970=CARTESIAN_POINT('',(7.94125000000001,-1.40945634465918,44.8325691450693));
#14971=CARTESIAN_POINT('',(9.80874999999999,-2.4876579723708,0.167430854930701));
#14972=CARTESIAN_POINT('Origin',(8.1325,-1.07820162771163,25.4999999999989));
#14973=CARTESIAN_POINT('Origin',(10.,-2.15640325542326,25.4999999999989));
#14974=CARTESIAN_POINT('Origin',(11.8675,-1.07820162771163,25.5000000000011));
#14975=CARTESIAN_POINT('',(0.,0.,0.));
#14976=CARTESIAN_POINT('Origin',(10.,6.88382331736933E-17,45.));
#14977=CARTESIAN_POINT('',(11.5,6.88382331736933E-17,45.));
#14978=CARTESIAN_POINT('',(8.5,2.52535253045796E-16,45.));
#14979=CARTESIAN_POINT('Origin',(10.,6.88382331736933E-17,45.));
#14980=CARTESIAN_POINT('Origin',(10.,6.88382331736933E-17,45.));
#14981=CARTESIAN_POINT('',(8.5,-1.1485878669841E-16,14.833));
#14982=CARTESIAN_POINT('',(8.5,2.52535253045796E-16,45.));
#14983=CARTESIAN_POINT('Origin',(10.,6.88382331736933E-17,14.833));
#14984=CARTESIAN_POINT('Origin',(9.99999999999998,-1.13797860024079E-14,
14.833));
#14985=CARTESIAN_POINT('',(7.94125000000521,-1.40945634466218,14.833));
#14986=CARTESIAN_POINT('',(9.80874999999745,-2.48765797236933,14.833));
#14987=CARTESIAN_POINT('',(8.3146790192375,-1.62505568943917,14.833));
#14988=CARTESIAN_POINT('',(7.75,-1.07820162771163,14.833));
#14989=CARTESIAN_POINT('Origin',(8.1325,-1.07820162771163,14.833));
#14990=CARTESIAN_POINT('',(7.75,1.07820162771162,14.833));
#14991=CARTESIAN_POINT('',(7.75,0.646980976627199,14.833));
#14992=CARTESIAN_POINT('',(7.94125000000255,1.40945634466064,14.833));
#14993=CARTESIAN_POINT('Origin',(8.1325,1.07820162771162,14.833));
#14994=CARTESIAN_POINT('',(9.80874999999479,2.48765797236779,14.833));
#14995=CARTESIAN_POINT('',(9.4353209807621,2.27205862759058,14.833));
#14996=CARTESIAN_POINT('',(10.1912500000026,2.48765797236932,14.833));
#14997=CARTESIAN_POINT('Origin',(10.,2.15640325542325,14.833));
#14998=CARTESIAN_POINT('',(12.0587499999948,1.40945634466217,14.833));
#14999=CARTESIAN_POINT('',(11.6853209807621,1.62505568943939,14.833));
#15000=CARTESIAN_POINT('',(12.25,1.07820162771162,14.833));
#15001=CARTESIAN_POINT('Origin',(11.8675,1.07820162771162,14.833));
#15002=CARTESIAN_POINT('',(12.25,-1.07820162771163,14.833));
#15003=CARTESIAN_POINT('',(12.25,-0.646980976629506,14.833));
#15004=CARTESIAN_POINT('',(12.0587499999974,-1.40945634466065,14.833));
#15005=CARTESIAN_POINT('Origin',(11.8675,-1.07820162771163,14.833));
#15006=CARTESIAN_POINT('',(10.1912500000052,-2.4876579723678,14.833));
#15007=CARTESIAN_POINT('',(10.5646790192379,-2.2720586275906,14.833));
#15008=CARTESIAN_POINT('Origin',(10.,-2.15640325542326,14.833));
#15009=CARTESIAN_POINT('Origin',(12.2456419615242,1.30155422036379,-5.06907123838741));
#15010=CARTESIAN_POINT('',(10.1912500000078,2.48765797236632,44.8325691450715));
#15011=CARTESIAN_POINT('',(10.19125,2.48765797237079,0.167430854930702));
#15012=CARTESIAN_POINT('',(12.05875,1.40945634465917,44.8325691450693));
#15013=CARTESIAN_POINT('Ctrl Pts',(10.1912500000077,2.48765797236633,44.8325691450718));
#15014=CARTESIAN_POINT('Ctrl Pts',(11.0344389414981,2.00084261001914,45.0754891572466));
#15015=CARTESIAN_POINT('Ctrl Pts',(11.9498191370144,1.47234760772694,44.8639517750595));
#15016=CARTESIAN_POINT('Ctrl Pts',(12.0587499999999,1.4094563446592,44.832569145069));
#15017=CARTESIAN_POINT('',(12.05875,1.40945634465917,44.8325691450693));
#15018=CARTESIAN_POINT('Origin',(10.,2.15640325542325,25.5));
#15019=CARTESIAN_POINT('',(9.80874999999999,2.48765797237079,44.8325691450693));
#15020=CARTESIAN_POINT('',(9.80874999999999,2.48765797237079,44.8325691450693));
#15021=CARTESIAN_POINT('Ctrl Pts',(9.80874999999998,2.48765797237079,44.8325691450693));
#15022=CARTESIAN_POINT('Ctrl Pts',(9.81743380966381,2.49267157221779,44.830067367537));
#15023=CARTESIAN_POINT('Ctrl Pts',(9.82635318883646,2.49736512939686,44.8277317980714));
#15024=CARTESIAN_POINT('Ctrl Pts',(9.88670305570301,2.52612061064484,44.8134521980365));
#15025=CARTESIAN_POINT('Ctrl Pts',(9.94454591305725,2.53890325542325,44.8072208655981));
#15026=CARTESIAN_POINT('Ctrl Pts',(10.0554540869428,2.53890325542325,44.8072208655981));
#15027=CARTESIAN_POINT('Ctrl Pts',(10.113296944297,2.52612061064485,44.8134521980365));
#15028=CARTESIAN_POINT('Ctrl Pts',(10.1736468111663,2.49736512939556,44.8277317980721));
#15029=CARTESIAN_POINT('Ctrl Pts',(10.1825661903415,2.49267157221499,44.8300673675384));
#15030=CARTESIAN_POINT('Ctrl Pts',(10.1912500000078,2.4876579723663,44.8325691450715));
#15031=CARTESIAN_POINT('Origin',(9.99564196152422,2.59556009666618,-5.06907123838741));
#15032=CARTESIAN_POINT('',(7.94125000000775,1.40945634466364,44.8325691450715));
#15033=CARTESIAN_POINT('',(7.94125000000001,1.40945634465917,0.167430854930701));
#15034=CARTESIAN_POINT('Ctrl Pts',(7.94125000000767,1.40945634466352,44.832569145072));
#15035=CARTESIAN_POINT('Ctrl Pts',(8.7844389415009,1.89627170701235,45.0754891572473));
#15036=CARTESIAN_POINT('Ctrl Pts',(9.69981913701785,2.42476670930491,44.8639517750588));
#15037=CARTESIAN_POINT('Ctrl Pts',(9.80875000000003,2.48765797237073,44.8325691450693));
#15038=CARTESIAN_POINT('Origin',(8.1325,1.07820162771162,25.5000000000011));
#15039=CARTESIAN_POINT('',(7.75,1.07820162771162,44.8325691450693));
#15040=CARTESIAN_POINT('',(7.75,1.07820162771162,44.8325691450693));
#15041=CARTESIAN_POINT('Ctrl Pts',(7.75,1.07820162771161,44.8325691450693));
#15042=CARTESIAN_POINT('Ctrl Pts',(7.75,1.08822882740562,44.830067367537));
#15043=CARTESIAN_POINT('Ctrl Pts',(7.75039494983514,1.09830001494464,44.8277317980714));
#15044=CARTESIAN_POINT('Ctrl Pts',(7.75566690600961,1.16494227339007,44.8134521980365));
#15045=CARTESIAN_POINT('Ctrl Pts',(7.77351823958108,1.22142697967553,44.807220865598));
#15046=CARTESIAN_POINT('Ctrl Pts',(7.82897232652383,1.31747627574772,44.807220865598));
#15047=CARTESIAN_POINT('Ctrl Pts',(7.8689638503066,1.36117833725476,44.8134521980365));
#15048=CARTESIAN_POINT('Ctrl Pts',(7.92404176100115,1.39906511445391,44.8277317980721));
#15049=CARTESIAN_POINT('Ctrl Pts',(7.93256619034125,1.40444274481537,44.8300673675384));
#15050=CARTESIAN_POINT('Ctrl Pts',(7.94125000000775,1.40945634466364,44.8325691450715));
#15051=CARTESIAN_POINT('Origin',(7.75,1.29396195325441,-5.0689430854642));
#15052=CARTESIAN_POINT('',(7.75,-1.07820162771163,44.8325691450693));
#15053=CARTESIAN_POINT('',(7.75,-1.07820162771163,0.167430854930704));
#15054=CARTESIAN_POINT('Ctrl Pts',(7.74999999999983,1.07820162771158,44.8325691450692));
#15055=CARTESIAN_POINT('Ctrl Pts',(7.74999999999983,0.952419080231278,44.8639517803852));
#15056=CARTESIAN_POINT('Ctrl Pts',(7.74999999999983,-0.104570921152286,
45.0754891527212));
#15057=CARTESIAN_POINT('Ctrl Pts',(7.74999999999983,-1.0782016277116,44.8325691450692));
#15058=CARTESIAN_POINT('Origin',(8.1325,-1.07820162771163,25.4999999999989));
#15059=CARTESIAN_POINT('',(7.94125000000001,-1.40945634465918,44.8325691450693));
#15060=CARTESIAN_POINT('',(7.94125000000001,-1.40945634465918,44.8325691450693));
#15061=CARTESIAN_POINT('Ctrl Pts',(7.75,-1.07820162771162,44.8325691450693));
#15062=CARTESIAN_POINT('Ctrl Pts',(7.75,-1.08822882740563,44.830067367537));
#15063=CARTESIAN_POINT('Ctrl Pts',(7.75039494983514,-1.09830001494465,44.8277317980714));
#15064=CARTESIAN_POINT('Ctrl Pts',(7.75566690600961,-1.16494227339009,44.8134521980364));
#15065=CARTESIAN_POINT('Ctrl Pts',(7.77351823958108,-1.22142697967554,44.807220865598));
#15066=CARTESIAN_POINT('Ctrl Pts',(7.82897232652383,-1.31747627574773,44.807220865598));
#15067=CARTESIAN_POINT('Ctrl Pts',(7.86896385030661,-1.36117833725477,44.8134521980365));
#15068=CARTESIAN_POINT('Ctrl Pts',(7.92404176099868,-1.39906511445222,44.8277317980714));
#15069=CARTESIAN_POINT('Ctrl Pts',(7.93256619033619,-1.40444274481218,44.830067367537));
#15070=CARTESIAN_POINT('Ctrl Pts',(7.94125000000002,-1.40945634465919,44.8325691450693));
#15071=CARTESIAN_POINT('Origin',(10.,-6.93889390390723E-15,46.1118003475001));
#15072=CARTESIAN_POINT('',(12.205,-4.23990565700729E-15,45.));
#15073=CARTESIAN_POINT('',(8.71865557864162,-1.79448640949261,45.));
#15074=CARTESIAN_POINT('Origin',(10.,6.88382331736933E-17,45.));
#15075=CARTESIAN_POINT('',(8.68639521291783,-1.83966613392239,44.9679482777573));
#15076=CARTESIAN_POINT('',(9.83769328745861,-0.227305933494591,46.1118003475001));
#15077=CARTESIAN_POINT('',(9.80874999999225,-2.48765797236633,44.8325691450715));
#15078=CARTESIAN_POINT('Ctrl Pts',(8.68639521291783,-1.83966613392239,44.9679482777573));
#15079=CARTESIAN_POINT('Ctrl Pts',(9.21990223039232,-2.14768655407584,45.0022142866547));
#15080=CARTESIAN_POINT('Ctrl Pts',(9.80874999999233,-2.48765797236611,44.8325691450714));
#15081=CARTESIAN_POINT('',(10.19125,-2.4876579723708,44.8325691450693));
#15082=CARTESIAN_POINT('Ctrl Pts',(9.80874999999225,-2.48765797236633,44.8325691450715));
#15083=CARTESIAN_POINT('Ctrl Pts',(9.81743380965852,-2.49267157221502,44.8300673675384));
#15084=CARTESIAN_POINT('Ctrl Pts',(9.82635318883376,-2.49736512939558,44.8277317980721));
#15085=CARTESIAN_POINT('Ctrl Pts',(9.88670305570302,-2.52612061064485,44.8134521980365));
#15086=CARTESIAN_POINT('Ctrl Pts',(9.94454591305724,-2.53890325542326,44.8072208655981));
#15087=CARTESIAN_POINT('Ctrl Pts',(10.0554540869427,-2.53890325542326,44.8072208655981));
#15088=CARTESIAN_POINT('Ctrl Pts',(10.113296944297,-2.52612061064486,44.8134521980365));
#15089=CARTESIAN_POINT('Ctrl Pts',(10.1736468111635,-2.49736512939687,44.8277317980714));
#15090=CARTESIAN_POINT('Ctrl Pts',(10.1825661903362,-2.49267157221781,44.830067367537));
#15091=CARTESIAN_POINT('Ctrl Pts',(10.19125,-2.4876579723708,44.8325691450693));
#15092=CARTESIAN_POINT('',(12.0587499999922,-1.40945634466365,44.8325691450715));
#15093=CARTESIAN_POINT('Ctrl Pts',(10.19125,-2.48765797237076,44.8325691450693));
#15094=CARTESIAN_POINT('Ctrl Pts',(10.3001808629879,-2.42476670930162,44.8639517750605));
#15095=CARTESIAN_POINT('Ctrl Pts',(11.2155610585035,-1.89627170700987,45.0754891572462));
#15096=CARTESIAN_POINT('Ctrl Pts',(12.0587499999921,-1.4094563446637,44.832569145071));
#15097=CARTESIAN_POINT('',(12.25,-1.07820162771163,44.8325691450693));
#15098=CARTESIAN_POINT('Ctrl Pts',(12.0587499999922,-1.40945634466367,44.8325691450715));
#15099=CARTESIAN_POINT('Ctrl Pts',(12.0674338096587,-1.40444274481539,44.8300673675384));
#15100=CARTESIAN_POINT('Ctrl Pts',(12.0759582389988,-1.39906511445393,44.8277317980721));
#15101=CARTESIAN_POINT('Ctrl Pts',(12.1310361496934,-1.36117833725477,44.8134521980365));
#15102=CARTESIAN_POINT('Ctrl Pts',(12.1710276734762,-1.31747627574773,44.8072208655981));
#15103=CARTESIAN_POINT('Ctrl Pts',(12.2264817604189,-1.22142697967554,44.8072208655981));
#15104=CARTESIAN_POINT('Ctrl Pts',(12.2443330939904,-1.16494227339009,44.8134521980365));
#15105=CARTESIAN_POINT('Ctrl Pts',(12.2496050501649,-1.09830001494465,44.8277317980714));
#15106=CARTESIAN_POINT('Ctrl Pts',(12.25,-1.08822882740563,44.830067367537));
#15107=CARTESIAN_POINT('Ctrl Pts',(12.25,-1.07820162771162,44.8325691450693));
#15108=CARTESIAN_POINT('',(12.25,1.07820162771162,44.8325691450693));
#15109=CARTESIAN_POINT('Ctrl Pts',(12.2500000000001,1.07820162771159,44.8325691450692));
#15110=CARTESIAN_POINT('Ctrl Pts',(12.2500000000001,0.104570921152265,45.0754891527212));
#15111=CARTESIAN_POINT('Ctrl Pts',(12.2500000000001,-0.95241908023128,44.8639517803852));
#15112=CARTESIAN_POINT('Ctrl Pts',(12.2500000000001,-1.07820162771161,44.8325691450693));
#15113=CARTESIAN_POINT('Ctrl Pts',(12.05875,1.40945634465917,44.8325691450693));
#15114=CARTESIAN_POINT('Ctrl Pts',(12.0674338096638,1.40444274481217,44.830067367537));
#15115=CARTESIAN_POINT('Ctrl Pts',(12.0759582390013,1.39906511445221,44.8277317980714));
#15116=CARTESIAN_POINT('Ctrl Pts',(12.1310361496934,1.36117833725476,44.8134521980365));
#15117=CARTESIAN_POINT('Ctrl Pts',(12.1710276734762,1.31747627574772,44.8072208655981));
#15118=CARTESIAN_POINT('Ctrl Pts',(12.2264817604189,1.22142697967553,44.8072208655981));
#15119=CARTESIAN_POINT('Ctrl Pts',(12.2443330939904,1.16494227339008,44.8134521980365));
#15120=CARTESIAN_POINT('Ctrl Pts',(12.2496050501649,1.09830001494464,44.8277317980714));
#15121=CARTESIAN_POINT('Ctrl Pts',(12.25,1.08822882740562,44.830067367537));
#15122=CARTESIAN_POINT('Ctrl Pts',(12.25,1.07820162771161,44.8325691450693));
#15123=CARTESIAN_POINT('Ctrl Pts',(7.94125000000006,-1.40945634465895,44.8325691450696));
#15124=CARTESIAN_POINT('Ctrl Pts',(8.05018086298485,-1.47234760772628,44.8639517750599));
#15125=CARTESIAN_POINT('Ctrl Pts',(8.42853463990856,-1.69079026268209,44.951386447454));
#15126=CARTESIAN_POINT('Ctrl Pts',(8.68639521291783,-1.83966613392239,44.9679482777573));
#15127=CARTESIAN_POINT('Origin',(10.,6.88382331736933E-17,45.));
#15128=CARTESIAN_POINT('Origin',(12.64612,-2.64612,45.));
#15129=CARTESIAN_POINT('Origin',(11.8675,1.07820162771162,25.4999999999989));
#15130=CARTESIAN_POINT('',(12.25,1.07820162771162,0.167430854930704));
#15131=CARTESIAN_POINT('Origin',(12.25,-1.293961953259,56.0689430854641));
#15132=CARTESIAN_POINT('',(12.25,-1.07820162771163,44.8325691450693));
#15133=CARTESIAN_POINT('Origin',(10.0043580384758,-2.59556009666619,-5.06907123838741));
#15134=CARTESIAN_POINT('',(12.05875,-1.40945634465918,0.167430854930701));
#15135=CARTESIAN_POINT('',(10.19125,-2.4876579723708,44.8325691450693));
#15136=CARTESIAN_POINT('Origin',(7.75435803847501,-1.30155422036335,-5.06907123838746));
#15137=CARTESIAN_POINT('',(9.80874999999999,-2.4876579723708,0.167430854930701));
#15138=CARTESIAN_POINT('Origin',(10.,-2.15640325542326,25.4999999999989));
#15139=CARTESIAN_POINT('Origin',(11.8675,-1.07820162771163,25.5000000000011));
#15140=CARTESIAN_POINT('',(-279.753918311001,538.204827570102,377.370388784603));
#15141=CARTESIAN_POINT('',(-310.753918311,-146.846503305899,364.217639420609));
#15142=CARTESIAN_POINT('',(5.24025267623074E-13,284.157976074621,-43.0372641694755));
#15143=CARTESIAN_POINT('',(4.88498130835069E-13,317.832467856622,38.2516923215243));
#15144=CARTESIAN_POINT('',(5.41788836017076E-13,202.83246785662,-76.7483076784745));
#15145=CARTESIAN_POINT('',(5.32907051820075E-13,121.543511365621,-43.0738158964739));
#15146=CARTESIAN_POINT('',(4.52970994047064E-13,284.121424346622,119.577200539525));
#15147=CARTESIAN_POINT('',(5.6621374255883E-13,121.506959638622,119.540648811527));
#15148=CARTESIAN_POINT('',(5.32907051820075E-13,87.8324678566211,38.2516923215267));
#15149=CARTESIAN_POINT('',(4.9737991503207E-13,202.832467856622,153.251692321526));
#15150=CARTESIAN_POINT('',(-45.,208.979359916786,4.26035166261741));
#15151=CARTESIAN_POINT('',(-45.,194.347227329599,23.3166309839158));
#15152=CARTESIAN_POINT('',(-44.9999999999999,228.527370342206,25.7341238463722));
#15153=CARTESIAN_POINT('',(-44.9999999999999,204.770264890057,35.1914117454882));
#15154=CARTESIAN_POINT('Origin',(0.,0.,0.));
#15155=UNCERTAINTY_MEASURE_WITH_UNIT(LENGTH_MEASURE(0.01),#15167,
'DISTANCE_ACCURACY_VALUE',
'Maximum model space distance between geometric entities at asserted c
onnectivities');
#15156=UNCERTAINTY_MEASURE_WITH_UNIT(LENGTH_MEASURE(0.01),#15167,
'DISTANCE_ACCURACY_VALUE',
'Maximum model space distance between geometric entities at asserted c
onnectivities');
#15157=UNCERTAINTY_MEASURE_WITH_UNIT(LENGTH_MEASURE(0.01),#15167,
'DISTANCE_ACCURACY_VALUE',
'Maximum model space distance between geometric entities at asserted c
onnectivities');
#15158=UNCERTAINTY_MEASURE_WITH_UNIT(LENGTH_MEASURE(0.01),#15167,
'DISTANCE_ACCURACY_VALUE',
'Maximum model space distance between geometric entities at asserted c
onnectivities');
#15159=UNCERTAINTY_MEASURE_WITH_UNIT(LENGTH_MEASURE(0.01),#15167,
'DISTANCE_ACCURACY_VALUE',
'Maximum model space distance between geometric entities at asserted c
onnectivities');
#15160=UNCERTAINTY_MEASURE_WITH_UNIT(LENGTH_MEASURE(0.01),#15167,
'DISTANCE_ACCURACY_VALUE',
'Maximum model space distance between geometric entities at asserted c
onnectivities');
#15161=(
GEOMETRIC_REPRESENTATION_CONTEXT(3)
GLOBAL_UNCERTAINTY_ASSIGNED_CONTEXT((#15155))
GLOBAL_UNIT_ASSIGNED_CONTEXT((#15167,#15169,#15170))
REPRESENTATION_CONTEXT('','3D')
);
#15162=(
GEOMETRIC_REPRESENTATION_CONTEXT(3)
GLOBAL_UNCERTAINTY_ASSIGNED_CONTEXT((#15156))
GLOBAL_UNIT_ASSIGNED_CONTEXT((#15167,#15169,#15170))
REPRESENTATION_CONTEXT('','3D')
);
#15163=(
GEOMETRIC_REPRESENTATION_CONTEXT(3)
GLOBAL_UNCERTAINTY_ASSIGNED_CONTEXT((#15157))
GLOBAL_UNIT_ASSIGNED_CONTEXT((#15167,#15169,#15170))
REPRESENTATION_CONTEXT('','3D')
);
#15164=(
GEOMETRIC_REPRESENTATION_CONTEXT(3)
GLOBAL_UNCERTAINTY_ASSIGNED_CONTEXT((#15158))
GLOBAL_UNIT_ASSIGNED_CONTEXT((#15167,#15169,#15170))
REPRESENTATION_CONTEXT('','3D')
);
#15165=(
GEOMETRIC_REPRESENTATION_CONTEXT(3)
GLOBAL_UNCERTAINTY_ASSIGNED_CONTEXT((#15159))
GLOBAL_UNIT_ASSIGNED_CONTEXT((#15167,#15169,#15170))
REPRESENTATION_CONTEXT('','3D')
);
#15166=(
GEOMETRIC_REPRESENTATION_CONTEXT(3)
GLOBAL_UNCERTAINTY_ASSIGNED_CONTEXT((#15160))
GLOBAL_UNIT_ASSIGNED_CONTEXT((#15167,#15169,#15170))
REPRESENTATION_CONTEXT('','3D')
);
#15167=(
LENGTH_UNIT()
NAMED_UNIT(*)
SI_UNIT(.MILLI.,.METRE.)
);
#15168=(
LENGTH_UNIT()
NAMED_UNIT(*)
SI_UNIT(.CENTI.,.METRE.)
);
#15169=(
NAMED_UNIT(*)
PLANE_ANGLE_UNIT()
SI_UNIT($,.RADIAN.)
);
#15170=(
NAMED_UNIT(*)
SI_UNIT($,.STERADIAN.)
SOLID_ANGLE_UNIT()
);
#15171=SHAPE_DEFINITION_REPRESENTATION(#15176,#15195);
#15172=SHAPE_DEFINITION_REPRESENTATION(#15177,#15196);
#15173=SHAPE_DEFINITION_REPRESENTATION(#15178,#15197);
#15174=SHAPE_DEFINITION_REPRESENTATION(#15179,#15198);
#15175=SHAPE_DEFINITION_REPRESENTATION(#15180,#15199);
#15176=PRODUCT_DEFINITION_SHAPE('',$,#15201);
#15177=PRODUCT_DEFINITION_SHAPE('',$,#15202);
#15178=PRODUCT_DEFINITION_SHAPE('',$,#15203);
#15179=PRODUCT_DEFINITION_SHAPE('',$,#15204);
#15180=PRODUCT_DEFINITION_SHAPE('',$,#15205);
#15181=PRODUCT_DEFINITION_SHAPE($,$,#57);
#15182=PRODUCT_DEFINITION_SHAPE($,$,#58);
#15183=PRODUCT_DEFINITION_SHAPE($,$,#59);
#15184=PRODUCT_DEFINITION_SHAPE($,$,#60);
#15185=PRODUCT_DEFINITION_SHAPE($,$,#61);
#15186=PRODUCT_DEFINITION_SHAPE($,$,#62);
#15187=PRODUCT_DEFINITION_SHAPE($,$,#63);
#15188=PRODUCT_DEFINITION_SHAPE($,$,#64);
#15189=PRODUCT_DEFINITION_SHAPE($,$,#65);
#15190=PRODUCT_DEFINITION_SHAPE($,$,#66);
#15191=PRODUCT_DEFINITION_SHAPE($,$,#67);
#15192=PRODUCT_DEFINITION_SHAPE($,$,#68);
#15193=PRODUCT_DEFINITION_SHAPE($,$,#69);
#15194=PRODUCT_DEFINITION_SHAPE($,$,#70);
#15195=SHAPE_REPRESENTATION('',(#8128,#8891,#8892,#8893,#8894,#8895,#8896,
#8897,#8898,#8899,#8900,#8901,#8902,#8903,#8904),#15161);
#15196=SHAPE_REPRESENTATION('',(#8129),#15162);
#15197=SHAPE_REPRESENTATION('',(#8547),#15163);
#15198=SHAPE_REPRESENTATION('',(#8810),#15164);
#15199=SHAPE_REPRESENTATION('',(#8863),#15165);
#15200=PRODUCT_DEFINITION_CONTEXT('part definition',#15217,'design');
#15201=PRODUCT_DEFINITION('Assembly1','Assembly1',#15206,#15200);
#15202=PRODUCT_DEFINITION('Part16','Part16',#15207,#15200);
#15203=PRODUCT_DEFINITION('Part17','Part17',#15208,#15200);
#15204=PRODUCT_DEFINITION('Standoff M3 M-M H 45mm','spacers for prop',#15209,
#15200);
#15205=PRODUCT_DEFINITION('Standoff M3 M-M H 45mm_1',
'Standoff M3 M-M H 45mm',#15210,#15200);
#15206=PRODUCT_DEFINITION_FORMATION('',$,#15219);
#15207=PRODUCT_DEFINITION_FORMATION('',$,#15220);
#15208=PRODUCT_DEFINITION_FORMATION('',$,#15221);
#15209=PRODUCT_DEFINITION_FORMATION('AFirst version',$,#15222);
#15210=PRODUCT_DEFINITION_FORMATION('AFirst version',$,#15223);
#15211=PRODUCT_RELATED_PRODUCT_CATEGORY('Assembly1','Assembly1',(#15219));
#15212=PRODUCT_RELATED_PRODUCT_CATEGORY('Part16','Part16',(#15220));
#15213=PRODUCT_RELATED_PRODUCT_CATEGORY('Part17','Part17',(#15221));
#15214=PRODUCT_RELATED_PRODUCT_CATEGORY('spacers for prop',
'spacers for prop',(#15222));
#15215=PRODUCT_RELATED_PRODUCT_CATEGORY('Standoff M3 M-M H 45mm',
'Standoff M3 M-M H 45mm',(#15223));
#15216=APPLICATION_PROTOCOL_DEFINITION('international standard',
'automotive_design',2009,#15217);
#15217=APPLICATION_CONTEXT(
'Core Data for Automotive Mechanical Design Process');
#15218=PRODUCT_CONTEXT('part definition',#15217,'mechanical');
#15219=PRODUCT('Assembly1','Assembly1',$,(#15218));
#15220=PRODUCT('Part16','Part16',$,(#15218));
#15221=PRODUCT('Part17','Part17',$,(#15218));
#15222=PRODUCT('Standoff M3 M-M H 45mm','spacers for prop',$,(#15218));
#15223=PRODUCT('Standoff M3 M-M H 45mm_1','Standoff M3 M-M H 45mm',$,(#15218));
#15224=PRESENTATION_STYLE_ASSIGNMENT((#15232));
#15225=PRESENTATION_STYLE_ASSIGNMENT((#15233));
#15226=PRESENTATION_STYLE_ASSIGNMENT((#15234));
#15227=PRESENTATION_STYLE_ASSIGNMENT((#15235));
#15228=PRESENTATION_STYLE_ASSIGNMENT((#15236));
#15229=PRESENTATION_STYLE_ASSIGNMENT((#15237));
#15230=PRESENTATION_STYLE_ASSIGNMENT((#15238));
#15231=PRESENTATION_STYLE_ASSIGNMENT((NULL_STYLE(.NULL.)));
#15232=SURFACE_STYLE_USAGE(.BOTH.,#15253);
#15233=SURFACE_STYLE_USAGE(.BOTH.,#15254);
#15234=SURFACE_STYLE_USAGE(.BOTH.,#15255);
#15235=SURFACE_STYLE_USAGE(.BOTH.,#15256);
#15236=SURFACE_STYLE_USAGE(.BOTH.,#15257);
#15237=SURFACE_STYLE_USAGE(.BOTH.,#15258);
#15238=SURFACE_STYLE_USAGE(.BOTH.,#15259);
#15239=SURFACE_STYLE_RENDERING_WITH_PROPERTIES($,#15281,(#15246));
#15240=SURFACE_STYLE_RENDERING_WITH_PROPERTIES($,#15282,(#15247));
#15241=SURFACE_STYLE_RENDERING_WITH_PROPERTIES($,#15283,(#15248));
#15242=SURFACE_STYLE_RENDERING_WITH_PROPERTIES($,#15284,(#15249));
#15243=SURFACE_STYLE_RENDERING_WITH_PROPERTIES($,#15285,(#15250));
#15244=SURFACE_STYLE_RENDERING_WITH_PROPERTIES($,#15286,(#15251));
#15245=SURFACE_STYLE_RENDERING_WITH_PROPERTIES($,#15287,(#15252));
#15246=SURFACE_STYLE_TRANSPARENT(0.);
#15247=SURFACE_STYLE_TRANSPARENT(0.53999999165535);
#15248=SURFACE_STYLE_TRANSPARENT(0.);
#15249=SURFACE_STYLE_TRANSPARENT(0.);
#15250=SURFACE_STYLE_TRANSPARENT(0.);
#15251=SURFACE_STYLE_TRANSPARENT(0.);
#15252=SURFACE_STYLE_TRANSPARENT(0.);
#15253=SURFACE_SIDE_STYLE('',(#15260,#15239));
#15254=SURFACE_SIDE_STYLE('',(#15261,#15240));
#15255=SURFACE_SIDE_STYLE('',(#15262,#15241));
#15256=SURFACE_SIDE_STYLE('',(#15263,#15242));
#15257=SURFACE_SIDE_STYLE('',(#15264,#15243));
#15258=SURFACE_SIDE_STYLE('',(#15265,#15244));
#15259=SURFACE_SIDE_STYLE('',(#15266,#15245));
#15260=SURFACE_STYLE_FILL_AREA(#15267);
#15261=SURFACE_STYLE_FILL_AREA(#15268);
#15262=SURFACE_STYLE_FILL_AREA(#15269);
#15263=SURFACE_STYLE_FILL_AREA(#15270);
#15264=SURFACE_STYLE_FILL_AREA(#15271);
#15265=SURFACE_STYLE_FILL_AREA(#15272);
#15266=SURFACE_STYLE_FILL_AREA(#15273);
#15267=FILL_AREA_STYLE('',(#15274));
#15268=FILL_AREA_STYLE('',(#15275));
#15269=FILL_AREA_STYLE('',(#15276));
#15270=FILL_AREA_STYLE('',(#15277));
#15271=FILL_AREA_STYLE('',(#15278));
#15272=FILL_AREA_STYLE('',(#15279));
#15273=FILL_AREA_STYLE('',(#15280));
#15274=FILL_AREA_STYLE_COLOUR('',#15281);
#15275=FILL_AREA_STYLE_COLOUR('',#15282);
#15276=FILL_AREA_STYLE_COLOUR('',#15283);
#15277=FILL_AREA_STYLE_COLOUR('',#15284);
#15278=FILL_AREA_STYLE_COLOUR('',#15285);
#15279=FILL_AREA_STYLE_COLOUR('',#15286);
#15280=FILL_AREA_STYLE_COLOUR('',#15287);
#15281=COLOUR_RGB('',0.431372549019608,0.490196078431373,0.631372549019608);
#15282=COLOUR_RGB('',0.8,0.8,0.8);
#15283=COLOUR_RGB('',0.494117647058824,0.494117647058824,0.525490196078431);
#15284=COLOUR_RGB('',0.0196078431372549,0.0196078431372549,0.0196078431372549);
#15285=COLOUR_RGB('',0.92156862745098,0.92156862745098,0.92156862745098);
#15286=COLOUR_RGB('',0.901960784313726,0.901960784313726,0.901960784313726);
#15287=COLOUR_RGB('',0.188235294117647,0.529411764705882,0.890196078431372);
ENDSEC;
END-ISO-10303-21;
