ISO-10303-21;
HEADER;
/* Generated by software containing ST-Developer
 * from STEP Tools, Inc. (www.steptools.com) 
 */

FILE_DESCRIPTION(
/* description */ (''),
/* implementation_level */ '2;1');

FILE_NAME(
/* name */ 
'I:\\ASU_FOE\\graduation project\\quadcopter\\matlab xml\\231123\\\\As
sembly231015Kerangka Bawah 1_ipt_5129a7e7.STEP',
/* time_stamp */ '2023-11-23T19:53:35+02:00',
/* author */ ('Lenovo'),
/* organization */ (''),
/* preprocessor_version */ 'ST-DEVELOPER v18.1',
/* originating_system */ 'Autodesk Inventor 2021',
/* authorisation */ '');

FILE_SCHEMA (('AUTOMOTIVE_DESIGN { 1 0 10303 214 3 1 1 }'));
ENDSEC;

DATA;
#10=MECHANICAL_DESIGN_GEOMETRIC_PRESENTATION_REPRESENTATION('',(#13),#3217);
#11=SHAPE_REPRESENTATION_RELATIONSHIP('SRR','None',#3224,#12);
#12=ADVANCED_BREP_SHAPE_REPRESENTATION('',(#14),#3216);
#13=STYLED_ITEM('',(#3234),#14);
#14=MANIFOLD_SOLID_BREP('Solid1',#1871);
#15=FACE_BOUND('',#370,.T.);
#16=FACE_BOUND('',#371,.T.);
#17=FACE_BOUND('',#372,.T.);
#18=FACE_BOUND('',#373,.T.);
#19=FACE_BOUND('',#374,.T.);
#20=FACE_BOUND('',#375,.T.);
#21=FACE_BOUND('',#376,.T.);
#22=FACE_BOUND('',#377,.T.);
#23=FACE_BOUND('',#378,.T.);
#24=FACE_BOUND('',#379,.T.);
#25=FACE_BOUND('',#380,.T.);
#26=FACE_BOUND('',#381,.T.);
#27=FACE_BOUND('',#382,.T.);
#28=FACE_BOUND('',#383,.T.);
#29=FACE_BOUND('',#384,.T.);
#30=FACE_BOUND('',#385,.T.);
#31=FACE_BOUND('',#386,.T.);
#32=FACE_BOUND('',#387,.T.);
#33=FACE_BOUND('',#388,.T.);
#34=FACE_BOUND('',#389,.T.);
#35=FACE_BOUND('',#390,.T.);
#36=FACE_BOUND('',#391,.T.);
#37=FACE_BOUND('',#392,.T.);
#38=FACE_BOUND('',#393,.T.);
#39=FACE_BOUND('',#394,.T.);
#40=FACE_BOUND('',#395,.T.);
#41=FACE_BOUND('',#396,.T.);
#42=FACE_BOUND('',#397,.T.);
#43=FACE_BOUND('',#398,.T.);
#44=FACE_BOUND('',#399,.T.);
#45=FACE_BOUND('',#400,.T.);
#46=FACE_BOUND('',#401,.T.);
#47=FACE_BOUND('',#431,.T.);
#48=FACE_BOUND('',#432,.T.);
#49=FACE_BOUND('',#433,.T.);
#50=FACE_BOUND('',#434,.T.);
#51=FACE_BOUND('',#435,.T.);
#52=FACE_BOUND('',#436,.T.);
#53=FACE_BOUND('',#437,.T.);
#54=FACE_BOUND('',#438,.T.);
#55=FACE_BOUND('',#439,.T.);
#56=FACE_BOUND('',#440,.T.);
#57=FACE_BOUND('',#441,.T.);
#58=FACE_BOUND('',#442,.T.);
#59=FACE_BOUND('',#443,.T.);
#60=FACE_BOUND('',#444,.T.);
#61=FACE_BOUND('',#445,.T.);
#62=FACE_BOUND('',#446,.T.);
#63=FACE_BOUND('',#447,.T.);
#64=FACE_BOUND('',#448,.T.);
#65=FACE_BOUND('',#449,.T.);
#66=FACE_BOUND('',#450,.T.);
#67=FACE_BOUND('',#451,.T.);
#68=FACE_BOUND('',#452,.T.);
#69=FACE_BOUND('',#453,.T.);
#70=FACE_BOUND('',#454,.T.);
#71=FACE_BOUND('',#455,.T.);
#72=FACE_BOUND('',#456,.T.);
#73=FACE_BOUND('',#457,.T.);
#74=FACE_BOUND('',#458,.T.);
#75=FACE_BOUND('',#459,.T.);
#76=FACE_BOUND('',#460,.T.);
#77=FACE_BOUND('',#461,.T.);
#78=FACE_BOUND('',#462,.T.);
#79=CIRCLE('',#1896,252.5);
#80=CIRCLE('',#1897,252.5);
#81=CIRCLE('',#1899,252.5);
#82=CIRCLE('',#1900,252.5);
#83=CIRCLE('',#1902,252.5);
#84=CIRCLE('',#1903,252.5);
#85=CIRCLE('',#1905,252.5);
#86=CIRCLE('',#1906,252.5);
#87=CIRCLE('',#1908,5.5);
#88=CIRCLE('',#1909,5.5);
#89=CIRCLE('',#1910,5.5);
#90=CIRCLE('',#1911,5.5);
#91=CIRCLE('',#1912,6.35250015595843);
#92=CIRCLE('',#1913,203.41119998843);
#93=CIRCLE('',#1914,6.35249976872161);
#94=CIRCLE('',#1915,6.3524998849614);
#95=CIRCLE('',#1916,203.411199988348);
#96=CIRCLE('',#1917,6.35250013593233);
#97=CIRCLE('',#1918,6.35249983869302);
#98=CIRCLE('',#1919,203.411199987733);
#99=CIRCLE('',#1920,6.3525001007689);
#100=CIRCLE('',#1921,6.35249984993866);
#101=CIRCLE('',#1922,6.35250044928302);
#102=CIRCLE('',#1923,203.411199988144);
#103=CIRCLE('',#1924,80.);
#104=CIRCLE('',#1925,20.);
#105=CIRCLE('',#1926,21.2227285889276);
#106=CIRCLE('',#1927,211.411199952288);
#107=CIRCLE('',#1928,21.2227285913807);
#108=CIRCLE('',#1929,20.);
#109=CIRCLE('',#1930,20.);
#110=CIRCLE('',#1931,80.);
#111=CIRCLE('',#1932,20.);
#112=CIRCLE('',#1933,21.2227285907968);
#113=CIRCLE('',#1934,211.411199959102);
#114=CIRCLE('',#1935,21.2227285781435);
#115=CIRCLE('',#1936,20.);
#116=CIRCLE('',#1937,80.);
#117=CIRCLE('',#1938,20.);
#118=CIRCLE('',#1939,21.222728559477);
#119=CIRCLE('',#1940,211.411199931398);
#120=CIRCLE('',#1941,21.2227285876662);
#121=CIRCLE('',#1942,20.);
#122=CIRCLE('',#1943,80.);
#123=CIRCLE('',#1944,20.);
#124=CIRCLE('',#1945,21.222728589362);
#125=CIRCLE('',#1946,211.411199946939);
#126=CIRCLE('',#1947,21.2227285902193);
#127=CIRCLE('',#1948,1.75);
#128=CIRCLE('',#1949,1.75);
#129=CIRCLE('',#1950,1.75);
#130=CIRCLE('',#1951,1.75);
#131=CIRCLE('',#1952,1.75);
#132=CIRCLE('',#1953,1.75);
#133=CIRCLE('',#1954,1.75);
#134=CIRCLE('',#1955,1.75);
#135=CIRCLE('',#1956,1.75);
#136=CIRCLE('',#1957,1.75);
#137=CIRCLE('',#1958,1.75);
#138=CIRCLE('',#1959,1.75);
#139=CIRCLE('',#1960,1.75);
#140=CIRCLE('',#1961,1.75);
#141=CIRCLE('',#1962,1.75);
#142=CIRCLE('',#1963,1.75);
#143=CIRCLE('',#1964,3.);
#144=CIRCLE('',#1965,3.);
#145=CIRCLE('',#1966,3.);
#146=CIRCLE('',#1967,3.);
#147=CIRCLE('',#1969,3.);
#148=CIRCLE('',#1971,3.);
#149=CIRCLE('',#1973,3.);
#150=CIRCLE('',#1975,3.);
#151=CIRCLE('',#1977,1.75);
#152=CIRCLE('',#1979,1.75);
#153=CIRCLE('',#1981,1.75);
#154=CIRCLE('',#1983,1.75);
#155=CIRCLE('',#1985,1.75);
#156=CIRCLE('',#1987,1.75);
#157=CIRCLE('',#1989,1.75);
#158=CIRCLE('',#1991,1.75);
#159=CIRCLE('',#1993,1.75);
#160=CIRCLE('',#1995,1.75);
#161=CIRCLE('',#1997,1.75);
#162=CIRCLE('',#1999,1.75);
#163=CIRCLE('',#2001,1.75);
#164=CIRCLE('',#2003,1.75);
#165=CIRCLE('',#2005,1.75);
#166=CIRCLE('',#2007,1.75);
#167=CIRCLE('',#2017,20.);
#168=CIRCLE('',#2018,80.);
#169=CIRCLE('',#2019,20.);
#170=CIRCLE('',#2020,21.2227285876659);
#171=CIRCLE('',#2021,211.411199931398);
#172=CIRCLE('',#2022,21.2227285594767);
#173=CIRCLE('',#2023,80.);
#174=CIRCLE('',#2024,20.);
#175=CIRCLE('',#2025,21.2227285902196);
#176=CIRCLE('',#2026,211.411199946939);
#177=CIRCLE('',#2027,21.2227285893618);
#178=CIRCLE('',#2028,20.);
#179=CIRCLE('',#2029,20.);
#180=CIRCLE('',#2030,80.);
#181=CIRCLE('',#2031,20.);
#182=CIRCLE('',#2032,21.2227285913807);
#183=CIRCLE('',#2033,211.411199952288);
#184=CIRCLE('',#2034,21.2227285889268);
#185=CIRCLE('',#2035,20.);
#186=CIRCLE('',#2036,80.);
#187=CIRCLE('',#2037,20.);
#188=CIRCLE('',#2038,21.2227285781408);
#189=CIRCLE('',#2039,211.41119995911);
#190=CIRCLE('',#2040,21.2227285907976);
#191=CIRCLE('',#2041,6.35249984995886);
#192=CIRCLE('',#2042,203.411199988144);
#193=CIRCLE('',#2043,6.35250044926538);
#194=CIRCLE('',#2044,6.35249983876407);
#195=CIRCLE('',#2045,6.35250010080518);
#196=CIRCLE('',#2046,203.411199988791);
#197=CIRCLE('',#2047,203.41119998835);
#198=CIRCLE('',#2048,6.3524998848198);
#199=CIRCLE('',#2049,6.35250013599003);
#200=CIRCLE('',#2050,203.41119998843);
#201=CIRCLE('',#2051,6.35250015596016);
#202=CIRCLE('',#2052,6.35249976873934);
#203=CIRCLE('',#2053,5.5);
#204=CIRCLE('',#2054,5.5);
#205=CIRCLE('',#2055,5.5);
#206=CIRCLE('',#2056,5.5);
#207=CYLINDRICAL_SURFACE('',#1895,252.5);
#208=CYLINDRICAL_SURFACE('',#1898,252.5);
#209=CYLINDRICAL_SURFACE('',#1901,252.5);
#210=CYLINDRICAL_SURFACE('',#1904,252.5);
#211=CYLINDRICAL_SURFACE('',#1968,3.);
#212=CYLINDRICAL_SURFACE('',#1970,3.);
#213=CYLINDRICAL_SURFACE('',#1972,3.);
#214=CYLINDRICAL_SURFACE('',#1974,3.);
#215=CYLINDRICAL_SURFACE('',#1976,1.75);
#216=CYLINDRICAL_SURFACE('',#1978,1.75);
#217=CYLINDRICAL_SURFACE('',#1980,1.75);
#218=CYLINDRICAL_SURFACE('',#1982,1.75);
#219=CYLINDRICAL_SURFACE('',#1984,1.75);
#220=CYLINDRICAL_SURFACE('',#1986,1.75);
#221=CYLINDRICAL_SURFACE('',#1988,1.75);
#222=CYLINDRICAL_SURFACE('',#1990,1.75);
#223=CYLINDRICAL_SURFACE('',#1992,1.75);
#224=CYLINDRICAL_SURFACE('',#1994,1.75);
#225=CYLINDRICAL_SURFACE('',#1996,1.75);
#226=CYLINDRICAL_SURFACE('',#1998,1.75);
#227=CYLINDRICAL_SURFACE('',#2000,1.75);
#228=CYLINDRICAL_SURFACE('',#2002,1.75);
#229=CYLINDRICAL_SURFACE('',#2004,1.75);
#230=CYLINDRICAL_SURFACE('',#2006,1.75);
#231=CYLINDRICAL_SURFACE('',#2057,203.411199989657);
#232=CYLINDRICAL_SURFACE('',#2058,6.35250043026226);
#233=CYLINDRICAL_SURFACE('',#2060,6.3524998658077);
#234=CYLINDRICAL_SURFACE('',#2061,6.35250011822167);
#235=CYLINDRICAL_SURFACE('',#2062,203.411199989657);
#236=CYLINDRICAL_SURFACE('',#2063,6.35249984442614);
#237=CYLINDRICAL_SURFACE('',#2066,6.35250013171388);
#238=CYLINDRICAL_SURFACE('',#2067,203.411199989657);
#239=CYLINDRICAL_SURFACE('',#2068,6.35249989608863);
#240=CYLINDRICAL_SURFACE('',#2070,21.2227285917332);
#241=CYLINDRICAL_SURFACE('',#2071,211.411200018239);
#242=CYLINDRICAL_SURFACE('',#2072,21.2227285542991);
#243=CYLINDRICAL_SURFACE('',#2074,21.2227285979814);
#244=CYLINDRICAL_SURFACE('',#2075,211.411200013589);
#245=CYLINDRICAL_SURFACE('',#2076,21.2227285941285);
#246=CYLINDRICAL_SURFACE('',#2078,21.2227285941622);
#247=CYLINDRICAL_SURFACE('',#2079,211.411200014122);
#248=CYLINDRICAL_SURFACE('',#2080,21.22272859475);
#249=CYLINDRICAL_SURFACE('',#2081,21.2227285716631);
#250=CYLINDRICAL_SURFACE('',#2082,211.41120005564);
#251=CYLINDRICAL_SURFACE('',#2083,21.222728599831);
#252=CYLINDRICAL_SURFACE('',#2085,6.35249977784116);
#253=CYLINDRICAL_SURFACE('',#2086,203.411199989657);
#254=CYLINDRICAL_SURFACE('',#2087,6.352500172487);
#255=CYLINDRICAL_SURFACE('',#2088,5.5);
#256=CYLINDRICAL_SURFACE('',#2089,5.5);
#257=CYLINDRICAL_SURFACE('',#2090,5.5);
#258=CYLINDRICAL_SURFACE('',#2091,5.5);
#259=CYLINDRICAL_SURFACE('',#2097,80.);
#260=CYLINDRICAL_SURFACE('',#2098,80.);
#261=CYLINDRICAL_SURFACE('',#2099,80.);
#262=CYLINDRICAL_SURFACE('',#2100,80.);
#263=CYLINDRICAL_SURFACE('',#2101,20.);
#264=CYLINDRICAL_SURFACE('',#2102,20.);
#265=CYLINDRICAL_SURFACE('',#2103,20.);
#266=CYLINDRICAL_SURFACE('',#2104,20.);
#267=CYLINDRICAL_SURFACE('',#2105,20.);
#268=CYLINDRICAL_SURFACE('',#2106,20.);
#269=CYLINDRICAL_SURFACE('',#2107,20.);
#270=CYLINDRICAL_SURFACE('',#2108,20.);
#271=FACE_OUTER_BOUND('',#361,.T.);
#272=FACE_OUTER_BOUND('',#362,.T.);
#273=FACE_OUTER_BOUND('',#363,.T.);
#274=FACE_OUTER_BOUND('',#364,.T.);
#275=FACE_OUTER_BOUND('',#365,.T.);
#276=FACE_OUTER_BOUND('',#366,.T.);
#277=FACE_OUTER_BOUND('',#367,.T.);
#278=FACE_OUTER_BOUND('',#368,.T.);
#279=FACE_OUTER_BOUND('',#369,.T.);
#280=FACE_OUTER_BOUND('',#402,.T.);
#281=FACE_OUTER_BOUND('',#403,.T.);
#282=FACE_OUTER_BOUND('',#404,.T.);
#283=FACE_OUTER_BOUND('',#405,.T.);
#284=FACE_OUTER_BOUND('',#406,.T.);
#285=FACE_OUTER_BOUND('',#407,.T.);
#286=FACE_OUTER_BOUND('',#408,.T.);
#287=FACE_OUTER_BOUND('',#409,.T.);
#288=FACE_OUTER_BOUND('',#410,.T.);
#289=FACE_OUTER_BOUND('',#411,.T.);
#290=FACE_OUTER_BOUND('',#412,.T.);
#291=FACE_OUTER_BOUND('',#413,.T.);
#292=FACE_OUTER_BOUND('',#414,.T.);
#293=FACE_OUTER_BOUND('',#415,.T.);
#294=FACE_OUTER_BOUND('',#416,.T.);
#295=FACE_OUTER_BOUND('',#417,.T.);
#296=FACE_OUTER_BOUND('',#418,.T.);
#297=FACE_OUTER_BOUND('',#419,.T.);
#298=FACE_OUTER_BOUND('',#420,.T.);
#299=FACE_OUTER_BOUND('',#421,.T.);
#300=FACE_OUTER_BOUND('',#422,.T.);
#301=FACE_OUTER_BOUND('',#423,.T.);
#302=FACE_OUTER_BOUND('',#424,.T.);
#303=FACE_OUTER_BOUND('',#425,.T.);
#304=FACE_OUTER_BOUND('',#426,.T.);
#305=FACE_OUTER_BOUND('',#427,.T.);
#306=FACE_OUTER_BOUND('',#428,.T.);
#307=FACE_OUTER_BOUND('',#429,.T.);
#308=FACE_OUTER_BOUND('',#430,.T.);
#309=FACE_OUTER_BOUND('',#463,.T.);
#310=FACE_OUTER_BOUND('',#464,.T.);
#311=FACE_OUTER_BOUND('',#465,.T.);
#312=FACE_OUTER_BOUND('',#466,.T.);
#313=FACE_OUTER_BOUND('',#467,.T.);
#314=FACE_OUTER_BOUND('',#468,.T.);
#315=FACE_OUTER_BOUND('',#469,.T.);
#316=FACE_OUTER_BOUND('',#470,.T.);
#317=FACE_OUTER_BOUND('',#471,.T.);
#318=FACE_OUTER_BOUND('',#472,.T.);
#319=FACE_OUTER_BOUND('',#473,.T.);
#320=FACE_OUTER_BOUND('',#474,.T.);
#321=FACE_OUTER_BOUND('',#475,.T.);
#322=FACE_OUTER_BOUND('',#476,.T.);
#323=FACE_OUTER_BOUND('',#477,.T.);
#324=FACE_OUTER_BOUND('',#478,.T.);
#325=FACE_OUTER_BOUND('',#479,.T.);
#326=FACE_OUTER_BOUND('',#480,.T.);
#327=FACE_OUTER_BOUND('',#481,.T.);
#328=FACE_OUTER_BOUND('',#482,.T.);
#329=FACE_OUTER_BOUND('',#483,.T.);
#330=FACE_OUTER_BOUND('',#484,.T.);
#331=FACE_OUTER_BOUND('',#485,.T.);
#332=FACE_OUTER_BOUND('',#486,.T.);
#333=FACE_OUTER_BOUND('',#487,.T.);
#334=FACE_OUTER_BOUND('',#488,.T.);
#335=FACE_OUTER_BOUND('',#489,.T.);
#336=FACE_OUTER_BOUND('',#490,.T.);
#337=FACE_OUTER_BOUND('',#491,.T.);
#338=FACE_OUTER_BOUND('',#492,.T.);
#339=FACE_OUTER_BOUND('',#493,.T.);
#340=FACE_OUTER_BOUND('',#494,.T.);
#341=FACE_OUTER_BOUND('',#495,.T.);
#342=FACE_OUTER_BOUND('',#496,.T.);
#343=FACE_OUTER_BOUND('',#497,.T.);
#344=FACE_OUTER_BOUND('',#498,.T.);
#345=FACE_OUTER_BOUND('',#499,.T.);
#346=FACE_OUTER_BOUND('',#500,.T.);
#347=FACE_OUTER_BOUND('',#501,.T.);
#348=FACE_OUTER_BOUND('',#502,.T.);
#349=FACE_OUTER_BOUND('',#503,.T.);
#350=FACE_OUTER_BOUND('',#504,.T.);
#351=FACE_OUTER_BOUND('',#505,.T.);
#352=FACE_OUTER_BOUND('',#506,.T.);
#353=FACE_OUTER_BOUND('',#507,.T.);
#354=FACE_OUTER_BOUND('',#508,.T.);
#355=FACE_OUTER_BOUND('',#509,.T.);
#356=FACE_OUTER_BOUND('',#510,.T.);
#357=FACE_OUTER_BOUND('',#511,.T.);
#358=FACE_OUTER_BOUND('',#512,.T.);
#359=FACE_OUTER_BOUND('',#513,.T.);
#360=FACE_OUTER_BOUND('',#514,.T.);
#361=EDGE_LOOP('',(#1227,#1228,#1229,#1230));
#362=EDGE_LOOP('',(#1231,#1232,#1233,#1234));
#363=EDGE_LOOP('',(#1235,#1236,#1237,#1238));
#364=EDGE_LOOP('',(#1239,#1240,#1241,#1242));
#365=EDGE_LOOP('',(#1243,#1244,#1245,#1246));
#366=EDGE_LOOP('',(#1247,#1248,#1249,#1250));
#367=EDGE_LOOP('',(#1251,#1252,#1253,#1254));
#368=EDGE_LOOP('',(#1255,#1256,#1257,#1258));
#369=EDGE_LOOP('',(#1259,#1260,#1261,#1262,#1263,#1264,#1265,#1266));
#370=EDGE_LOOP('',(#1267));
#371=EDGE_LOOP('',(#1268));
#372=EDGE_LOOP('',(#1269));
#373=EDGE_LOOP('',(#1270));
#374=EDGE_LOOP('',(#1271,#1272,#1273,#1274));
#375=EDGE_LOOP('',(#1275,#1276,#1277,#1278));
#376=EDGE_LOOP('',(#1279,#1280,#1281,#1282));
#377=EDGE_LOOP('',(#1283,#1284,#1285,#1286));
#378=EDGE_LOOP('',(#1287,#1288,#1289,#1290,#1291,#1292,#1293,#1294,#1295,
#1296));
#379=EDGE_LOOP('',(#1297,#1298,#1299,#1300,#1301,#1302,#1303,#1304,#1305,
#1306));
#380=EDGE_LOOP('',(#1307,#1308,#1309,#1310,#1311,#1312,#1313,#1314,#1315,
#1316));
#381=EDGE_LOOP('',(#1317,#1318,#1319,#1320,#1321,#1322,#1323,#1324,#1325,
#1326));
#382=EDGE_LOOP('',(#1327));
#383=EDGE_LOOP('',(#1328));
#384=EDGE_LOOP('',(#1329));
#385=EDGE_LOOP('',(#1330));
#386=EDGE_LOOP('',(#1331));
#387=EDGE_LOOP('',(#1332));
#388=EDGE_LOOP('',(#1333));
#389=EDGE_LOOP('',(#1334));
#390=EDGE_LOOP('',(#1335));
#391=EDGE_LOOP('',(#1336));
#392=EDGE_LOOP('',(#1337));
#393=EDGE_LOOP('',(#1338));
#394=EDGE_LOOP('',(#1339));
#395=EDGE_LOOP('',(#1340));
#396=EDGE_LOOP('',(#1341));
#397=EDGE_LOOP('',(#1342));
#398=EDGE_LOOP('',(#1343));
#399=EDGE_LOOP('',(#1344));
#400=EDGE_LOOP('',(#1345));
#401=EDGE_LOOP('',(#1346));
#402=EDGE_LOOP('',(#1347,#1348,#1349,#1350));
#403=EDGE_LOOP('',(#1351,#1352,#1353,#1354));
#404=EDGE_LOOP('',(#1355,#1356,#1357,#1358));
#405=EDGE_LOOP('',(#1359,#1360,#1361,#1362));
#406=EDGE_LOOP('',(#1363,#1364,#1365,#1366));
#407=EDGE_LOOP('',(#1367,#1368,#1369,#1370));
#408=EDGE_LOOP('',(#1371,#1372,#1373,#1374));
#409=EDGE_LOOP('',(#1375,#1376,#1377,#1378));
#410=EDGE_LOOP('',(#1379,#1380,#1381,#1382));
#411=EDGE_LOOP('',(#1383,#1384,#1385,#1386));
#412=EDGE_LOOP('',(#1387,#1388,#1389,#1390));
#413=EDGE_LOOP('',(#1391,#1392,#1393,#1394));
#414=EDGE_LOOP('',(#1395,#1396,#1397,#1398));
#415=EDGE_LOOP('',(#1399,#1400,#1401,#1402));
#416=EDGE_LOOP('',(#1403,#1404,#1405,#1406));
#417=EDGE_LOOP('',(#1407,#1408,#1409,#1410));
#418=EDGE_LOOP('',(#1411,#1412,#1413,#1414));
#419=EDGE_LOOP('',(#1415,#1416,#1417,#1418));
#420=EDGE_LOOP('',(#1419,#1420,#1421,#1422));
#421=EDGE_LOOP('',(#1423,#1424,#1425,#1426));
#422=EDGE_LOOP('',(#1427,#1428,#1429,#1430));
#423=EDGE_LOOP('',(#1431,#1432,#1433,#1434));
#424=EDGE_LOOP('',(#1435,#1436,#1437,#1438));
#425=EDGE_LOOP('',(#1439,#1440,#1441,#1442));
#426=EDGE_LOOP('',(#1443,#1444,#1445,#1446));
#427=EDGE_LOOP('',(#1447,#1448,#1449,#1450));
#428=EDGE_LOOP('',(#1451,#1452,#1453,#1454));
#429=EDGE_LOOP('',(#1455,#1456,#1457,#1458));
#430=EDGE_LOOP('',(#1459,#1460,#1461,#1462,#1463,#1464,#1465,#1466));
#431=EDGE_LOOP('',(#1467));
#432=EDGE_LOOP('',(#1468));
#433=EDGE_LOOP('',(#1469));
#434=EDGE_LOOP('',(#1470));
#435=EDGE_LOOP('',(#1471));
#436=EDGE_LOOP('',(#1472));
#437=EDGE_LOOP('',(#1473));
#438=EDGE_LOOP('',(#1474));
#439=EDGE_LOOP('',(#1475));
#440=EDGE_LOOP('',(#1476));
#441=EDGE_LOOP('',(#1477));
#442=EDGE_LOOP('',(#1478));
#443=EDGE_LOOP('',(#1479));
#444=EDGE_LOOP('',(#1480));
#445=EDGE_LOOP('',(#1481));
#446=EDGE_LOOP('',(#1482));
#447=EDGE_LOOP('',(#1483));
#448=EDGE_LOOP('',(#1484));
#449=EDGE_LOOP('',(#1485));
#450=EDGE_LOOP('',(#1486));
#451=EDGE_LOOP('',(#1487,#1488,#1489,#1490,#1491,#1492,#1493,#1494,#1495,
#1496));
#452=EDGE_LOOP('',(#1497,#1498,#1499,#1500,#1501,#1502,#1503,#1504,#1505,
#1506));
#453=EDGE_LOOP('',(#1507,#1508,#1509,#1510,#1511,#1512,#1513,#1514,#1515,
#1516));
#454=EDGE_LOOP('',(#1517,#1518,#1519,#1520,#1521,#1522,#1523,#1524,#1525,
#1526));
#455=EDGE_LOOP('',(#1527,#1528,#1529,#1530));
#456=EDGE_LOOP('',(#1531,#1532,#1533,#1534));
#457=EDGE_LOOP('',(#1535,#1536,#1537,#1538));
#458=EDGE_LOOP('',(#1539,#1540,#1541,#1542));
#459=EDGE_LOOP('',(#1543));
#460=EDGE_LOOP('',(#1544));
#461=EDGE_LOOP('',(#1545));
#462=EDGE_LOOP('',(#1546));
#463=EDGE_LOOP('',(#1547,#1548,#1549,#1550));
#464=EDGE_LOOP('',(#1551,#1552,#1553,#1554));
#465=EDGE_LOOP('',(#1555,#1556,#1557,#1558));
#466=EDGE_LOOP('',(#1559,#1560,#1561,#1562));
#467=EDGE_LOOP('',(#1563,#1564,#1565,#1566));
#468=EDGE_LOOP('',(#1567,#1568,#1569,#1570));
#469=EDGE_LOOP('',(#1571,#1572,#1573,#1574));
#470=EDGE_LOOP('',(#1575,#1576,#1577,#1578));
#471=EDGE_LOOP('',(#1579,#1580,#1581,#1582));
#472=EDGE_LOOP('',(#1583,#1584,#1585,#1586));
#473=EDGE_LOOP('',(#1587,#1588,#1589,#1590));
#474=EDGE_LOOP('',(#1591,#1592,#1593,#1594));
#475=EDGE_LOOP('',(#1595,#1596,#1597,#1598));
#476=EDGE_LOOP('',(#1599,#1600,#1601,#1602));
#477=EDGE_LOOP('',(#1603,#1604,#1605,#1606));
#478=EDGE_LOOP('',(#1607,#1608,#1609,#1610));
#479=EDGE_LOOP('',(#1611,#1612,#1613,#1614));
#480=EDGE_LOOP('',(#1615,#1616,#1617,#1618));
#481=EDGE_LOOP('',(#1619,#1620,#1621,#1622));
#482=EDGE_LOOP('',(#1623,#1624,#1625,#1626));
#483=EDGE_LOOP('',(#1627,#1628,#1629,#1630));
#484=EDGE_LOOP('',(#1631,#1632,#1633,#1634));
#485=EDGE_LOOP('',(#1635,#1636,#1637,#1638));
#486=EDGE_LOOP('',(#1639,#1640,#1641,#1642));
#487=EDGE_LOOP('',(#1643,#1644,#1645,#1646));
#488=EDGE_LOOP('',(#1647,#1648,#1649,#1650));
#489=EDGE_LOOP('',(#1651,#1652,#1653,#1654));
#490=EDGE_LOOP('',(#1655,#1656,#1657,#1658));
#491=EDGE_LOOP('',(#1659,#1660,#1661,#1662));
#492=EDGE_LOOP('',(#1663,#1664,#1665,#1666));
#493=EDGE_LOOP('',(#1667,#1668,#1669,#1670));
#494=EDGE_LOOP('',(#1671,#1672,#1673,#1674));
#495=EDGE_LOOP('',(#1675,#1676,#1677,#1678));
#496=EDGE_LOOP('',(#1679,#1680,#1681,#1682));
#497=EDGE_LOOP('',(#1683,#1684,#1685,#1686));
#498=EDGE_LOOP('',(#1687,#1688,#1689,#1690));
#499=EDGE_LOOP('',(#1691,#1692,#1693,#1694));
#500=EDGE_LOOP('',(#1695,#1696,#1697,#1698));
#501=EDGE_LOOP('',(#1699,#1700,#1701,#1702));
#502=EDGE_LOOP('',(#1703,#1704,#1705,#1706));
#503=EDGE_LOOP('',(#1707,#1708,#1709,#1710));
#504=EDGE_LOOP('',(#1711,#1712,#1713,#1714));
#505=EDGE_LOOP('',(#1715,#1716,#1717,#1718));
#506=EDGE_LOOP('',(#1719,#1720,#1721,#1722));
#507=EDGE_LOOP('',(#1723,#1724,#1725,#1726));
#508=EDGE_LOOP('',(#1727,#1728,#1729,#1730));
#509=EDGE_LOOP('',(#1731,#1732,#1733,#1734));
#510=EDGE_LOOP('',(#1735,#1736,#1737,#1738));
#511=EDGE_LOOP('',(#1739,#1740,#1741,#1742));
#512=EDGE_LOOP('',(#1743,#1744,#1745,#1746));
#513=EDGE_LOOP('',(#1747,#1748,#1749,#1750));
#514=EDGE_LOOP('',(#1751,#1752,#1753,#1754));
#515=LINE('',#2687,#651);
#516=LINE('',#2689,#652);
#517=LINE('',#2691,#653);
#518=LINE('',#2692,#654);
#519=LINE('',#2696,#655);
#520=LINE('',#2698,#656);
#521=LINE('',#2700,#657);
#522=LINE('',#2701,#658);
#523=LINE('',#2705,#659);
#524=LINE('',#2707,#660);
#525=LINE('',#2709,#661);
#526=LINE('',#2710,#662);
#527=LINE('',#2714,#663);
#528=LINE('',#2716,#664);
#529=LINE('',#2718,#665);
#530=LINE('',#2719,#666);
#531=LINE('',#2748,#667);
#532=LINE('',#2756,#668);
#533=LINE('',#2759,#669);
#534=LINE('',#2769,#670);
#535=LINE('',#2775,#671);
#536=LINE('',#2779,#672);
#537=LINE('',#2783,#673);
#538=LINE('',#2791,#674);
#539=LINE('',#2795,#675);
#540=LINE('',#2799,#676);
#541=LINE('',#2803,#677);
#542=LINE('',#2807,#678);
#543=LINE('',#2815,#679);
#544=LINE('',#2819,#680);
#545=LINE('',#2823,#681);
#546=LINE('',#2827,#682);
#547=LINE('',#2835,#683);
#548=LINE('',#2839,#684);
#549=LINE('',#2843,#685);
#550=LINE('',#2847,#686);
#551=LINE('',#2895,#687);
#552=LINE('',#2899,#688);
#553=LINE('',#2903,#689);
#554=LINE('',#2907,#690);
#555=LINE('',#2911,#691);
#556=LINE('',#2915,#692);
#557=LINE('',#2919,#693);
#558=LINE('',#2923,#694);
#559=LINE('',#2927,#695);
#560=LINE('',#2931,#696);
#561=LINE('',#2935,#697);
#562=LINE('',#2939,#698);
#563=LINE('',#2943,#699);
#564=LINE('',#2947,#700);
#565=LINE('',#2951,#701);
#566=LINE('',#2955,#702);
#567=LINE('',#2959,#703);
#568=LINE('',#2963,#704);
#569=LINE('',#2967,#705);
#570=LINE('',#2971,#706);
#571=LINE('',#2976,#707);
#572=LINE('',#2977,#708);
#573=LINE('',#2978,#709);
#574=LINE('',#2982,#710);
#575=LINE('',#2983,#711);
#576=LINE('',#2984,#712);
#577=LINE('',#2987,#713);
#578=LINE('',#2989,#714);
#579=LINE('',#2990,#715);
#580=LINE('',#2994,#716);
#581=LINE('',#2995,#717);
#582=LINE('',#2996,#718);
#583=LINE('',#3000,#719);
#584=LINE('',#3001,#720);
#585=LINE('',#3002,#721);
#586=LINE('',#3005,#722);
#587=LINE('',#3007,#723);
#588=LINE('',#3008,#724);
#589=LINE('',#3012,#725);
#590=LINE('',#3013,#726);
#591=LINE('',#3014,#727);
#592=LINE('',#3017,#728);
#593=LINE('',#3019,#729);
#594=LINE('',#3020,#730);
#595=LINE('',#3024,#731);
#596=LINE('',#3028,#732);
#597=LINE('',#3032,#733);
#598=LINE('',#3036,#734);
#599=LINE('',#3045,#735);
#600=LINE('',#3054,#736);
#601=LINE('',#3059,#737);
#602=LINE('',#3071,#738);
#603=LINE('',#3080,#739);
#604=LINE('',#3090,#740);
#605=LINE('',#3100,#741);
#606=LINE('',#3108,#742);
#607=LINE('',#3119,#743);
#608=LINE('',#3120,#744);
#609=LINE('',#3122,#745);
#610=LINE('',#3124,#746);
#611=LINE('',#3127,#747);
#612=LINE('',#3128,#748);
#613=LINE('',#3130,#749);
#614=LINE('',#3132,#750);
#615=LINE('',#3135,#751);
#616=LINE('',#3136,#752);
#617=LINE('',#3138,#753);
#618=LINE('',#3140,#754);
#619=LINE('',#3143,#755);
#620=LINE('',#3144,#756);
#621=LINE('',#3146,#757);
#622=LINE('',#3148,#758);
#623=LINE('',#3150,#759);
#624=LINE('',#3152,#760);
#625=LINE('',#3154,#761);
#626=LINE('',#3156,#762);
#627=LINE('',#3158,#763);
#628=LINE('',#3160,#764);
#629=LINE('',#3162,#765);
#630=LINE('',#3164,#766);
#631=LINE('',#3167,#767);
#632=LINE('',#3169,#768);
#633=LINE('',#3172,#769);
#634=LINE('',#3173,#770);
#635=LINE('',#3175,#771);
#636=LINE('',#3177,#772);
#637=LINE('',#3180,#773);
#638=LINE('',#3182,#774);
#639=LINE('',#3184,#775);
#640=LINE('',#3186,#776);
#641=LINE('',#3188,#777);
#642=LINE('',#3189,#778);
#643=LINE('',#3191,#779);
#644=LINE('',#3192,#780);
#645=LINE('',#3194,#781);
#646=LINE('',#3195,#782);
#647=LINE('',#3197,#783);
#648=LINE('',#3198,#784);
#649=LINE('',#3200,#785);
#650=LINE('',#3201,#786);
#651=VECTOR('',#2113,10.);
#652=VECTOR('',#2114,10.);
#653=VECTOR('',#2115,10.);
#654=VECTOR('',#2116,10.);
#655=VECTOR('',#2119,10.);
#656=VECTOR('',#2120,10.);
#657=VECTOR('',#2121,10.);
#658=VECTOR('',#2122,10.);
#659=VECTOR('',#2125,10.);
#660=VECTOR('',#2126,10.);
#661=VECTOR('',#2127,10.);
#662=VECTOR('',#2128,10.);
#663=VECTOR('',#2131,10.);
#664=VECTOR('',#2132,10.);
#665=VECTOR('',#2133,10.);
#666=VECTOR('',#2134,10.);
#667=VECTOR('',#2175,170.334505807165);
#668=VECTOR('',#2182,170.334502447165);
#669=VECTOR('',#2183,170.334502447165);
#670=VECTOR('',#2192,170.334502447165);
#671=VECTOR('',#2197,41.7574819141304);
#672=VECTOR('',#2200,41.7574819121304);
#673=VECTOR('',#2203,67.2468065500933);
#674=VECTOR('',#2210,67.2468065520932);
#675=VECTOR('',#2213,67.2468065500933);
#676=VECTOR('',#2216,41.7574819121304);
#677=VECTOR('',#2219,41.7574819061304);
#678=VECTOR('',#2222,67.2468065430932);
#679=VECTOR('',#2229,67.2468065570933);
#680=VECTOR('',#2232,41.7574819021304);
#681=VECTOR('',#2235,41.7574819081304);
#682=VECTOR('',#2238,67.2468065500933);
#683=VECTOR('',#2245,67.2468065500933);
#684=VECTOR('',#2248,41.7574819081304);
#685=VECTOR('',#2251,41.7574819181304);
#686=VECTOR('',#2254,67.2468065520932);
#687=VECTOR('',#2303,3.);
#688=VECTOR('',#2308,3.);
#689=VECTOR('',#2313,3.);
#690=VECTOR('',#2318,3.);
#691=VECTOR('',#2323,1.75);
#692=VECTOR('',#2328,1.75);
#693=VECTOR('',#2333,1.75);
#694=VECTOR('',#2338,1.75);
#695=VECTOR('',#2343,1.75);
#696=VECTOR('',#2348,1.75);
#697=VECTOR('',#2353,1.75);
#698=VECTOR('',#2358,1.75);
#699=VECTOR('',#2363,1.75);
#700=VECTOR('',#2368,1.75);
#701=VECTOR('',#2373,1.75);
#702=VECTOR('',#2378,1.75);
#703=VECTOR('',#2383,1.75);
#704=VECTOR('',#2388,1.75);
#705=VECTOR('',#2393,1.75);
#706=VECTOR('',#2398,1.75);
#707=VECTOR('',#2403,67.2468065500933);
#708=VECTOR('',#2404,6.);
#709=VECTOR('',#2405,6.);
#710=VECTOR('',#2408,41.7574819181304);
#711=VECTOR('',#2409,6.);
#712=VECTOR('',#2410,6.);
#713=VECTOR('',#2413,6.);
#714=VECTOR('',#2414,67.2468065500933);
#715=VECTOR('',#2415,6.);
#716=VECTOR('',#2418,67.2468065500933);
#717=VECTOR('',#2419,6.);
#718=VECTOR('',#2420,6.);
#719=VECTOR('',#2423,41.7574819061304);
#720=VECTOR('',#2424,6.);
#721=VECTOR('',#2425,6.);
#722=VECTOR('',#2428,6.);
#723=VECTOR('',#2429,41.7574819141304);
#724=VECTOR('',#2430,6.);
#725=VECTOR('',#2433,67.2468065520932);
#726=VECTOR('',#2434,6.);
#727=VECTOR('',#2435,6.);
#728=VECTOR('',#2438,6.);
#729=VECTOR('',#2439,67.2468065430932);
#730=VECTOR('',#2440,6.);
#731=VECTOR('',#2443,67.2468065500933);
#732=VECTOR('',#2446,41.7574819081304);
#733=VECTOR('',#2449,41.7574819021304);
#734=VECTOR('',#2452,67.2468065570933);
#735=VECTOR('',#2461,41.7574819081304);
#736=VECTOR('',#2470,67.2468065520932);
#737=VECTOR('',#2475,41.7574819121304);
#738=VECTOR('',#2490,41.7574819121304);
#739=VECTOR('',#2499,170.334502447165);
#740=VECTOR('',#2508,170.334502447165);
#741=VECTOR('',#2517,170.334502447165);
#742=VECTOR('',#2524,170.334505807165);
#743=VECTOR('',#2537,6.);
#744=VECTOR('',#2538,6.);
#745=VECTOR('',#2541,6.);
#746=VECTOR('',#2544,6.);
#747=VECTOR('',#2549,6.);
#748=VECTOR('',#2550,6.);
#749=VECTOR('',#2553,6.);
#750=VECTOR('',#2556,6.);
#751=VECTOR('',#2561,6.);
#752=VECTOR('',#2562,6.);
#753=VECTOR('',#2565,6.);
#754=VECTOR('',#2568,6.);
#755=VECTOR('',#2573,6.);
#756=VECTOR('',#2574,6.);
#757=VECTOR('',#2577,6.);
#758=VECTOR('',#2580,6.);
#759=VECTOR('',#2583,6.);
#760=VECTOR('',#2586,6.);
#761=VECTOR('',#2589,6.);
#762=VECTOR('',#2592,6.);
#763=VECTOR('',#2595,6.);
#764=VECTOR('',#2598,6.);
#765=VECTOR('',#2601,6.);
#766=VECTOR('',#2604,6.);
#767=VECTOR('',#2609,6.);
#768=VECTOR('',#2612,6.);
#769=VECTOR('',#2617,6.);
#770=VECTOR('',#2618,6.);
#771=VECTOR('',#2621,6.);
#772=VECTOR('',#2624,6.);
#773=VECTOR('',#2629,5.5);
#774=VECTOR('',#2632,5.5);
#775=VECTOR('',#2635,5.5);
#776=VECTOR('',#2638,5.5);
#777=VECTOR('',#2641,6.);
#778=VECTOR('',#2642,6.);
#779=VECTOR('',#2645,6.);
#780=VECTOR('',#2646,6.);
#781=VECTOR('',#2649,6.);
#782=VECTOR('',#2650,6.);
#783=VECTOR('',#2653,6.);
#784=VECTOR('',#2654,6.);
#785=VECTOR('',#2657,6.);
#786=VECTOR('',#2658,6.);
#787=VERTEX_POINT('',#2685);
#788=VERTEX_POINT('',#2686);
#789=VERTEX_POINT('',#2688);
#790=VERTEX_POINT('',#2690);
#791=VERTEX_POINT('',#2694);
#792=VERTEX_POINT('',#2695);
#793=VERTEX_POINT('',#2697);
#794=VERTEX_POINT('',#2699);
#795=VERTEX_POINT('',#2703);
#796=VERTEX_POINT('',#2704);
#797=VERTEX_POINT('',#2706);
#798=VERTEX_POINT('',#2708);
#799=VERTEX_POINT('',#2712);
#800=VERTEX_POINT('',#2713);
#801=VERTEX_POINT('',#2715);
#802=VERTEX_POINT('',#2717);
#803=VERTEX_POINT('',#2733);
#804=VERTEX_POINT('',#2735);
#805=VERTEX_POINT('',#2737);
#806=VERTEX_POINT('',#2739);
#807=VERTEX_POINT('',#2741);
#808=VERTEX_POINT('',#2742);
#809=VERTEX_POINT('',#2744);
#810=VERTEX_POINT('',#2746);
#811=VERTEX_POINT('',#2749);
#812=VERTEX_POINT('',#2750);
#813=VERTEX_POINT('',#2752);
#814=VERTEX_POINT('',#2754);
#815=VERTEX_POINT('',#2757);
#816=VERTEX_POINT('',#2758);
#817=VERTEX_POINT('',#2760);
#818=VERTEX_POINT('',#2762);
#819=VERTEX_POINT('',#2765);
#820=VERTEX_POINT('',#2766);
#821=VERTEX_POINT('',#2768);
#822=VERTEX_POINT('',#2770);
#823=VERTEX_POINT('',#2773);
#824=VERTEX_POINT('',#2774);
#825=VERTEX_POINT('',#2776);
#826=VERTEX_POINT('',#2778);
#827=VERTEX_POINT('',#2780);
#828=VERTEX_POINT('',#2782);
#829=VERTEX_POINT('',#2784);
#830=VERTEX_POINT('',#2786);
#831=VERTEX_POINT('',#2788);
#832=VERTEX_POINT('',#2790);
#833=VERTEX_POINT('',#2793);
#834=VERTEX_POINT('',#2794);
#835=VERTEX_POINT('',#2796);
#836=VERTEX_POINT('',#2798);
#837=VERTEX_POINT('',#2800);
#838=VERTEX_POINT('',#2802);
#839=VERTEX_POINT('',#2804);
#840=VERTEX_POINT('',#2806);
#841=VERTEX_POINT('',#2808);
#842=VERTEX_POINT('',#2810);
#843=VERTEX_POINT('',#2813);
#844=VERTEX_POINT('',#2814);
#845=VERTEX_POINT('',#2816);
#846=VERTEX_POINT('',#2818);
#847=VERTEX_POINT('',#2820);
#848=VERTEX_POINT('',#2822);
#849=VERTEX_POINT('',#2824);
#850=VERTEX_POINT('',#2826);
#851=VERTEX_POINT('',#2828);
#852=VERTEX_POINT('',#2830);
#853=VERTEX_POINT('',#2833);
#854=VERTEX_POINT('',#2834);
#855=VERTEX_POINT('',#2836);
#856=VERTEX_POINT('',#2838);
#857=VERTEX_POINT('',#2840);
#858=VERTEX_POINT('',#2842);
#859=VERTEX_POINT('',#2844);
#860=VERTEX_POINT('',#2846);
#861=VERTEX_POINT('',#2848);
#862=VERTEX_POINT('',#2850);
#863=VERTEX_POINT('',#2853);
#864=VERTEX_POINT('',#2855);
#865=VERTEX_POINT('',#2857);
#866=VERTEX_POINT('',#2859);
#867=VERTEX_POINT('',#2861);
#868=VERTEX_POINT('',#2863);
#869=VERTEX_POINT('',#2865);
#870=VERTEX_POINT('',#2867);
#871=VERTEX_POINT('',#2869);
#872=VERTEX_POINT('',#2871);
#873=VERTEX_POINT('',#2873);
#874=VERTEX_POINT('',#2875);
#875=VERTEX_POINT('',#2877);
#876=VERTEX_POINT('',#2879);
#877=VERTEX_POINT('',#2881);
#878=VERTEX_POINT('',#2883);
#879=VERTEX_POINT('',#2885);
#880=VERTEX_POINT('',#2887);
#881=VERTEX_POINT('',#2889);
#882=VERTEX_POINT('',#2891);
#883=VERTEX_POINT('',#2894);
#884=VERTEX_POINT('',#2898);
#885=VERTEX_POINT('',#2902);
#886=VERTEX_POINT('',#2906);
#887=VERTEX_POINT('',#2910);
#888=VERTEX_POINT('',#2914);
#889=VERTEX_POINT('',#2918);
#890=VERTEX_POINT('',#2922);
#891=VERTEX_POINT('',#2926);
#892=VERTEX_POINT('',#2930);
#893=VERTEX_POINT('',#2934);
#894=VERTEX_POINT('',#2938);
#895=VERTEX_POINT('',#2942);
#896=VERTEX_POINT('',#2946);
#897=VERTEX_POINT('',#2950);
#898=VERTEX_POINT('',#2954);
#899=VERTEX_POINT('',#2958);
#900=VERTEX_POINT('',#2962);
#901=VERTEX_POINT('',#2966);
#902=VERTEX_POINT('',#2970);
#903=VERTEX_POINT('',#2974);
#904=VERTEX_POINT('',#2975);
#905=VERTEX_POINT('',#2980);
#906=VERTEX_POINT('',#2981);
#907=VERTEX_POINT('',#2986);
#908=VERTEX_POINT('',#2988);
#909=VERTEX_POINT('',#2992);
#910=VERTEX_POINT('',#2993);
#911=VERTEX_POINT('',#2998);
#912=VERTEX_POINT('',#2999);
#913=VERTEX_POINT('',#3004);
#914=VERTEX_POINT('',#3006);
#915=VERTEX_POINT('',#3010);
#916=VERTEX_POINT('',#3011);
#917=VERTEX_POINT('',#3016);
#918=VERTEX_POINT('',#3018);
#919=VERTEX_POINT('',#3022);
#920=VERTEX_POINT('',#3023);
#921=VERTEX_POINT('',#3025);
#922=VERTEX_POINT('',#3027);
#923=VERTEX_POINT('',#3029);
#924=VERTEX_POINT('',#3031);
#925=VERTEX_POINT('',#3033);
#926=VERTEX_POINT('',#3035);
#927=VERTEX_POINT('',#3037);
#928=VERTEX_POINT('',#3039);
#929=VERTEX_POINT('',#3042);
#930=VERTEX_POINT('',#3044);
#931=VERTEX_POINT('',#3047);
#932=VERTEX_POINT('',#3049);
#933=VERTEX_POINT('',#3051);
#934=VERTEX_POINT('',#3053);
#935=VERTEX_POINT('',#3056);
#936=VERTEX_POINT('',#3058);
#937=VERTEX_POINT('',#3062);
#938=VERTEX_POINT('',#3064);
#939=VERTEX_POINT('',#3068);
#940=VERTEX_POINT('',#3070);
#941=VERTEX_POINT('',#3073);
#942=VERTEX_POINT('',#3075);
#943=VERTEX_POINT('',#3078);
#944=VERTEX_POINT('',#3079);
#945=VERTEX_POINT('',#3081);
#946=VERTEX_POINT('',#3083);
#947=VERTEX_POINT('',#3086);
#948=VERTEX_POINT('',#3087);
#949=VERTEX_POINT('',#3089);
#950=VERTEX_POINT('',#3091);
#951=VERTEX_POINT('',#3094);
#952=VERTEX_POINT('',#3095);
#953=VERTEX_POINT('',#3097);
#954=VERTEX_POINT('',#3099);
#955=VERTEX_POINT('',#3102);
#956=VERTEX_POINT('',#3103);
#957=VERTEX_POINT('',#3105);
#958=VERTEX_POINT('',#3107);
#959=VERTEX_POINT('',#3110);
#960=VERTEX_POINT('',#3112);
#961=VERTEX_POINT('',#3114);
#962=VERTEX_POINT('',#3116);
#963=EDGE_CURVE('',#787,#788,#515,.T.);
#964=EDGE_CURVE('',#789,#787,#516,.T.);
#965=EDGE_CURVE('',#790,#789,#517,.T.);
#966=EDGE_CURVE('',#788,#790,#518,.T.);
#967=EDGE_CURVE('',#791,#792,#519,.T.);
#968=EDGE_CURVE('',#793,#791,#520,.T.);
#969=EDGE_CURVE('',#794,#793,#521,.T.);
#970=EDGE_CURVE('',#792,#794,#522,.T.);
#971=EDGE_CURVE('',#795,#796,#523,.T.);
#972=EDGE_CURVE('',#797,#795,#524,.T.);
#973=EDGE_CURVE('',#798,#797,#525,.T.);
#974=EDGE_CURVE('',#796,#798,#526,.T.);
#975=EDGE_CURVE('',#799,#800,#527,.T.);
#976=EDGE_CURVE('',#801,#799,#528,.T.);
#977=EDGE_CURVE('',#802,#801,#529,.T.);
#978=EDGE_CURVE('',#800,#802,#530,.T.);
#979=EDGE_CURVE('',#800,#795,#79,.T.);
#980=EDGE_CURVE('',#797,#802,#80,.T.);
#981=EDGE_CURVE('',#801,#794,#81,.T.);
#982=EDGE_CURVE('',#792,#799,#82,.T.);
#983=EDGE_CURVE('',#796,#787,#83,.T.);
#984=EDGE_CURVE('',#789,#798,#84,.T.);
#985=EDGE_CURVE('',#793,#790,#85,.T.);
#986=EDGE_CURVE('',#788,#791,#86,.T.);
#987=EDGE_CURVE('',#803,#803,#87,.T.);
#988=EDGE_CURVE('',#804,#804,#88,.T.);
#989=EDGE_CURVE('',#805,#805,#89,.T.);
#990=EDGE_CURVE('',#806,#806,#90,.T.);
#991=EDGE_CURVE('',#807,#808,#91,.T.);
#992=EDGE_CURVE('',#809,#807,#92,.T.);
#993=EDGE_CURVE('',#810,#809,#93,.T.);
#994=EDGE_CURVE('',#808,#810,#531,.T.);
#995=EDGE_CURVE('',#811,#812,#94,.T.);
#996=EDGE_CURVE('',#813,#811,#95,.T.);
#997=EDGE_CURVE('',#814,#813,#96,.T.);
#998=EDGE_CURVE('',#812,#814,#532,.T.);
#999=EDGE_CURVE('',#815,#816,#533,.T.);
#1000=EDGE_CURVE('',#817,#815,#97,.T.);
#1001=EDGE_CURVE('',#818,#817,#98,.T.);
#1002=EDGE_CURVE('',#816,#818,#99,.T.);
#1003=EDGE_CURVE('',#819,#820,#100,.T.);
#1004=EDGE_CURVE('',#821,#819,#534,.T.);
#1005=EDGE_CURVE('',#822,#821,#101,.T.);
#1006=EDGE_CURVE('',#820,#822,#102,.T.);
#1007=EDGE_CURVE('',#823,#824,#535,.T.);
#1008=EDGE_CURVE('',#823,#825,#103,.T.);
#1009=EDGE_CURVE('',#825,#826,#536,.T.);
#1010=EDGE_CURVE('',#826,#827,#104,.T.);
#1011=EDGE_CURVE('',#828,#827,#537,.T.);
#1012=EDGE_CURVE('',#829,#828,#105,.T.);
#1013=EDGE_CURVE('',#830,#829,#106,.T.);
#1014=EDGE_CURVE('',#831,#830,#107,.T.);
#1015=EDGE_CURVE('',#832,#831,#538,.T.);
#1016=EDGE_CURVE('',#832,#824,#108,.T.);
#1017=EDGE_CURVE('',#833,#834,#539,.T.);
#1018=EDGE_CURVE('',#833,#835,#109,.T.);
#1019=EDGE_CURVE('',#836,#835,#540,.T.);
#1020=EDGE_CURVE('',#836,#837,#110,.T.);
#1021=EDGE_CURVE('',#838,#837,#541,.T.);
#1022=EDGE_CURVE('',#838,#839,#111,.T.);
#1023=EDGE_CURVE('',#840,#839,#542,.T.);
#1024=EDGE_CURVE('',#841,#840,#112,.T.);
#1025=EDGE_CURVE('',#842,#841,#113,.T.);
#1026=EDGE_CURVE('',#834,#842,#114,.T.);
#1027=EDGE_CURVE('',#843,#844,#543,.T.);
#1028=EDGE_CURVE('',#843,#845,#115,.T.);
#1029=EDGE_CURVE('',#845,#846,#544,.T.);
#1030=EDGE_CURVE('',#846,#847,#116,.T.);
#1031=EDGE_CURVE('',#847,#848,#545,.T.);
#1032=EDGE_CURVE('',#848,#849,#117,.T.);
#1033=EDGE_CURVE('',#850,#849,#546,.T.);
#1034=EDGE_CURVE('',#851,#850,#118,.T.);
#1035=EDGE_CURVE('',#852,#851,#119,.T.);
#1036=EDGE_CURVE('',#844,#852,#120,.T.);
#1037=EDGE_CURVE('',#853,#854,#547,.T.);
#1038=EDGE_CURVE('',#853,#855,#121,.T.);
#1039=EDGE_CURVE('',#856,#855,#548,.T.);
#1040=EDGE_CURVE('',#856,#857,#122,.T.);
#1041=EDGE_CURVE('',#857,#858,#549,.T.);
#1042=EDGE_CURVE('',#858,#859,#123,.T.);
#1043=EDGE_CURVE('',#860,#859,#550,.T.);
#1044=EDGE_CURVE('',#861,#860,#124,.T.);
#1045=EDGE_CURVE('',#862,#861,#125,.T.);
#1046=EDGE_CURVE('',#854,#862,#126,.T.);
#1047=EDGE_CURVE('',#863,#863,#127,.T.);
#1048=EDGE_CURVE('',#864,#864,#128,.T.);
#1049=EDGE_CURVE('',#865,#865,#129,.T.);
#1050=EDGE_CURVE('',#866,#866,#130,.T.);
#1051=EDGE_CURVE('',#867,#867,#131,.T.);
#1052=EDGE_CURVE('',#868,#868,#132,.T.);
#1053=EDGE_CURVE('',#869,#869,#133,.T.);
#1054=EDGE_CURVE('',#870,#870,#134,.T.);
#1055=EDGE_CURVE('',#871,#871,#135,.T.);
#1056=EDGE_CURVE('',#872,#872,#136,.T.);
#1057=EDGE_CURVE('',#873,#873,#137,.T.);
#1058=EDGE_CURVE('',#874,#874,#138,.T.);
#1059=EDGE_CURVE('',#875,#875,#139,.T.);
#1060=EDGE_CURVE('',#876,#876,#140,.T.);
#1061=EDGE_CURVE('',#877,#877,#141,.T.);
#1062=EDGE_CURVE('',#878,#878,#142,.T.);
#1063=EDGE_CURVE('',#879,#879,#143,.T.);
#1064=EDGE_CURVE('',#880,#880,#144,.T.);
#1065=EDGE_CURVE('',#881,#881,#145,.T.);
#1066=EDGE_CURVE('',#882,#882,#146,.T.);
#1067=EDGE_CURVE('',#882,#883,#551,.T.);
#1068=EDGE_CURVE('',#883,#883,#147,.T.);
#1069=EDGE_CURVE('',#881,#884,#552,.T.);
#1070=EDGE_CURVE('',#884,#884,#148,.T.);
#1071=EDGE_CURVE('',#880,#885,#553,.T.);
#1072=EDGE_CURVE('',#885,#885,#149,.T.);
#1073=EDGE_CURVE('',#879,#886,#554,.T.);
#1074=EDGE_CURVE('',#886,#886,#150,.T.);
#1075=EDGE_CURVE('',#878,#887,#555,.T.);
#1076=EDGE_CURVE('',#887,#887,#151,.T.);
#1077=EDGE_CURVE('',#877,#888,#556,.T.);
#1078=EDGE_CURVE('',#888,#888,#152,.T.);
#1079=EDGE_CURVE('',#876,#889,#557,.T.);
#1080=EDGE_CURVE('',#889,#889,#153,.T.);
#1081=EDGE_CURVE('',#875,#890,#558,.T.);
#1082=EDGE_CURVE('',#890,#890,#154,.T.);
#1083=EDGE_CURVE('',#874,#891,#559,.T.);
#1084=EDGE_CURVE('',#891,#891,#155,.T.);
#1085=EDGE_CURVE('',#873,#892,#560,.T.);
#1086=EDGE_CURVE('',#892,#892,#156,.T.);
#1087=EDGE_CURVE('',#872,#893,#561,.T.);
#1088=EDGE_CURVE('',#893,#893,#157,.T.);
#1089=EDGE_CURVE('',#871,#894,#562,.T.);
#1090=EDGE_CURVE('',#894,#894,#158,.T.);
#1091=EDGE_CURVE('',#870,#895,#563,.T.);
#1092=EDGE_CURVE('',#895,#895,#159,.T.);
#1093=EDGE_CURVE('',#869,#896,#564,.T.);
#1094=EDGE_CURVE('',#896,#896,#160,.T.);
#1095=EDGE_CURVE('',#868,#897,#565,.T.);
#1096=EDGE_CURVE('',#897,#897,#161,.T.);
#1097=EDGE_CURVE('',#867,#898,#566,.T.);
#1098=EDGE_CURVE('',#898,#898,#162,.T.);
#1099=EDGE_CURVE('',#866,#899,#567,.T.);
#1100=EDGE_CURVE('',#899,#899,#163,.T.);
#1101=EDGE_CURVE('',#865,#900,#568,.T.);
#1102=EDGE_CURVE('',#900,#900,#164,.T.);
#1103=EDGE_CURVE('',#864,#901,#569,.T.);
#1104=EDGE_CURVE('',#901,#901,#165,.T.);
#1105=EDGE_CURVE('',#863,#902,#570,.T.);
#1106=EDGE_CURVE('',#902,#902,#166,.T.);
#1107=EDGE_CURVE('',#903,#904,#571,.T.);
#1108=EDGE_CURVE('',#903,#853,#572,.T.);
#1109=EDGE_CURVE('',#854,#904,#573,.T.);
#1110=EDGE_CURVE('',#905,#906,#574,.T.);
#1111=EDGE_CURVE('',#906,#858,#575,.T.);
#1112=EDGE_CURVE('',#857,#905,#576,.T.);
#1113=EDGE_CURVE('',#827,#907,#577,.T.);
#1114=EDGE_CURVE('',#908,#907,#578,.T.);
#1115=EDGE_CURVE('',#828,#908,#579,.T.);
#1116=EDGE_CURVE('',#909,#910,#580,.T.);
#1117=EDGE_CURVE('',#909,#833,#581,.T.);
#1118=EDGE_CURVE('',#834,#910,#582,.T.);
#1119=EDGE_CURVE('',#911,#912,#583,.T.);
#1120=EDGE_CURVE('',#911,#838,#584,.T.);
#1121=EDGE_CURVE('',#837,#912,#585,.T.);
#1122=EDGE_CURVE('',#824,#913,#586,.T.);
#1123=EDGE_CURVE('',#914,#913,#587,.T.);
#1124=EDGE_CURVE('',#914,#823,#588,.T.);
#1125=EDGE_CURVE('',#915,#916,#589,.T.);
#1126=EDGE_CURVE('',#915,#832,#590,.T.);
#1127=EDGE_CURVE('',#831,#916,#591,.T.);
#1128=EDGE_CURVE('',#839,#917,#592,.T.);
#1129=EDGE_CURVE('',#918,#917,#593,.T.);
#1130=EDGE_CURVE('',#918,#840,#594,.T.);
#1131=EDGE_CURVE('',#919,#920,#595,.T.);
#1132=EDGE_CURVE('',#920,#921,#167,.T.);
#1133=EDGE_CURVE('',#922,#921,#596,.T.);
#1134=EDGE_CURVE('',#922,#923,#168,.T.);
#1135=EDGE_CURVE('',#924,#923,#597,.T.);
#1136=EDGE_CURVE('',#924,#925,#169,.T.);
#1137=EDGE_CURVE('',#925,#926,#598,.T.);
#1138=EDGE_CURVE('',#926,#927,#170,.T.);
#1139=EDGE_CURVE('',#927,#928,#171,.T.);
#1140=EDGE_CURVE('',#928,#919,#172,.T.);
#1141=EDGE_CURVE('',#905,#929,#173,.T.);
#1142=EDGE_CURVE('',#929,#930,#599,.T.);
#1143=EDGE_CURVE('',#930,#903,#174,.T.);
#1144=EDGE_CURVE('',#904,#931,#175,.T.);
#1145=EDGE_CURVE('',#931,#932,#176,.T.);
#1146=EDGE_CURVE('',#932,#933,#177,.T.);
#1147=EDGE_CURVE('',#933,#934,#600,.T.);
#1148=EDGE_CURVE('',#934,#906,#178,.T.);
#1149=EDGE_CURVE('',#907,#935,#179,.T.);
#1150=EDGE_CURVE('',#936,#935,#601,.T.);
#1151=EDGE_CURVE('',#936,#914,#180,.T.);
#1152=EDGE_CURVE('',#913,#915,#181,.T.);
#1153=EDGE_CURVE('',#916,#937,#182,.T.);
#1154=EDGE_CURVE('',#937,#938,#183,.T.);
#1155=EDGE_CURVE('',#938,#908,#184,.T.);
#1156=EDGE_CURVE('',#917,#911,#185,.T.);
#1157=EDGE_CURVE('',#912,#939,#186,.T.);
#1158=EDGE_CURVE('',#939,#940,#602,.T.);
#1159=EDGE_CURVE('',#940,#909,#187,.T.);
#1160=EDGE_CURVE('',#910,#941,#188,.T.);
#1161=EDGE_CURVE('',#941,#942,#189,.T.);
#1162=EDGE_CURVE('',#942,#918,#190,.T.);
#1163=EDGE_CURVE('',#943,#944,#603,.T.);
#1164=EDGE_CURVE('',#944,#945,#191,.T.);
#1165=EDGE_CURVE('',#945,#946,#192,.T.);
#1166=EDGE_CURVE('',#946,#943,#193,.T.);
#1167=EDGE_CURVE('',#947,#948,#194,.T.);
#1168=EDGE_CURVE('',#948,#949,#604,.T.);
#1169=EDGE_CURVE('',#949,#950,#195,.T.);
#1170=EDGE_CURVE('',#950,#947,#196,.T.);
#1171=EDGE_CURVE('',#951,#952,#197,.T.);
#1172=EDGE_CURVE('',#952,#953,#198,.T.);
#1173=EDGE_CURVE('',#953,#954,#605,.T.);
#1174=EDGE_CURVE('',#954,#951,#199,.T.);
#1175=EDGE_CURVE('',#955,#956,#200,.T.);
#1176=EDGE_CURVE('',#956,#957,#201,.T.);
#1177=EDGE_CURVE('',#957,#958,#606,.T.);
#1178=EDGE_CURVE('',#958,#955,#202,.T.);
#1179=EDGE_CURVE('',#959,#959,#203,.T.);
#1180=EDGE_CURVE('',#960,#960,#204,.T.);
#1181=EDGE_CURVE('',#961,#961,#205,.T.);
#1182=EDGE_CURVE('',#962,#962,#206,.T.);
#1183=EDGE_CURVE('',#822,#946,#607,.T.);
#1184=EDGE_CURVE('',#820,#945,#608,.T.);
#1185=EDGE_CURVE('',#943,#821,#609,.T.);
#1186=EDGE_CURVE('',#819,#944,#610,.T.);
#1187=EDGE_CURVE('',#818,#950,#611,.T.);
#1188=EDGE_CURVE('',#816,#949,#612,.T.);
#1189=EDGE_CURVE('',#817,#947,#613,.T.);
#1190=EDGE_CURVE('',#948,#815,#614,.T.);
#1191=EDGE_CURVE('',#814,#954,#615,.T.);
#1192=EDGE_CURVE('',#953,#812,#616,.T.);
#1193=EDGE_CURVE('',#813,#951,#617,.T.);
#1194=EDGE_CURVE('',#952,#811,#618,.T.);
#1195=EDGE_CURVE('',#925,#843,#619,.T.);
#1196=EDGE_CURVE('',#844,#926,#620,.T.);
#1197=EDGE_CURVE('',#852,#927,#621,.T.);
#1198=EDGE_CURVE('',#851,#928,#622,.T.);
#1199=EDGE_CURVE('',#850,#919,#623,.T.);
#1200=EDGE_CURVE('',#849,#920,#624,.T.);
#1201=EDGE_CURVE('',#862,#931,#625,.T.);
#1202=EDGE_CURVE('',#861,#932,#626,.T.);
#1203=EDGE_CURVE('',#860,#933,#627,.T.);
#1204=EDGE_CURVE('',#859,#934,#628,.T.);
#1205=EDGE_CURVE('',#830,#937,#629,.T.);
#1206=EDGE_CURVE('',#829,#938,#630,.T.);
#1207=EDGE_CURVE('',#842,#941,#631,.T.);
#1208=EDGE_CURVE('',#942,#841,#632,.T.);
#1209=EDGE_CURVE('',#808,#957,#633,.T.);
#1210=EDGE_CURVE('',#810,#958,#634,.T.);
#1211=EDGE_CURVE('',#809,#955,#635,.T.);
#1212=EDGE_CURVE('',#956,#807,#636,.T.);
#1213=EDGE_CURVE('',#959,#806,#637,.T.);
#1214=EDGE_CURVE('',#960,#805,#638,.T.);
#1215=EDGE_CURVE('',#961,#804,#639,.T.);
#1216=EDGE_CURVE('',#962,#803,#640,.T.);
#1217=EDGE_CURVE('',#845,#924,#641,.T.);
#1218=EDGE_CURVE('',#923,#846,#642,.T.);
#1219=EDGE_CURVE('',#835,#940,#643,.T.);
#1220=EDGE_CURVE('',#939,#836,#644,.T.);
#1221=EDGE_CURVE('',#935,#826,#645,.T.);
#1222=EDGE_CURVE('',#825,#936,#646,.T.);
#1223=EDGE_CURVE('',#921,#848,#647,.T.);
#1224=EDGE_CURVE('',#847,#922,#648,.T.);
#1225=EDGE_CURVE('',#855,#930,#649,.T.);
#1226=EDGE_CURVE('',#929,#856,#650,.T.);
#1227=ORIENTED_EDGE('',*,*,#963,.F.);
#1228=ORIENTED_EDGE('',*,*,#964,.F.);
#1229=ORIENTED_EDGE('',*,*,#965,.F.);
#1230=ORIENTED_EDGE('',*,*,#966,.F.);
#1231=ORIENTED_EDGE('',*,*,#967,.F.);
#1232=ORIENTED_EDGE('',*,*,#968,.F.);
#1233=ORIENTED_EDGE('',*,*,#969,.F.);
#1234=ORIENTED_EDGE('',*,*,#970,.F.);
#1235=ORIENTED_EDGE('',*,*,#971,.F.);
#1236=ORIENTED_EDGE('',*,*,#972,.F.);
#1237=ORIENTED_EDGE('',*,*,#973,.F.);
#1238=ORIENTED_EDGE('',*,*,#974,.F.);
#1239=ORIENTED_EDGE('',*,*,#975,.F.);
#1240=ORIENTED_EDGE('',*,*,#976,.F.);
#1241=ORIENTED_EDGE('',*,*,#977,.F.);
#1242=ORIENTED_EDGE('',*,*,#978,.F.);
#1243=ORIENTED_EDGE('',*,*,#972,.T.);
#1244=ORIENTED_EDGE('',*,*,#979,.F.);
#1245=ORIENTED_EDGE('',*,*,#978,.T.);
#1246=ORIENTED_EDGE('',*,*,#980,.F.);
#1247=ORIENTED_EDGE('',*,*,#970,.T.);
#1248=ORIENTED_EDGE('',*,*,#981,.F.);
#1249=ORIENTED_EDGE('',*,*,#976,.T.);
#1250=ORIENTED_EDGE('',*,*,#982,.F.);
#1251=ORIENTED_EDGE('',*,*,#964,.T.);
#1252=ORIENTED_EDGE('',*,*,#983,.F.);
#1253=ORIENTED_EDGE('',*,*,#974,.T.);
#1254=ORIENTED_EDGE('',*,*,#984,.F.);
#1255=ORIENTED_EDGE('',*,*,#966,.T.);
#1256=ORIENTED_EDGE('',*,*,#985,.F.);
#1257=ORIENTED_EDGE('',*,*,#968,.T.);
#1258=ORIENTED_EDGE('',*,*,#986,.F.);
#1259=ORIENTED_EDGE('',*,*,#965,.T.);
#1260=ORIENTED_EDGE('',*,*,#984,.T.);
#1261=ORIENTED_EDGE('',*,*,#973,.T.);
#1262=ORIENTED_EDGE('',*,*,#980,.T.);
#1263=ORIENTED_EDGE('',*,*,#977,.T.);
#1264=ORIENTED_EDGE('',*,*,#981,.T.);
#1265=ORIENTED_EDGE('',*,*,#969,.T.);
#1266=ORIENTED_EDGE('',*,*,#985,.T.);
#1267=ORIENTED_EDGE('',*,*,#987,.T.);
#1268=ORIENTED_EDGE('',*,*,#988,.T.);
#1269=ORIENTED_EDGE('',*,*,#989,.T.);
#1270=ORIENTED_EDGE('',*,*,#990,.F.);
#1271=ORIENTED_EDGE('',*,*,#991,.F.);
#1272=ORIENTED_EDGE('',*,*,#992,.F.);
#1273=ORIENTED_EDGE('',*,*,#993,.F.);
#1274=ORIENTED_EDGE('',*,*,#994,.F.);
#1275=ORIENTED_EDGE('',*,*,#995,.F.);
#1276=ORIENTED_EDGE('',*,*,#996,.F.);
#1277=ORIENTED_EDGE('',*,*,#997,.F.);
#1278=ORIENTED_EDGE('',*,*,#998,.F.);
#1279=ORIENTED_EDGE('',*,*,#999,.F.);
#1280=ORIENTED_EDGE('',*,*,#1000,.F.);
#1281=ORIENTED_EDGE('',*,*,#1001,.F.);
#1282=ORIENTED_EDGE('',*,*,#1002,.F.);
#1283=ORIENTED_EDGE('',*,*,#1003,.F.);
#1284=ORIENTED_EDGE('',*,*,#1004,.F.);
#1285=ORIENTED_EDGE('',*,*,#1005,.F.);
#1286=ORIENTED_EDGE('',*,*,#1006,.F.);
#1287=ORIENTED_EDGE('',*,*,#1007,.F.);
#1288=ORIENTED_EDGE('',*,*,#1008,.T.);
#1289=ORIENTED_EDGE('',*,*,#1009,.T.);
#1290=ORIENTED_EDGE('',*,*,#1010,.T.);
#1291=ORIENTED_EDGE('',*,*,#1011,.F.);
#1292=ORIENTED_EDGE('',*,*,#1012,.F.);
#1293=ORIENTED_EDGE('',*,*,#1013,.F.);
#1294=ORIENTED_EDGE('',*,*,#1014,.F.);
#1295=ORIENTED_EDGE('',*,*,#1015,.F.);
#1296=ORIENTED_EDGE('',*,*,#1016,.T.);
#1297=ORIENTED_EDGE('',*,*,#1017,.F.);
#1298=ORIENTED_EDGE('',*,*,#1018,.T.);
#1299=ORIENTED_EDGE('',*,*,#1019,.F.);
#1300=ORIENTED_EDGE('',*,*,#1020,.T.);
#1301=ORIENTED_EDGE('',*,*,#1021,.F.);
#1302=ORIENTED_EDGE('',*,*,#1022,.T.);
#1303=ORIENTED_EDGE('',*,*,#1023,.F.);
#1304=ORIENTED_EDGE('',*,*,#1024,.F.);
#1305=ORIENTED_EDGE('',*,*,#1025,.F.);
#1306=ORIENTED_EDGE('',*,*,#1026,.F.);
#1307=ORIENTED_EDGE('',*,*,#1027,.F.);
#1308=ORIENTED_EDGE('',*,*,#1028,.T.);
#1309=ORIENTED_EDGE('',*,*,#1029,.T.);
#1310=ORIENTED_EDGE('',*,*,#1030,.T.);
#1311=ORIENTED_EDGE('',*,*,#1031,.T.);
#1312=ORIENTED_EDGE('',*,*,#1032,.T.);
#1313=ORIENTED_EDGE('',*,*,#1033,.F.);
#1314=ORIENTED_EDGE('',*,*,#1034,.F.);
#1315=ORIENTED_EDGE('',*,*,#1035,.F.);
#1316=ORIENTED_EDGE('',*,*,#1036,.F.);
#1317=ORIENTED_EDGE('',*,*,#1037,.F.);
#1318=ORIENTED_EDGE('',*,*,#1038,.T.);
#1319=ORIENTED_EDGE('',*,*,#1039,.F.);
#1320=ORIENTED_EDGE('',*,*,#1040,.T.);
#1321=ORIENTED_EDGE('',*,*,#1041,.T.);
#1322=ORIENTED_EDGE('',*,*,#1042,.T.);
#1323=ORIENTED_EDGE('',*,*,#1043,.F.);
#1324=ORIENTED_EDGE('',*,*,#1044,.F.);
#1325=ORIENTED_EDGE('',*,*,#1045,.F.);
#1326=ORIENTED_EDGE('',*,*,#1046,.F.);
#1327=ORIENTED_EDGE('',*,*,#1047,.T.);
#1328=ORIENTED_EDGE('',*,*,#1048,.T.);
#1329=ORIENTED_EDGE('',*,*,#1049,.T.);
#1330=ORIENTED_EDGE('',*,*,#1050,.T.);
#1331=ORIENTED_EDGE('',*,*,#1051,.T.);
#1332=ORIENTED_EDGE('',*,*,#1052,.T.);
#1333=ORIENTED_EDGE('',*,*,#1053,.T.);
#1334=ORIENTED_EDGE('',*,*,#1054,.T.);
#1335=ORIENTED_EDGE('',*,*,#1055,.T.);
#1336=ORIENTED_EDGE('',*,*,#1056,.T.);
#1337=ORIENTED_EDGE('',*,*,#1057,.T.);
#1338=ORIENTED_EDGE('',*,*,#1058,.T.);
#1339=ORIENTED_EDGE('',*,*,#1059,.T.);
#1340=ORIENTED_EDGE('',*,*,#1060,.T.);
#1341=ORIENTED_EDGE('',*,*,#1061,.T.);
#1342=ORIENTED_EDGE('',*,*,#1062,.T.);
#1343=ORIENTED_EDGE('',*,*,#1063,.T.);
#1344=ORIENTED_EDGE('',*,*,#1064,.T.);
#1345=ORIENTED_EDGE('',*,*,#1065,.T.);
#1346=ORIENTED_EDGE('',*,*,#1066,.T.);
#1347=ORIENTED_EDGE('',*,*,#1066,.F.);
#1348=ORIENTED_EDGE('',*,*,#1067,.T.);
#1349=ORIENTED_EDGE('',*,*,#1068,.F.);
#1350=ORIENTED_EDGE('',*,*,#1067,.F.);
#1351=ORIENTED_EDGE('',*,*,#1065,.F.);
#1352=ORIENTED_EDGE('',*,*,#1069,.T.);
#1353=ORIENTED_EDGE('',*,*,#1070,.F.);
#1354=ORIENTED_EDGE('',*,*,#1069,.F.);
#1355=ORIENTED_EDGE('',*,*,#1064,.F.);
#1356=ORIENTED_EDGE('',*,*,#1071,.T.);
#1357=ORIENTED_EDGE('',*,*,#1072,.F.);
#1358=ORIENTED_EDGE('',*,*,#1071,.F.);
#1359=ORIENTED_EDGE('',*,*,#1063,.F.);
#1360=ORIENTED_EDGE('',*,*,#1073,.T.);
#1361=ORIENTED_EDGE('',*,*,#1074,.F.);
#1362=ORIENTED_EDGE('',*,*,#1073,.F.);
#1363=ORIENTED_EDGE('',*,*,#1062,.F.);
#1364=ORIENTED_EDGE('',*,*,#1075,.T.);
#1365=ORIENTED_EDGE('',*,*,#1076,.F.);
#1366=ORIENTED_EDGE('',*,*,#1075,.F.);
#1367=ORIENTED_EDGE('',*,*,#1061,.F.);
#1368=ORIENTED_EDGE('',*,*,#1077,.T.);
#1369=ORIENTED_EDGE('',*,*,#1078,.F.);
#1370=ORIENTED_EDGE('',*,*,#1077,.F.);
#1371=ORIENTED_EDGE('',*,*,#1060,.F.);
#1372=ORIENTED_EDGE('',*,*,#1079,.T.);
#1373=ORIENTED_EDGE('',*,*,#1080,.F.);
#1374=ORIENTED_EDGE('',*,*,#1079,.F.);
#1375=ORIENTED_EDGE('',*,*,#1059,.F.);
#1376=ORIENTED_EDGE('',*,*,#1081,.T.);
#1377=ORIENTED_EDGE('',*,*,#1082,.F.);
#1378=ORIENTED_EDGE('',*,*,#1081,.F.);
#1379=ORIENTED_EDGE('',*,*,#1058,.F.);
#1380=ORIENTED_EDGE('',*,*,#1083,.T.);
#1381=ORIENTED_EDGE('',*,*,#1084,.F.);
#1382=ORIENTED_EDGE('',*,*,#1083,.F.);
#1383=ORIENTED_EDGE('',*,*,#1057,.F.);
#1384=ORIENTED_EDGE('',*,*,#1085,.T.);
#1385=ORIENTED_EDGE('',*,*,#1086,.F.);
#1386=ORIENTED_EDGE('',*,*,#1085,.F.);
#1387=ORIENTED_EDGE('',*,*,#1056,.F.);
#1388=ORIENTED_EDGE('',*,*,#1087,.T.);
#1389=ORIENTED_EDGE('',*,*,#1088,.F.);
#1390=ORIENTED_EDGE('',*,*,#1087,.F.);
#1391=ORIENTED_EDGE('',*,*,#1055,.F.);
#1392=ORIENTED_EDGE('',*,*,#1089,.T.);
#1393=ORIENTED_EDGE('',*,*,#1090,.F.);
#1394=ORIENTED_EDGE('',*,*,#1089,.F.);
#1395=ORIENTED_EDGE('',*,*,#1054,.F.);
#1396=ORIENTED_EDGE('',*,*,#1091,.T.);
#1397=ORIENTED_EDGE('',*,*,#1092,.F.);
#1398=ORIENTED_EDGE('',*,*,#1091,.F.);
#1399=ORIENTED_EDGE('',*,*,#1053,.F.);
#1400=ORIENTED_EDGE('',*,*,#1093,.T.);
#1401=ORIENTED_EDGE('',*,*,#1094,.F.);
#1402=ORIENTED_EDGE('',*,*,#1093,.F.);
#1403=ORIENTED_EDGE('',*,*,#1052,.F.);
#1404=ORIENTED_EDGE('',*,*,#1095,.T.);
#1405=ORIENTED_EDGE('',*,*,#1096,.F.);
#1406=ORIENTED_EDGE('',*,*,#1095,.F.);
#1407=ORIENTED_EDGE('',*,*,#1051,.F.);
#1408=ORIENTED_EDGE('',*,*,#1097,.T.);
#1409=ORIENTED_EDGE('',*,*,#1098,.F.);
#1410=ORIENTED_EDGE('',*,*,#1097,.F.);
#1411=ORIENTED_EDGE('',*,*,#1050,.F.);
#1412=ORIENTED_EDGE('',*,*,#1099,.T.);
#1413=ORIENTED_EDGE('',*,*,#1100,.F.);
#1414=ORIENTED_EDGE('',*,*,#1099,.F.);
#1415=ORIENTED_EDGE('',*,*,#1049,.F.);
#1416=ORIENTED_EDGE('',*,*,#1101,.T.);
#1417=ORIENTED_EDGE('',*,*,#1102,.F.);
#1418=ORIENTED_EDGE('',*,*,#1101,.F.);
#1419=ORIENTED_EDGE('',*,*,#1048,.F.);
#1420=ORIENTED_EDGE('',*,*,#1103,.T.);
#1421=ORIENTED_EDGE('',*,*,#1104,.F.);
#1422=ORIENTED_EDGE('',*,*,#1103,.F.);
#1423=ORIENTED_EDGE('',*,*,#1047,.F.);
#1424=ORIENTED_EDGE('',*,*,#1105,.T.);
#1425=ORIENTED_EDGE('',*,*,#1106,.F.);
#1426=ORIENTED_EDGE('',*,*,#1105,.F.);
#1427=ORIENTED_EDGE('',*,*,#1107,.F.);
#1428=ORIENTED_EDGE('',*,*,#1108,.T.);
#1429=ORIENTED_EDGE('',*,*,#1037,.T.);
#1430=ORIENTED_EDGE('',*,*,#1109,.T.);
#1431=ORIENTED_EDGE('',*,*,#1110,.T.);
#1432=ORIENTED_EDGE('',*,*,#1111,.T.);
#1433=ORIENTED_EDGE('',*,*,#1041,.F.);
#1434=ORIENTED_EDGE('',*,*,#1112,.T.);
#1435=ORIENTED_EDGE('',*,*,#1011,.T.);
#1436=ORIENTED_EDGE('',*,*,#1113,.T.);
#1437=ORIENTED_EDGE('',*,*,#1114,.F.);
#1438=ORIENTED_EDGE('',*,*,#1115,.F.);
#1439=ORIENTED_EDGE('',*,*,#1116,.F.);
#1440=ORIENTED_EDGE('',*,*,#1117,.T.);
#1441=ORIENTED_EDGE('',*,*,#1017,.T.);
#1442=ORIENTED_EDGE('',*,*,#1118,.T.);
#1443=ORIENTED_EDGE('',*,*,#1119,.F.);
#1444=ORIENTED_EDGE('',*,*,#1120,.T.);
#1445=ORIENTED_EDGE('',*,*,#1021,.T.);
#1446=ORIENTED_EDGE('',*,*,#1121,.T.);
#1447=ORIENTED_EDGE('',*,*,#1007,.T.);
#1448=ORIENTED_EDGE('',*,*,#1122,.T.);
#1449=ORIENTED_EDGE('',*,*,#1123,.F.);
#1450=ORIENTED_EDGE('',*,*,#1124,.T.);
#1451=ORIENTED_EDGE('',*,*,#1125,.F.);
#1452=ORIENTED_EDGE('',*,*,#1126,.T.);
#1453=ORIENTED_EDGE('',*,*,#1015,.T.);
#1454=ORIENTED_EDGE('',*,*,#1127,.T.);
#1455=ORIENTED_EDGE('',*,*,#1023,.T.);
#1456=ORIENTED_EDGE('',*,*,#1128,.T.);
#1457=ORIENTED_EDGE('',*,*,#1129,.F.);
#1458=ORIENTED_EDGE('',*,*,#1130,.T.);
#1459=ORIENTED_EDGE('',*,*,#963,.T.);
#1460=ORIENTED_EDGE('',*,*,#986,.T.);
#1461=ORIENTED_EDGE('',*,*,#967,.T.);
#1462=ORIENTED_EDGE('',*,*,#982,.T.);
#1463=ORIENTED_EDGE('',*,*,#975,.T.);
#1464=ORIENTED_EDGE('',*,*,#979,.T.);
#1465=ORIENTED_EDGE('',*,*,#971,.T.);
#1466=ORIENTED_EDGE('',*,*,#983,.T.);
#1467=ORIENTED_EDGE('',*,*,#1068,.T.);
#1468=ORIENTED_EDGE('',*,*,#1070,.T.);
#1469=ORIENTED_EDGE('',*,*,#1072,.T.);
#1470=ORIENTED_EDGE('',*,*,#1074,.T.);
#1471=ORIENTED_EDGE('',*,*,#1076,.T.);
#1472=ORIENTED_EDGE('',*,*,#1078,.T.);
#1473=ORIENTED_EDGE('',*,*,#1080,.T.);
#1474=ORIENTED_EDGE('',*,*,#1082,.T.);
#1475=ORIENTED_EDGE('',*,*,#1084,.T.);
#1476=ORIENTED_EDGE('',*,*,#1086,.T.);
#1477=ORIENTED_EDGE('',*,*,#1088,.T.);
#1478=ORIENTED_EDGE('',*,*,#1090,.T.);
#1479=ORIENTED_EDGE('',*,*,#1092,.T.);
#1480=ORIENTED_EDGE('',*,*,#1094,.T.);
#1481=ORIENTED_EDGE('',*,*,#1096,.T.);
#1482=ORIENTED_EDGE('',*,*,#1098,.T.);
#1483=ORIENTED_EDGE('',*,*,#1100,.T.);
#1484=ORIENTED_EDGE('',*,*,#1102,.T.);
#1485=ORIENTED_EDGE('',*,*,#1104,.T.);
#1486=ORIENTED_EDGE('',*,*,#1106,.T.);
#1487=ORIENTED_EDGE('',*,*,#1131,.T.);
#1488=ORIENTED_EDGE('',*,*,#1132,.T.);
#1489=ORIENTED_EDGE('',*,*,#1133,.F.);
#1490=ORIENTED_EDGE('',*,*,#1134,.T.);
#1491=ORIENTED_EDGE('',*,*,#1135,.F.);
#1492=ORIENTED_EDGE('',*,*,#1136,.T.);
#1493=ORIENTED_EDGE('',*,*,#1137,.T.);
#1494=ORIENTED_EDGE('',*,*,#1138,.T.);
#1495=ORIENTED_EDGE('',*,*,#1139,.T.);
#1496=ORIENTED_EDGE('',*,*,#1140,.T.);
#1497=ORIENTED_EDGE('',*,*,#1110,.F.);
#1498=ORIENTED_EDGE('',*,*,#1141,.T.);
#1499=ORIENTED_EDGE('',*,*,#1142,.T.);
#1500=ORIENTED_EDGE('',*,*,#1143,.T.);
#1501=ORIENTED_EDGE('',*,*,#1107,.T.);
#1502=ORIENTED_EDGE('',*,*,#1144,.T.);
#1503=ORIENTED_EDGE('',*,*,#1145,.T.);
#1504=ORIENTED_EDGE('',*,*,#1146,.T.);
#1505=ORIENTED_EDGE('',*,*,#1147,.T.);
#1506=ORIENTED_EDGE('',*,*,#1148,.T.);
#1507=ORIENTED_EDGE('',*,*,#1114,.T.);
#1508=ORIENTED_EDGE('',*,*,#1149,.T.);
#1509=ORIENTED_EDGE('',*,*,#1150,.F.);
#1510=ORIENTED_EDGE('',*,*,#1151,.T.);
#1511=ORIENTED_EDGE('',*,*,#1123,.T.);
#1512=ORIENTED_EDGE('',*,*,#1152,.T.);
#1513=ORIENTED_EDGE('',*,*,#1125,.T.);
#1514=ORIENTED_EDGE('',*,*,#1153,.T.);
#1515=ORIENTED_EDGE('',*,*,#1154,.T.);
#1516=ORIENTED_EDGE('',*,*,#1155,.T.);
#1517=ORIENTED_EDGE('',*,*,#1129,.T.);
#1518=ORIENTED_EDGE('',*,*,#1156,.T.);
#1519=ORIENTED_EDGE('',*,*,#1119,.T.);
#1520=ORIENTED_EDGE('',*,*,#1157,.T.);
#1521=ORIENTED_EDGE('',*,*,#1158,.T.);
#1522=ORIENTED_EDGE('',*,*,#1159,.T.);
#1523=ORIENTED_EDGE('',*,*,#1116,.T.);
#1524=ORIENTED_EDGE('',*,*,#1160,.T.);
#1525=ORIENTED_EDGE('',*,*,#1161,.T.);
#1526=ORIENTED_EDGE('',*,*,#1162,.T.);
#1527=ORIENTED_EDGE('',*,*,#1163,.T.);
#1528=ORIENTED_EDGE('',*,*,#1164,.T.);
#1529=ORIENTED_EDGE('',*,*,#1165,.T.);
#1530=ORIENTED_EDGE('',*,*,#1166,.T.);
#1531=ORIENTED_EDGE('',*,*,#1167,.T.);
#1532=ORIENTED_EDGE('',*,*,#1168,.T.);
#1533=ORIENTED_EDGE('',*,*,#1169,.T.);
#1534=ORIENTED_EDGE('',*,*,#1170,.T.);
#1535=ORIENTED_EDGE('',*,*,#1171,.T.);
#1536=ORIENTED_EDGE('',*,*,#1172,.T.);
#1537=ORIENTED_EDGE('',*,*,#1173,.T.);
#1538=ORIENTED_EDGE('',*,*,#1174,.T.);
#1539=ORIENTED_EDGE('',*,*,#1175,.T.);
#1540=ORIENTED_EDGE('',*,*,#1176,.T.);
#1541=ORIENTED_EDGE('',*,*,#1177,.T.);
#1542=ORIENTED_EDGE('',*,*,#1178,.T.);
#1543=ORIENTED_EDGE('',*,*,#1179,.F.);
#1544=ORIENTED_EDGE('',*,*,#1180,.F.);
#1545=ORIENTED_EDGE('',*,*,#1181,.F.);
#1546=ORIENTED_EDGE('',*,*,#1182,.F.);
#1547=ORIENTED_EDGE('',*,*,#1006,.T.);
#1548=ORIENTED_EDGE('',*,*,#1183,.T.);
#1549=ORIENTED_EDGE('',*,*,#1165,.F.);
#1550=ORIENTED_EDGE('',*,*,#1184,.F.);
#1551=ORIENTED_EDGE('',*,*,#1005,.T.);
#1552=ORIENTED_EDGE('',*,*,#1185,.F.);
#1553=ORIENTED_EDGE('',*,*,#1166,.F.);
#1554=ORIENTED_EDGE('',*,*,#1183,.F.);
#1555=ORIENTED_EDGE('',*,*,#1004,.T.);
#1556=ORIENTED_EDGE('',*,*,#1186,.T.);
#1557=ORIENTED_EDGE('',*,*,#1163,.F.);
#1558=ORIENTED_EDGE('',*,*,#1185,.T.);
#1559=ORIENTED_EDGE('',*,*,#1003,.T.);
#1560=ORIENTED_EDGE('',*,*,#1184,.T.);
#1561=ORIENTED_EDGE('',*,*,#1164,.F.);
#1562=ORIENTED_EDGE('',*,*,#1186,.F.);
#1563=ORIENTED_EDGE('',*,*,#1002,.T.);
#1564=ORIENTED_EDGE('',*,*,#1187,.T.);
#1565=ORIENTED_EDGE('',*,*,#1169,.F.);
#1566=ORIENTED_EDGE('',*,*,#1188,.F.);
#1567=ORIENTED_EDGE('',*,*,#1170,.F.);
#1568=ORIENTED_EDGE('',*,*,#1187,.F.);
#1569=ORIENTED_EDGE('',*,*,#1001,.T.);
#1570=ORIENTED_EDGE('',*,*,#1189,.T.);
#1571=ORIENTED_EDGE('',*,*,#1000,.T.);
#1572=ORIENTED_EDGE('',*,*,#1190,.F.);
#1573=ORIENTED_EDGE('',*,*,#1167,.F.);
#1574=ORIENTED_EDGE('',*,*,#1189,.F.);
#1575=ORIENTED_EDGE('',*,*,#999,.T.);
#1576=ORIENTED_EDGE('',*,*,#1188,.T.);
#1577=ORIENTED_EDGE('',*,*,#1168,.F.);
#1578=ORIENTED_EDGE('',*,*,#1190,.T.);
#1579=ORIENTED_EDGE('',*,*,#998,.T.);
#1580=ORIENTED_EDGE('',*,*,#1191,.T.);
#1581=ORIENTED_EDGE('',*,*,#1173,.F.);
#1582=ORIENTED_EDGE('',*,*,#1192,.T.);
#1583=ORIENTED_EDGE('',*,*,#997,.T.);
#1584=ORIENTED_EDGE('',*,*,#1193,.T.);
#1585=ORIENTED_EDGE('',*,*,#1174,.F.);
#1586=ORIENTED_EDGE('',*,*,#1191,.F.);
#1587=ORIENTED_EDGE('',*,*,#996,.T.);
#1588=ORIENTED_EDGE('',*,*,#1194,.F.);
#1589=ORIENTED_EDGE('',*,*,#1171,.F.);
#1590=ORIENTED_EDGE('',*,*,#1193,.F.);
#1591=ORIENTED_EDGE('',*,*,#995,.T.);
#1592=ORIENTED_EDGE('',*,*,#1192,.F.);
#1593=ORIENTED_EDGE('',*,*,#1172,.F.);
#1594=ORIENTED_EDGE('',*,*,#1194,.T.);
#1595=ORIENTED_EDGE('',*,*,#1137,.F.);
#1596=ORIENTED_EDGE('',*,*,#1195,.T.);
#1597=ORIENTED_EDGE('',*,*,#1027,.T.);
#1598=ORIENTED_EDGE('',*,*,#1196,.T.);
#1599=ORIENTED_EDGE('',*,*,#1036,.T.);
#1600=ORIENTED_EDGE('',*,*,#1197,.T.);
#1601=ORIENTED_EDGE('',*,*,#1138,.F.);
#1602=ORIENTED_EDGE('',*,*,#1196,.F.);
#1603=ORIENTED_EDGE('',*,*,#1035,.T.);
#1604=ORIENTED_EDGE('',*,*,#1198,.T.);
#1605=ORIENTED_EDGE('',*,*,#1139,.F.);
#1606=ORIENTED_EDGE('',*,*,#1197,.F.);
#1607=ORIENTED_EDGE('',*,*,#1034,.T.);
#1608=ORIENTED_EDGE('',*,*,#1199,.T.);
#1609=ORIENTED_EDGE('',*,*,#1140,.F.);
#1610=ORIENTED_EDGE('',*,*,#1198,.F.);
#1611=ORIENTED_EDGE('',*,*,#1033,.T.);
#1612=ORIENTED_EDGE('',*,*,#1200,.T.);
#1613=ORIENTED_EDGE('',*,*,#1131,.F.);
#1614=ORIENTED_EDGE('',*,*,#1199,.F.);
#1615=ORIENTED_EDGE('',*,*,#1046,.T.);
#1616=ORIENTED_EDGE('',*,*,#1201,.T.);
#1617=ORIENTED_EDGE('',*,*,#1144,.F.);
#1618=ORIENTED_EDGE('',*,*,#1109,.F.);
#1619=ORIENTED_EDGE('',*,*,#1045,.T.);
#1620=ORIENTED_EDGE('',*,*,#1202,.T.);
#1621=ORIENTED_EDGE('',*,*,#1145,.F.);
#1622=ORIENTED_EDGE('',*,*,#1201,.F.);
#1623=ORIENTED_EDGE('',*,*,#1044,.T.);
#1624=ORIENTED_EDGE('',*,*,#1203,.T.);
#1625=ORIENTED_EDGE('',*,*,#1146,.F.);
#1626=ORIENTED_EDGE('',*,*,#1202,.F.);
#1627=ORIENTED_EDGE('',*,*,#1043,.T.);
#1628=ORIENTED_EDGE('',*,*,#1204,.T.);
#1629=ORIENTED_EDGE('',*,*,#1147,.F.);
#1630=ORIENTED_EDGE('',*,*,#1203,.F.);
#1631=ORIENTED_EDGE('',*,*,#1014,.T.);
#1632=ORIENTED_EDGE('',*,*,#1205,.T.);
#1633=ORIENTED_EDGE('',*,*,#1153,.F.);
#1634=ORIENTED_EDGE('',*,*,#1127,.F.);
#1635=ORIENTED_EDGE('',*,*,#1013,.T.);
#1636=ORIENTED_EDGE('',*,*,#1206,.T.);
#1637=ORIENTED_EDGE('',*,*,#1154,.F.);
#1638=ORIENTED_EDGE('',*,*,#1205,.F.);
#1639=ORIENTED_EDGE('',*,*,#1012,.T.);
#1640=ORIENTED_EDGE('',*,*,#1115,.T.);
#1641=ORIENTED_EDGE('',*,*,#1155,.F.);
#1642=ORIENTED_EDGE('',*,*,#1206,.F.);
#1643=ORIENTED_EDGE('',*,*,#1026,.T.);
#1644=ORIENTED_EDGE('',*,*,#1207,.T.);
#1645=ORIENTED_EDGE('',*,*,#1160,.F.);
#1646=ORIENTED_EDGE('',*,*,#1118,.F.);
#1647=ORIENTED_EDGE('',*,*,#1025,.T.);
#1648=ORIENTED_EDGE('',*,*,#1208,.F.);
#1649=ORIENTED_EDGE('',*,*,#1161,.F.);
#1650=ORIENTED_EDGE('',*,*,#1207,.F.);
#1651=ORIENTED_EDGE('',*,*,#1024,.T.);
#1652=ORIENTED_EDGE('',*,*,#1130,.F.);
#1653=ORIENTED_EDGE('',*,*,#1162,.F.);
#1654=ORIENTED_EDGE('',*,*,#1208,.T.);
#1655=ORIENTED_EDGE('',*,*,#1209,.F.);
#1656=ORIENTED_EDGE('',*,*,#994,.T.);
#1657=ORIENTED_EDGE('',*,*,#1210,.T.);
#1658=ORIENTED_EDGE('',*,*,#1177,.F.);
#1659=ORIENTED_EDGE('',*,*,#993,.T.);
#1660=ORIENTED_EDGE('',*,*,#1211,.T.);
#1661=ORIENTED_EDGE('',*,*,#1178,.F.);
#1662=ORIENTED_EDGE('',*,*,#1210,.F.);
#1663=ORIENTED_EDGE('',*,*,#992,.T.);
#1664=ORIENTED_EDGE('',*,*,#1212,.F.);
#1665=ORIENTED_EDGE('',*,*,#1175,.F.);
#1666=ORIENTED_EDGE('',*,*,#1211,.F.);
#1667=ORIENTED_EDGE('',*,*,#991,.T.);
#1668=ORIENTED_EDGE('',*,*,#1209,.T.);
#1669=ORIENTED_EDGE('',*,*,#1176,.F.);
#1670=ORIENTED_EDGE('',*,*,#1212,.T.);
#1671=ORIENTED_EDGE('',*,*,#1179,.T.);
#1672=ORIENTED_EDGE('',*,*,#1213,.T.);
#1673=ORIENTED_EDGE('',*,*,#990,.T.);
#1674=ORIENTED_EDGE('',*,*,#1213,.F.);
#1675=ORIENTED_EDGE('',*,*,#1180,.T.);
#1676=ORIENTED_EDGE('',*,*,#1214,.T.);
#1677=ORIENTED_EDGE('',*,*,#989,.F.);
#1678=ORIENTED_EDGE('',*,*,#1214,.F.);
#1679=ORIENTED_EDGE('',*,*,#1181,.T.);
#1680=ORIENTED_EDGE('',*,*,#1215,.T.);
#1681=ORIENTED_EDGE('',*,*,#988,.F.);
#1682=ORIENTED_EDGE('',*,*,#1215,.F.);
#1683=ORIENTED_EDGE('',*,*,#1182,.T.);
#1684=ORIENTED_EDGE('',*,*,#1216,.T.);
#1685=ORIENTED_EDGE('',*,*,#987,.F.);
#1686=ORIENTED_EDGE('',*,*,#1216,.F.);
#1687=ORIENTED_EDGE('',*,*,#1029,.F.);
#1688=ORIENTED_EDGE('',*,*,#1217,.T.);
#1689=ORIENTED_EDGE('',*,*,#1135,.T.);
#1690=ORIENTED_EDGE('',*,*,#1218,.T.);
#1691=ORIENTED_EDGE('',*,*,#1019,.T.);
#1692=ORIENTED_EDGE('',*,*,#1219,.T.);
#1693=ORIENTED_EDGE('',*,*,#1158,.F.);
#1694=ORIENTED_EDGE('',*,*,#1220,.T.);
#1695=ORIENTED_EDGE('',*,*,#1150,.T.);
#1696=ORIENTED_EDGE('',*,*,#1221,.T.);
#1697=ORIENTED_EDGE('',*,*,#1009,.F.);
#1698=ORIENTED_EDGE('',*,*,#1222,.T.);
#1699=ORIENTED_EDGE('',*,*,#1133,.T.);
#1700=ORIENTED_EDGE('',*,*,#1223,.T.);
#1701=ORIENTED_EDGE('',*,*,#1031,.F.);
#1702=ORIENTED_EDGE('',*,*,#1224,.T.);
#1703=ORIENTED_EDGE('',*,*,#1039,.T.);
#1704=ORIENTED_EDGE('',*,*,#1225,.T.);
#1705=ORIENTED_EDGE('',*,*,#1142,.F.);
#1706=ORIENTED_EDGE('',*,*,#1226,.T.);
#1707=ORIENTED_EDGE('',*,*,#1030,.F.);
#1708=ORIENTED_EDGE('',*,*,#1218,.F.);
#1709=ORIENTED_EDGE('',*,*,#1134,.F.);
#1710=ORIENTED_EDGE('',*,*,#1224,.F.);
#1711=ORIENTED_EDGE('',*,*,#1141,.F.);
#1712=ORIENTED_EDGE('',*,*,#1112,.F.);
#1713=ORIENTED_EDGE('',*,*,#1040,.F.);
#1714=ORIENTED_EDGE('',*,*,#1226,.F.);
#1715=ORIENTED_EDGE('',*,*,#1157,.F.);
#1716=ORIENTED_EDGE('',*,*,#1121,.F.);
#1717=ORIENTED_EDGE('',*,*,#1020,.F.);
#1718=ORIENTED_EDGE('',*,*,#1220,.F.);
#1719=ORIENTED_EDGE('',*,*,#1008,.F.);
#1720=ORIENTED_EDGE('',*,*,#1124,.F.);
#1721=ORIENTED_EDGE('',*,*,#1151,.F.);
#1722=ORIENTED_EDGE('',*,*,#1222,.F.);
#1723=ORIENTED_EDGE('',*,*,#1038,.F.);
#1724=ORIENTED_EDGE('',*,*,#1108,.F.);
#1725=ORIENTED_EDGE('',*,*,#1143,.F.);
#1726=ORIENTED_EDGE('',*,*,#1225,.F.);
#1727=ORIENTED_EDGE('',*,*,#1032,.F.);
#1728=ORIENTED_EDGE('',*,*,#1223,.F.);
#1729=ORIENTED_EDGE('',*,*,#1132,.F.);
#1730=ORIENTED_EDGE('',*,*,#1200,.F.);
#1731=ORIENTED_EDGE('',*,*,#1149,.F.);
#1732=ORIENTED_EDGE('',*,*,#1113,.F.);
#1733=ORIENTED_EDGE('',*,*,#1010,.F.);
#1734=ORIENTED_EDGE('',*,*,#1221,.F.);
#1735=ORIENTED_EDGE('',*,*,#1018,.F.);
#1736=ORIENTED_EDGE('',*,*,#1117,.F.);
#1737=ORIENTED_EDGE('',*,*,#1159,.F.);
#1738=ORIENTED_EDGE('',*,*,#1219,.F.);
#1739=ORIENTED_EDGE('',*,*,#1028,.F.);
#1740=ORIENTED_EDGE('',*,*,#1195,.F.);
#1741=ORIENTED_EDGE('',*,*,#1136,.F.);
#1742=ORIENTED_EDGE('',*,*,#1217,.F.);
#1743=ORIENTED_EDGE('',*,*,#1022,.F.);
#1744=ORIENTED_EDGE('',*,*,#1120,.F.);
#1745=ORIENTED_EDGE('',*,*,#1156,.F.);
#1746=ORIENTED_EDGE('',*,*,#1128,.F.);
#1747=ORIENTED_EDGE('',*,*,#1016,.F.);
#1748=ORIENTED_EDGE('',*,*,#1126,.F.);
#1749=ORIENTED_EDGE('',*,*,#1152,.F.);
#1750=ORIENTED_EDGE('',*,*,#1122,.F.);
#1751=ORIENTED_EDGE('',*,*,#1042,.F.);
#1752=ORIENTED_EDGE('',*,*,#1111,.F.);
#1753=ORIENTED_EDGE('',*,*,#1148,.F.);
#1754=ORIENTED_EDGE('',*,*,#1204,.F.);
#1755=PLANE('',#1891);
#1756=PLANE('',#1892);
#1757=PLANE('',#1893);
#1758=PLANE('',#1894);
#1759=PLANE('',#1907);
#1760=PLANE('',#2008);
#1761=PLANE('',#2009);
#1762=PLANE('',#2010);
#1763=PLANE('',#2011);
#1764=PLANE('',#2012);
#1765=PLANE('',#2013);
#1766=PLANE('',#2014);
#1767=PLANE('',#2015);
#1768=PLANE('',#2016);
#1769=PLANE('',#2059);
#1770=PLANE('',#2064);
#1771=PLANE('',#2065);
#1772=PLANE('',#2069);
#1773=PLANE('',#2073);
#1774=PLANE('',#2077);
#1775=PLANE('',#2084);
#1776=PLANE('',#2092);
#1777=PLANE('',#2093);
#1778=PLANE('',#2094);
#1779=PLANE('',#2095);
#1780=PLANE('',#2096);
#1781=ADVANCED_FACE('',(#271),#1755,.F.);
#1782=ADVANCED_FACE('',(#272),#1756,.F.);
#1783=ADVANCED_FACE('',(#273),#1757,.F.);
#1784=ADVANCED_FACE('',(#274),#1758,.F.);
#1785=ADVANCED_FACE('',(#275),#207,.T.);
#1786=ADVANCED_FACE('',(#276),#208,.T.);
#1787=ADVANCED_FACE('',(#277),#209,.T.);
#1788=ADVANCED_FACE('',(#278),#210,.T.);
#1789=ADVANCED_FACE('',(#279,#15,#16,#17,#18,#19,#20,#21,#22,#23,#24,#25,
#26,#27,#28,#29,#30,#31,#32,#33,#34,#35,#36,#37,#38,#39,#40,#41,#42,#43,
#44,#45,#46),#1759,.F.);
#1790=ADVANCED_FACE('',(#280),#211,.F.);
#1791=ADVANCED_FACE('',(#281),#212,.F.);
#1792=ADVANCED_FACE('',(#282),#213,.F.);
#1793=ADVANCED_FACE('',(#283),#214,.F.);
#1794=ADVANCED_FACE('',(#284),#215,.F.);
#1795=ADVANCED_FACE('',(#285),#216,.F.);
#1796=ADVANCED_FACE('',(#286),#217,.F.);
#1797=ADVANCED_FACE('',(#287),#218,.F.);
#1798=ADVANCED_FACE('',(#288),#219,.F.);
#1799=ADVANCED_FACE('',(#289),#220,.F.);
#1800=ADVANCED_FACE('',(#290),#221,.F.);
#1801=ADVANCED_FACE('',(#291),#222,.F.);
#1802=ADVANCED_FACE('',(#292),#223,.F.);
#1803=ADVANCED_FACE('',(#293),#224,.F.);
#1804=ADVANCED_FACE('',(#294),#225,.F.);
#1805=ADVANCED_FACE('',(#295),#226,.F.);
#1806=ADVANCED_FACE('',(#296),#227,.F.);
#1807=ADVANCED_FACE('',(#297),#228,.F.);
#1808=ADVANCED_FACE('',(#298),#229,.F.);
#1809=ADVANCED_FACE('',(#299),#230,.F.);
#1810=ADVANCED_FACE('',(#300),#1760,.F.);
#1811=ADVANCED_FACE('',(#301),#1761,.T.);
#1812=ADVANCED_FACE('',(#302),#1762,.F.);
#1813=ADVANCED_FACE('',(#303),#1763,.F.);
#1814=ADVANCED_FACE('',(#304),#1764,.F.);
#1815=ADVANCED_FACE('',(#305),#1765,.F.);
#1816=ADVANCED_FACE('',(#306),#1766,.F.);
#1817=ADVANCED_FACE('',(#307),#1767,.T.);
#1818=ADVANCED_FACE('',(#308,#47,#48,#49,#50,#51,#52,#53,#54,#55,#56,#57,
#58,#59,#60,#61,#62,#63,#64,#65,#66,#67,#68,#69,#70,#71,#72,#73,#74,#75,
#76,#77,#78),#1768,.T.);
#1819=ADVANCED_FACE('',(#309),#231,.F.);
#1820=ADVANCED_FACE('',(#310),#232,.F.);
#1821=ADVANCED_FACE('',(#311),#1769,.T.);
#1822=ADVANCED_FACE('',(#312),#233,.F.);
#1823=ADVANCED_FACE('',(#313),#234,.F.);
#1824=ADVANCED_FACE('',(#314),#235,.F.);
#1825=ADVANCED_FACE('',(#315),#236,.F.);
#1826=ADVANCED_FACE('',(#316),#1770,.T.);
#1827=ADVANCED_FACE('',(#317),#1771,.T.);
#1828=ADVANCED_FACE('',(#318),#237,.F.);
#1829=ADVANCED_FACE('',(#319),#238,.F.);
#1830=ADVANCED_FACE('',(#320),#239,.F.);
#1831=ADVANCED_FACE('',(#321),#1772,.T.);
#1832=ADVANCED_FACE('',(#322),#240,.F.);
#1833=ADVANCED_FACE('',(#323),#241,.F.);
#1834=ADVANCED_FACE('',(#324),#242,.F.);
#1835=ADVANCED_FACE('',(#325),#1773,.F.);
#1836=ADVANCED_FACE('',(#326),#243,.F.);
#1837=ADVANCED_FACE('',(#327),#244,.F.);
#1838=ADVANCED_FACE('',(#328),#245,.F.);
#1839=ADVANCED_FACE('',(#329),#1774,.F.);
#1840=ADVANCED_FACE('',(#330),#246,.F.);
#1841=ADVANCED_FACE('',(#331),#247,.F.);
#1842=ADVANCED_FACE('',(#332),#248,.F.);
#1843=ADVANCED_FACE('',(#333),#249,.F.);
#1844=ADVANCED_FACE('',(#334),#250,.F.);
#1845=ADVANCED_FACE('',(#335),#251,.F.);
#1846=ADVANCED_FACE('',(#336),#1775,.F.);
#1847=ADVANCED_FACE('',(#337),#252,.F.);
#1848=ADVANCED_FACE('',(#338),#253,.F.);
#1849=ADVANCED_FACE('',(#339),#254,.F.);
#1850=ADVANCED_FACE('',(#340),#255,.F.);
#1851=ADVANCED_FACE('',(#341),#256,.F.);
#1852=ADVANCED_FACE('',(#342),#257,.F.);
#1853=ADVANCED_FACE('',(#343),#258,.F.);
#1854=ADVANCED_FACE('',(#344),#1776,.T.);
#1855=ADVANCED_FACE('',(#345),#1777,.F.);
#1856=ADVANCED_FACE('',(#346),#1778,.F.);
#1857=ADVANCED_FACE('',(#347),#1779,.T.);
#1858=ADVANCED_FACE('',(#348),#1780,.F.);
#1859=ADVANCED_FACE('',(#349),#259,.F.);
#1860=ADVANCED_FACE('',(#350),#260,.F.);
#1861=ADVANCED_FACE('',(#351),#261,.F.);
#1862=ADVANCED_FACE('',(#352),#262,.F.);
#1863=ADVANCED_FACE('',(#353),#263,.F.);
#1864=ADVANCED_FACE('',(#354),#264,.F.);
#1865=ADVANCED_FACE('',(#355),#265,.F.);
#1866=ADVANCED_FACE('',(#356),#266,.F.);
#1867=ADVANCED_FACE('',(#357),#267,.F.);
#1868=ADVANCED_FACE('',(#358),#268,.F.);
#1869=ADVANCED_FACE('',(#359),#269,.F.);
#1870=ADVANCED_FACE('',(#360),#270,.F.);
#1871=CLOSED_SHELL('',(#1781,#1782,#1783,#1784,#1785,#1786,#1787,#1788,
#1789,#1790,#1791,#1792,#1793,#1794,#1795,#1796,#1797,#1798,#1799,#1800,
#1801,#1802,#1803,#1804,#1805,#1806,#1807,#1808,#1809,#1810,#1811,#1812,
#1813,#1814,#1815,#1816,#1817,#1818,#1819,#1820,#1821,#1822,#1823,#1824,
#1825,#1826,#1827,#1828,#1829,#1830,#1831,#1832,#1833,#1834,#1835,#1836,
#1837,#1838,#1839,#1840,#1841,#1842,#1843,#1844,#1845,#1846,#1847,#1848,
#1849,#1850,#1851,#1852,#1853,#1854,#1855,#1856,#1857,#1858,#1859,#1860,
#1861,#1862,#1863,#1864,#1865,#1866,#1867,#1868,#1869,#1870));
#1872=DERIVED_UNIT_ELEMENT(#1874,1.);
#1873=DERIVED_UNIT_ELEMENT(#3219,3.);
#1874=(
MASS_UNIT()
NAMED_UNIT(*)
SI_UNIT($,.GRAM.)
);
#1875=DERIVED_UNIT((#1872,#1873));
#1876=MEASURE_REPRESENTATION_ITEM('density measure',
POSITIVE_RATIO_MEASURE(1.188),#1875);
#1877=PROPERTY_DEFINITION_REPRESENTATION(#1882,#1879);
#1878=PROPERTY_DEFINITION_REPRESENTATION(#1883,#1880);
#1879=REPRESENTATION('material name',(#1881),#3216);
#1880=REPRESENTATION('density',(#1876),#3216);
#1881=DESCRIPTIVE_REPRESENTATION_ITEM('PMMA Plastic','PMMA Plastic');
#1882=PROPERTY_DEFINITION('material property','material name',#3226);
#1883=PROPERTY_DEFINITION('material property','density of part',#3226);
#1884=DATE_TIME_ROLE('creation_date');
#1885=APPLIED_DATE_AND_TIME_ASSIGNMENT(#1886,#1884,(#3226));
#1886=DATE_AND_TIME(#1887,#1888);
#1887=CALENDAR_DATE(2023,15,10);
#1888=LOCAL_TIME(0,0,0.,#1889);
#1889=COORDINATED_UNIVERSAL_TIME_OFFSET(0,0,.BEHIND.);
#1890=AXIS2_PLACEMENT_3D('placement',#2683,#2109,#2110);
#1891=AXIS2_PLACEMENT_3D('',#2684,#2111,#2112);
#1892=AXIS2_PLACEMENT_3D('',#2693,#2117,#2118);
#1893=AXIS2_PLACEMENT_3D('',#2702,#2123,#2124);
#1894=AXIS2_PLACEMENT_3D('',#2711,#2129,#2130);
#1895=AXIS2_PLACEMENT_3D('',#2720,#2135,#2136);
#1896=AXIS2_PLACEMENT_3D('',#2721,#2137,#2138);
#1897=AXIS2_PLACEMENT_3D('',#2722,#2139,#2140);
#1898=AXIS2_PLACEMENT_3D('',#2723,#2141,#2142);
#1899=AXIS2_PLACEMENT_3D('',#2724,#2143,#2144);
#1900=AXIS2_PLACEMENT_3D('',#2725,#2145,#2146);
#1901=AXIS2_PLACEMENT_3D('',#2726,#2147,#2148);
#1902=AXIS2_PLACEMENT_3D('',#2727,#2149,#2150);
#1903=AXIS2_PLACEMENT_3D('',#2728,#2151,#2152);
#1904=AXIS2_PLACEMENT_3D('',#2729,#2153,#2154);
#1905=AXIS2_PLACEMENT_3D('',#2730,#2155,#2156);
#1906=AXIS2_PLACEMENT_3D('',#2731,#2157,#2158);
#1907=AXIS2_PLACEMENT_3D('',#2732,#2159,#2160);
#1908=AXIS2_PLACEMENT_3D('',#2734,#2161,#2162);
#1909=AXIS2_PLACEMENT_3D('',#2736,#2163,#2164);
#1910=AXIS2_PLACEMENT_3D('',#2738,#2165,#2166);
#1911=AXIS2_PLACEMENT_3D('',#2740,#2167,#2168);
#1912=AXIS2_PLACEMENT_3D('',#2743,#2169,#2170);
#1913=AXIS2_PLACEMENT_3D('',#2745,#2171,#2172);
#1914=AXIS2_PLACEMENT_3D('',#2747,#2173,#2174);
#1915=AXIS2_PLACEMENT_3D('',#2751,#2176,#2177);
#1916=AXIS2_PLACEMENT_3D('',#2753,#2178,#2179);
#1917=AXIS2_PLACEMENT_3D('',#2755,#2180,#2181);
#1918=AXIS2_PLACEMENT_3D('',#2761,#2184,#2185);
#1919=AXIS2_PLACEMENT_3D('',#2763,#2186,#2187);
#1920=AXIS2_PLACEMENT_3D('',#2764,#2188,#2189);
#1921=AXIS2_PLACEMENT_3D('',#2767,#2190,#2191);
#1922=AXIS2_PLACEMENT_3D('',#2771,#2193,#2194);
#1923=AXIS2_PLACEMENT_3D('',#2772,#2195,#2196);
#1924=AXIS2_PLACEMENT_3D('',#2777,#2198,#2199);
#1925=AXIS2_PLACEMENT_3D('',#2781,#2201,#2202);
#1926=AXIS2_PLACEMENT_3D('',#2785,#2204,#2205);
#1927=AXIS2_PLACEMENT_3D('',#2787,#2206,#2207);
#1928=AXIS2_PLACEMENT_3D('',#2789,#2208,#2209);
#1929=AXIS2_PLACEMENT_3D('',#2792,#2211,#2212);
#1930=AXIS2_PLACEMENT_3D('',#2797,#2214,#2215);
#1931=AXIS2_PLACEMENT_3D('',#2801,#2217,#2218);
#1932=AXIS2_PLACEMENT_3D('',#2805,#2220,#2221);
#1933=AXIS2_PLACEMENT_3D('',#2809,#2223,#2224);
#1934=AXIS2_PLACEMENT_3D('',#2811,#2225,#2226);
#1935=AXIS2_PLACEMENT_3D('',#2812,#2227,#2228);
#1936=AXIS2_PLACEMENT_3D('',#2817,#2230,#2231);
#1937=AXIS2_PLACEMENT_3D('',#2821,#2233,#2234);
#1938=AXIS2_PLACEMENT_3D('',#2825,#2236,#2237);
#1939=AXIS2_PLACEMENT_3D('',#2829,#2239,#2240);
#1940=AXIS2_PLACEMENT_3D('',#2831,#2241,#2242);
#1941=AXIS2_PLACEMENT_3D('',#2832,#2243,#2244);
#1942=AXIS2_PLACEMENT_3D('',#2837,#2246,#2247);
#1943=AXIS2_PLACEMENT_3D('',#2841,#2249,#2250);
#1944=AXIS2_PLACEMENT_3D('',#2845,#2252,#2253);
#1945=AXIS2_PLACEMENT_3D('',#2849,#2255,#2256);
#1946=AXIS2_PLACEMENT_3D('',#2851,#2257,#2258);
#1947=AXIS2_PLACEMENT_3D('',#2852,#2259,#2260);
#1948=AXIS2_PLACEMENT_3D('',#2854,#2261,#2262);
#1949=AXIS2_PLACEMENT_3D('',#2856,#2263,#2264);
#1950=AXIS2_PLACEMENT_3D('',#2858,#2265,#2266);
#1951=AXIS2_PLACEMENT_3D('',#2860,#2267,#2268);
#1952=AXIS2_PLACEMENT_3D('',#2862,#2269,#2270);
#1953=AXIS2_PLACEMENT_3D('',#2864,#2271,#2272);
#1954=AXIS2_PLACEMENT_3D('',#2866,#2273,#2274);
#1955=AXIS2_PLACEMENT_3D('',#2868,#2275,#2276);
#1956=AXIS2_PLACEMENT_3D('',#2870,#2277,#2278);
#1957=AXIS2_PLACEMENT_3D('',#2872,#2279,#2280);
#1958=AXIS2_PLACEMENT_3D('',#2874,#2281,#2282);
#1959=AXIS2_PLACEMENT_3D('',#2876,#2283,#2284);
#1960=AXIS2_PLACEMENT_3D('',#2878,#2285,#2286);
#1961=AXIS2_PLACEMENT_3D('',#2880,#2287,#2288);
#1962=AXIS2_PLACEMENT_3D('',#2882,#2289,#2290);
#1963=AXIS2_PLACEMENT_3D('',#2884,#2291,#2292);
#1964=AXIS2_PLACEMENT_3D('',#2886,#2293,#2294);
#1965=AXIS2_PLACEMENT_3D('',#2888,#2295,#2296);
#1966=AXIS2_PLACEMENT_3D('',#2890,#2297,#2298);
#1967=AXIS2_PLACEMENT_3D('',#2892,#2299,#2300);
#1968=AXIS2_PLACEMENT_3D('',#2893,#2301,#2302);
#1969=AXIS2_PLACEMENT_3D('',#2896,#2304,#2305);
#1970=AXIS2_PLACEMENT_3D('',#2897,#2306,#2307);
#1971=AXIS2_PLACEMENT_3D('',#2900,#2309,#2310);
#1972=AXIS2_PLACEMENT_3D('',#2901,#2311,#2312);
#1973=AXIS2_PLACEMENT_3D('',#2904,#2314,#2315);
#1974=AXIS2_PLACEMENT_3D('',#2905,#2316,#2317);
#1975=AXIS2_PLACEMENT_3D('',#2908,#2319,#2320);
#1976=AXIS2_PLACEMENT_3D('',#2909,#2321,#2322);
#1977=AXIS2_PLACEMENT_3D('',#2912,#2324,#2325);
#1978=AXIS2_PLACEMENT_3D('',#2913,#2326,#2327);
#1979=AXIS2_PLACEMENT_3D('',#2916,#2329,#2330);
#1980=AXIS2_PLACEMENT_3D('',#2917,#2331,#2332);
#1981=AXIS2_PLACEMENT_3D('',#2920,#2334,#2335);
#1982=AXIS2_PLACEMENT_3D('',#2921,#2336,#2337);
#1983=AXIS2_PLACEMENT_3D('',#2924,#2339,#2340);
#1984=AXIS2_PLACEMENT_3D('',#2925,#2341,#2342);
#1985=AXIS2_PLACEMENT_3D('',#2928,#2344,#2345);
#1986=AXIS2_PLACEMENT_3D('',#2929,#2346,#2347);
#1987=AXIS2_PLACEMENT_3D('',#2932,#2349,#2350);
#1988=AXIS2_PLACEMENT_3D('',#2933,#2351,#2352);
#1989=AXIS2_PLACEMENT_3D('',#2936,#2354,#2355);
#1990=AXIS2_PLACEMENT_3D('',#2937,#2356,#2357);
#1991=AXIS2_PLACEMENT_3D('',#2940,#2359,#2360);
#1992=AXIS2_PLACEMENT_3D('',#2941,#2361,#2362);
#1993=AXIS2_PLACEMENT_3D('',#2944,#2364,#2365);
#1994=AXIS2_PLACEMENT_3D('',#2945,#2366,#2367);
#1995=AXIS2_PLACEMENT_3D('',#2948,#2369,#2370);
#1996=AXIS2_PLACEMENT_3D('',#2949,#2371,#2372);
#1997=AXIS2_PLACEMENT_3D('',#2952,#2374,#2375);
#1998=AXIS2_PLACEMENT_3D('',#2953,#2376,#2377);
#1999=AXIS2_PLACEMENT_3D('',#2956,#2379,#2380);
#2000=AXIS2_PLACEMENT_3D('',#2957,#2381,#2382);
#2001=AXIS2_PLACEMENT_3D('',#2960,#2384,#2385);
#2002=AXIS2_PLACEMENT_3D('',#2961,#2386,#2387);
#2003=AXIS2_PLACEMENT_3D('',#2964,#2389,#2390);
#2004=AXIS2_PLACEMENT_3D('',#2965,#2391,#2392);
#2005=AXIS2_PLACEMENT_3D('',#2968,#2394,#2395);
#2006=AXIS2_PLACEMENT_3D('',#2969,#2396,#2397);
#2007=AXIS2_PLACEMENT_3D('',#2972,#2399,#2400);
#2008=AXIS2_PLACEMENT_3D('',#2973,#2401,#2402);
#2009=AXIS2_PLACEMENT_3D('',#2979,#2406,#2407);
#2010=AXIS2_PLACEMENT_3D('',#2985,#2411,#2412);
#2011=AXIS2_PLACEMENT_3D('',#2991,#2416,#2417);
#2012=AXIS2_PLACEMENT_3D('',#2997,#2421,#2422);
#2013=AXIS2_PLACEMENT_3D('',#3003,#2426,#2427);
#2014=AXIS2_PLACEMENT_3D('',#3009,#2431,#2432);
#2015=AXIS2_PLACEMENT_3D('',#3015,#2436,#2437);
#2016=AXIS2_PLACEMENT_3D('',#3021,#2441,#2442);
#2017=AXIS2_PLACEMENT_3D('',#3026,#2444,#2445);
#2018=AXIS2_PLACEMENT_3D('',#3030,#2447,#2448);
#2019=AXIS2_PLACEMENT_3D('',#3034,#2450,#2451);
#2020=AXIS2_PLACEMENT_3D('',#3038,#2453,#2454);
#2021=AXIS2_PLACEMENT_3D('',#3040,#2455,#2456);
#2022=AXIS2_PLACEMENT_3D('',#3041,#2457,#2458);
#2023=AXIS2_PLACEMENT_3D('',#3043,#2459,#2460);
#2024=AXIS2_PLACEMENT_3D('',#3046,#2462,#2463);
#2025=AXIS2_PLACEMENT_3D('',#3048,#2464,#2465);
#2026=AXIS2_PLACEMENT_3D('',#3050,#2466,#2467);
#2027=AXIS2_PLACEMENT_3D('',#3052,#2468,#2469);
#2028=AXIS2_PLACEMENT_3D('',#3055,#2471,#2472);
#2029=AXIS2_PLACEMENT_3D('',#3057,#2473,#2474);
#2030=AXIS2_PLACEMENT_3D('',#3060,#2476,#2477);
#2031=AXIS2_PLACEMENT_3D('',#3061,#2478,#2479);
#2032=AXIS2_PLACEMENT_3D('',#3063,#2480,#2481);
#2033=AXIS2_PLACEMENT_3D('',#3065,#2482,#2483);
#2034=AXIS2_PLACEMENT_3D('',#3066,#2484,#2485);
#2035=AXIS2_PLACEMENT_3D('',#3067,#2486,#2487);
#2036=AXIS2_PLACEMENT_3D('',#3069,#2488,#2489);
#2037=AXIS2_PLACEMENT_3D('',#3072,#2491,#2492);
#2038=AXIS2_PLACEMENT_3D('',#3074,#2493,#2494);
#2039=AXIS2_PLACEMENT_3D('',#3076,#2495,#2496);
#2040=AXIS2_PLACEMENT_3D('',#3077,#2497,#2498);
#2041=AXIS2_PLACEMENT_3D('',#3082,#2500,#2501);
#2042=AXIS2_PLACEMENT_3D('',#3084,#2502,#2503);
#2043=AXIS2_PLACEMENT_3D('',#3085,#2504,#2505);
#2044=AXIS2_PLACEMENT_3D('',#3088,#2506,#2507);
#2045=AXIS2_PLACEMENT_3D('',#3092,#2509,#2510);
#2046=AXIS2_PLACEMENT_3D('',#3093,#2511,#2512);
#2047=AXIS2_PLACEMENT_3D('',#3096,#2513,#2514);
#2048=AXIS2_PLACEMENT_3D('',#3098,#2515,#2516);
#2049=AXIS2_PLACEMENT_3D('',#3101,#2518,#2519);
#2050=AXIS2_PLACEMENT_3D('',#3104,#2520,#2521);
#2051=AXIS2_PLACEMENT_3D('',#3106,#2522,#2523);
#2052=AXIS2_PLACEMENT_3D('',#3109,#2525,#2526);
#2053=AXIS2_PLACEMENT_3D('',#3111,#2527,#2528);
#2054=AXIS2_PLACEMENT_3D('',#3113,#2529,#2530);
#2055=AXIS2_PLACEMENT_3D('',#3115,#2531,#2532);
#2056=AXIS2_PLACEMENT_3D('',#3117,#2533,#2534);
#2057=AXIS2_PLACEMENT_3D('',#3118,#2535,#2536);
#2058=AXIS2_PLACEMENT_3D('',#3121,#2539,#2540);
#2059=AXIS2_PLACEMENT_3D('',#3123,#2542,#2543);
#2060=AXIS2_PLACEMENT_3D('',#3125,#2545,#2546);
#2061=AXIS2_PLACEMENT_3D('',#3126,#2547,#2548);
#2062=AXIS2_PLACEMENT_3D('',#3129,#2551,#2552);
#2063=AXIS2_PLACEMENT_3D('',#3131,#2554,#2555);
#2064=AXIS2_PLACEMENT_3D('',#3133,#2557,#2558);
#2065=AXIS2_PLACEMENT_3D('',#3134,#2559,#2560);
#2066=AXIS2_PLACEMENT_3D('',#3137,#2563,#2564);
#2067=AXIS2_PLACEMENT_3D('',#3139,#2566,#2567);
#2068=AXIS2_PLACEMENT_3D('',#3141,#2569,#2570);
#2069=AXIS2_PLACEMENT_3D('',#3142,#2571,#2572);
#2070=AXIS2_PLACEMENT_3D('',#3145,#2575,#2576);
#2071=AXIS2_PLACEMENT_3D('',#3147,#2578,#2579);
#2072=AXIS2_PLACEMENT_3D('',#3149,#2581,#2582);
#2073=AXIS2_PLACEMENT_3D('',#3151,#2584,#2585);
#2074=AXIS2_PLACEMENT_3D('',#3153,#2587,#2588);
#2075=AXIS2_PLACEMENT_3D('',#3155,#2590,#2591);
#2076=AXIS2_PLACEMENT_3D('',#3157,#2593,#2594);
#2077=AXIS2_PLACEMENT_3D('',#3159,#2596,#2597);
#2078=AXIS2_PLACEMENT_3D('',#3161,#2599,#2600);
#2079=AXIS2_PLACEMENT_3D('',#3163,#2602,#2603);
#2080=AXIS2_PLACEMENT_3D('',#3165,#2605,#2606);
#2081=AXIS2_PLACEMENT_3D('',#3166,#2607,#2608);
#2082=AXIS2_PLACEMENT_3D('',#3168,#2610,#2611);
#2083=AXIS2_PLACEMENT_3D('',#3170,#2613,#2614);
#2084=AXIS2_PLACEMENT_3D('',#3171,#2615,#2616);
#2085=AXIS2_PLACEMENT_3D('',#3174,#2619,#2620);
#2086=AXIS2_PLACEMENT_3D('',#3176,#2622,#2623);
#2087=AXIS2_PLACEMENT_3D('',#3178,#2625,#2626);
#2088=AXIS2_PLACEMENT_3D('',#3179,#2627,#2628);
#2089=AXIS2_PLACEMENT_3D('',#3181,#2630,#2631);
#2090=AXIS2_PLACEMENT_3D('',#3183,#2633,#2634);
#2091=AXIS2_PLACEMENT_3D('',#3185,#2636,#2637);
#2092=AXIS2_PLACEMENT_3D('',#3187,#2639,#2640);
#2093=AXIS2_PLACEMENT_3D('',#3190,#2643,#2644);
#2094=AXIS2_PLACEMENT_3D('',#3193,#2647,#2648);
#2095=AXIS2_PLACEMENT_3D('',#3196,#2651,#2652);
#2096=AXIS2_PLACEMENT_3D('',#3199,#2655,#2656);
#2097=AXIS2_PLACEMENT_3D('',#3202,#2659,#2660);
#2098=AXIS2_PLACEMENT_3D('',#3203,#2661,#2662);
#2099=AXIS2_PLACEMENT_3D('',#3204,#2663,#2664);
#2100=AXIS2_PLACEMENT_3D('',#3205,#2665,#2666);
#2101=AXIS2_PLACEMENT_3D('',#3206,#2667,#2668);
#2102=AXIS2_PLACEMENT_3D('',#3207,#2669,#2670);
#2103=AXIS2_PLACEMENT_3D('',#3208,#2671,#2672);
#2104=AXIS2_PLACEMENT_3D('',#3209,#2673,#2674);
#2105=AXIS2_PLACEMENT_3D('',#3210,#2675,#2676);
#2106=AXIS2_PLACEMENT_3D('',#3211,#2677,#2678);
#2107=AXIS2_PLACEMENT_3D('',#3212,#2679,#2680);
#2108=AXIS2_PLACEMENT_3D('',#3213,#2681,#2682);
#2109=DIRECTION('axis',(0.,0.,1.));
#2110=DIRECTION('refdir',(1.,0.,0.));
#2111=DIRECTION('center_axis',(0.707106781186548,-0.707106781186547,0.));
#2112=DIRECTION('ref_axis',(-0.707106781186547,-0.707106781186548,0.));
#2113=DIRECTION('',(0.707106781186547,0.707106781186548,0.));
#2114=DIRECTION('',(0.,0.,-1.));
#2115=DIRECTION('',(-0.707106781186547,-0.707106781186548,0.));
#2116=DIRECTION('',(0.,0.,1.));
#2117=DIRECTION('center_axis',(-0.707106781186547,-0.707106781186548,0.));
#2118=DIRECTION('ref_axis',(-0.707106781186548,0.707106781186547,0.));
#2119=DIRECTION('',(0.707106781186548,-0.707106781186547,0.));
#2120=DIRECTION('',(0.,0.,-1.));
#2121=DIRECTION('',(-0.707106781186548,0.707106781186547,0.));
#2122=DIRECTION('',(0.,0.,1.));
#2123=DIRECTION('center_axis',(0.707106781186548,0.707106781186547,0.));
#2124=DIRECTION('ref_axis',(0.707106781186547,-0.707106781186548,0.));
#2125=DIRECTION('',(-0.707106781186547,0.707106781186548,0.));
#2126=DIRECTION('',(0.,0.,-1.));
#2127=DIRECTION('',(0.707106781186547,-0.707106781186548,0.));
#2128=DIRECTION('',(0.,0.,1.));
#2129=DIRECTION('center_axis',(-0.707106781186548,0.707106781186548,0.));
#2130=DIRECTION('ref_axis',(0.707106781186548,0.707106781186548,0.));
#2131=DIRECTION('',(-0.707106781186548,-0.707106781186548,0.));
#2132=DIRECTION('',(0.,0.,-1.));
#2133=DIRECTION('',(0.707106781186548,0.707106781186548,0.));
#2134=DIRECTION('',(0.,0.,1.));
#2135=DIRECTION('center_axis',(0.,0.,1.));
#2136=DIRECTION('ref_axis',(0.989015819747197,-0.147809702962218,0.));
#2137=DIRECTION('center_axis',(0.,0.,-1.));
#2138=DIRECTION('ref_axis',(-0.989015819747197,0.147809702962218,0.));
#2139=DIRECTION('center_axis',(0.,0.,1.));
#2140=DIRECTION('ref_axis',(0.989015819747197,-0.147809702962218,0.));
#2141=DIRECTION('center_axis',(0.,0.,1.));
#2142=DIRECTION('ref_axis',(0.989015819747197,-0.147809702962218,0.));
#2143=DIRECTION('center_axis',(0.,0.,1.));
#2144=DIRECTION('ref_axis',(0.989015819747197,-0.147809702962218,0.));
#2145=DIRECTION('center_axis',(0.,0.,-1.));
#2146=DIRECTION('ref_axis',(-0.989015819747197,0.147809702962218,0.));
#2147=DIRECTION('center_axis',(0.,0.,1.));
#2148=DIRECTION('ref_axis',(-1.,-7.03507659168416E-17,0.));
#2149=DIRECTION('center_axis',(0.,0.,-1.));
#2150=DIRECTION('ref_axis',(-0.989015819747197,0.147809702962218,0.));
#2151=DIRECTION('center_axis',(0.,0.,1.));
#2152=DIRECTION('ref_axis',(0.989015819747197,-0.147809702962218,0.));
#2153=DIRECTION('center_axis',(0.,0.,1.));
#2154=DIRECTION('ref_axis',(0.989015819747197,-0.147809702962218,0.));
#2155=DIRECTION('center_axis',(0.,0.,1.));
#2156=DIRECTION('ref_axis',(0.989015819747197,-0.147809702962218,0.));
#2157=DIRECTION('center_axis',(0.,0.,-1.));
#2158=DIRECTION('ref_axis',(-0.989015819747197,0.147809702962218,0.));
#2159=DIRECTION('center_axis',(0.,0.,-1.));
#2160=DIRECTION('ref_axis',(-0.999999921805296,-0.000395460999923002,0.));
#2161=DIRECTION('center_axis',(0.,0.,-1.));
#2162=DIRECTION('ref_axis',(-0.989015819747197,0.147809702962218,0.));
#2163=DIRECTION('center_axis',(0.,0.,-1.));
#2164=DIRECTION('ref_axis',(-0.989015819747197,0.147809702962218,0.));
#2165=DIRECTION('center_axis',(0.,0.,-1.));
#2166=DIRECTION('ref_axis',(-0.989015819747197,0.147809702962218,0.));
#2167=DIRECTION('center_axis',(0.,0.,1.));
#2168=DIRECTION('ref_axis',(-0.989015819747197,0.147809702962218,0.));
#2169=DIRECTION('center_axis',(3.35314918495526E-12,-6.6912132563728E-14,
1.));
#2170=DIRECTION('ref_axis',(0.999999921805811,0.000395459696758343,-3.35557364021614E-12));
#2171=DIRECTION('center_axis',(-6.90834279600602E-11,2.48163965360065E-11,
1.));
#2172=DIRECTION('ref_axis',(-0.906782484868025,-0.421598772693387,-5.2181145855957E-11));
#2173=DIRECTION('center_axis',(6.71664370904056E-12,2.76809083764485E-13,
1.));
#2174=DIRECTION('ref_axis',(0.996641296575237,0.0818909394306203,-6.7167403126062E-12));
#2175=DIRECTION('',(-0.000395460999923002,0.999999921805296,0.));
#2176=DIRECTION('center_axis',(4.76078093228138E-13,1.00805724507295E-11,
1.));
#2177=DIRECTION('ref_axis',(0.000395989573181744,-0.999999921596126,1.00779065960383E-11));
#2178=DIRECTION('center_axis',(2.65118459470203E-12,-1.98339916197437E-10,
1.));
#2179=DIRECTION('ref_axis',(-0.421598772676175,0.906782484876027,1.80968833149955E-10));
#2180=DIRECTION('center_axis',(-2.76803733216076E-13,6.7165571701745E-12,
1.));
#2181=DIRECTION('ref_axis',(0.0818909361357159,-0.99664129684597,6.71673992434032E-12));
#2182=DIRECTION('',(0.999999921805296,0.000395460999923002,0.));
#2183=DIRECTION('',(0.000395460999923002,-0.999999921805296,0.));
#2184=DIRECTION('center_axis',(3.36467104372881E-12,-6.73774046795835E-14,
1.));
#2185=DIRECTION('ref_axis',(-0.999999921596132,-0.000395989557094356,3.36675905383089E-12));
#2186=DIRECTION('center_axis',(3.28091383135646E-10,1.10946487386571E-10,
1.));
#2187=DIRECTION('ref_axis',(0.906782484869888,0.421598772689379,-3.44282489877916E-10));
#2188=DIRECTION('center_axis',(-6.71655709514114E-12,-2.76803731715654E-13,
1.));
#2189=DIRECTION('ref_axis',(-0.996641296801689,-0.0818909366746299,-6.71673996151995E-12));
#2190=DIRECTION('center_axis',(4.84050854025403E-13,-1.00801926695162E-11,
1.));
#2191=DIRECTION('ref_axis',(-0.081890936354366,0.996641296828004,1.00834992746031E-11));
#2192=DIRECTION('',(-0.999999921805296,-0.000395460999923002,0.));
#2193=DIRECTION('center_axis',(6.69091437505001E-14,3.35308615802134E-12,
1.));
#2194=DIRECTION('ref_axis',(-0.000395985790459168,0.999999921597624,-3.35557348527364E-12));
#2195=DIRECTION('center_axis',(3.66384139257524E-12,4.55919769202955E-11,
1.));
#2196=DIRECTION('ref_axis',(0.421598772693941,-0.906782484867767,3.97972844611637E-11));
#2197=DIRECTION('',(0.999999921805296,0.000395460999923002,0.));
#2198=DIRECTION('center_axis',(0.,0.,-1.));
#2199=DIRECTION('ref_axis',(-0.989015819747197,0.147809702962218,0.));
#2200=DIRECTION('',(-0.000395460999923002,0.999999921805296,0.));
#2201=DIRECTION('center_axis',(0.,0.,-1.));
#2202=DIRECTION('ref_axis',(-0.989015819747197,0.147809702962218,0.));
#2203=DIRECTION('',(-0.999999921805296,-0.000395460999923002,0.));
#2204=DIRECTION('center_axis',(-5.98434480616877E-15,-7.93091811789808E-15,
1.));
#2205=DIRECTION('ref_axis',(0.0193291013429836,0.999813175468934,8.37006811804122E-15));
#2206=DIRECTION('center_axis',(2.12087065318777E-14,2.12254875840789E-14,
1.));
#2207=DIRECTION('ref_axis',(0.628106906098189,0.778127055506851,-2.99124660835948E-14));
#2208=DIRECTION('center_axis',(0.,0.,1.));
#2209=DIRECTION('ref_axis',(0.655289358369956,0.755377956262354,0.));
#2210=DIRECTION('',(-0.000395460999923002,0.999999921805296,0.));
#2211=DIRECTION('center_axis',(0.,0.,-1.));
#2212=DIRECTION('ref_axis',(-0.989015819747197,0.147809702962218,0.));
#2213=DIRECTION('',(-0.999999921805296,-0.000395460999923002,0.));
#2214=DIRECTION('center_axis',(0.,0.,-1.));
#2215=DIRECTION('ref_axis',(-0.989015819747197,0.147809702962218,0.));
#2216=DIRECTION('',(-0.000395460999923002,0.999999921805296,0.));
#2217=DIRECTION('center_axis',(0.,0.,-1.));
#2218=DIRECTION('ref_axis',(-0.989015819747197,0.147809702962218,0.));
#2219=DIRECTION('',(0.999999921805296,0.000395460999923002,0.));
#2220=DIRECTION('center_axis',(0.,0.,-1.));
#2221=DIRECTION('ref_axis',(-0.989015819747197,0.147809702962218,0.));
#2222=DIRECTION('',(0.000395460999923002,-0.999999921805296,0.));
#2223=DIRECTION('center_axis',(6.18438168559479E-15,-9.71953669832236E-15,
1.));
#2224=DIRECTION('ref_axis',(-0.999813175471321,0.0193291012194682,6.69605449384323E-15));
#2225=DIRECTION('center_axis',(9.67917919541321E-16,9.31554092352933E-16,
1.));
#2226=DIRECTION('ref_axis',(-0.77812705548617,0.628106906123809,1.6804756226197E-16));
#2227=DIRECTION('center_axis',(-1.1856793441076E-14,3.21406875490372E-14,
1.));
#2228=DIRECTION('ref_axis',(-0.447986920366456,0.894040110498728,-3.34802724891775E-14));
#2229=DIRECTION('',(0.000395460999923002,-0.999999921805296,0.));
#2230=DIRECTION('center_axis',(0.,0.,-1.));
#2231=DIRECTION('ref_axis',(-0.989015819747197,0.147809702962218,0.));
#2232=DIRECTION('',(0.999999921805296,0.000395460999923002,0.));
#2233=DIRECTION('center_axis',(0.,0.,-1.));
#2234=DIRECTION('ref_axis',(-0.989015819747197,0.147809702962218,0.));
#2235=DIRECTION('',(0.000395460999923002,-0.999999921805296,0.));
#2236=DIRECTION('center_axis',(0.,0.,-1.));
#2237=DIRECTION('ref_axis',(-0.989015819747197,0.147809702962218,0.));
#2238=DIRECTION('',(0.999999921805296,0.000395460999923002,0.));
#2239=DIRECTION('center_axis',(8.23349875963989E-15,1.76083749757021E-14,
1.));
#2240=DIRECTION('ref_axis',(-0.019329102018884,-0.999813175455867,1.84141498852438E-14));
#2241=DIRECTION('center_axis',(-2.12087064319273E-14,-2.12254874922661E-14,
1.));
#2242=DIRECTION('ref_axis',(-0.628106905757167,-0.778127055782125,-2.99124660865505E-14));
#2243=DIRECTION('center_axis',(7.92618250505817E-15,5.99061567474561E-15,
1.));
#2244=DIRECTION('ref_axis',(-0.655289358821382,-0.755377955870743,1.00440817422465E-14));
#2245=DIRECTION('',(0.999999921805296,0.000395460999923002,0.));
#2246=DIRECTION('center_axis',(0.,0.,-1.));
#2247=DIRECTION('ref_axis',(-0.989015819747197,0.147809702962218,0.));
#2248=DIRECTION('',(0.000395460999923002,-0.999999921805296,0.));
#2249=DIRECTION('center_axis',(0.,0.,-1.));
#2250=DIRECTION('ref_axis',(-0.989015819747197,0.147809702962218,0.));
#2251=DIRECTION('',(0.999999921805296,0.000395460999923002,0.));
#2252=DIRECTION('center_axis',(0.,0.,-1.));
#2253=DIRECTION('ref_axis',(-0.989015819747197,0.147809702962218,0.));
#2254=DIRECTION('',(-0.000395460999923002,0.999999921805296,0.));
#2255=DIRECTION('center_axis',(-9.67745654309291E-15,2.24915387427429E-15,
1.));
#2256=DIRECTION('ref_axis',(0.999813175460418,-0.0193291017834812,1.00440817414439E-14));
#2257=DIRECTION('center_axis',(3.24001762023482E-14,-3.12506702269645E-14,
1.));
#2258=DIRECTION('ref_axis',(0.778127055264116,-0.628106906398899,-4.48686991265275E-14));
#2259=DIRECTION('center_axis',(8.24742293865995E-15,-1.76018571689896E-14,
1.));
#2260=DIRECTION('ref_axis',(0.755377956026996,-0.655289358641263,-1.841414985857E-14));
#2261=DIRECTION('center_axis',(0.,0.,-1.));
#2262=DIRECTION('ref_axis',(1.,0.,0.));
#2263=DIRECTION('center_axis',(0.,0.,-1.));
#2264=DIRECTION('ref_axis',(1.,0.,0.));
#2265=DIRECTION('center_axis',(0.,0.,-1.));
#2266=DIRECTION('ref_axis',(1.,0.,0.));
#2267=DIRECTION('center_axis',(0.,0.,-1.));
#2268=DIRECTION('ref_axis',(1.,0.,0.));
#2269=DIRECTION('center_axis',(0.,0.,-1.));
#2270=DIRECTION('ref_axis',(1.,0.,0.));
#2271=DIRECTION('center_axis',(0.,0.,-1.));
#2272=DIRECTION('ref_axis',(1.,0.,0.));
#2273=DIRECTION('center_axis',(0.,0.,-1.));
#2274=DIRECTION('ref_axis',(1.,0.,0.));
#2275=DIRECTION('center_axis',(0.,0.,-1.));
#2276=DIRECTION('ref_axis',(1.,0.,0.));
#2277=DIRECTION('center_axis',(0.,0.,-1.));
#2278=DIRECTION('ref_axis',(1.,0.,0.));
#2279=DIRECTION('center_axis',(0.,0.,-1.));
#2280=DIRECTION('ref_axis',(1.,0.,0.));
#2281=DIRECTION('center_axis',(0.,0.,-1.));
#2282=DIRECTION('ref_axis',(1.,0.,0.));
#2283=DIRECTION('center_axis',(0.,0.,-1.));
#2284=DIRECTION('ref_axis',(1.,0.,0.));
#2285=DIRECTION('center_axis',(0.,0.,-1.));
#2286=DIRECTION('ref_axis',(1.,0.,0.));
#2287=DIRECTION('center_axis',(0.,0.,-1.));
#2288=DIRECTION('ref_axis',(1.,0.,0.));
#2289=DIRECTION('center_axis',(0.,0.,-1.));
#2290=DIRECTION('ref_axis',(1.,0.,0.));
#2291=DIRECTION('center_axis',(0.,0.,-1.));
#2292=DIRECTION('ref_axis',(1.,0.,0.));
#2293=DIRECTION('center_axis',(0.,0.,-1.));
#2294=DIRECTION('ref_axis',(1.,0.,0.));
#2295=DIRECTION('center_axis',(0.,0.,-1.));
#2296=DIRECTION('ref_axis',(1.,0.,0.));
#2297=DIRECTION('center_axis',(0.,0.,-1.));
#2298=DIRECTION('ref_axis',(1.,0.,0.));
#2299=DIRECTION('center_axis',(0.,0.,-1.));
#2300=DIRECTION('ref_axis',(1.,0.,0.));
#2301=DIRECTION('center_axis',(0.,0.,-1.));
#2302=DIRECTION('ref_axis',(1.,0.,0.));
#2303=DIRECTION('',(0.,0.,-1.));
#2304=DIRECTION('center_axis',(0.,0.,1.));
#2305=DIRECTION('ref_axis',(1.,0.,0.));
#2306=DIRECTION('center_axis',(0.,0.,-1.));
#2307=DIRECTION('ref_axis',(1.,0.,0.));
#2308=DIRECTION('',(0.,0.,-1.));
#2309=DIRECTION('center_axis',(0.,0.,1.));
#2310=DIRECTION('ref_axis',(1.,0.,0.));
#2311=DIRECTION('center_axis',(0.,0.,-1.));
#2312=DIRECTION('ref_axis',(1.,0.,0.));
#2313=DIRECTION('',(0.,0.,-1.));
#2314=DIRECTION('center_axis',(0.,0.,1.));
#2315=DIRECTION('ref_axis',(1.,0.,0.));
#2316=DIRECTION('center_axis',(0.,0.,-1.));
#2317=DIRECTION('ref_axis',(1.,0.,0.));
#2318=DIRECTION('',(0.,0.,-1.));
#2319=DIRECTION('center_axis',(0.,0.,1.));
#2320=DIRECTION('ref_axis',(1.,0.,0.));
#2321=DIRECTION('center_axis',(0.,0.,-1.));
#2322=DIRECTION('ref_axis',(1.,0.,0.));
#2323=DIRECTION('',(0.,0.,-1.));
#2324=DIRECTION('center_axis',(0.,0.,1.));
#2325=DIRECTION('ref_axis',(1.,0.,0.));
#2326=DIRECTION('center_axis',(0.,0.,-1.));
#2327=DIRECTION('ref_axis',(1.,0.,0.));
#2328=DIRECTION('',(0.,0.,-1.));
#2329=DIRECTION('center_axis',(0.,0.,1.));
#2330=DIRECTION('ref_axis',(1.,0.,0.));
#2331=DIRECTION('center_axis',(0.,0.,-1.));
#2332=DIRECTION('ref_axis',(1.,0.,0.));
#2333=DIRECTION('',(0.,0.,-1.));
#2334=DIRECTION('center_axis',(0.,0.,1.));
#2335=DIRECTION('ref_axis',(1.,0.,0.));
#2336=DIRECTION('center_axis',(0.,0.,-1.));
#2337=DIRECTION('ref_axis',(1.,0.,0.));
#2338=DIRECTION('',(0.,0.,-1.));
#2339=DIRECTION('center_axis',(0.,0.,1.));
#2340=DIRECTION('ref_axis',(1.,0.,0.));
#2341=DIRECTION('center_axis',(0.,0.,-1.));
#2342=DIRECTION('ref_axis',(1.,0.,0.));
#2343=DIRECTION('',(0.,0.,-1.));
#2344=DIRECTION('center_axis',(0.,0.,1.));
#2345=DIRECTION('ref_axis',(1.,0.,0.));
#2346=DIRECTION('center_axis',(0.,0.,-1.));
#2347=DIRECTION('ref_axis',(1.,0.,0.));
#2348=DIRECTION('',(0.,0.,-1.));
#2349=DIRECTION('center_axis',(0.,0.,1.));
#2350=DIRECTION('ref_axis',(1.,0.,0.));
#2351=DIRECTION('center_axis',(0.,0.,-1.));
#2352=DIRECTION('ref_axis',(1.,0.,0.));
#2353=DIRECTION('',(0.,0.,-1.));
#2354=DIRECTION('center_axis',(0.,0.,1.));
#2355=DIRECTION('ref_axis',(1.,0.,0.));
#2356=DIRECTION('center_axis',(0.,0.,-1.));
#2357=DIRECTION('ref_axis',(1.,0.,0.));
#2358=DIRECTION('',(0.,0.,-1.));
#2359=DIRECTION('center_axis',(0.,0.,1.));
#2360=DIRECTION('ref_axis',(1.,0.,0.));
#2361=DIRECTION('center_axis',(0.,0.,-1.));
#2362=DIRECTION('ref_axis',(1.,0.,0.));
#2363=DIRECTION('',(0.,0.,-1.));
#2364=DIRECTION('center_axis',(0.,0.,1.));
#2365=DIRECTION('ref_axis',(1.,0.,0.));
#2366=DIRECTION('center_axis',(0.,0.,-1.));
#2367=DIRECTION('ref_axis',(1.,0.,0.));
#2368=DIRECTION('',(0.,0.,-1.));
#2369=DIRECTION('center_axis',(0.,0.,1.));
#2370=DIRECTION('ref_axis',(1.,0.,0.));
#2371=DIRECTION('center_axis',(0.,0.,-1.));
#2372=DIRECTION('ref_axis',(1.,0.,0.));
#2373=DIRECTION('',(0.,0.,-1.));
#2374=DIRECTION('center_axis',(0.,0.,1.));
#2375=DIRECTION('ref_axis',(1.,0.,0.));
#2376=DIRECTION('center_axis',(0.,0.,-1.));
#2377=DIRECTION('ref_axis',(1.,0.,0.));
#2378=DIRECTION('',(0.,0.,-1.));
#2379=DIRECTION('center_axis',(0.,0.,1.));
#2380=DIRECTION('ref_axis',(1.,0.,0.));
#2381=DIRECTION('center_axis',(0.,0.,-1.));
#2382=DIRECTION('ref_axis',(1.,0.,0.));
#2383=DIRECTION('',(0.,0.,-1.));
#2384=DIRECTION('center_axis',(0.,0.,1.));
#2385=DIRECTION('ref_axis',(1.,0.,0.));
#2386=DIRECTION('center_axis',(0.,0.,-1.));
#2387=DIRECTION('ref_axis',(1.,0.,0.));
#2388=DIRECTION('',(0.,0.,-1.));
#2389=DIRECTION('center_axis',(0.,0.,1.));
#2390=DIRECTION('ref_axis',(1.,0.,0.));
#2391=DIRECTION('center_axis',(0.,0.,-1.));
#2392=DIRECTION('ref_axis',(1.,0.,0.));
#2393=DIRECTION('',(0.,0.,-1.));
#2394=DIRECTION('center_axis',(0.,0.,1.));
#2395=DIRECTION('ref_axis',(1.,0.,0.));
#2396=DIRECTION('center_axis',(0.,0.,-1.));
#2397=DIRECTION('ref_axis',(1.,0.,0.));
#2398=DIRECTION('',(0.,0.,-1.));
#2399=DIRECTION('center_axis',(0.,0.,1.));
#2400=DIRECTION('ref_axis',(1.,0.,0.));
#2401=DIRECTION('center_axis',(0.000395460999923002,-0.999999921805296,
0.));
#2402=DIRECTION('ref_axis',(-0.999999921805296,-0.000395460999923002,0.));
#2403=DIRECTION('',(0.999999921805296,0.000395460999923002,0.));
#2404=DIRECTION('',(0.,0.,1.));
#2405=DIRECTION('',(0.,0.,-1.));
#2406=DIRECTION('center_axis',(0.000395460999923002,-0.999999921805296,
0.));
#2407=DIRECTION('ref_axis',(0.999995582862595,0.000395459284040249,0.00294582199959556));
#2408=DIRECTION('',(0.999999921805296,0.000395460999923002,0.));
#2409=DIRECTION('',(0.,0.,1.));
#2410=DIRECTION('',(0.,0.,-1.));
#2411=DIRECTION('center_axis',(-0.000395460999923002,0.999999921805296,
0.));
#2412=DIRECTION('ref_axis',(0.999999921805296,0.000395460999923002,0.));
#2413=DIRECTION('',(0.,0.,-1.));
#2414=DIRECTION('',(-0.999999921805296,-0.000395460999923002,0.));
#2415=DIRECTION('',(0.,0.,-1.));
#2416=DIRECTION('center_axis',(-0.000395460999923002,0.999999921805296,
0.));
#2417=DIRECTION('ref_axis',(0.999999921805296,0.000395460999923002,0.));
#2418=DIRECTION('',(-0.999999921805296,-0.000395460999923002,0.));
#2419=DIRECTION('',(0.,0.,1.));
#2420=DIRECTION('',(0.,0.,-1.));
#2421=DIRECTION('center_axis',(0.000395460999923002,-0.999999921805296,
0.));
#2422=DIRECTION('ref_axis',(0.999995582862595,0.000395459284040249,0.00294582199959556));
#2423=DIRECTION('',(0.999999921805296,0.000395460999923002,0.));
#2424=DIRECTION('',(0.,0.,1.));
#2425=DIRECTION('',(0.,0.,-1.));
#2426=DIRECTION('center_axis',(0.000395460999923002,-0.999999921805296,
0.));
#2427=DIRECTION('ref_axis',(0.999995582862595,0.000395459284040249,0.00294582199959556));
#2428=DIRECTION('',(0.,0.,-1.));
#2429=DIRECTION('',(0.999999921805296,0.000395460999923002,0.));
#2430=DIRECTION('',(0.,0.,1.));
#2431=DIRECTION('center_axis',(0.999999921805296,0.000395460999923002,0.));
#2432=DIRECTION('ref_axis',(0.000395460999923002,-0.999999921805296,0.));
#2433=DIRECTION('',(-0.000395460999923002,0.999999921805296,0.));
#2434=DIRECTION('',(0.,0.,1.));
#2435=DIRECTION('',(0.,0.,-1.));
#2436=DIRECTION('center_axis',(0.999999921805296,0.000395460999923002,0.));
#2437=DIRECTION('ref_axis',(0.000395460999923002,-0.999999921805296,0.));
#2438=DIRECTION('',(0.,0.,-1.));
#2439=DIRECTION('',(0.000395460999923002,-0.999999921805296,0.));
#2440=DIRECTION('',(0.,0.,1.));
#2441=DIRECTION('center_axis',(0.,0.,-1.));
#2442=DIRECTION('ref_axis',(-0.999999921805296,-0.000395460999923002,0.));
#2443=DIRECTION('',(0.999999921805296,0.000395460999923002,0.));
#2444=DIRECTION('center_axis',(0.,0.,1.));
#2445=DIRECTION('ref_axis',(-0.989015819747197,0.147809702962218,0.));
#2446=DIRECTION('',(0.000395460999923002,-0.999999921805296,0.));
#2447=DIRECTION('center_axis',(0.,0.,1.));
#2448=DIRECTION('ref_axis',(-0.989015819747197,0.147809702962218,0.));
#2449=DIRECTION('',(0.999999921805296,0.000395460999923002,0.));
#2450=DIRECTION('center_axis',(0.,0.,1.));
#2451=DIRECTION('ref_axis',(-0.989015819747197,0.147809702962218,0.));
#2452=DIRECTION('',(0.000395460999923002,-0.999999921805296,0.));
#2453=DIRECTION('center_axis',(-1.7494908634761E-15,3.73380901286439E-15,
1.));
#2454=DIRECTION('ref_axis',(-0.655289358821369,-0.755377955870754,1.67401362370777E-15));
#2455=DIRECTION('center_axis',(-3.12506699693112E-14,-3.24001759662584E-14,
1.));
#2456=DIRECTION('ref_axis',(-0.628106905757167,-0.778127055782125,-4.48686991298258E-14));
#2457=DIRECTION('center_axis',(4.49830718004812E-15,1.93549121480218E-14,
1.));
#2458=DIRECTION('ref_axis',(-0.0193291020188757,-0.999813175455867,2.00881635111754E-14));
#2459=DIRECTION('center_axis',(0.,0.,1.));
#2460=DIRECTION('ref_axis',(-0.989015819747197,0.147809702962218,0.));
#2461=DIRECTION('',(0.000395460999923002,-0.999999921805296,0.));
#2462=DIRECTION('center_axis',(0.,0.,1.));
#2463=DIRECTION('ref_axis',(-0.989015819747197,0.147809702962218,0.));
#2464=DIRECTION('center_axis',(-1.64948458773201E-14,3.52037143379798E-14,
1.));
#2465=DIRECTION('ref_axis',(0.755377956026989,-0.65528935864127,3.5154286093633E-14));
#2466=DIRECTION('center_axis',(0.,0.,1.));
#2467=DIRECTION('ref_axis',(0.778127055264116,-0.628106906398899,0.));
#2468=DIRECTION('center_axis',(-9.67745587561313E-15,2.24915356216747E-15,
1.));
#2469=DIRECTION('ref_axis',(0.999813175460418,-0.0193291017834764,1.0044081741444E-14));
#2470=DIRECTION('',(-0.000395460999923002,0.999999921805296,0.));
#2471=DIRECTION('center_axis',(0.,0.,1.));
#2472=DIRECTION('ref_axis',(-0.989015819747197,0.147809702962218,0.));
#2473=DIRECTION('center_axis',(0.,0.,1.));
#2474=DIRECTION('ref_axis',(-0.989015819747197,0.147809702962218,0.));
#2475=DIRECTION('',(-0.000395460999923002,0.999999921805296,0.));
#2476=DIRECTION('center_axis',(0.,0.,1.));
#2477=DIRECTION('ref_axis',(-0.989015819747197,0.147809702962218,0.));
#2478=DIRECTION('center_axis',(0.,0.,1.));
#2479=DIRECTION('ref_axis',(-0.989015819747197,0.147809702962218,0.));
#2480=DIRECTION('center_axis',(-1.74949086157995E-15,3.73380900821246E-15,
1.));
#2481=DIRECTION('ref_axis',(0.655289358369955,0.755377956262355,-1.67401362341475E-15));
#2482=DIRECTION('center_axis',(1.11667429460716E-14,1.00507990632558E-14,
1.));
#2483=DIRECTION('ref_axis',(0.628106906098189,0.778127055506851,-1.478818547953E-14));
#2484=DIRECTION('center_axis',(-2.24915356690969E-15,-9.67745595194656E-15,
1.));
#2485=DIRECTION('ref_axis',(0.0193291013429659,0.999813175468934,1.00440817416499E-14));
#2486=DIRECTION('center_axis',(0.,0.,1.));
#2487=DIRECTION('ref_axis',(-0.989015819747197,0.147809702962218,0.));
#2488=DIRECTION('center_axis',(0.,0.,1.));
#2489=DIRECTION('ref_axis',(-0.989015819747197,0.147809702962218,0.));
#2490=DIRECTION('',(-0.000395460999923002,0.999999921805296,0.));
#2491=DIRECTION('center_axis',(0.,0.,1.));
#2492=DIRECTION('ref_axis',(-0.989015819747197,0.147809702962218,0.));
#2493=DIRECTION('center_axis',(-4.00527839730669E-14,1.30385494683285E-13,
1.));
#2494=DIRECTION('ref_axis',(-0.447986920366481,0.894040110498716,-1.33921089956727E-13));
#2495=DIRECTION('center_axis',(-6.93365577153035E-15,8.17294325592704E-15,
1.));
#2496=DIRECTION('ref_axis',(-0.778127055485109,0.628106906125124,-1.05869964225037E-14));
#2497=DIRECTION('center_axis',(-1.759028333415E-15,-3.72935080578132E-15,
1.));
#2498=DIRECTION('ref_axis',(-0.999813175471321,0.0193291012194875,-1.67401362346074E-15));
#2499=DIRECTION('',(-0.999999921805296,-0.000395460999923002,0.));
#2500=DIRECTION('center_axis',(-2.06910703974179E-13,3.35547214617108E-12,
1.));
#2501=DIRECTION('ref_axis',(-0.0818909363542133,0.996641296828016,-3.36116642485702E-12));
#2502=DIRECTION('center_axis',(-1.64790196231812E-12,5.70168370245231E-12,
1.));
#2503=DIRECTION('ref_axis',(0.42159877269394,-0.906782484867768,5.86497328274326E-12));
#2504=DIRECTION('center_axis',(3.38725806230073E-13,1.0077907667503E-11,
1.));
#2505=DIRECTION('ref_axis',(-0.000395985790544157,0.999999921597624,-1.00779057007998E-11));
#2506=DIRECTION('center_axis',(-6.71677342970197E-12,2.71491361419432E-13,
1.));
#2507=DIRECTION('ref_axis',(-0.999999921596132,-0.000395989556653702,-6.71674023854764E-12));
#2508=DIRECTION('',(0.000395460999923002,-0.999999921805296,0.));
#2509=DIRECTION('center_axis',(-3.36110380667074E-12,-6.98937976272898E-14,
1.));
#2510=DIRECTION('ref_axis',(-0.996641296801707,-0.0818909366744028,-3.35557366934967E-12));
#2511=DIRECTION('center_axis',(-2.40681137974031E-10,7.31740038643145E-11,
1.));
#2512=DIRECTION('ref_axis',(0.999999921805477,0.000395460542711347,2.40652184555937E-10));
#2513=DIRECTION('center_axis',(1.78114900753075E-11,-5.82574335529409E-12,
1.));
#2514=DIRECTION('ref_axis',(-0.421598772692854,0.906782484868273,1.27920341930007E-11));
#2515=DIRECTION('center_axis',(-2.71491360239275E-13,-6.71677342645452E-12,
1.));
#2516=DIRECTION('ref_axis',(0.000395989574088188,-0.999999921596125,-6.71674018985117E-12));
#2517=DIRECTION('',(0.999999921805296,0.000395460999923002,0.));
#2518=DIRECTION('center_axis',(6.98918396789381E-14,-3.36105632016039E-12,
1.));
#2519=DIRECTION('ref_axis',(0.0818909361353524,-0.996641296845999,-3.35557365076402E-12));
#2520=DIRECTION('center_axis',(5.25121203354994E-11,1.62496089848361E-11,
1.));
#2521=DIRECTION('ref_axis',(-0.906782484868026,-0.421598772693385,5.44679265346601E-11));
#2522=DIRECTION('center_axis',(6.71686069392539E-12,-2.714966620491E-13,
1.));
#2523=DIRECTION('ref_axis',(0.999999921805811,0.000395459696775013,-6.71673990316413E-12));
#2524=DIRECTION('',(-0.000395460999923002,0.999999921805296,0.));
#2525=DIRECTION('center_axis',(-3.36103304401258E-12,-6.98913281931579E-14,
1.));
#2526=DIRECTION('ref_axis',(0.996641296575247,0.0818909394305036,3.35557384475643E-12));
#2527=DIRECTION('center_axis',(0.,0.,-1.));
#2528=DIRECTION('ref_axis',(-0.989015819747197,0.147809702962218,0.));
#2529=DIRECTION('center_axis',(0.,0.,-1.));
#2530=DIRECTION('ref_axis',(-0.989015819747197,0.147809702962218,0.));
#2531=DIRECTION('center_axis',(0.,0.,-1.));
#2532=DIRECTION('ref_axis',(-0.989015819747197,0.147809702962218,0.));
#2533=DIRECTION('center_axis',(0.,0.,-1.));
#2534=DIRECTION('ref_axis',(-0.989015819747197,0.147809702962218,0.));
#2535=DIRECTION('center_axis',(-1.61895968700574E-16,3.83855008563794E-17,
1.));
#2536=DIRECTION('ref_axis',(0.999999921805476,0.00039546054443597,1.74656738615236E-16));
#2537=DIRECTION('',(0.,0.,-1.));
#2538=DIRECTION('',(0.,0.,-1.));
#2539=DIRECTION('center_axis',(0.,0.,1.));
#2540=DIRECTION('ref_axis',(0.0811026446329547,0.99670575449003,0.));
#2541=DIRECTION('',(0.,0.,1.));
#2542=DIRECTION('center_axis',(0.000395460999923002,-0.999999921805296,
0.));
#2543=DIRECTION('ref_axis',(-0.999999921805296,-0.000395460999923002,0.));
#2544=DIRECTION('',(0.,0.,-1.));
#2545=DIRECTION('center_axis',(0.,0.,1.));
#2546=DIRECTION('ref_axis',(-0.000394928969817717,0.999999922015551,0.));
#2547=DIRECTION('center_axis',(0.,0.,1.));
#2548=DIRECTION('ref_axis',(-0.999999922014028,-0.000394932827881403,0.));
#2549=DIRECTION('',(0.,0.,-1.));
#2550=DIRECTION('',(0.,0.,-1.));
#2551=DIRECTION('center_axis',(-1.61895968700574E-16,3.83855008563794E-17,
1.));
#2552=DIRECTION('ref_axis',(0.999999921805476,0.00039546054443597,1.74656738615236E-16));
#2553=DIRECTION('',(0.,0.,-1.));
#2554=DIRECTION('center_axis',(0.,0.,1.));
#2555=DIRECTION('ref_axis',(-0.996705754178277,0.0811026484642263,0.));
#2556=DIRECTION('',(0.,0.,1.));
#2557=DIRECTION('center_axis',(0.999999921805296,0.000395460999923002,0.));
#2558=DIRECTION('ref_axis',(0.000395460999923002,-0.999999921805296,0.));
#2559=DIRECTION('center_axis',(-0.000395460999923002,0.999999921805296,
0.));
#2560=DIRECTION('ref_axis',(0.999999921805296,0.000395460999923002,0.));
#2561=DIRECTION('',(0.,0.,-1.));
#2562=DIRECTION('',(0.,0.,1.));
#2563=DIRECTION('center_axis',(0.,0.,1.));
#2564=DIRECTION('ref_axis',(0.000394932827428488,-0.999999922014028,0.));
#2565=DIRECTION('',(0.,0.,-1.));
#2566=DIRECTION('center_axis',(-1.61895968700574E-16,3.83855008563794E-17,
1.));
#2567=DIRECTION('ref_axis',(0.999999921805476,0.00039546054443597,1.74656738615236E-16));
#2568=DIRECTION('',(0.,0.,1.));
#2569=DIRECTION('center_axis',(0.,0.,1.));
#2570=DIRECTION('ref_axis',(-0.0811026481524346,-0.996705754203648,0.));
#2571=DIRECTION('center_axis',(0.999999921805296,0.000395460999923002,0.));
#2572=DIRECTION('ref_axis',(0.000395460999923002,-0.999999921805296,0.));
#2573=DIRECTION('',(0.,0.,1.));
#2574=DIRECTION('',(0.,0.,-1.));
#2575=DIRECTION('center_axis',(0.,0.,1.));
#2576=DIRECTION('ref_axis',(-0.99979757494353,-0.0201198692102222,0.));
#2577=DIRECTION('',(0.,0.,-1.));
#2578=DIRECTION('center_axis',(0.,0.,1.));
#2579=DIRECTION('ref_axis',(-0.777630029145164,-0.62872214671641,0.));
#2580=DIRECTION('',(0.,0.,-1.));
#2581=DIRECTION('center_axis',(0.,0.,1.));
#2582=DIRECTION('ref_axis',(-0.754859434812783,-0.655886601230827,0.));
#2583=DIRECTION('',(0.,0.,-1.));
#2584=DIRECTION('center_axis',(0.000395460999923002,-0.999999921805296,
0.));
#2585=DIRECTION('ref_axis',(-0.999999921805296,-0.000395460999923002,0.));
#2586=DIRECTION('',(0.,0.,-1.));
#2587=DIRECTION('center_axis',(0.,0.,1.));
#2588=DIRECTION('ref_axis',(0.0201198685463476,-0.99979757495689,0.));
#2589=DIRECTION('',(0.,0.,-1.));
#2590=DIRECTION('center_axis',(0.,0.,1.));
#2591=DIRECTION('ref_axis',(0.628722146715837,-0.777630029145627,0.));
#2592=DIRECTION('',(0.,0.,-1.));
#2593=DIRECTION('center_axis',(0.,0.,1.));
#2594=DIRECTION('ref_axis',(0.655886595312498,-0.754859439955135,0.));
#2595=DIRECTION('',(0.,0.,-1.));
#2596=DIRECTION('center_axis',(0.999999921805296,0.000395460999923002,0.));
#2597=DIRECTION('ref_axis',(0.000395460999923002,-0.999999921805296,0.));
#2598=DIRECTION('',(0.,0.,-1.));
#2599=DIRECTION('center_axis',(0.,0.,1.));
#2600=DIRECTION('ref_axis',(0.999797574950489,0.0201198688644117,0.));
#2601=DIRECTION('',(0.,0.,-1.));
#2602=DIRECTION('center_axis',(0.,0.,1.));
#2603=DIRECTION('ref_axis',(0.777630029115997,0.628722146752486,0.));
#2604=DIRECTION('',(0.,0.,-1.));
#2605=DIRECTION('center_axis',(0.,0.,1.));
#2606=DIRECTION('ref_axis',(0.754859437452448,0.655886598192838,0.));
#2607=DIRECTION('center_axis',(0.,0.,1.));
#2608=DIRECTION('ref_axis',(-0.0201198692306668,0.999797574943119,0.));
#2609=DIRECTION('',(0.,0.,-1.));
#2610=DIRECTION('center_axis',(0.,0.,1.));
#2611=DIRECTION('ref_axis',(-0.597864384636977,0.801597266451582,0.));
#2612=DIRECTION('',(0.,0.,1.));
#2613=DIRECTION('center_axis',(0.,0.,1.));
#2614=DIRECTION('ref_axis',(-0.655886598103662,0.754859437529932,0.));
#2615=DIRECTION('center_axis',(0.999999921805296,0.000395460999923002,0.));
#2616=DIRECTION('ref_axis',(0.000395460999923002,-0.999999921805296,0.));
#2617=DIRECTION('',(0.,0.,-1.));
#2618=DIRECTION('',(0.,0.,-1.));
#2619=DIRECTION('center_axis',(0.,0.,1.));
#2620=DIRECTION('ref_axis',(0.999999921805727,0.000395459908287562,0.));
#2621=DIRECTION('',(0.,0.,-1.));
#2622=DIRECTION('center_axis',(-1.61895968700574E-16,3.83855008563794E-17,
1.));
#2623=DIRECTION('ref_axis',(-0.999999921805474,-0.000395460548680896,-1.49104813564858E-16));
#2624=DIRECTION('',(0.,0.,1.));
#2625=DIRECTION('center_axis',(0.,0.,1.));
#2626=DIRECTION('ref_axis',(0.996705754397783,-0.0811026457666172,0.));
#2627=DIRECTION('center_axis',(0.,0.,1.));
#2628=DIRECTION('ref_axis',(0.989015819747197,-0.147809702962218,0.));
#2629=DIRECTION('',(0.,0.,1.));
#2630=DIRECTION('center_axis',(0.,0.,1.));
#2631=DIRECTION('ref_axis',(0.989015819747197,-0.147809702962218,0.));
#2632=DIRECTION('',(0.,0.,1.));
#2633=DIRECTION('center_axis',(0.,0.,1.));
#2634=DIRECTION('ref_axis',(0.989015819747197,-0.147809702962218,0.));
#2635=DIRECTION('',(0.,0.,1.));
#2636=DIRECTION('center_axis',(0.,0.,1.));
#2637=DIRECTION('ref_axis',(0.989015819747197,-0.147809702962218,0.));
#2638=DIRECTION('',(0.,0.,1.));
#2639=DIRECTION('center_axis',(0.000395460999923002,-0.999999921805296,
0.));
#2640=DIRECTION('ref_axis',(0.999995582862595,0.000395459284040249,0.00294582199959556));
#2641=DIRECTION('',(0.,0.,-1.));
#2642=DIRECTION('',(0.,0.,1.));
#2643=DIRECTION('center_axis',(0.999999921805296,0.000395460999923002,0.));
#2644=DIRECTION('ref_axis',(-0.000395460918966239,0.999999717090402,-0.000639867000058078));
#2645=DIRECTION('',(0.,0.,-1.));
#2646=DIRECTION('',(0.,0.,1.));
#2647=DIRECTION('center_axis',(-0.999999921805296,-0.000395460999923002,
0.));
#2648=DIRECTION('ref_axis',(0.000395460918966239,-0.999999717090402,0.000639867000058078));
#2649=DIRECTION('',(0.,0.,1.));
#2650=DIRECTION('',(0.,0.,-1.));
#2651=DIRECTION('center_axis',(-0.999999921805296,-0.000395460999923002,
0.));
#2652=DIRECTION('ref_axis',(0.000395460918966239,-0.999999717090402,0.000639867000058078));
#2653=DIRECTION('',(0.,0.,1.));
#2654=DIRECTION('',(0.,0.,-1.));
#2655=DIRECTION('center_axis',(-0.999999921805296,-0.000395460999923002,
0.));
#2656=DIRECTION('ref_axis',(0.000395460918966239,-0.999999717090402,0.000639867000058078));
#2657=DIRECTION('',(0.,0.,-1.));
#2658=DIRECTION('',(0.,0.,1.));
#2659=DIRECTION('center_axis',(0.,0.,1.));
#2660=DIRECTION('ref_axis',(0.989015819747197,-0.147809702962218,0.));
#2661=DIRECTION('center_axis',(0.,0.,-1.));
#2662=DIRECTION('ref_axis',(-0.989015819747197,0.147809702962218,0.));
#2663=DIRECTION('center_axis',(0.,0.,-1.));
#2664=DIRECTION('ref_axis',(0.707386358726849,-0.70682709306249,0.));
#2665=DIRECTION('center_axis',(0.,0.,1.));
#2666=DIRECTION('ref_axis',(0.989015819747197,-0.147809702962218,0.));
#2667=DIRECTION('center_axis',(0.,0.,1.));
#2668=DIRECTION('ref_axis',(0.989015819747197,-0.147809702962218,0.));
#2669=DIRECTION('center_axis',(0.,0.,-1.));
#2670=DIRECTION('ref_axis',(0.707386358713595,-0.706827093075754,0.));
#2671=DIRECTION('center_axis',(0.,0.,-1.));
#2672=DIRECTION('ref_axis',(-0.989015819747197,0.147809702962218,0.));
#2673=DIRECTION('center_axis',(0.,0.,1.));
#2674=DIRECTION('ref_axis',(0.989015819747197,-0.147809702962218,0.));
#2675=DIRECTION('center_axis',(0.,0.,1.));
#2676=DIRECTION('ref_axis',(-0.707386358731266,0.706827093058069,0.));
#2677=DIRECTION('center_axis',(0.,0.,-1.));
#2678=DIRECTION('ref_axis',(-0.989015819747197,0.147809702962218,0.));
#2679=DIRECTION('center_axis',(0.,0.,1.));
#2680=DIRECTION('ref_axis',(0.989015819747197,-0.147809702962218,0.));
#2681=DIRECTION('center_axis',(0.,0.,-1.));
#2682=DIRECTION('ref_axis',(-0.989015819747197,0.147809702962218,0.));
#2683=CARTESIAN_POINT('',(0.,0.,0.));
#2684=CARTESIAN_POINT('Origin',(19.6980323265512,585.322435419363,304.353918311));
#2685=CARTESIAN_POINT('',(-127.653587956363,437.970815136449,298.353918311));
#2686=CARTESIAN_POINT('',(19.6980323265512,585.322435419363,298.353918311));
#2687=CARTESIAN_POINT('',(-19.1509500919274,546.473453000884,298.353918311));
#2688=CARTESIAN_POINT('',(-127.653587956363,437.970815136449,304.353918311));
#2689=CARTESIAN_POINT('',(-127.653587956363,437.970815136449,293.353918311));
#2690=CARTESIAN_POINT('',(19.6980323265512,585.322435419363,304.353918311));
#2691=CARTESIAN_POINT('',(-19.5350758284274,546.089327264384,304.353918311));
#2692=CARTESIAN_POINT('',(19.6980323265512,585.322435419363,293.353918311));
#2693=CARTESIAN_POINT('Origin',(344.967151672363,437.970815136449,304.353918311));
#2694=CARTESIAN_POINT('',(197.615531389449,585.322435419363,298.353918311));
#2695=CARTESIAN_POINT('',(344.967151672363,437.970815136449,298.353918311));
#2696=CARTESIAN_POINT('',(431.776436112884,351.161530695927,298.353918311));
#2697=CARTESIAN_POINT('',(197.615531389449,585.322435419363,304.353918311));
#2698=CARTESIAN_POINT('',(197.615531389449,585.322435419363,293.353918311));
#2699=CARTESIAN_POINT('',(344.967151672363,437.970815136449,304.353918311));
#2700=CARTESIAN_POINT('',(432.160865782385,350.777101026427,304.353918311));
#2701=CARTESIAN_POINT('',(344.967151672363,437.970815136449,293.353918311));
#2702=CARTESIAN_POINT('Origin',(-127.653587956363,260.053316073551,304.353918311));
#2703=CARTESIAN_POINT('',(19.6980323265511,112.701695790637,298.353918311));
#2704=CARTESIAN_POINT('',(-127.653587956363,260.053316073551,298.353918311));
#2705=CARTESIAN_POINT('',(32.8315066256154,99.5682214915727,298.353918311));
#2706=CARTESIAN_POINT('',(19.6980323265511,112.701695790637,304.353918311));
#2707=CARTESIAN_POINT('',(19.6980323265511,112.701695790637,293.353918311));
#2708=CARTESIAN_POINT('',(-127.653587956363,260.053316073551,304.353918311));
#2709=CARTESIAN_POINT('',(33.2159362951155,99.1837918220727,304.353918311));
#2710=CARTESIAN_POINT('',(-127.653587956363,260.053316073551,293.353918311));
#2711=CARTESIAN_POINT('Origin',(197.615531389449,112.701695790637,304.353918311));
#2712=CARTESIAN_POINT('',(344.967151672363,260.053316073551,298.353918311));
#2713=CARTESIAN_POINT('',(197.615531389449,112.701695790637,298.353918311));
#2714=CARTESIAN_POINT('',(232.442359112427,147.528523513616,298.353918311));
#2715=CARTESIAN_POINT('',(344.967151672363,260.053316073551,304.353918311));
#2716=CARTESIAN_POINT('',(344.967151672363,260.053316073551,293.353918311));
#2717=CARTESIAN_POINT('',(197.615531389449,112.701695790637,304.353918311));
#2718=CARTESIAN_POINT('',(232.058233375927,147.144397777116,304.353918311));
#2719=CARTESIAN_POINT('',(197.615531389449,112.701695790637,293.353918311));
#2720=CARTESIAN_POINT('Origin',(108.656781858,349.012065605,293.353918311));
#2721=CARTESIAN_POINT('Origin',(108.656781858,349.012065605,298.353918311));
#2722=CARTESIAN_POINT('Origin',(108.656781858,349.012065605,304.353918311));
#2723=CARTESIAN_POINT('Origin',(108.656781858,349.012065605,293.353918311));
#2724=CARTESIAN_POINT('Origin',(108.656781858,349.012065605,304.353918311));
#2725=CARTESIAN_POINT('Origin',(108.656781858,349.012065605,298.353918311));
#2726=CARTESIAN_POINT('Origin',(108.656781858,349.012065605,293.353918311));
#2727=CARTESIAN_POINT('Origin',(108.656781858,349.012065605,298.353918311));
#2728=CARTESIAN_POINT('Origin',(108.656781858,349.012065605,304.353918311));
#2729=CARTESIAN_POINT('Origin',(108.656781858,349.012065605,293.353918311));
#2730=CARTESIAN_POINT('Origin',(108.656781858,349.012065605,304.353918311));
#2731=CARTESIAN_POINT('Origin',(108.656781858,349.012065605,298.353918311));
#2732=CARTESIAN_POINT('Origin',(351.929614051,96.158421075,304.353918311));
#2733=CARTESIAN_POINT('',(330.509716407,349.914827509,304.353918311));
#2734=CARTESIAN_POINT('Origin',(335.949303416,349.101874142,304.353918311));
#2735=CARTESIAN_POINT('',(103.307169364,122.532510073,304.353918311));
#2736=CARTESIAN_POINT('Origin',(108.746756373,121.719556707,304.353918311));
#2737=CARTESIAN_POINT('',(-124.076350754,349.735057724,304.353918311));
#2738=CARTESIAN_POINT('Origin',(-118.636763745,348.922104358,304.353918311));
#2739=CARTESIAN_POINT('',(103.127220335,577.11752787,304.353918311));
#2740=CARTESIAN_POINT('Origin',(108.566807343,576.304574504,304.353918311));
#2741=CARTESIAN_POINT('',(-75.7938116590747,263.253606048853,304.35391831231));
#2742=CARTESIAN_POINT('',(-75.7728854599999,263.771322777,304.353918311));
#2743=CARTESIAN_POINT('Origin',(-82.1253851192294,263.768810619215,304.353918311021));
#2744=CARTESIAN_POINT('',(-75.8615817039164,434.623518603105,304.353918310563));
#2745=CARTESIAN_POINT('Origin',(108.655901716232,349.011518316089,304.353918324561));
#2746=CARTESIAN_POINT('',(-75.8402460625493,434.10581523099,304.353918311));
#2747=CARTESIAN_POINT('Origin',(-82.1927453099926,434.103306429207,304.353918311043));
#2748=CARTESIAN_POINT('',(-75.77288546,263.771322777,304.353918311));
#2749=CARTESIAN_POINT('',(22.8979894489356,533.461231691894,304.353918310782));
#2750=CARTESIAN_POINT('',(23.415709536,533.440305494,304.353918311));
#2751=CARTESIAN_POINT('Origin',(23.4131940122819,539.792804880901,304.353918310936));
#2752=CARTESIAN_POINT('',(194.267902003081,533.529001735959,304.353918310635));
#2753=CARTESIAN_POINT('Origin',(108.655901716229,349.011518316183,304.353918273535));
#2754=CARTESIAN_POINT('',(193.750198630985,533.507666107344,304.353918311));
#2755=CARTESIAN_POINT('Origin',(193.74768982008,539.860165709527,304.353918310957));
#2756=CARTESIAN_POINT('',(23.415709536,533.440305494,304.353918311));
#2757=CARTESIAN_POINT('',(293.084688894,434.251710498,304.353918311));
#2758=CARTESIAN_POINT('',(293.152049507344,263.917221403015,304.353918311));
#2759=CARTESIAN_POINT('',(293.084688894,434.251710498,304.353918311));
#2760=CARTESIAN_POINT('',(293.105615091903,434.769430582955,304.35391831046));
#2761=CARTESIAN_POINT('Origin',(299.437188234633,434.254226021598,304.353918310979));
#2762=CARTESIAN_POINT('',(293.173385135807,263.399518029177,304.353918319364));
#2763=CARTESIAN_POINT('Origin',(108.655901716465,349.011518316762,304.353918379411));
#2764=CARTESIAN_POINT('Origin',(299.504549074363,263.919730213478,304.353918311043));
#2765=CARTESIAN_POINT('',(23.561604804015,164.51537052515,304.353918311));
#2766=CARTESIAN_POINT('',(23.043901428823,164.49403489684,304.353918311361));
#2767=CARTESIAN_POINT('Origin',(23.5641135899025,158.162871208457,304.353918310936));
#2768=CARTESIAN_POINT('',(193.896093899,164.582731139,304.353918311));
#2769=CARTESIAN_POINT('',(193.896093899,164.582731139,304.353918311));
#2770=CARTESIAN_POINT('',(194.413813983,164.561804941,304.353918311));
#2771=CARTESIAN_POINT('Origin',(193.898609398912,158.230231187768,304.353918311021));
#2772=CARTESIAN_POINT('Origin',(108.655901715866,349.011518316035,304.353918303358));
#2773=CARTESIAN_POINT('',(218.644029294,379.055016628187,304.353918311));
#2774=CARTESIAN_POINT('',(260.401507934998,379.071530071147,304.353918311));
#2775=CARTESIAN_POINT('',(218.644029294,379.055016628,304.353918311));
#2776=CARTESIAN_POINT('',(138.612398706187,459.023373529,304.353918311));
#2777=CARTESIAN_POINT('Origin',(218.612392451,459.055010373,304.353918311));
#2778=CARTESIAN_POINT('',(138.595885263447,500.780852167997,304.353918311));
#2779=CARTESIAN_POINT('',(138.612398706,459.023373529,304.353918311));
#2780=CARTESIAN_POINT('',(158.587974495004,520.788759804918,304.353918311));
#2781=CARTESIAN_POINT('Origin',(158.595883706,500.788761379,304.353918311));
#2782=CARTESIAN_POINT('',(225.834775772228,520.815353274007,304.353918311));
#2783=CARTESIAN_POINT('',(225.834775773,520.815353274,304.353918311));
#2784=CARTESIAN_POINT('',(241.444736462456,513.516292865384,304.353918311));
#2785=CARTESIAN_POINT('Origin',(225.42455950133,499.596589611389,304.353918311));
#2786=CARTESIAN_POINT('',(273.055599321331,481.9304218241,304.353918311));
#2787=CARTESIAN_POINT('Origin',(108.655901741557,349.011518342073,304.353918311006));
#2788=CARTESIAN_POINT('',(280.36700369188,466.326238992063,304.353918311));
#2789=CARTESIAN_POINT('Origin',(259.148571122494,465.899240476332,304.353918311));
#2790=CARTESIAN_POINT('',(280.393597160703,399.079437712,304.353918311));
#2791=CARTESIAN_POINT('',(280.393597161,399.079437712,304.353918311));
#2792=CARTESIAN_POINT('Origin',(260.393598724,399.071528501,304.353918311));
#2793=CARTESIAN_POINT('',(58.587982314,520.749213761037,304.353918311));
#2794=CARTESIAN_POINT('',(-8.65881896371969,520.722620270552,304.353918311));
#2795=CARTESIAN_POINT('',(58.587982314,520.749213761,304.353918311));
#2796=CARTESIAN_POINT('',(78.5958899548541,500.757124534998,304.353918311));
#2797=CARTESIAN_POINT('Origin',(58.595891525,500.749215325,304.353918311));
#2798=CARTESIAN_POINT('',(78.612403398146,458.999645897,304.353918311));
#2799=CARTESIAN_POINT('',(78.612403398,458.999645897,304.353918311));
#2800=CARTESIAN_POINT('',(-1.35595350300239,378.968015315036,304.353918311));
#2801=CARTESIAN_POINT('Origin',(-1.387590346,458.968009053,304.353918311));
#2802=CARTESIAN_POINT('',(-43.113432136,378.951501871964,304.353918311));
#2803=CARTESIAN_POINT('',(-43.113432136,378.951501872,304.353918311));
#2804=CARTESIAN_POINT('',(-63.1213397675653,398.943591097006,304.353918311));
#2805=CARTESIAN_POINT('Origin',(-43.121341347,398.951500308,304.353918311));
#2806=CARTESIAN_POINT('',(-63.1479332416666,466.190392369006,304.353918311));
#2807=CARTESIAN_POINT('',(-63.147933241,466.190392369,304.353918311));
#2808=CARTESIAN_POINT('',(-55.8488728312344,481.800353065957,304.353918311));
#2809=CARTESIAN_POINT('Origin',(-41.9291695774695,465.780176099915,304.353918311));
#2810=CARTESIAN_POINT('',(-17.7393252639634,518.47815831467,304.353918311));
#2811=CARTESIAN_POINT('Origin',(108.655901694145,349.011518335978,304.353918311));
#2812=CARTESIAN_POINT('Origin',(-8.23182043950426,499.504187703912,304.353918311001));
#2813=CARTESIAN_POINT('',(-63.0817937280365,298.943598917,304.353918311));
#2814=CARTESIAN_POINT('',(-63.0552002588653,231.696797629835,304.353918311));
#2815=CARTESIAN_POINT('',(-63.081793728,298.943598917,304.353918311));
#2816=CARTESIAN_POINT('',(-43.089704503,318.951506564037,304.353918311));
#2817=CARTESIAN_POINT('Origin',(-43.081795292,298.951508128,304.353918311));
#2818=CARTESIAN_POINT('',(-1.33222587400263,318.968020006661,304.353918311));
#2819=CARTESIAN_POINT('',(-43.089704503,318.951506564,304.353918311));
#2820=CARTESIAN_POINT('',(78.6994047141461,238.999663099,304.353918311));
#2821=CARTESIAN_POINT('Origin',(-1.30058903,238.968026256,304.353918311));
#2822=CARTESIAN_POINT('',(78.7159181572187,197.242184464002,304.353918311));
#2823=CARTESIAN_POINT('',(78.699404714,238.999663099,304.353918311));
#2824=CARTESIAN_POINT('',(58.7238289249959,177.234276827415,304.353918311));
#2825=CARTESIAN_POINT('Origin',(58.715919715,197.234275253,304.353918311));
#2826=CARTESIAN_POINT('',(-8.52297235145925,177.207683380314,304.353918311));
#2827=CARTESIAN_POINT('',(-8.522972353,177.207683359,304.353918311));
#2828=CARTESIAN_POINT('',(-24.1329329560014,184.506743717455,304.353918311));
#2829=CARTESIAN_POINT('Origin',(-8.11275606755478,198.426447023889,304.353918311));
#2830=CARTESIAN_POINT('',(-55.7437958981128,216.092614817457,304.353918311));
#2831=CARTESIAN_POINT('Origin',(108.65590167332,349.011518277985,304.353918311006));
#2832=CARTESIAN_POINT('Origin',(-41.8367676933482,232.123796153551,304.353918311));
#2833=CARTESIAN_POINT('',(158.723821106,177.273822871964,304.353918311));
#2834=CARTESIAN_POINT('',(225.970622384065,177.300416340453,304.353918311));
#2835=CARTESIAN_POINT('',(158.723821106,177.273822872,304.353918311));
#2836=CARTESIAN_POINT('',(138.715913465146,197.265912097002,304.353918311));
#2837=CARTESIAN_POINT('Origin',(158.715911895,197.273821308,304.353918311));
#2838=CARTESIAN_POINT('',(138.699400022187,239.023390732,304.353918311));
#2839=CARTESIAN_POINT('',(138.699400022,239.023390732,304.353918311));
#2840=CARTESIAN_POINT('',(218.667756923,319.055021320146,304.353918311));
#2841=CARTESIAN_POINT('Origin',(218.699393767,239.055027576,304.353918311));
#2842=CARTESIAN_POINT('',(260.425235567998,319.07153476322,304.353918311));
#2843=CARTESIAN_POINT('',(218.667756923,319.05502132,304.353918311));
#2844=CARTESIAN_POINT('',(280.433143204918,299.079445530996,304.353918311));
#2845=CARTESIAN_POINT('Origin',(260.433144779,299.071536321,304.353918311));
#2846=CARTESIAN_POINT('',(280.459736674007,231.832644251774,304.353918311));
#2847=CARTESIAN_POINT('',(280.459736674,231.832644251,304.353918311));
#2848=CARTESIAN_POINT('',(273.160676210078,216.222683512292,304.353918311));
#2849=CARTESIAN_POINT('Origin',(259.240973011135,232.242860532027,304.353918311));
#2850=CARTESIAN_POINT('',(241.574805218015,184.611820704945,304.353918311));
#2851=CARTESIAN_POINT('Origin',(108.655901746435,349.011518287751,304.353918311009));
#2852=CARTESIAN_POINT('Origin',(225.543623876204,198.518848908502,304.353918311));
#2853=CARTESIAN_POINT('',(90.2168086409999,576.298009858,304.353918311));
#2854=CARTESIAN_POINT('Origin',(91.9668086409999,576.298009858,304.353918311));
#2855=CARTESIAN_POINT('',(334.192738771,365.701872843,304.353918311));
#2856=CARTESIAN_POINT('Origin',(335.942738771,365.701872843,304.353918311));
#2857=CARTESIAN_POINT('',(90.3967576709998,121.712992060999,304.353918311));
#2858=CARTESIAN_POINT('Origin',(92.1467576709998,121.712992060999,304.353918311));
#2859=CARTESIAN_POINT('',(-103.786765043,348.928669003,304.353918311));
#2860=CARTESIAN_POINT('Origin',(-102.036765043,348.928669003,304.353918311));
#2861=CARTESIAN_POINT('',(-120.3801991,332.322105656,304.353918311));
#2862=CARTESIAN_POINT('Origin',(-118.6301991,332.322105656,304.353918311));
#2863=CARTESIAN_POINT('',(107.003321018,105.119558004999,304.353918311));
#2864=CARTESIAN_POINT('Origin',(108.753321018,105.119558004999,304.353918311));
#2865=CARTESIAN_POINT('',(334.205868061,332.50187544,304.353918311));
#2866=CARTESIAN_POINT('Origin',(335.955868061,332.50187544,304.353918311));
#2867=CARTESIAN_POINT('',(106.810242698,592.904573205,304.353918311));
#2868=CARTESIAN_POINT('Origin',(108.560242698,592.904573205,304.353918311));
#2869=CARTESIAN_POINT('',(106.823371988,559.704575802,304.353918311));
#2870=CARTESIAN_POINT('Origin',(108.573371988,559.704575802,304.353918311));
#2871=CARTESIAN_POINT('',(350.799302118,349.108438787,304.353918311));
#2872=CARTESIAN_POINT('Origin',(352.549302118,349.108438787,304.353918311));
#2873=CARTESIAN_POINT('',(106.990191728,138.319555407999,304.353918311));
#2874=CARTESIAN_POINT('Origin',(108.740191728,138.319555407999,304.353918311));
#2875=CARTESIAN_POINT('',(-120.39332839,365.522103059,304.353918311));
#2876=CARTESIAN_POINT('Origin',(-118.64332839,365.522103059,304.353918311));
#2877=CARTESIAN_POINT('',(-136.986762447,348.915539712,304.353918311));
#2878=CARTESIAN_POINT('Origin',(-135.236762447,348.915539712,304.353918311));
#2879=CARTESIAN_POINT('',(123.596755075,121.726121351999,304.353918311));
#2880=CARTESIAN_POINT('Origin',(125.346755075,121.726121351999,304.353918311));
#2881=CARTESIAN_POINT('',(317.599304714,349.095309496,304.353918311));
#2882=CARTESIAN_POINT('Origin',(319.349304714,349.095309496,304.353918311));
#2883=CARTESIAN_POINT('',(123.416806045,576.311139149,304.353918311));
#2884=CARTESIAN_POINT('Origin',(125.166806045,576.311139149,304.353918311));
#2885=CARTESIAN_POINT('',(89.656781858,333.012065605,304.353918311));
#2886=CARTESIAN_POINT('Origin',(92.656781858,333.012065605,304.353918311));
#2887=CARTESIAN_POINT('',(89.656781858,365.012065605,304.353918311));
#2888=CARTESIAN_POINT('Origin',(92.656781858,365.012065605,304.353918311));
#2889=CARTESIAN_POINT('',(121.656781858,333.012065605,304.353918311));
#2890=CARTESIAN_POINT('Origin',(124.656781858,333.012065605,304.353918311));
#2891=CARTESIAN_POINT('',(121.656781858,365.012065605,304.353918311));
#2892=CARTESIAN_POINT('Origin',(124.656781858,365.012065605,304.353918311));
#2893=CARTESIAN_POINT('Origin',(124.656781858,365.012065605,304.353918311));
#2894=CARTESIAN_POINT('',(121.656781858,365.012065605,298.353918311));
#2895=CARTESIAN_POINT('',(121.656781858,365.012065605,304.353918311));
#2896=CARTESIAN_POINT('Origin',(124.656781858,365.012065605,298.353918311));
#2897=CARTESIAN_POINT('Origin',(124.656781858,333.012065605,304.353918311));
#2898=CARTESIAN_POINT('',(121.656781858,333.012065605,298.353918311));
#2899=CARTESIAN_POINT('',(121.656781858,333.012065605,304.353918311));
#2900=CARTESIAN_POINT('Origin',(124.656781858,333.012065605,298.353918311));
#2901=CARTESIAN_POINT('Origin',(92.656781858,365.012065605,304.353918311));
#2902=CARTESIAN_POINT('',(89.656781858,365.012065605,298.353918311));
#2903=CARTESIAN_POINT('',(89.656781858,365.012065605,304.353918311));
#2904=CARTESIAN_POINT('Origin',(92.656781858,365.012065605,298.353918311));
#2905=CARTESIAN_POINT('Origin',(92.656781858,333.012065605,304.353918311));
#2906=CARTESIAN_POINT('',(89.656781858,333.012065605,298.353918311));
#2907=CARTESIAN_POINT('',(89.656781858,333.012065605,304.353918311));
#2908=CARTESIAN_POINT('Origin',(92.656781858,333.012065605,298.353918311));
#2909=CARTESIAN_POINT('Origin',(125.166806045,576.311139149,304.353918311));
#2910=CARTESIAN_POINT('',(123.416806045,576.311139149,298.353918311));
#2911=CARTESIAN_POINT('',(123.416806045,576.311139149,304.353918311));
#2912=CARTESIAN_POINT('Origin',(125.166806045,576.311139149,298.353918311));
#2913=CARTESIAN_POINT('Origin',(319.349304714,349.095309496,304.353918311));
#2914=CARTESIAN_POINT('',(317.599304714,349.095309496,298.353918311));
#2915=CARTESIAN_POINT('',(317.599304714,349.095309496,304.353918311));
#2916=CARTESIAN_POINT('Origin',(319.349304714,349.095309496,298.353918311));
#2917=CARTESIAN_POINT('Origin',(125.346755075,121.726121351999,304.353918311));
#2918=CARTESIAN_POINT('',(123.596755075,121.726121351999,298.353918311));
#2919=CARTESIAN_POINT('',(123.596755075,121.726121351999,304.353918311));
#2920=CARTESIAN_POINT('Origin',(125.346755075,121.726121351999,298.353918311));
#2921=CARTESIAN_POINT('Origin',(-135.236762447,348.915539712,304.353918311));
#2922=CARTESIAN_POINT('',(-136.986762447,348.915539712,298.353918311));
#2923=CARTESIAN_POINT('',(-136.986762447,348.915539712,304.353918311));
#2924=CARTESIAN_POINT('Origin',(-135.236762447,348.915539712,298.353918311));
#2925=CARTESIAN_POINT('Origin',(-118.64332839,365.522103059,304.353918311));
#2926=CARTESIAN_POINT('',(-120.39332839,365.522103059,298.353918311));
#2927=CARTESIAN_POINT('',(-120.39332839,365.522103059,304.353918311));
#2928=CARTESIAN_POINT('Origin',(-118.64332839,365.522103059,298.353918311));
#2929=CARTESIAN_POINT('Origin',(108.740191728,138.319555407999,304.353918311));
#2930=CARTESIAN_POINT('',(106.990191728,138.319555407999,298.353918311));
#2931=CARTESIAN_POINT('',(106.990191728,138.319555407999,304.353918311));
#2932=CARTESIAN_POINT('Origin',(108.740191728,138.319555407999,298.353918311));
#2933=CARTESIAN_POINT('Origin',(352.549302118,349.108438787,304.353918311));
#2934=CARTESIAN_POINT('',(350.799302118,349.108438787,298.353918311));
#2935=CARTESIAN_POINT('',(350.799302118,349.108438787,304.353918311));
#2936=CARTESIAN_POINT('Origin',(352.549302118,349.108438787,298.353918311));
#2937=CARTESIAN_POINT('Origin',(108.573371988,559.704575802,304.353918311));
#2938=CARTESIAN_POINT('',(106.823371988,559.704575802,298.353918311));
#2939=CARTESIAN_POINT('',(106.823371988,559.704575802,304.353918311));
#2940=CARTESIAN_POINT('Origin',(108.573371988,559.704575802,298.353918311));
#2941=CARTESIAN_POINT('Origin',(108.560242698,592.904573205,304.353918311));
#2942=CARTESIAN_POINT('',(106.810242698,592.904573205,298.353918311));
#2943=CARTESIAN_POINT('',(106.810242698,592.904573205,304.353918311));
#2944=CARTESIAN_POINT('Origin',(108.560242698,592.904573205,298.353918311));
#2945=CARTESIAN_POINT('Origin',(335.955868061,332.50187544,304.353918311));
#2946=CARTESIAN_POINT('',(334.205868061,332.50187544,298.353918311));
#2947=CARTESIAN_POINT('',(334.205868061,332.50187544,304.353918311));
#2948=CARTESIAN_POINT('Origin',(335.955868061,332.50187544,298.353918311));
#2949=CARTESIAN_POINT('Origin',(108.753321018,105.119558004999,304.353918311));
#2950=CARTESIAN_POINT('',(107.003321018,105.119558004999,298.353918311));
#2951=CARTESIAN_POINT('',(107.003321018,105.119558004999,304.353918311));
#2952=CARTESIAN_POINT('Origin',(108.753321018,105.119558004999,298.353918311));
#2953=CARTESIAN_POINT('Origin',(-118.6301991,332.322105656,304.353918311));
#2954=CARTESIAN_POINT('',(-120.3801991,332.322105656,298.353918311));
#2955=CARTESIAN_POINT('',(-120.3801991,332.322105656,304.353918311));
#2956=CARTESIAN_POINT('Origin',(-118.6301991,332.322105656,298.353918311));
#2957=CARTESIAN_POINT('Origin',(-102.036765043,348.928669003,304.353918311));
#2958=CARTESIAN_POINT('',(-103.786765043,348.928669003,298.353918311));
#2959=CARTESIAN_POINT('',(-103.786765043,348.928669003,304.353918311));
#2960=CARTESIAN_POINT('Origin',(-102.036765043,348.928669003,298.353918311));
#2961=CARTESIAN_POINT('Origin',(92.1467576709998,121.712992060999,304.353918311));
#2962=CARTESIAN_POINT('',(90.3967576709998,121.712992060999,298.353918311));
#2963=CARTESIAN_POINT('',(90.3967576709998,121.712992060999,304.353918311));
#2964=CARTESIAN_POINT('Origin',(92.1467576709998,121.712992060999,298.353918311));
#2965=CARTESIAN_POINT('Origin',(335.942738771,365.701872843,304.353918311));
#2966=CARTESIAN_POINT('',(334.192738771,365.701872843,298.353918311));
#2967=CARTESIAN_POINT('',(334.192738771,365.701872843,304.353918311));
#2968=CARTESIAN_POINT('Origin',(335.942738771,365.701872843,298.353918311));
#2969=CARTESIAN_POINT('Origin',(91.9668086409999,576.298009858,304.353918311));
#2970=CARTESIAN_POINT('',(90.2168086409999,576.298009858,298.353918311));
#2971=CARTESIAN_POINT('',(90.2168086409999,576.298009858,304.353918311));
#2972=CARTESIAN_POINT('Origin',(91.9668086409999,576.298009858,298.353918311));
#2973=CARTESIAN_POINT('Origin',(225.970622415,177.300416331,306.353918311));
#2974=CARTESIAN_POINT('',(158.723821106,177.273822871964,298.353918311));
#2975=CARTESIAN_POINT('',(225.970622384065,177.300416340453,298.353918311));
#2976=CARTESIAN_POINT('',(158.723821106,177.273822872,298.353918311));
#2977=CARTESIAN_POINT('',(158.723821106,177.273822872,298.353918311));
#2978=CARTESIAN_POINT('',(225.970622384,177.30041633,304.353918311));
#2979=CARTESIAN_POINT('Origin',(-69.574738628,318.941032777,301.353918311));
#2980=CARTESIAN_POINT('',(218.667756923,319.055021320146,298.353918311));
#2981=CARTESIAN_POINT('',(260.425235567998,319.07153476322,298.353918311));
#2982=CARTESIAN_POINT('',(218.667756923,319.05502132,298.353918311));
#2983=CARTESIAN_POINT('',(260.425235568,319.071534757,298.353918311));
#2984=CARTESIAN_POINT('',(218.667756923,319.05502132,304.353918311));
#2985=CARTESIAN_POINT('Origin',(-8.658818983,520.722620302,306.353918311));
#2986=CARTESIAN_POINT('',(158.587974495004,520.788759804918,298.353918311));
#2987=CARTESIAN_POINT('',(158.587974495,520.788759815,304.353918311));
#2988=CARTESIAN_POINT('',(225.834775772228,520.815353274007,298.353918311));
#2989=CARTESIAN_POINT('',(225.834775773,520.815353274,298.353918311));
#2990=CARTESIAN_POINT('',(225.834775773,520.815353274,304.353918311));
#2991=CARTESIAN_POINT('Origin',(-8.658818983,520.722620302,306.353918311));
#2992=CARTESIAN_POINT('',(58.587982314,520.749213761037,298.353918311));
#2993=CARTESIAN_POINT('',(-8.65881896371969,520.722620270552,298.353918311));
#2994=CARTESIAN_POINT('',(58.587982314,520.749213761,298.353918311));
#2995=CARTESIAN_POINT('',(58.587982314,520.749213761,298.353918311));
#2996=CARTESIAN_POINT('',(-8.658818964,520.72262027,304.353918311));
#2997=CARTESIAN_POINT('Origin',(-69.59846626,378.941028085,301.353918311));
#2998=CARTESIAN_POINT('',(-43.113432136,378.951501871964,298.353918311));
#2999=CARTESIAN_POINT('',(-1.35595350300239,378.968015315036,298.353918311));
#3000=CARTESIAN_POINT('',(-43.113432136,378.951501872,298.353918311));
#3001=CARTESIAN_POINT('',(-43.113432136,378.951501872,298.353918311));
#3002=CARTESIAN_POINT('',(-1.355953503,378.968015309,304.353918311));
#3003=CARTESIAN_POINT('Origin',(-69.59846626,378.941028085,301.353918311));
#3004=CARTESIAN_POINT('',(260.401507934998,379.071530071147,298.353918311));
#3005=CARTESIAN_POINT('',(260.401507935,379.071530065,304.353918311));
#3006=CARTESIAN_POINT('',(218.644029294,379.055016628187,298.353918311));
#3007=CARTESIAN_POINT('',(218.644029294,379.055016628,298.353918311));
#3008=CARTESIAN_POINT('',(218.644029294,379.055016628,298.353918311));
#3009=CARTESIAN_POINT('Origin',(280.367003702,466.326239015,306.353918311));
#3010=CARTESIAN_POINT('',(280.393597160703,399.079437712,298.353918311));
#3011=CARTESIAN_POINT('',(280.36700369188,466.326238992063,298.353918311));
#3012=CARTESIAN_POINT('',(280.393597161,399.079437712,298.353918311));
#3013=CARTESIAN_POINT('',(280.393597161,399.079437712,298.353918311));
#3014=CARTESIAN_POINT('',(280.367003702,466.326238992,304.353918311));
#3015=CARTESIAN_POINT('Origin',(-63.147933241,466.190392401,306.353918311));
#3016=CARTESIAN_POINT('',(-63.1213397675653,398.943591097006,298.353918311));
#3017=CARTESIAN_POINT('',(-63.121339783,398.943591097,304.353918311));
#3018=CARTESIAN_POINT('',(-63.1479332416666,466.190392369006,298.353918311));
#3019=CARTESIAN_POINT('',(-63.147933241,466.190392369,298.353918311));
#3020=CARTESIAN_POINT('',(-63.147933242,466.190392369,298.353918311));
#3021=CARTESIAN_POINT('Origin',(351.929006185,97.695531887,298.353918311));
#3022=CARTESIAN_POINT('',(-8.52297235145925,177.207683380314,298.353918311));
#3023=CARTESIAN_POINT('',(58.7238289249959,177.234276827415,298.353918311));
#3024=CARTESIAN_POINT('',(-8.522972353,177.207683359,298.353918311));
#3025=CARTESIAN_POINT('',(78.7159181572187,197.242184464002,298.353918311));
#3026=CARTESIAN_POINT('Origin',(58.715919715,197.234275253,298.353918311));
#3027=CARTESIAN_POINT('',(78.6994047141461,238.999663099,298.353918311));
#3028=CARTESIAN_POINT('',(78.699404714,238.999663099,298.353918311));
#3029=CARTESIAN_POINT('',(-1.33222587400263,318.968020006661,298.353918311));
#3030=CARTESIAN_POINT('Origin',(-1.30058903,238.968026256,298.353918311));
#3031=CARTESIAN_POINT('',(-43.089704503,318.951506564037,298.353918311));
#3032=CARTESIAN_POINT('',(-43.089704503,318.951506564,298.353918311));
#3033=CARTESIAN_POINT('',(-63.0817937280365,298.943598917,298.353918311));
#3034=CARTESIAN_POINT('Origin',(-43.081795292,298.951508128,298.353918311));
#3035=CARTESIAN_POINT('',(-63.0552002588653,231.696797629835,298.353918311));
#3036=CARTESIAN_POINT('',(-63.081793728,298.943598917,298.353918311));
#3037=CARTESIAN_POINT('',(-55.7437958981128,216.092614817457,298.353918311));
#3038=CARTESIAN_POINT('Origin',(-41.8367676933485,232.123796153551,298.353918311));
#3039=CARTESIAN_POINT('',(-24.1329329560014,184.506743717455,298.353918311));
#3040=CARTESIAN_POINT('Origin',(108.65590167332,349.011518277985,298.353918311009));
#3041=CARTESIAN_POINT('Origin',(-8.11275606755497,198.426447023888,298.353918311));
#3042=CARTESIAN_POINT('',(138.699400022187,239.023390732,298.353918311));
#3043=CARTESIAN_POINT('Origin',(218.699393767,239.055027576,298.353918311));
#3044=CARTESIAN_POINT('',(138.715913465146,197.265912097002,298.353918311));
#3045=CARTESIAN_POINT('',(138.699400022,239.023390732,298.353918311));
#3046=CARTESIAN_POINT('Origin',(158.715911895,197.273821308,298.353918311));
#3047=CARTESIAN_POINT('',(241.574805218015,184.611820704945,298.353918311));
#3048=CARTESIAN_POINT('Origin',(225.543623876204,198.518848908503,298.353918310999));
#3049=CARTESIAN_POINT('',(273.160676210078,216.222683512292,298.353918311));
#3050=CARTESIAN_POINT('Origin',(108.655901746435,349.011518287751,298.353918311));
#3051=CARTESIAN_POINT('',(280.459736674007,231.832644251774,298.353918311));
#3052=CARTESIAN_POINT('Origin',(259.240973011136,232.242860532027,298.353918311));
#3053=CARTESIAN_POINT('',(280.433143204918,299.079445530996,298.353918311));
#3054=CARTESIAN_POINT('',(280.459736674,231.832644251,298.353918311));
#3055=CARTESIAN_POINT('Origin',(260.433144779,299.071536321,298.353918311));
#3056=CARTESIAN_POINT('',(138.595885263447,500.780852167997,298.353918311));
#3057=CARTESIAN_POINT('Origin',(158.595883706,500.788761379,298.353918311));
#3058=CARTESIAN_POINT('',(138.612398706187,459.023373529,298.353918311));
#3059=CARTESIAN_POINT('',(138.612398706,459.023373529,298.353918311));
#3060=CARTESIAN_POINT('Origin',(218.612392451,459.055010373,298.353918311));
#3061=CARTESIAN_POINT('Origin',(260.393598724,399.071528501,298.353918311));
#3062=CARTESIAN_POINT('',(273.055599321331,481.9304218241,298.353918311));
#3063=CARTESIAN_POINT('Origin',(259.148571122494,465.899240476332,298.353918311));
#3064=CARTESIAN_POINT('',(241.444736462456,513.516292865384,298.353918311));
#3065=CARTESIAN_POINT('Origin',(108.655901741557,349.011518342073,298.353918311003));
#3066=CARTESIAN_POINT('Origin',(225.42455950133,499.59658961139,298.353918311));
#3067=CARTESIAN_POINT('Origin',(-43.121341347,398.951500308,298.353918311));
#3068=CARTESIAN_POINT('',(78.612403398146,458.999645897,298.353918311));
#3069=CARTESIAN_POINT('Origin',(-1.387590346,458.968009053,298.353918311));
#3070=CARTESIAN_POINT('',(78.5958899548541,500.757124534998,298.353918311));
#3071=CARTESIAN_POINT('',(78.612403398,458.999645897,298.353918311));
#3072=CARTESIAN_POINT('Origin',(58.595891525,500.749215325,298.353918311));
#3073=CARTESIAN_POINT('',(-17.7393252639634,518.47815831467,298.353918311));
#3074=CARTESIAN_POINT('Origin',(-8.23182043950496,499.504187703915,298.353918311003));
#3075=CARTESIAN_POINT('',(-55.8488728312344,481.800353065957,298.353918311));
#3076=CARTESIAN_POINT('Origin',(108.65590169415,349.011518335972,298.353918311002));
#3077=CARTESIAN_POINT('Origin',(-41.9291695774686,465.780176099915,298.353918311));
#3078=CARTESIAN_POINT('',(193.896093899,164.582731139,298.353918311));
#3079=CARTESIAN_POINT('',(23.561604804015,164.51537052515,298.353918311));
#3080=CARTESIAN_POINT('',(193.896093899,164.582731139,298.353918311));
#3081=CARTESIAN_POINT('',(23.0439014287296,164.494034896428,298.353918311));
#3082=CARTESIAN_POINT('Origin',(23.5641135899031,158.162871208437,298.353918311021));
#3083=CARTESIAN_POINT('',(194.413813983027,164.561804941004,298.353918311329));
#3084=CARTESIAN_POINT('Origin',(108.655901715866,349.011518316035,298.353918310795));
#3085=CARTESIAN_POINT('Origin',(193.898609398913,158.230231187786,298.353918311064));
#3086=CARTESIAN_POINT('',(293.105615091894,434.76943058292,298.353918305011));
#3087=CARTESIAN_POINT('',(293.084688894,434.251710498,298.353918311));
#3088=CARTESIAN_POINT('Origin',(299.437188234704,434.254226021595,298.353918311043));
#3089=CARTESIAN_POINT('',(293.152049507344,263.917221403015,298.353918311));
#3090=CARTESIAN_POINT('',(293.084688894,434.251710498,298.353918311));
#3091=CARTESIAN_POINT('',(293.173385136,263.399518029,298.353918311));
#3092=CARTESIAN_POINT('Origin',(299.504549074399,263.919730213479,298.353918311021));
#3093=CARTESIAN_POINT('Origin',(108.655901715408,349.011518316459,298.353918260443));
#3094=CARTESIAN_POINT('',(194.267902003081,533.529001735959,298.353918310297));
#3095=CARTESIAN_POINT('',(22.8979894489356,533.461231691894,298.353918311314));
#3096=CARTESIAN_POINT('Origin',(108.65590171623,349.011518316181,298.353918309341));
#3097=CARTESIAN_POINT('',(23.415709536,533.440305494,298.353918311));
#3098=CARTESIAN_POINT('Origin',(23.4131940122762,539.792804880759,298.353918311043));
#3099=CARTESIAN_POINT('',(193.750198630985,533.507666107344,298.353918311));
#3100=CARTESIAN_POINT('',(23.415709536,533.440305494,298.353918311));
#3101=CARTESIAN_POINT('Origin',(193.747689820077,539.860165709584,298.353918311021));
#3102=CARTESIAN_POINT('',(-75.8615817038887,434.623518603028,298.353918310023));
#3103=CARTESIAN_POINT('',(-75.7938116598375,263.253606048611,298.353918311));
#3104=CARTESIAN_POINT('Origin',(108.655901716232,349.011518316088,298.353918300503));
#3105=CARTESIAN_POINT('',(-75.7728854599999,263.771322777,298.353918311));
#3106=CARTESIAN_POINT('Origin',(-82.1253851192312,263.768810619215,298.353918311043));
#3107=CARTESIAN_POINT('',(-75.8402460625493,434.10581523099,298.353918311));
#3108=CARTESIAN_POINT('',(-75.77288546,263.771322777,298.353918311));
#3109=CARTESIAN_POINT('Origin',(-82.1927453100103,434.103306429206,298.353918310979));
#3110=CARTESIAN_POINT('',(103.127220335,577.11752787,298.353918311));
#3111=CARTESIAN_POINT('Origin',(108.566807343,576.304574504,298.353918311));
#3112=CARTESIAN_POINT('',(-124.076350754,349.735057724,298.353918311));
#3113=CARTESIAN_POINT('Origin',(-118.636763745,348.922104358,298.353918311));
#3114=CARTESIAN_POINT('',(103.307169364,122.532510073,298.353918311));
#3115=CARTESIAN_POINT('Origin',(108.746756373,121.719556707,298.353918311));
#3116=CARTESIAN_POINT('',(330.509716407,349.914827509,298.353918311));
#3117=CARTESIAN_POINT('Origin',(335.949303416,349.101874142,298.353918311));
#3118=CARTESIAN_POINT('Origin',(108.655901714541,349.011518316752,296.825168295763));
#3119=CARTESIAN_POINT('',(194.413813983,164.561804941,304.353918311));
#3120=CARTESIAN_POINT('',(23.043901429,164.494034897,304.353918311));
#3121=CARTESIAN_POINT('Origin',(193.898609400074,158.230231206757,301.353918311));
#3122=CARTESIAN_POINT('',(193.896093899,164.582731139,298.353918311));
#3123=CARTESIAN_POINT('Origin',(193.896093899,164.582731139,306.353918311));
#3124=CARTESIAN_POINT('',(23.561604804,164.515370563,304.353918311));
#3125=CARTESIAN_POINT('Origin',(23.5641135902278,158.162871192589,301.353918311));
#3126=CARTESIAN_POINT('Origin',(299.504549091816,263.919730213836,301.353918311));
#3127=CARTESIAN_POINT('',(293.173385136,263.399518029,304.353918311));
#3128=CARTESIAN_POINT('',(293.152049469,263.917221403,304.353918311));
#3129=CARTESIAN_POINT('Origin',(108.655901714541,349.011518316752,296.825168295763));
#3130=CARTESIAN_POINT('',(293.105615092,434.769430583,304.353918311));
#3131=CARTESIAN_POINT('Origin',(299.437188240356,434.254226021249,301.353918311));
#3132=CARTESIAN_POINT('',(293.084688894,434.251710498,298.353918311));
#3133=CARTESIAN_POINT('Origin',(293.084688894,434.251710499,306.353918311));
#3134=CARTESIAN_POINT('Origin',(23.415709534,533.440305494,306.353918311));
#3135=CARTESIAN_POINT('',(193.750198631,533.507666069,304.353918311));
#3136=CARTESIAN_POINT('',(23.415709536,533.440305494,298.353918311));
#3137=CARTESIAN_POINT('Origin',(193.747689820162,539.860165705308,301.353918311));
#3138=CARTESIAN_POINT('',(194.267902003,533.529001736,304.353918311));
#3139=CARTESIAN_POINT('Origin',(108.655901714541,349.011518316752,296.825168295763));
#3140=CARTESIAN_POINT('',(22.897989449,533.461231692,298.353918311));
#3141=CARTESIAN_POINT('Origin',(23.4131940129609,539.79280489201,301.353918311));
#3142=CARTESIAN_POINT('Origin',(-63.147933241,466.190392401,306.353918311));
#3143=CARTESIAN_POINT('',(-63.081793728,298.943598917,298.353918311));
#3144=CARTESIAN_POINT('',(-63.055200269,231.696797631,304.353918311));
#3145=CARTESIAN_POINT('Origin',(-41.8367676893005,232.12379615455,301.353918311));
#3146=CARTESIAN_POINT('',(-55.743795902,216.092614815,304.353918311));
#3147=CARTESIAN_POINT('Origin',(108.655901737797,349.01151833636,301.353918311));
#3148=CARTESIAN_POINT('',(-24.132932958,184.506743716,304.353918311));
#3149=CARTESIAN_POINT('Origin',(-8.11275607131664,198.426447020324,301.353918311));
#3150=CARTESIAN_POINT('',(-8.522972353,177.207683391,304.353918311));
#3151=CARTESIAN_POINT('Origin',(225.970622415,177.300416331,306.353918311));
#3152=CARTESIAN_POINT('',(58.723828925,177.234276817,304.353918311));
#3153=CARTESIAN_POINT('Origin',(225.543623874414,198.51884891623,301.353918311));
#3154=CARTESIAN_POINT('',(241.57480522,184.611820702,304.353918311));
#3155=CARTESIAN_POINT('Origin',(108.655901701685,349.011518337279,301.353918311));
#3156=CARTESIAN_POINT('',(273.160676211,216.222683511,304.353918311));
#3157=CARTESIAN_POINT('Origin',(259.240973007156,232.242860534884,301.353918311));
#3158=CARTESIAN_POINT('',(280.459736674,231.832644251,304.353918311));
#3159=CARTESIAN_POINT('Origin',(280.367003702,466.326239015,306.353918311));
#3160=CARTESIAN_POINT('',(280.433143215,299.079445531,304.353918311));
#3161=CARTESIAN_POINT('Origin',(259.148571119724,465.89924047574,301.353918311));
#3162=CARTESIAN_POINT('',(273.055599324,481.930421826,304.353918311));
#3163=CARTESIAN_POINT('Origin',(108.655901695571,349.011518300602,301.353918311));
#3164=CARTESIAN_POINT('',(241.444736458,513.516292862,304.353918311));
#3165=CARTESIAN_POINT('Origin',(225.424559497761,499.596589606619,301.353918311));
#3166=CARTESIAN_POINT('Origin',(-8.2318204404202,499.504187710375,301.353918311));
#3167=CARTESIAN_POINT('',(-17.739325257,518.478158307,304.353918311));
#3168=CARTESIAN_POINT('Origin',(108.65590175663,349.011518262151,301.353918311));
#3169=CARTESIAN_POINT('',(-55.848872834,481.800353068,298.353918311));
#3170=CARTESIAN_POINT('Origin',(-41.9291695701796,465.780176094281,301.353918311));
#3171=CARTESIAN_POINT('Origin',(-75.840246037,434.105815231,306.353918311));
#3172=CARTESIAN_POINT('',(-75.77288546,263.771322777,304.353918311));
#3173=CARTESIAN_POINT('',(-75.840246037,434.105815231,304.353918311));
#3174=CARTESIAN_POINT('Origin',(-82.1927453191121,434.10330642902,301.353918311));
#3175=CARTESIAN_POINT('',(-75.861581704,434.623518603,304.353918311));
#3176=CARTESIAN_POINT('Origin',(108.655901714541,349.011518316752,296.825168295763));
#3177=CARTESIAN_POINT('',(-75.793811659,263.253606049,298.353918311));
#3178=CARTESIAN_POINT('Origin',(-82.1253851357307,263.768810620222,301.353918311));
#3179=CARTESIAN_POINT('Origin',(108.566807343,576.304574504,300.153918311));
#3180=CARTESIAN_POINT('',(103.12722033439,577.117527870292,300.153918311));
#3181=CARTESIAN_POINT('Origin',(-118.636763745,348.922104358,298.353918311));
#3182=CARTESIAN_POINT('',(-124.07635075361,349.735057724292,298.353918311));
#3183=CARTESIAN_POINT('Origin',(108.746756373,121.719556707,291.553918311));
#3184=CARTESIAN_POINT('',(103.30716936439,122.532510073292,291.553918311));
#3185=CARTESIAN_POINT('Origin',(335.949303416,349.101874142,294.553918311));
#3186=CARTESIAN_POINT('',(330.50971640739,349.914827508292,294.553918311));
#3187=CARTESIAN_POINT('Origin',(-69.574738628,318.941032777,301.353918311));
#3188=CARTESIAN_POINT('',(-43.089704503,318.951506564,304.353918311));
#3189=CARTESIAN_POINT('',(-1.332225874,318.96802,298.353918311));
#3190=CARTESIAN_POINT('Origin',(78.651254438,360.757135483,301.353918311));
#3191=CARTESIAN_POINT('',(78.595889961,500.757124535,304.353918311));
#3192=CARTESIAN_POINT('',(78.612403398,458.999645897,298.353918311));
#3193=CARTESIAN_POINT('Origin',(138.651249746,360.780863115,301.353918311));
#3194=CARTESIAN_POINT('',(138.59588527,500.780852168,298.353918311));
#3195=CARTESIAN_POINT('',(138.612398706,459.023373529,304.353918311));
#3196=CARTESIAN_POINT('Origin',(78.66450828,327.242174299,301.353918311));
#3197=CARTESIAN_POINT('',(78.715918151,197.242184464,298.353918311));
#3198=CARTESIAN_POINT('',(78.699404714,238.999663099,304.353918311));
#3199=CARTESIAN_POINT('Origin',(138.664503588,327.265901932,301.353918311));
#3200=CARTESIAN_POINT('',(138.715913459,197.265912097,304.353918311));
#3201=CARTESIAN_POINT('',(138.699400022,239.023390732,298.353918311));
#3202=CARTESIAN_POINT('Origin',(-1.30058903,238.968026256,301.353918311));
#3203=CARTESIAN_POINT('Origin',(218.699393767,239.055027576,301.353918311));
#3204=CARTESIAN_POINT('Origin',(-1.387590346,458.968009053,301.353918311));
#3205=CARTESIAN_POINT('Origin',(218.612392451,459.055010373,301.353918311));
#3206=CARTESIAN_POINT('Origin',(158.715911895,197.273821308,301.353918311));
#3207=CARTESIAN_POINT('Origin',(58.715919715,197.234275253,306.353918311));
#3208=CARTESIAN_POINT('Origin',(158.595883706,500.788761379,301.353918311));
#3209=CARTESIAN_POINT('Origin',(58.595891525,500.749215325,301.353918311));
#3210=CARTESIAN_POINT('Origin',(-43.081795292,298.951508128,301.353918311));
#3211=CARTESIAN_POINT('Origin',(-43.121341347,398.951500308,306.353918311));
#3212=CARTESIAN_POINT('Origin',(260.393598724,399.071528501,301.353918311));
#3213=CARTESIAN_POINT('Origin',(260.433144779,299.071536321,306.353918311));
#3214=UNCERTAINTY_MEASURE_WITH_UNIT(LENGTH_MEASURE(0.01),#3218,
'DISTANCE_ACCURACY_VALUE',
'Maximum model space distance between geometric entities at asserted c
onnectivities');
#3215=UNCERTAINTY_MEASURE_WITH_UNIT(LENGTH_MEASURE(0.01),#3218,
'DISTANCE_ACCURACY_VALUE',
'Maximum model space distance between geometric entities at asserted c
onnectivities');
#3216=(
GEOMETRIC_REPRESENTATION_CONTEXT(3)
GLOBAL_UNCERTAINTY_ASSIGNED_CONTEXT((#3214))
GLOBAL_UNIT_ASSIGNED_CONTEXT((#3218,#3220,#3221))
REPRESENTATION_CONTEXT('','3D')
);
#3217=(
GEOMETRIC_REPRESENTATION_CONTEXT(3)
GLOBAL_UNCERTAINTY_ASSIGNED_CONTEXT((#3215))
GLOBAL_UNIT_ASSIGNED_CONTEXT((#3218,#3220,#3221))
REPRESENTATION_CONTEXT('','3D')
);
#3218=(
LENGTH_UNIT()
NAMED_UNIT(*)
SI_UNIT(.MILLI.,.METRE.)
);
#3219=(
LENGTH_UNIT()
NAMED_UNIT(*)
SI_UNIT(.CENTI.,.METRE.)
);
#3220=(
NAMED_UNIT(*)
PLANE_ANGLE_UNIT()
SI_UNIT($,.RADIAN.)
);
#3221=(
NAMED_UNIT(*)
SI_UNIT($,.STERADIAN.)
SOLID_ANGLE_UNIT()
);
#3222=SHAPE_DEFINITION_REPRESENTATION(#3223,#3224);
#3223=PRODUCT_DEFINITION_SHAPE('',$,#3226);
#3224=SHAPE_REPRESENTATION('',(#1890),#3216);
#3225=PRODUCT_DEFINITION_CONTEXT('part definition',#3230,'design');
#3226=PRODUCT_DEFINITION('Assembly231015Kerangka Bawah 1',
'Assembly231015Kerangka Bawah 1',#3227,#3225);
#3227=PRODUCT_DEFINITION_FORMATION('',$,#3232);
#3228=PRODUCT_RELATED_PRODUCT_CATEGORY('Assembly231015Kerangka Bawah 1',
'Assembly231015Kerangka Bawah 1',(#3232));
#3229=APPLICATION_PROTOCOL_DEFINITION('international standard',
'automotive_design',2009,#3230);
#3230=APPLICATION_CONTEXT(
'Core Data for Automotive Mechanical Design Process');
#3231=PRODUCT_CONTEXT('part definition',#3230,'mechanical');
#3232=PRODUCT('Assembly231015Kerangka Bawah 1',
'Assembly231015Kerangka Bawah 1',$,(#3231));
#3233=PRESENTATION_STYLE_ASSIGNMENT((#3235));
#3234=PRESENTATION_STYLE_ASSIGNMENT((#3236));
#3235=SURFACE_STYLE_USAGE(.BOTH.,#3241);
#3236=SURFACE_STYLE_USAGE(.BOTH.,#3242);
#3237=SURFACE_STYLE_RENDERING_WITH_PROPERTIES($,#3249,(#3239));
#3238=SURFACE_STYLE_RENDERING_WITH_PROPERTIES($,#3250,(#3240));
#3239=SURFACE_STYLE_TRANSPARENT(0.53999999165535);
#3240=SURFACE_STYLE_TRANSPARENT(0.);
#3241=SURFACE_SIDE_STYLE('',(#3243,#3237));
#3242=SURFACE_SIDE_STYLE('',(#3244,#3238));
#3243=SURFACE_STYLE_FILL_AREA(#3245);
#3244=SURFACE_STYLE_FILL_AREA(#3246);
#3245=FILL_AREA_STYLE('',(#3247));
#3246=FILL_AREA_STYLE('',(#3248));
#3247=FILL_AREA_STYLE_COLOUR('',#3249);
#3248=FILL_AREA_STYLE_COLOUR('',#3250);
#3249=COLOUR_RGB('',0.8,0.8,0.8);
#3250=COLOUR_RGB('',0.666666666666667,0.666666666666667,0.666666666666667);
ENDSEC;
END-ISO-10303-21;
