ISO-10303-21;
HEADER;
/* Generated by software containing ST-Developer
 * from STEP Tools, Inc. (www.steptools.com) 
 */

FILE_DESCRIPTION(
/* description */ (''),
/* implementation_level */ '2;1');

FILE_NAME(
/* name */ 
'I:\\ASU_FOE\\graduation project\\quadcopter\\matlab xml\\231123\\\\Ba
seC_6_ipt_475c7a50.STEP',
/* time_stamp */ '2023-11-23T19:53:36+02:00',
/* author */ ('Lenovo'),
/* organization */ (''),
/* preprocessor_version */ 'ST-DEVELOPER v18.1',
/* originating_system */ 'Autodesk Inventor 2021',
/* authorisation */ '');

FILE_SCHEMA (('AUTOMOTIVE_DESIGN { 1 0 10303 214 3 1 1 }'));
ENDSEC;

DATA;
#10=MECHANICAL_DESIGN_GEOMETRIC_PRESENTATION_REPRESENTATION('',(#13),#6065);
#11=SHAPE_REPRESENTATION_RELATIONSHIP('SRR','None',#6072,#12);
#12=ADVANCED_BREP_SHAPE_REPRESENTATION('',(#14),#6064);
#13=STYLED_ITEM('',(#6082),#14);
#14=MANIFOLD_SOLID_BREP('Solid1',#3527);
#15=CYLINDRICAL_SURFACE('',#3745,0.25);
#16=CYLINDRICAL_SURFACE('',#3747,0.25);
#17=CYLINDRICAL_SURFACE('',#3749,0.3);
#18=CYLINDRICAL_SURFACE('',#3751,0.3);
#19=CYLINDRICAL_SURFACE('',#3753,0.3);
#20=CYLINDRICAL_SURFACE('',#3755,0.3);
#21=CYLINDRICAL_SURFACE('',#3756,2.1);
#22=CYLINDRICAL_SURFACE('',#3757,0.3);
#23=CYLINDRICAL_SURFACE('',#3759,0.3);
#24=CYLINDRICAL_SURFACE('',#3761,0.3);
#25=CYLINDRICAL_SURFACE('',#3763,0.3);
#26=CYLINDRICAL_SURFACE('',#3765,0.25);
#27=CYLINDRICAL_SURFACE('',#3767,0.25);
#28=CYLINDRICAL_SURFACE('',#3769,0.25);
#29=CYLINDRICAL_SURFACE('',#3771,0.3);
#30=CYLINDRICAL_SURFACE('',#3773,0.5);
#31=CYLINDRICAL_SURFACE('',#3775,0.3);
#32=CYLINDRICAL_SURFACE('',#3777,0.25);
#33=CYLINDRICAL_SURFACE('',#3779,0.25);
#34=CYLINDRICAL_SURFACE('',#3781,0.25);
#35=CYLINDRICAL_SURFACE('',#3783,0.25);
#36=CYLINDRICAL_SURFACE('',#3785,0.3);
#37=CYLINDRICAL_SURFACE('',#3786,0.25);
#38=CYLINDRICAL_SURFACE('',#3787,0.3);
#39=CYLINDRICAL_SURFACE('',#3789,0.25);
#40=CYLINDRICAL_SURFACE('',#3791,0.25);
#41=CYLINDRICAL_SURFACE('',#3793,0.25);
#42=CYLINDRICAL_SURFACE('',#3795,0.25);
#43=CYLINDRICAL_SURFACE('',#3797,0.3);
#44=CYLINDRICAL_SURFACE('',#3799,0.3);
#45=CYLINDRICAL_SURFACE('',#3801,0.25);
#46=CYLINDRICAL_SURFACE('',#3803,0.25);
#47=CYLINDRICAL_SURFACE('',#3805,0.25);
#48=CYLINDRICAL_SURFACE('',#3807,0.25);
#49=CYLINDRICAL_SURFACE('',#3809,0.3);
#50=CYLINDRICAL_SURFACE('',#3810,0.25);
#51=CYLINDRICAL_SURFACE('',#3811,0.3);
#52=CYLINDRICAL_SURFACE('',#3813,0.25);
#53=CYLINDRICAL_SURFACE('',#3815,0.25);
#54=CYLINDRICAL_SURFACE('',#3817,0.25);
#55=CYLINDRICAL_SURFACE('',#3819,0.25);
#56=CYLINDRICAL_SURFACE('',#3821,0.3);
#57=CYLINDRICAL_SURFACE('',#3823,0.5);
#58=CYLINDRICAL_SURFACE('',#3825,0.3);
#59=CYLINDRICAL_SURFACE('',#3827,0.25);
#60=CYLINDRICAL_SURFACE('',#3829,0.25);
#61=CYLINDRICAL_SURFACE('',#3831,0.25);
#62=CYLINDRICAL_SURFACE('',#3833,0.3);
#63=CYLINDRICAL_SURFACE('',#3835,0.3);
#64=CYLINDRICAL_SURFACE('',#3837,0.3);
#65=CYLINDRICAL_SURFACE('',#3839,0.3);
#66=CYLINDRICAL_SURFACE('',#3840,2.1);
#67=CYLINDRICAL_SURFACE('',#3841,0.3);
#68=CYLINDRICAL_SURFACE('',#3843,0.3);
#69=CYLINDRICAL_SURFACE('',#3845,0.3);
#70=CYLINDRICAL_SURFACE('',#3847,0.3);
#71=CYLINDRICAL_SURFACE('',#3849,0.25);
#72=CYLINDRICAL_SURFACE('',#3851,0.25);
#73=CYLINDRICAL_SURFACE('',#3853,0.25);
#74=CYLINDRICAL_SURFACE('',#3855,0.3);
#75=CYLINDRICAL_SURFACE('',#3857,0.5);
#76=CYLINDRICAL_SURFACE('',#3859,0.3);
#77=CYLINDRICAL_SURFACE('',#3861,0.25);
#78=CYLINDRICAL_SURFACE('',#3863,0.25);
#79=CYLINDRICAL_SURFACE('',#3865,0.25);
#80=CYLINDRICAL_SURFACE('',#3867,0.25);
#81=CYLINDRICAL_SURFACE('',#3869,0.3);
#82=CYLINDRICAL_SURFACE('',#3870,0.25);
#83=CYLINDRICAL_SURFACE('',#3871,0.3);
#84=CYLINDRICAL_SURFACE('',#3873,0.25);
#85=CYLINDRICAL_SURFACE('',#3875,0.25);
#86=CYLINDRICAL_SURFACE('',#3877,0.25);
#87=CYLINDRICAL_SURFACE('',#3879,0.25);
#88=CYLINDRICAL_SURFACE('',#3881,0.3);
#89=CYLINDRICAL_SURFACE('',#3883,0.3);
#90=CYLINDRICAL_SURFACE('',#3885,0.25);
#91=CYLINDRICAL_SURFACE('',#3887,0.25);
#92=CYLINDRICAL_SURFACE('',#3889,0.25);
#93=CYLINDRICAL_SURFACE('',#3891,0.25);
#94=CYLINDRICAL_SURFACE('',#3893,0.3);
#95=CYLINDRICAL_SURFACE('',#3894,0.25);
#96=CYLINDRICAL_SURFACE('',#3895,0.3);
#97=CYLINDRICAL_SURFACE('',#3897,0.25);
#98=CYLINDRICAL_SURFACE('',#3899,0.25);
#99=CYLINDRICAL_SURFACE('',#3901,0.25);
#100=CYLINDRICAL_SURFACE('',#3903,0.25);
#101=CYLINDRICAL_SURFACE('',#3905,0.3);
#102=CYLINDRICAL_SURFACE('',#3907,0.5);
#103=CYLINDRICAL_SURFACE('',#3909,0.3);
#104=CYLINDRICAL_SURFACE('',#3911,0.25);
#105=CYLINDRICAL_SURFACE('',#3913,2.);
#106=CYLINDRICAL_SURFACE('',#3914,3.25);
#107=CYLINDRICAL_SURFACE('',#3915,6.);
#108=CYLINDRICAL_SURFACE('',#3916,3.25);
#109=CYLINDRICAL_SURFACE('',#3917,2.);
#110=CYLINDRICAL_SURFACE('',#3918,3.25);
#111=CYLINDRICAL_SURFACE('',#3919,6.);
#112=CYLINDRICAL_SURFACE('',#3920,3.25);
#113=FACE_BOUND('',#294,.T.);
#114=FACE_BOUND('',#296,.T.);
#115=FACE_OUTER_BOUND('',#293,.T.);
#116=FACE_OUTER_BOUND('',#295,.T.);
#117=FACE_OUTER_BOUND('',#297,.T.);
#118=FACE_OUTER_BOUND('',#298,.T.);
#119=FACE_OUTER_BOUND('',#299,.T.);
#120=FACE_OUTER_BOUND('',#300,.T.);
#121=FACE_OUTER_BOUND('',#301,.T.);
#122=FACE_OUTER_BOUND('',#302,.T.);
#123=FACE_OUTER_BOUND('',#303,.T.);
#124=FACE_OUTER_BOUND('',#304,.T.);
#125=FACE_OUTER_BOUND('',#305,.T.);
#126=FACE_OUTER_BOUND('',#306,.T.);
#127=FACE_OUTER_BOUND('',#307,.T.);
#128=FACE_OUTER_BOUND('',#308,.T.);
#129=FACE_OUTER_BOUND('',#309,.T.);
#130=FACE_OUTER_BOUND('',#310,.T.);
#131=FACE_OUTER_BOUND('',#311,.T.);
#132=FACE_OUTER_BOUND('',#312,.T.);
#133=FACE_OUTER_BOUND('',#313,.T.);
#134=FACE_OUTER_BOUND('',#314,.T.);
#135=FACE_OUTER_BOUND('',#315,.T.);
#136=FACE_OUTER_BOUND('',#316,.T.);
#137=FACE_OUTER_BOUND('',#317,.T.);
#138=FACE_OUTER_BOUND('',#318,.T.);
#139=FACE_OUTER_BOUND('',#319,.T.);
#140=FACE_OUTER_BOUND('',#320,.T.);
#141=FACE_OUTER_BOUND('',#321,.T.);
#142=FACE_OUTER_BOUND('',#322,.T.);
#143=FACE_OUTER_BOUND('',#323,.T.);
#144=FACE_OUTER_BOUND('',#324,.T.);
#145=FACE_OUTER_BOUND('',#325,.T.);
#146=FACE_OUTER_BOUND('',#326,.T.);
#147=FACE_OUTER_BOUND('',#327,.T.);
#148=FACE_OUTER_BOUND('',#328,.T.);
#149=FACE_OUTER_BOUND('',#329,.T.);
#150=FACE_OUTER_BOUND('',#330,.T.);
#151=FACE_OUTER_BOUND('',#331,.T.);
#152=FACE_OUTER_BOUND('',#332,.T.);
#153=FACE_OUTER_BOUND('',#333,.T.);
#154=FACE_OUTER_BOUND('',#334,.T.);
#155=FACE_OUTER_BOUND('',#335,.T.);
#156=FACE_OUTER_BOUND('',#336,.T.);
#157=FACE_OUTER_BOUND('',#337,.T.);
#158=FACE_OUTER_BOUND('',#338,.T.);
#159=FACE_OUTER_BOUND('',#339,.T.);
#160=FACE_OUTER_BOUND('',#340,.T.);
#161=FACE_OUTER_BOUND('',#341,.T.);
#162=FACE_OUTER_BOUND('',#342,.T.);
#163=FACE_OUTER_BOUND('',#343,.T.);
#164=FACE_OUTER_BOUND('',#344,.T.);
#165=FACE_OUTER_BOUND('',#345,.T.);
#166=FACE_OUTER_BOUND('',#346,.T.);
#167=FACE_OUTER_BOUND('',#347,.T.);
#168=FACE_OUTER_BOUND('',#348,.T.);
#169=FACE_OUTER_BOUND('',#349,.T.);
#170=FACE_OUTER_BOUND('',#350,.T.);
#171=FACE_OUTER_BOUND('',#351,.T.);
#172=FACE_OUTER_BOUND('',#352,.T.);
#173=FACE_OUTER_BOUND('',#353,.T.);
#174=FACE_OUTER_BOUND('',#354,.T.);
#175=FACE_OUTER_BOUND('',#355,.T.);
#176=FACE_OUTER_BOUND('',#356,.T.);
#177=FACE_OUTER_BOUND('',#357,.T.);
#178=FACE_OUTER_BOUND('',#358,.T.);
#179=FACE_OUTER_BOUND('',#359,.T.);
#180=FACE_OUTER_BOUND('',#360,.T.);
#181=FACE_OUTER_BOUND('',#361,.T.);
#182=FACE_OUTER_BOUND('',#362,.T.);
#183=FACE_OUTER_BOUND('',#363,.T.);
#184=FACE_OUTER_BOUND('',#364,.T.);
#185=FACE_OUTER_BOUND('',#365,.T.);
#186=FACE_OUTER_BOUND('',#366,.T.);
#187=FACE_OUTER_BOUND('',#367,.T.);
#188=FACE_OUTER_BOUND('',#368,.T.);
#189=FACE_OUTER_BOUND('',#369,.T.);
#190=FACE_OUTER_BOUND('',#370,.T.);
#191=FACE_OUTER_BOUND('',#371,.T.);
#192=FACE_OUTER_BOUND('',#372,.T.);
#193=FACE_OUTER_BOUND('',#373,.T.);
#194=FACE_OUTER_BOUND('',#374,.T.);
#195=FACE_OUTER_BOUND('',#375,.T.);
#196=FACE_OUTER_BOUND('',#376,.T.);
#197=FACE_OUTER_BOUND('',#377,.T.);
#198=FACE_OUTER_BOUND('',#378,.T.);
#199=FACE_OUTER_BOUND('',#379,.T.);
#200=FACE_OUTER_BOUND('',#380,.T.);
#201=FACE_OUTER_BOUND('',#381,.T.);
#202=FACE_OUTER_BOUND('',#382,.T.);
#203=FACE_OUTER_BOUND('',#383,.T.);
#204=FACE_OUTER_BOUND('',#384,.T.);
#205=FACE_OUTER_BOUND('',#385,.T.);
#206=FACE_OUTER_BOUND('',#386,.T.);
#207=FACE_OUTER_BOUND('',#387,.T.);
#208=FACE_OUTER_BOUND('',#388,.T.);
#209=FACE_OUTER_BOUND('',#389,.T.);
#210=FACE_OUTER_BOUND('',#390,.T.);
#211=FACE_OUTER_BOUND('',#391,.T.);
#212=FACE_OUTER_BOUND('',#392,.T.);
#213=FACE_OUTER_BOUND('',#393,.T.);
#214=FACE_OUTER_BOUND('',#394,.T.);
#215=FACE_OUTER_BOUND('',#395,.T.);
#216=FACE_OUTER_BOUND('',#396,.T.);
#217=FACE_OUTER_BOUND('',#397,.T.);
#218=FACE_OUTER_BOUND('',#398,.T.);
#219=FACE_OUTER_BOUND('',#399,.T.);
#220=FACE_OUTER_BOUND('',#400,.T.);
#221=FACE_OUTER_BOUND('',#401,.T.);
#222=FACE_OUTER_BOUND('',#402,.T.);
#223=FACE_OUTER_BOUND('',#403,.T.);
#224=FACE_OUTER_BOUND('',#404,.T.);
#225=FACE_OUTER_BOUND('',#405,.T.);
#226=FACE_OUTER_BOUND('',#406,.T.);
#227=FACE_OUTER_BOUND('',#407,.T.);
#228=FACE_OUTER_BOUND('',#408,.T.);
#229=FACE_OUTER_BOUND('',#409,.T.);
#230=FACE_OUTER_BOUND('',#410,.T.);
#231=FACE_OUTER_BOUND('',#411,.T.);
#232=FACE_OUTER_BOUND('',#412,.T.);
#233=FACE_OUTER_BOUND('',#413,.T.);
#234=FACE_OUTER_BOUND('',#414,.T.);
#235=FACE_OUTER_BOUND('',#415,.T.);
#236=FACE_OUTER_BOUND('',#416,.T.);
#237=FACE_OUTER_BOUND('',#417,.T.);
#238=FACE_OUTER_BOUND('',#418,.T.);
#239=FACE_OUTER_BOUND('',#419,.T.);
#240=FACE_OUTER_BOUND('',#420,.T.);
#241=FACE_OUTER_BOUND('',#421,.T.);
#242=FACE_OUTER_BOUND('',#422,.T.);
#243=FACE_OUTER_BOUND('',#423,.T.);
#244=FACE_OUTER_BOUND('',#424,.T.);
#245=FACE_OUTER_BOUND('',#425,.T.);
#246=FACE_OUTER_BOUND('',#426,.T.);
#247=FACE_OUTER_BOUND('',#427,.T.);
#248=FACE_OUTER_BOUND('',#428,.T.);
#249=FACE_OUTER_BOUND('',#429,.T.);
#250=FACE_OUTER_BOUND('',#430,.T.);
#251=FACE_OUTER_BOUND('',#431,.T.);
#252=FACE_OUTER_BOUND('',#432,.T.);
#253=FACE_OUTER_BOUND('',#433,.T.);
#254=FACE_OUTER_BOUND('',#434,.T.);
#255=FACE_OUTER_BOUND('',#435,.T.);
#256=FACE_OUTER_BOUND('',#436,.T.);
#257=FACE_OUTER_BOUND('',#437,.T.);
#258=FACE_OUTER_BOUND('',#438,.T.);
#259=FACE_OUTER_BOUND('',#439,.T.);
#260=FACE_OUTER_BOUND('',#440,.T.);
#261=FACE_OUTER_BOUND('',#441,.T.);
#262=FACE_OUTER_BOUND('',#442,.T.);
#263=FACE_OUTER_BOUND('',#443,.T.);
#264=FACE_OUTER_BOUND('',#444,.T.);
#265=FACE_OUTER_BOUND('',#445,.T.);
#266=FACE_OUTER_BOUND('',#446,.T.);
#267=FACE_OUTER_BOUND('',#447,.T.);
#268=FACE_OUTER_BOUND('',#448,.T.);
#269=FACE_OUTER_BOUND('',#449,.T.);
#270=FACE_OUTER_BOUND('',#450,.T.);
#271=FACE_OUTER_BOUND('',#451,.T.);
#272=FACE_OUTER_BOUND('',#452,.T.);
#273=FACE_OUTER_BOUND('',#453,.T.);
#274=FACE_OUTER_BOUND('',#454,.T.);
#275=FACE_OUTER_BOUND('',#455,.T.);
#276=FACE_OUTER_BOUND('',#456,.T.);
#277=FACE_OUTER_BOUND('',#457,.T.);
#278=FACE_OUTER_BOUND('',#458,.T.);
#279=FACE_OUTER_BOUND('',#459,.T.);
#280=FACE_OUTER_BOUND('',#460,.T.);
#281=FACE_OUTER_BOUND('',#461,.T.);
#282=FACE_OUTER_BOUND('',#462,.T.);
#283=FACE_OUTER_BOUND('',#463,.T.);
#284=FACE_OUTER_BOUND('',#464,.T.);
#285=FACE_OUTER_BOUND('',#465,.T.);
#286=FACE_OUTER_BOUND('',#466,.T.);
#287=FACE_OUTER_BOUND('',#467,.T.);
#288=FACE_OUTER_BOUND('',#468,.T.);
#289=FACE_OUTER_BOUND('',#469,.T.);
#290=FACE_OUTER_BOUND('',#470,.T.);
#291=FACE_OUTER_BOUND('',#471,.T.);
#292=FACE_OUTER_BOUND('',#472,.T.);
#293=EDGE_LOOP('',(#2213,#2214,#2215,#2216,#2217,#2218,#2219,#2220,#2221,
#2222,#2223,#2224,#2225,#2226,#2227,#2228,#2229,#2230,#2231,#2232,#2233,
#2234,#2235,#2236,#2237,#2238,#2239,#2240,#2241,#2242,#2243,#2244,#2245,
#2246,#2247,#2248,#2249,#2250,#2251,#2252,#2253,#2254,#2255,#2256,#2257,
#2258,#2259,#2260,#2261,#2262,#2263,#2264,#2265,#2266,#2267,#2268,#2269,
#2270,#2271,#2272,#2273,#2274,#2275,#2276,#2277,#2278,#2279,#2280,#2281,
#2282,#2283,#2284,#2285,#2286,#2287,#2288,#2289,#2290,#2291,#2292,#2293,
#2294,#2295,#2296,#2297,#2298,#2299,#2300,#2301,#2302,#2303,#2304,#2305,
#2306,#2307,#2308,#2309,#2310,#2311,#2312,#2313,#2314,#2315,#2316,#2317,
#2318,#2319,#2320,#2321,#2322,#2323,#2324,#2325,#2326,#2327,#2328,#2329,
#2330,#2331,#2332,#2333,#2334,#2335,#2336,#2337,#2338,#2339,#2340,#2341,
#2342,#2343,#2344,#2345,#2346,#2347,#2348,#2349,#2350,#2351,#2352,#2353,
#2354,#2355,#2356,#2357,#2358,#2359,#2360,#2361,#2362,#2363,#2364,#2365,
#2366,#2367,#2368,#2369,#2370,#2371,#2372,#2373,#2374,#2375,#2376,#2377,
#2378,#2379,#2380));
#294=EDGE_LOOP('',(#2381,#2382,#2383,#2384,#2385,#2386,#2387,#2388));
#295=EDGE_LOOP('',(#2389,#2390,#2391,#2392,#2393,#2394,#2395,#2396,#2397,
#2398,#2399,#2400,#2401,#2402,#2403,#2404,#2405,#2406,#2407,#2408,#2409,
#2410,#2411,#2412,#2413,#2414,#2415,#2416,#2417,#2418,#2419,#2420,#2421,
#2422,#2423,#2424,#2425,#2426,#2427,#2428,#2429,#2430,#2431,#2432,#2433,
#2434,#2435,#2436,#2437,#2438,#2439,#2440,#2441,#2442,#2443,#2444,#2445,
#2446,#2447,#2448,#2449,#2450,#2451,#2452,#2453,#2454,#2455,#2456,#2457,
#2458,#2459,#2460,#2461,#2462,#2463,#2464,#2465,#2466,#2467,#2468,#2469,
#2470,#2471,#2472,#2473,#2474,#2475,#2476,#2477,#2478,#2479,#2480,#2481,
#2482,#2483,#2484,#2485,#2486,#2487,#2488,#2489,#2490,#2491,#2492,#2493,
#2494,#2495,#2496,#2497,#2498,#2499,#2500,#2501,#2502,#2503,#2504,#2505,
#2506,#2507,#2508,#2509,#2510,#2511,#2512,#2513,#2514,#2515,#2516,#2517,
#2518,#2519,#2520,#2521,#2522,#2523,#2524,#2525,#2526,#2527,#2528,#2529,
#2530,#2531,#2532,#2533,#2534,#2535,#2536,#2537,#2538,#2539,#2540,#2541,
#2542,#2543,#2544,#2545,#2546,#2547,#2548,#2549,#2550,#2551,#2552,#2553,
#2554,#2555,#2556));
#296=EDGE_LOOP('',(#2557,#2558,#2559,#2560,#2561,#2562,#2563,#2564));
#297=EDGE_LOOP('',(#2565,#2566,#2567,#2568));
#298=EDGE_LOOP('',(#2569,#2570,#2571,#2572));
#299=EDGE_LOOP('',(#2573,#2574,#2575,#2576));
#300=EDGE_LOOP('',(#2577,#2578,#2579,#2580));
#301=EDGE_LOOP('',(#2581,#2582,#2583,#2584));
#302=EDGE_LOOP('',(#2585,#2586,#2587,#2588));
#303=EDGE_LOOP('',(#2589,#2590,#2591,#2592));
#304=EDGE_LOOP('',(#2593,#2594,#2595,#2596));
#305=EDGE_LOOP('',(#2597,#2598,#2599,#2600));
#306=EDGE_LOOP('',(#2601,#2602,#2603,#2604));
#307=EDGE_LOOP('',(#2605,#2606,#2607,#2608));
#308=EDGE_LOOP('',(#2609,#2610,#2611,#2612));
#309=EDGE_LOOP('',(#2613,#2614,#2615,#2616));
#310=EDGE_LOOP('',(#2617,#2618,#2619,#2620));
#311=EDGE_LOOP('',(#2621,#2622,#2623,#2624));
#312=EDGE_LOOP('',(#2625,#2626,#2627,#2628));
#313=EDGE_LOOP('',(#2629,#2630,#2631,#2632));
#314=EDGE_LOOP('',(#2633,#2634,#2635,#2636));
#315=EDGE_LOOP('',(#2637,#2638,#2639,#2640));
#316=EDGE_LOOP('',(#2641,#2642,#2643,#2644));
#317=EDGE_LOOP('',(#2645,#2646,#2647,#2648));
#318=EDGE_LOOP('',(#2649,#2650,#2651,#2652));
#319=EDGE_LOOP('',(#2653,#2654,#2655,#2656));
#320=EDGE_LOOP('',(#2657,#2658,#2659,#2660));
#321=EDGE_LOOP('',(#2661,#2662,#2663,#2664));
#322=EDGE_LOOP('',(#2665,#2666,#2667,#2668));
#323=EDGE_LOOP('',(#2669,#2670,#2671,#2672));
#324=EDGE_LOOP('',(#2673,#2674,#2675,#2676));
#325=EDGE_LOOP('',(#2677,#2678,#2679,#2680));
#326=EDGE_LOOP('',(#2681,#2682,#2683,#2684));
#327=EDGE_LOOP('',(#2685,#2686,#2687,#2688));
#328=EDGE_LOOP('',(#2689,#2690,#2691,#2692));
#329=EDGE_LOOP('',(#2693,#2694,#2695,#2696));
#330=EDGE_LOOP('',(#2697,#2698,#2699,#2700));
#331=EDGE_LOOP('',(#2701,#2702,#2703,#2704));
#332=EDGE_LOOP('',(#2705,#2706,#2707,#2708));
#333=EDGE_LOOP('',(#2709,#2710,#2711,#2712));
#334=EDGE_LOOP('',(#2713,#2714,#2715,#2716));
#335=EDGE_LOOP('',(#2717,#2718,#2719,#2720));
#336=EDGE_LOOP('',(#2721,#2722,#2723,#2724));
#337=EDGE_LOOP('',(#2725,#2726,#2727,#2728));
#338=EDGE_LOOP('',(#2729,#2730,#2731,#2732));
#339=EDGE_LOOP('',(#2733,#2734,#2735,#2736));
#340=EDGE_LOOP('',(#2737,#2738,#2739,#2740));
#341=EDGE_LOOP('',(#2741,#2742,#2743,#2744));
#342=EDGE_LOOP('',(#2745,#2746,#2747,#2748));
#343=EDGE_LOOP('',(#2749,#2750,#2751,#2752));
#344=EDGE_LOOP('',(#2753,#2754,#2755,#2756));
#345=EDGE_LOOP('',(#2757,#2758,#2759,#2760));
#346=EDGE_LOOP('',(#2761,#2762,#2763,#2764));
#347=EDGE_LOOP('',(#2765,#2766,#2767,#2768));
#348=EDGE_LOOP('',(#2769,#2770,#2771,#2772));
#349=EDGE_LOOP('',(#2773,#2774,#2775,#2776));
#350=EDGE_LOOP('',(#2777,#2778,#2779,#2780));
#351=EDGE_LOOP('',(#2781,#2782,#2783,#2784));
#352=EDGE_LOOP('',(#2785,#2786,#2787,#2788));
#353=EDGE_LOOP('',(#2789,#2790,#2791,#2792));
#354=EDGE_LOOP('',(#2793,#2794,#2795,#2796));
#355=EDGE_LOOP('',(#2797,#2798,#2799,#2800));
#356=EDGE_LOOP('',(#2801,#2802,#2803,#2804));
#357=EDGE_LOOP('',(#2805,#2806,#2807,#2808));
#358=EDGE_LOOP('',(#2809,#2810,#2811,#2812));
#359=EDGE_LOOP('',(#2813,#2814,#2815,#2816));
#360=EDGE_LOOP('',(#2817,#2818,#2819,#2820));
#361=EDGE_LOOP('',(#2821,#2822,#2823,#2824));
#362=EDGE_LOOP('',(#2825,#2826,#2827,#2828));
#363=EDGE_LOOP('',(#2829,#2830,#2831,#2832));
#364=EDGE_LOOP('',(#2833,#2834,#2835,#2836));
#365=EDGE_LOOP('',(#2837,#2838,#2839,#2840));
#366=EDGE_LOOP('',(#2841,#2842,#2843,#2844));
#367=EDGE_LOOP('',(#2845,#2846,#2847,#2848));
#368=EDGE_LOOP('',(#2849,#2850,#2851,#2852));
#369=EDGE_LOOP('',(#2853,#2854,#2855,#2856));
#370=EDGE_LOOP('',(#2857,#2858,#2859,#2860));
#371=EDGE_LOOP('',(#2861,#2862,#2863,#2864));
#372=EDGE_LOOP('',(#2865,#2866,#2867,#2868));
#373=EDGE_LOOP('',(#2869,#2870,#2871,#2872));
#374=EDGE_LOOP('',(#2873,#2874,#2875,#2876));
#375=EDGE_LOOP('',(#2877,#2878,#2879,#2880));
#376=EDGE_LOOP('',(#2881,#2882,#2883,#2884));
#377=EDGE_LOOP('',(#2885,#2886,#2887,#2888));
#378=EDGE_LOOP('',(#2889,#2890,#2891,#2892));
#379=EDGE_LOOP('',(#2893,#2894,#2895,#2896));
#380=EDGE_LOOP('',(#2897,#2898,#2899,#2900));
#381=EDGE_LOOP('',(#2901,#2902,#2903,#2904));
#382=EDGE_LOOP('',(#2905,#2906,#2907,#2908));
#383=EDGE_LOOP('',(#2909,#2910,#2911,#2912));
#384=EDGE_LOOP('',(#2913,#2914,#2915,#2916));
#385=EDGE_LOOP('',(#2917,#2918,#2919,#2920));
#386=EDGE_LOOP('',(#2921,#2922,#2923,#2924));
#387=EDGE_LOOP('',(#2925,#2926,#2927,#2928));
#388=EDGE_LOOP('',(#2929,#2930,#2931,#2932));
#389=EDGE_LOOP('',(#2933,#2934,#2935,#2936));
#390=EDGE_LOOP('',(#2937,#2938,#2939,#2940));
#391=EDGE_LOOP('',(#2941,#2942,#2943,#2944));
#392=EDGE_LOOP('',(#2945,#2946,#2947,#2948));
#393=EDGE_LOOP('',(#2949,#2950,#2951,#2952));
#394=EDGE_LOOP('',(#2953,#2954,#2955,#2956));
#395=EDGE_LOOP('',(#2957,#2958,#2959,#2960));
#396=EDGE_LOOP('',(#2961,#2962,#2963,#2964));
#397=EDGE_LOOP('',(#2965,#2966,#2967,#2968));
#398=EDGE_LOOP('',(#2969,#2970,#2971,#2972));
#399=EDGE_LOOP('',(#2973,#2974,#2975,#2976));
#400=EDGE_LOOP('',(#2977,#2978,#2979,#2980));
#401=EDGE_LOOP('',(#2981,#2982,#2983,#2984));
#402=EDGE_LOOP('',(#2985,#2986,#2987,#2988));
#403=EDGE_LOOP('',(#2989,#2990,#2991,#2992));
#404=EDGE_LOOP('',(#2993,#2994,#2995,#2996));
#405=EDGE_LOOP('',(#2997,#2998,#2999,#3000));
#406=EDGE_LOOP('',(#3001,#3002,#3003,#3004));
#407=EDGE_LOOP('',(#3005,#3006,#3007,#3008));
#408=EDGE_LOOP('',(#3009,#3010,#3011,#3012));
#409=EDGE_LOOP('',(#3013,#3014,#3015,#3016));
#410=EDGE_LOOP('',(#3017,#3018,#3019,#3020));
#411=EDGE_LOOP('',(#3021,#3022,#3023,#3024));
#412=EDGE_LOOP('',(#3025,#3026,#3027,#3028));
#413=EDGE_LOOP('',(#3029,#3030,#3031,#3032));
#414=EDGE_LOOP('',(#3033,#3034,#3035,#3036));
#415=EDGE_LOOP('',(#3037,#3038,#3039,#3040));
#416=EDGE_LOOP('',(#3041,#3042,#3043,#3044));
#417=EDGE_LOOP('',(#3045,#3046,#3047,#3048));
#418=EDGE_LOOP('',(#3049,#3050,#3051,#3052));
#419=EDGE_LOOP('',(#3053,#3054,#3055,#3056));
#420=EDGE_LOOP('',(#3057,#3058,#3059,#3060));
#421=EDGE_LOOP('',(#3061,#3062,#3063,#3064));
#422=EDGE_LOOP('',(#3065,#3066,#3067,#3068));
#423=EDGE_LOOP('',(#3069,#3070,#3071,#3072));
#424=EDGE_LOOP('',(#3073,#3074,#3075,#3076));
#425=EDGE_LOOP('',(#3077,#3078,#3079,#3080));
#426=EDGE_LOOP('',(#3081,#3082,#3083,#3084));
#427=EDGE_LOOP('',(#3085,#3086,#3087,#3088));
#428=EDGE_LOOP('',(#3089,#3090,#3091,#3092));
#429=EDGE_LOOP('',(#3093,#3094,#3095,#3096));
#430=EDGE_LOOP('',(#3097,#3098,#3099,#3100));
#431=EDGE_LOOP('',(#3101,#3102,#3103,#3104));
#432=EDGE_LOOP('',(#3105,#3106,#3107,#3108));
#433=EDGE_LOOP('',(#3109,#3110,#3111,#3112));
#434=EDGE_LOOP('',(#3113,#3114,#3115,#3116));
#435=EDGE_LOOP('',(#3117,#3118,#3119,#3120));
#436=EDGE_LOOP('',(#3121,#3122,#3123,#3124));
#437=EDGE_LOOP('',(#3125,#3126,#3127,#3128));
#438=EDGE_LOOP('',(#3129,#3130,#3131,#3132));
#439=EDGE_LOOP('',(#3133,#3134,#3135,#3136));
#440=EDGE_LOOP('',(#3137,#3138,#3139,#3140));
#441=EDGE_LOOP('',(#3141,#3142,#3143,#3144));
#442=EDGE_LOOP('',(#3145,#3146,#3147,#3148));
#443=EDGE_LOOP('',(#3149,#3150,#3151,#3152));
#444=EDGE_LOOP('',(#3153,#3154,#3155,#3156));
#445=EDGE_LOOP('',(#3157,#3158,#3159,#3160));
#446=EDGE_LOOP('',(#3161,#3162,#3163,#3164));
#447=EDGE_LOOP('',(#3165,#3166,#3167,#3168));
#448=EDGE_LOOP('',(#3169,#3170,#3171,#3172));
#449=EDGE_LOOP('',(#3173,#3174,#3175,#3176));
#450=EDGE_LOOP('',(#3177,#3178,#3179,#3180));
#451=EDGE_LOOP('',(#3181,#3182,#3183,#3184));
#452=EDGE_LOOP('',(#3185,#3186,#3187,#3188));
#453=EDGE_LOOP('',(#3189,#3190,#3191,#3192));
#454=EDGE_LOOP('',(#3193,#3194,#3195,#3196));
#455=EDGE_LOOP('',(#3197,#3198,#3199,#3200));
#456=EDGE_LOOP('',(#3201,#3202,#3203,#3204));
#457=EDGE_LOOP('',(#3205,#3206,#3207,#3208));
#458=EDGE_LOOP('',(#3209,#3210,#3211,#3212));
#459=EDGE_LOOP('',(#3213,#3214,#3215,#3216));
#460=EDGE_LOOP('',(#3217,#3218,#3219,#3220));
#461=EDGE_LOOP('',(#3221,#3222,#3223,#3224));
#462=EDGE_LOOP('',(#3225,#3226,#3227,#3228));
#463=EDGE_LOOP('',(#3229,#3230,#3231,#3232));
#464=EDGE_LOOP('',(#3233,#3234,#3235,#3236));
#465=EDGE_LOOP('',(#3237,#3238,#3239,#3240));
#466=EDGE_LOOP('',(#3241,#3242,#3243,#3244));
#467=EDGE_LOOP('',(#3245,#3246,#3247,#3248));
#468=EDGE_LOOP('',(#3249,#3250,#3251,#3252));
#469=EDGE_LOOP('',(#3253,#3254,#3255,#3256));
#470=EDGE_LOOP('',(#3257,#3258,#3259,#3260));
#471=EDGE_LOOP('',(#3261,#3262,#3263,#3264));
#472=EDGE_LOOP('',(#3265,#3266,#3267,#3268));
#473=LINE('',#5009,#805);
#474=LINE('',#5013,#806);
#475=LINE('',#5017,#807);
#476=LINE('',#5021,#808);
#477=LINE('',#5025,#809);
#478=LINE('',#5033,#810);
#479=LINE('',#5037,#811);
#480=LINE('',#5041,#812);
#481=LINE('',#5045,#813);
#482=LINE('',#5049,#814);
#483=LINE('',#5053,#815);
#484=LINE('',#5057,#816);
#485=LINE('',#5061,#817);
#486=LINE('',#5065,#818);
#487=LINE('',#5069,#819);
#488=LINE('',#5073,#820);
#489=LINE('',#5077,#821);
#490=LINE('',#5081,#822);
#491=LINE('',#5085,#823);
#492=LINE('',#5093,#824);
#493=LINE('',#5097,#825);
#494=LINE('',#5101,#826);
#495=LINE('',#5105,#827);
#496=LINE('',#5109,#828);
#497=LINE('',#5113,#829);
#498=LINE('',#5117,#830);
#499=LINE('',#5121,#831);
#500=LINE('',#5125,#832);
#501=LINE('',#5129,#833);
#502=LINE('',#5133,#834);
#503=LINE('',#5141,#835);
#504=LINE('',#5145,#836);
#505=LINE('',#5149,#837);
#506=LINE('',#5153,#838);
#507=LINE('',#5157,#839);
#508=LINE('',#5161,#840);
#509=LINE('',#5165,#841);
#510=LINE('',#5169,#842);
#511=LINE('',#5173,#843);
#512=LINE('',#5177,#844);
#513=LINE('',#5181,#845);
#514=LINE('',#5185,#846);
#515=LINE('',#5189,#847);
#516=LINE('',#5193,#848);
#517=LINE('',#5201,#849);
#518=LINE('',#5205,#850);
#519=LINE('',#5209,#851);
#520=LINE('',#5213,#852);
#521=LINE('',#5217,#853);
#522=LINE('',#5221,#854);
#523=LINE('',#5225,#855);
#524=LINE('',#5229,#856);
#525=LINE('',#5233,#857);
#526=LINE('',#5237,#858);
#527=LINE('',#5241,#859);
#528=LINE('',#5245,#860);
#529=LINE('',#5249,#861);
#530=LINE('',#5253,#862);
#531=LINE('',#5261,#863);
#532=LINE('',#5265,#864);
#533=LINE('',#5269,#865);
#534=LINE('',#5273,#866);
#535=LINE('',#5277,#867);
#536=LINE('',#5281,#868);
#537=LINE('',#5285,#869);
#538=LINE('',#5289,#870);
#539=LINE('',#5293,#871);
#540=LINE('',#5297,#872);
#541=LINE('',#5301,#873);
#542=LINE('',#5309,#874);
#543=LINE('',#5313,#875);
#544=LINE('',#5317,#876);
#545=LINE('',#5321,#877);
#546=LINE('',#5325,#878);
#547=LINE('',#5329,#879);
#548=LINE('',#5333,#880);
#549=LINE('',#5337,#881);
#550=LINE('',#5340,#882);
#551=LINE('',#5362,#883);
#552=LINE('',#5366,#884);
#553=LINE('',#5370,#885);
#554=LINE('',#5374,#886);
#555=LINE('',#5378,#887);
#556=LINE('',#5382,#888);
#557=LINE('',#5386,#889);
#558=LINE('',#5390,#890);
#559=LINE('',#5394,#891);
#560=LINE('',#5402,#892);
#561=LINE('',#5406,#893);
#562=LINE('',#5410,#894);
#563=LINE('',#5414,#895);
#564=LINE('',#5418,#896);
#565=LINE('',#5422,#897);
#566=LINE('',#5426,#898);
#567=LINE('',#5430,#899);
#568=LINE('',#5434,#900);
#569=LINE('',#5438,#901);
#570=LINE('',#5442,#902);
#571=LINE('',#5450,#903);
#572=LINE('',#5454,#904);
#573=LINE('',#5458,#905);
#574=LINE('',#5462,#906);
#575=LINE('',#5466,#907);
#576=LINE('',#5470,#908);
#577=LINE('',#5474,#909);
#578=LINE('',#5478,#910);
#579=LINE('',#5482,#911);
#580=LINE('',#5486,#912);
#581=LINE('',#5490,#913);
#582=LINE('',#5494,#914);
#583=LINE('',#5498,#915);
#584=LINE('',#5502,#916);
#585=LINE('',#5510,#917);
#586=LINE('',#5514,#918);
#587=LINE('',#5518,#919);
#588=LINE('',#5522,#920);
#589=LINE('',#5526,#921);
#590=LINE('',#5530,#922);
#591=LINE('',#5534,#923);
#592=LINE('',#5538,#924);
#593=LINE('',#5542,#925);
#594=LINE('',#5546,#926);
#595=LINE('',#5550,#927);
#596=LINE('',#5554,#928);
#597=LINE('',#5558,#929);
#598=LINE('',#5562,#930);
#599=LINE('',#5570,#931);
#600=LINE('',#5574,#932);
#601=LINE('',#5578,#933);
#602=LINE('',#5582,#934);
#603=LINE('',#5586,#935);
#604=LINE('',#5590,#936);
#605=LINE('',#5594,#937);
#606=LINE('',#5598,#938);
#607=LINE('',#5602,#939);
#608=LINE('',#5606,#940);
#609=LINE('',#5610,#941);
#610=LINE('',#5618,#942);
#611=LINE('',#5622,#943);
#612=LINE('',#5626,#944);
#613=LINE('',#5630,#945);
#614=LINE('',#5634,#946);
#615=LINE('',#5638,#947);
#616=LINE('',#5642,#948);
#617=LINE('',#5646,#949);
#618=LINE('',#5650,#950);
#619=LINE('',#5654,#951);
#620=LINE('',#5658,#952);
#621=LINE('',#5662,#953);
#622=LINE('',#5666,#954);
#623=LINE('',#5670,#955);
#624=LINE('',#5678,#956);
#625=LINE('',#5682,#957);
#626=LINE('',#5686,#958);
#627=LINE('',#5690,#959);
#628=LINE('',#5693,#960);
#629=LINE('',#5711,#961);
#630=LINE('',#5712,#962);
#631=LINE('',#5714,#963);
#632=LINE('',#5716,#964);
#633=LINE('',#5718,#965);
#634=LINE('',#5720,#966);
#635=LINE('',#5722,#967);
#636=LINE('',#5724,#968);
#637=LINE('',#5726,#969);
#638=LINE('',#5728,#970);
#639=LINE('',#5730,#971);
#640=LINE('',#5732,#972);
#641=LINE('',#5734,#973);
#642=LINE('',#5736,#974);
#643=LINE('',#5738,#975);
#644=LINE('',#5740,#976);
#645=LINE('',#5742,#977);
#646=LINE('',#5744,#978);
#647=LINE('',#5746,#979);
#648=LINE('',#5748,#980);
#649=LINE('',#5750,#981);
#650=LINE('',#5752,#982);
#651=LINE('',#5754,#983);
#652=LINE('',#5756,#984);
#653=LINE('',#5758,#985);
#654=LINE('',#5760,#986);
#655=LINE('',#5762,#987);
#656=LINE('',#5764,#988);
#657=LINE('',#5766,#989);
#658=LINE('',#5768,#990);
#659=LINE('',#5770,#991);
#660=LINE('',#5772,#992);
#661=LINE('',#5774,#993);
#662=LINE('',#5776,#994);
#663=LINE('',#5778,#995);
#664=LINE('',#5780,#996);
#665=LINE('',#5782,#997);
#666=LINE('',#5784,#998);
#667=LINE('',#5786,#999);
#668=LINE('',#5788,#1000);
#669=LINE('',#5790,#1001);
#670=LINE('',#5792,#1002);
#671=LINE('',#5794,#1003);
#672=LINE('',#5796,#1004);
#673=LINE('',#5798,#1005);
#674=LINE('',#5800,#1006);
#675=LINE('',#5802,#1007);
#676=LINE('',#5804,#1008);
#677=LINE('',#5806,#1009);
#678=LINE('',#5808,#1010);
#679=LINE('',#5810,#1011);
#680=LINE('',#5812,#1012);
#681=LINE('',#5814,#1013);
#682=LINE('',#5816,#1014);
#683=LINE('',#5818,#1015);
#684=LINE('',#5820,#1016);
#685=LINE('',#5822,#1017);
#686=LINE('',#5824,#1018);
#687=LINE('',#5826,#1019);
#688=LINE('',#5828,#1020);
#689=LINE('',#5830,#1021);
#690=LINE('',#5832,#1022);
#691=LINE('',#5834,#1023);
#692=LINE('',#5836,#1024);
#693=LINE('',#5838,#1025);
#694=LINE('',#5840,#1026);
#695=LINE('',#5842,#1027);
#696=LINE('',#5844,#1028);
#697=LINE('',#5846,#1029);
#698=LINE('',#5848,#1030);
#699=LINE('',#5850,#1031);
#700=LINE('',#5852,#1032);
#701=LINE('',#5854,#1033);
#702=LINE('',#5856,#1034);
#703=LINE('',#5858,#1035);
#704=LINE('',#5860,#1036);
#705=LINE('',#5862,#1037);
#706=LINE('',#5864,#1038);
#707=LINE('',#5866,#1039);
#708=LINE('',#5868,#1040);
#709=LINE('',#5870,#1041);
#710=LINE('',#5872,#1042);
#711=LINE('',#5874,#1043);
#712=LINE('',#5876,#1044);
#713=LINE('',#5878,#1045);
#714=LINE('',#5880,#1046);
#715=LINE('',#5882,#1047);
#716=LINE('',#5884,#1048);
#717=LINE('',#5886,#1049);
#718=LINE('',#5888,#1050);
#719=LINE('',#5890,#1051);
#720=LINE('',#5892,#1052);
#721=LINE('',#5894,#1053);
#722=LINE('',#5896,#1054);
#723=LINE('',#5898,#1055);
#724=LINE('',#5900,#1056);
#725=LINE('',#5902,#1057);
#726=LINE('',#5904,#1058);
#727=LINE('',#5906,#1059);
#728=LINE('',#5908,#1060);
#729=LINE('',#5910,#1061);
#730=LINE('',#5912,#1062);
#731=LINE('',#5914,#1063);
#732=LINE('',#5916,#1064);
#733=LINE('',#5918,#1065);
#734=LINE('',#5920,#1066);
#735=LINE('',#5922,#1067);
#736=LINE('',#5924,#1068);
#737=LINE('',#5926,#1069);
#738=LINE('',#5928,#1070);
#739=LINE('',#5930,#1071);
#740=LINE('',#5932,#1072);
#741=LINE('',#5934,#1073);
#742=LINE('',#5936,#1074);
#743=LINE('',#5938,#1075);
#744=LINE('',#5940,#1076);
#745=LINE('',#5942,#1077);
#746=LINE('',#5944,#1078);
#747=LINE('',#5946,#1079);
#748=LINE('',#5948,#1080);
#749=LINE('',#5950,#1081);
#750=LINE('',#5952,#1082);
#751=LINE('',#5954,#1083);
#752=LINE('',#5956,#1084);
#753=LINE('',#5958,#1085);
#754=LINE('',#5960,#1086);
#755=LINE('',#5962,#1087);
#756=LINE('',#5964,#1088);
#757=LINE('',#5966,#1089);
#758=LINE('',#5968,#1090);
#759=LINE('',#5970,#1091);
#760=LINE('',#5972,#1092);
#761=LINE('',#5974,#1093);
#762=LINE('',#5976,#1094);
#763=LINE('',#5978,#1095);
#764=LINE('',#5980,#1096);
#765=LINE('',#5982,#1097);
#766=LINE('',#5984,#1098);
#767=LINE('',#5986,#1099);
#768=LINE('',#5988,#1100);
#769=LINE('',#5990,#1101);
#770=LINE('',#5992,#1102);
#771=LINE('',#5994,#1103);
#772=LINE('',#5996,#1104);
#773=LINE('',#5998,#1105);
#774=LINE('',#6000,#1106);
#775=LINE('',#6002,#1107);
#776=LINE('',#6004,#1108);
#777=LINE('',#6006,#1109);
#778=LINE('',#6008,#1110);
#779=LINE('',#6010,#1111);
#780=LINE('',#6012,#1112);
#781=LINE('',#6014,#1113);
#782=LINE('',#6016,#1114);
#783=LINE('',#6018,#1115);
#784=LINE('',#6020,#1116);
#785=LINE('',#6022,#1117);
#786=LINE('',#6024,#1118);
#787=LINE('',#6026,#1119);
#788=LINE('',#6028,#1120);
#789=LINE('',#6030,#1121);
#790=LINE('',#6032,#1122);
#791=LINE('',#6034,#1123);
#792=LINE('',#6036,#1124);
#793=LINE('',#6038,#1125);
#794=LINE('',#6040,#1126);
#795=LINE('',#6042,#1127);
#796=LINE('',#6044,#1128);
#797=LINE('',#6047,#1129);
#798=LINE('',#6048,#1130);
#799=LINE('',#6050,#1131);
#800=LINE('',#6052,#1132);
#801=LINE('',#6054,#1133);
#802=LINE('',#6056,#1134);
#803=LINE('',#6058,#1135);
#804=LINE('',#6060,#1136);
#805=VECTOR('',#3927,1.320675908);
#806=VECTOR('',#3930,3.48558372008044);
#807=VECTOR('',#3933,0.899967736);
#808=VECTOR('',#3936,0.899965158);
#809=VECTOR('',#3939,0.488021181871251);
#810=VECTOR('',#3946,0.488021991871251);
#811=VECTOR('',#3949,0.899963124);
#812=VECTOR('',#3952,0.899965333);
#813=VECTOR('',#3955,3.48558572908044);
#814=VECTOR('',#3958,1.320674001);
#815=VECTOR('',#3961,1.850002882);
#816=VECTOR('',#3964,1.67634677955775);
#817=VECTOR('',#3967,4.929288115);
#818=VECTOR('',#3970,4.929289978);
#819=VECTOR('',#3973,1.67634502655775);
#820=VECTOR('',#3976,1.85);
#821=VECTOR('',#3979,1.32067208);
#822=VECTOR('',#3982,3.50629636307498);
#823=VECTOR('',#3985,2.259697742);
#824=VECTOR('',#3992,2.259697742);
#825=VECTOR('',#3995,3.50629400207498);
#826=VECTOR('',#3998,1.320677816);
#827=VECTOR('',#4001,1.850000711);
#828=VECTOR('',#4004,1.67634623155775);
#829=VECTOR('',#4007,10.858578026);
#830=VECTOR('',#4010,1.67634454555775);
#831=VECTOR('',#4013,1.850000972);
#832=VECTOR('',#4016,1.320672079);
#833=VECTOR('',#4019,3.50629385807498);
#834=VECTOR('',#4022,2.259697742);
#835=VECTOR('',#4029,2.259698664);
#836=VECTOR('',#4032,3.50629589207498);
#837=VECTOR('',#4035,1.32067457);
#838=VECTOR('',#4038,1.85);
#839=VECTOR('',#4041,1.67634640355775);
#840=VECTOR('',#4044,4.929288617);
#841=VECTOR('',#4047,4.929290531);
#842=VECTOR('',#4050,1.67634681855775);
#843=VECTOR('',#4053,1.850002851);
#844=VECTOR('',#4056,1.320675495);
#845=VECTOR('',#4059,3.48558108808044);
#846=VECTOR('',#4062,0.899963371);
#847=VECTOR('',#4065,0.899964287);
#848=VECTOR('',#4068,0.488021181871251);
#849=VECTOR('',#4075,0.488021884871251);
#850=VECTOR('',#4078,0.899964287);
#851=VECTOR('',#4081,0.899965168);
#852=VECTOR('',#4084,3.48558363708044);
#853=VECTOR('',#4087,1.320674965);
#854=VECTOR('',#4090,1.849997091);
#855=VECTOR('',#4093,1.67634481155775);
#856=VECTOR('',#4096,4.92929058);
#857=VECTOR('',#4099,4.929290262);
#858=VECTOR('',#4102,1.67634660555775);
#859=VECTOR('',#4105,1.85);
#860=VECTOR('',#4108,1.320674273);
#861=VECTOR('',#4111,3.50629605307498);
#862=VECTOR('',#4114,2.259697742);
#863=VECTOR('',#4121,2.259697742);
#864=VECTOR('',#4124,3.50629447607498);
#865=VECTOR('',#4127,1.320675942);
#866=VECTOR('',#4130,1.850000619);
#867=VECTOR('',#4133,1.67634660055775);
#868=VECTOR('',#4136,10.85857806);
#869=VECTOR('',#4139,1.67634629155775);
#870=VECTOR('',#4142,1.85);
#871=VECTOR('',#4145,1.320674005);
#872=VECTOR('',#4148,3.50629612507498);
#873=VECTOR('',#4151,2.259697742);
#874=VECTOR('',#4158,2.259697742);
#875=VECTOR('',#4161,3.50629573807498);
#876=VECTOR('',#4164,1.32067545);
#877=VECTOR('',#4167,1.85);
#878=VECTOR('',#4170,1.67634652555775);
#879=VECTOR('',#4173,4.929290372);
#880=VECTOR('',#4176,4.929290096);
#881=VECTOR('',#4179,1.67634641555775);
#882=VECTOR('',#4182,1.849996185);
#883=VECTOR('',#4203,1.849997203);
#884=VECTOR('',#4206,1.67634576055775);
#885=VECTOR('',#4209,4.929296114);
#886=VECTOR('',#4212,4.929292835);
#887=VECTOR('',#4215,1.67634615955775);
#888=VECTOR('',#4218,1.850002685);
#889=VECTOR('',#4221,1.320680605);
#890=VECTOR('',#4224,3.50628882907498);
#891=VECTOR('',#4227,2.259697742);
#892=VECTOR('',#4234,2.259697742);
#893=VECTOR('',#4237,3.50630150107497);
#894=VECTOR('',#4240,1.320667492);
#895=VECTOR('',#4243,1.85);
#896=VECTOR('',#4246,1.67635306855775);
#897=VECTOR('',#4249,10.858575928);
#898=VECTOR('',#4252,1.67634508455775);
#899=VECTOR('',#4255,1.850006955);
#900=VECTOR('',#4258,1.320681982);
#901=VECTOR('',#4261,3.50628623107498);
#902=VECTOR('',#4264,2.259697742);
#903=VECTOR('',#4271,2.259694334);
#904=VECTOR('',#4274,3.50629393807498);
#905=VECTOR('',#4277,1.320668924);
#906=VECTOR('',#4280,1.85);
#907=VECTOR('',#4283,1.67635386255775);
#908=VECTOR('',#4286,4.929285809);
#909=VECTOR('',#4289,4.9292967);
#910=VECTOR('',#4292,1.67634570655775);
#911=VECTOR('',#4295,1.849994471);
#912=VECTOR('',#4298,1.320679867);
#913=VECTOR('',#4301,3.48557709908044);
#914=VECTOR('',#4304,0.899971639);
#915=VECTOR('',#4307,0.899968354);
#916=VECTOR('',#4310,0.48802447987125);
#917=VECTOR('',#4317,0.48802463787125);
#918=VECTOR('',#4320,0.899959979);
#919=VECTOR('',#4323,0.899957446);
#920=VECTOR('',#4326,3.48557800208044);
#921=VECTOR('',#4329,1.320677525);
#922=VECTOR('',#4332,1.849999976);
#923=VECTOR('',#4335,1.67635240455775);
#924=VECTOR('',#4338,4.929290643);
#925=VECTOR('',#4341,4.929285893);
#926=VECTOR('',#4344,1.67634648455775);
#927=VECTOR('',#4347,1.85);
#928=VECTOR('',#4350,1.320669619);
#929=VECTOR('',#4353,3.50629571707498);
#930=VECTOR('',#4356,2.259701751);
#931=VECTOR('',#4363,2.259694711);
#932=VECTOR('',#4366,3.50628923507498);
#933=VECTOR('',#4369,1.320674978);
#934=VECTOR('',#4372,1.850003903);
#935=VECTOR('',#4375,1.67633781855775);
#936=VECTOR('',#4378,10.858571994);
#937=VECTOR('',#4381,1.67634379955775);
#938=VECTOR('',#4384,1.850004858);
#939=VECTOR('',#4387,1.320674857);
#940=VECTOR('',#4390,3.50628756907498);
#941=VECTOR('',#4393,2.259697742);
#942=VECTOR('',#4400,2.259697742);
#943=VECTOR('',#4403,3.50630279007497);
#944=VECTOR('',#4406,1.320674804);
#945=VECTOR('',#4409,1.85);
#946=VECTOR('',#4412,1.67634608055775);
#947=VECTOR('',#4415,4.929292172);
#948=VECTOR('',#4418,4.929280324);
#949=VECTOR('',#4421,1.67634517555775);
#950=VECTOR('',#4424,1.850006562);
#951=VECTOR('',#4427,1.320667928);
#952=VECTOR('',#4430,3.48559086708044);
#953=VECTOR('',#4433,0.899965063);
#954=VECTOR('',#4436,0.899964012);
#955=VECTOR('',#4439,0.48802414387125);
#956=VECTOR('',#4446,0.488023129871251);
#957=VECTOR('',#4449,0.899967141);
#958=VECTOR('',#4452,0.899963764);
#959=VECTOR('',#4455,3.48558398608044);
#960=VECTOR('',#4458,1.32067554);
#961=VECTOR('',#4477,66.);
#962=VECTOR('',#4478,66.);
#963=VECTOR('',#4481,66.);
#964=VECTOR('',#4484,66.);
#965=VECTOR('',#4487,66.);
#966=VECTOR('',#4490,66.);
#967=VECTOR('',#4493,66.);
#968=VECTOR('',#4496,66.);
#969=VECTOR('',#4499,66.);
#970=VECTOR('',#4502,66.);
#971=VECTOR('',#4505,66.);
#972=VECTOR('',#4508,66.);
#973=VECTOR('',#4511,66.);
#974=VECTOR('',#4514,66.);
#975=VECTOR('',#4517,66.);
#976=VECTOR('',#4520,66.);
#977=VECTOR('',#4523,66.);
#978=VECTOR('',#4526,66.);
#979=VECTOR('',#4529,66.);
#980=VECTOR('',#4532,66.);
#981=VECTOR('',#4535,66.);
#982=VECTOR('',#4538,66.);
#983=VECTOR('',#4541,66.);
#984=VECTOR('',#4544,66.);
#985=VECTOR('',#4547,66.);
#986=VECTOR('',#4550,66.);
#987=VECTOR('',#4553,66.);
#988=VECTOR('',#4556,66.);
#989=VECTOR('',#4559,66.);
#990=VECTOR('',#4562,66.);
#991=VECTOR('',#4565,66.);
#992=VECTOR('',#4568,66.);
#993=VECTOR('',#4571,66.);
#994=VECTOR('',#4574,66.);
#995=VECTOR('',#4577,66.);
#996=VECTOR('',#4580,66.);
#997=VECTOR('',#4583,66.);
#998=VECTOR('',#4586,66.);
#999=VECTOR('',#4589,66.);
#1000=VECTOR('',#4592,66.);
#1001=VECTOR('',#4595,66.);
#1002=VECTOR('',#4598,66.);
#1003=VECTOR('',#4601,66.);
#1004=VECTOR('',#4604,66.);
#1005=VECTOR('',#4607,66.);
#1006=VECTOR('',#4610,66.);
#1007=VECTOR('',#4613,66.);
#1008=VECTOR('',#4616,66.);
#1009=VECTOR('',#4619,66.);
#1010=VECTOR('',#4622,66.);
#1011=VECTOR('',#4625,66.);
#1012=VECTOR('',#4628,66.);
#1013=VECTOR('',#4631,66.);
#1014=VECTOR('',#4634,66.);
#1015=VECTOR('',#4637,66.);
#1016=VECTOR('',#4640,66.);
#1017=VECTOR('',#4643,66.);
#1018=VECTOR('',#4646,66.);
#1019=VECTOR('',#4649,66.);
#1020=VECTOR('',#4652,66.);
#1021=VECTOR('',#4655,66.);
#1022=VECTOR('',#4658,66.);
#1023=VECTOR('',#4661,66.);
#1024=VECTOR('',#4664,66.);
#1025=VECTOR('',#4667,66.);
#1026=VECTOR('',#4670,66.);
#1027=VECTOR('',#4673,66.);
#1028=VECTOR('',#4676,66.);
#1029=VECTOR('',#4679,66.);
#1030=VECTOR('',#4682,66.);
#1031=VECTOR('',#4685,66.);
#1032=VECTOR('',#4688,66.);
#1033=VECTOR('',#4691,66.);
#1034=VECTOR('',#4694,66.);
#1035=VECTOR('',#4697,66.);
#1036=VECTOR('',#4700,66.);
#1037=VECTOR('',#4703,66.);
#1038=VECTOR('',#4706,66.);
#1039=VECTOR('',#4709,66.);
#1040=VECTOR('',#4712,66.);
#1041=VECTOR('',#4715,66.);
#1042=VECTOR('',#4718,66.);
#1043=VECTOR('',#4721,66.);
#1044=VECTOR('',#4724,66.);
#1045=VECTOR('',#4727,66.);
#1046=VECTOR('',#4730,66.);
#1047=VECTOR('',#4733,66.);
#1048=VECTOR('',#4736,66.);
#1049=VECTOR('',#4739,66.);
#1050=VECTOR('',#4742,66.);
#1051=VECTOR('',#4745,66.);
#1052=VECTOR('',#4748,66.);
#1053=VECTOR('',#4751,66.);
#1054=VECTOR('',#4754,66.);
#1055=VECTOR('',#4757,66.);
#1056=VECTOR('',#4760,66.);
#1057=VECTOR('',#4763,66.);
#1058=VECTOR('',#4766,66.);
#1059=VECTOR('',#4769,66.);
#1060=VECTOR('',#4772,66.);
#1061=VECTOR('',#4775,66.);
#1062=VECTOR('',#4778,66.);
#1063=VECTOR('',#4781,66.);
#1064=VECTOR('',#4784,66.);
#1065=VECTOR('',#4787,66.);
#1066=VECTOR('',#4790,66.);
#1067=VECTOR('',#4793,66.);
#1068=VECTOR('',#4796,66.);
#1069=VECTOR('',#4799,66.);
#1070=VECTOR('',#4802,66.);
#1071=VECTOR('',#4805,66.);
#1072=VECTOR('',#4808,66.);
#1073=VECTOR('',#4811,66.);
#1074=VECTOR('',#4814,66.);
#1075=VECTOR('',#4817,66.);
#1076=VECTOR('',#4820,66.);
#1077=VECTOR('',#4823,66.);
#1078=VECTOR('',#4826,66.);
#1079=VECTOR('',#4829,66.);
#1080=VECTOR('',#4832,66.);
#1081=VECTOR('',#4835,66.);
#1082=VECTOR('',#4838,66.);
#1083=VECTOR('',#4841,66.);
#1084=VECTOR('',#4844,66.);
#1085=VECTOR('',#4847,66.);
#1086=VECTOR('',#4850,66.);
#1087=VECTOR('',#4853,66.);
#1088=VECTOR('',#4856,66.);
#1089=VECTOR('',#4859,66.);
#1090=VECTOR('',#4862,66.);
#1091=VECTOR('',#4865,66.);
#1092=VECTOR('',#4868,66.);
#1093=VECTOR('',#4871,66.);
#1094=VECTOR('',#4874,66.);
#1095=VECTOR('',#4877,66.);
#1096=VECTOR('',#4880,66.);
#1097=VECTOR('',#4883,66.);
#1098=VECTOR('',#4886,66.);
#1099=VECTOR('',#4889,66.);
#1100=VECTOR('',#4892,66.);
#1101=VECTOR('',#4895,66.);
#1102=VECTOR('',#4898,66.);
#1103=VECTOR('',#4901,66.);
#1104=VECTOR('',#4904,66.);
#1105=VECTOR('',#4907,66.);
#1106=VECTOR('',#4910,66.);
#1107=VECTOR('',#4913,66.);
#1108=VECTOR('',#4916,66.);
#1109=VECTOR('',#4919,66.);
#1110=VECTOR('',#4922,66.);
#1111=VECTOR('',#4925,66.);
#1112=VECTOR('',#4928,66.);
#1113=VECTOR('',#4931,66.);
#1114=VECTOR('',#4934,66.);
#1115=VECTOR('',#4937,66.);
#1116=VECTOR('',#4940,66.);
#1117=VECTOR('',#4943,66.);
#1118=VECTOR('',#4946,66.);
#1119=VECTOR('',#4949,66.);
#1120=VECTOR('',#4952,66.);
#1121=VECTOR('',#4955,66.);
#1122=VECTOR('',#4958,66.);
#1123=VECTOR('',#4961,66.);
#1124=VECTOR('',#4964,66.);
#1125=VECTOR('',#4967,66.);
#1126=VECTOR('',#4970,66.);
#1127=VECTOR('',#4973,66.);
#1128=VECTOR('',#4976,66.);
#1129=VECTOR('',#4981,66.);
#1130=VECTOR('',#4982,66.);
#1131=VECTOR('',#4985,66.);
#1132=VECTOR('',#4988,66.);
#1133=VECTOR('',#4991,66.);
#1134=VECTOR('',#4994,66.);
#1135=VECTOR('',#4997,66.);
#1136=VECTOR('',#5000,66.);
#1137=CIRCLE('',#3548,0.25);
#1138=CIRCLE('',#3549,0.25);
#1139=CIRCLE('',#3550,0.3);
#1140=CIRCLE('',#3551,0.3);
#1141=CIRCLE('',#3552,0.3);
#1142=CIRCLE('',#3553,0.3);
#1143=CIRCLE('',#3554,2.1);
#1144=CIRCLE('',#3555,0.3);
#1145=CIRCLE('',#3556,0.3);
#1146=CIRCLE('',#3557,0.3);
#1147=CIRCLE('',#3558,0.3);
#1148=CIRCLE('',#3559,0.25);
#1149=CIRCLE('',#3560,0.25);
#1150=CIRCLE('',#3561,0.25);
#1151=CIRCLE('',#3562,0.3);
#1152=CIRCLE('',#3563,0.5);
#1153=CIRCLE('',#3564,0.3);
#1154=CIRCLE('',#3565,0.25);
#1155=CIRCLE('',#3566,0.25);
#1156=CIRCLE('',#3567,0.25);
#1157=CIRCLE('',#3568,0.25);
#1158=CIRCLE('',#3569,0.3);
#1159=CIRCLE('',#3570,0.25);
#1160=CIRCLE('',#3571,0.3);
#1161=CIRCLE('',#3572,0.25);
#1162=CIRCLE('',#3573,0.25);
#1163=CIRCLE('',#3574,0.25);
#1164=CIRCLE('',#3575,0.25);
#1165=CIRCLE('',#3576,0.3);
#1166=CIRCLE('',#3577,0.3);
#1167=CIRCLE('',#3578,0.25);
#1168=CIRCLE('',#3579,0.25);
#1169=CIRCLE('',#3580,0.25);
#1170=CIRCLE('',#3581,0.25);
#1171=CIRCLE('',#3582,0.3);
#1172=CIRCLE('',#3583,0.25);
#1173=CIRCLE('',#3584,0.3);
#1174=CIRCLE('',#3585,0.25);
#1175=CIRCLE('',#3586,0.25);
#1176=CIRCLE('',#3587,0.25);
#1177=CIRCLE('',#3588,0.25);
#1178=CIRCLE('',#3589,0.3);
#1179=CIRCLE('',#3590,0.5);
#1180=CIRCLE('',#3591,0.3);
#1181=CIRCLE('',#3592,0.25);
#1182=CIRCLE('',#3593,0.25);
#1183=CIRCLE('',#3594,0.25);
#1184=CIRCLE('',#3595,0.3);
#1185=CIRCLE('',#3596,0.3);
#1186=CIRCLE('',#3597,0.3);
#1187=CIRCLE('',#3598,0.3);
#1188=CIRCLE('',#3599,2.1);
#1189=CIRCLE('',#3600,0.3);
#1190=CIRCLE('',#3601,0.3);
#1191=CIRCLE('',#3602,0.3);
#1192=CIRCLE('',#3603,0.3);
#1193=CIRCLE('',#3604,0.25);
#1194=CIRCLE('',#3605,0.25);
#1195=CIRCLE('',#3606,0.25);
#1196=CIRCLE('',#3607,0.3);
#1197=CIRCLE('',#3608,0.5);
#1198=CIRCLE('',#3609,0.3);
#1199=CIRCLE('',#3610,0.25);
#1200=CIRCLE('',#3611,0.25);
#1201=CIRCLE('',#3612,0.25);
#1202=CIRCLE('',#3613,0.25);
#1203=CIRCLE('',#3614,0.3);
#1204=CIRCLE('',#3615,0.25);
#1205=CIRCLE('',#3616,0.3);
#1206=CIRCLE('',#3617,0.25);
#1207=CIRCLE('',#3618,0.25);
#1208=CIRCLE('',#3619,0.25);
#1209=CIRCLE('',#3620,0.25);
#1210=CIRCLE('',#3621,0.3);
#1211=CIRCLE('',#3622,0.3);
#1212=CIRCLE('',#3623,0.25);
#1213=CIRCLE('',#3624,0.25);
#1214=CIRCLE('',#3625,0.25);
#1215=CIRCLE('',#3626,0.25);
#1216=CIRCLE('',#3627,0.3);
#1217=CIRCLE('',#3628,0.25);
#1218=CIRCLE('',#3629,0.3);
#1219=CIRCLE('',#3630,0.25);
#1220=CIRCLE('',#3631,0.25);
#1221=CIRCLE('',#3632,0.25);
#1222=CIRCLE('',#3633,0.25);
#1223=CIRCLE('',#3634,0.3);
#1224=CIRCLE('',#3635,0.5);
#1225=CIRCLE('',#3636,0.3);
#1226=CIRCLE('',#3637,0.25);
#1227=CIRCLE('',#3638,3.25);
#1228=CIRCLE('',#3639,2.);
#1229=CIRCLE('',#3640,3.25);
#1230=CIRCLE('',#3641,6.);
#1231=CIRCLE('',#3642,3.25);
#1232=CIRCLE('',#3643,2.);
#1233=CIRCLE('',#3644,3.25);
#1234=CIRCLE('',#3645,6.);
#1235=CIRCLE('',#3647,0.25);
#1236=CIRCLE('',#3648,0.25);
#1237=CIRCLE('',#3649,0.3);
#1238=CIRCLE('',#3650,0.5);
#1239=CIRCLE('',#3651,0.3);
#1240=CIRCLE('',#3652,0.25);
#1241=CIRCLE('',#3653,0.25);
#1242=CIRCLE('',#3654,0.25);
#1243=CIRCLE('',#3655,0.25);
#1244=CIRCLE('',#3656,0.3);
#1245=CIRCLE('',#3657,0.25);
#1246=CIRCLE('',#3658,0.3);
#1247=CIRCLE('',#3659,0.25);
#1248=CIRCLE('',#3660,0.25);
#1249=CIRCLE('',#3661,0.25);
#1250=CIRCLE('',#3662,0.25);
#1251=CIRCLE('',#3663,0.3);
#1252=CIRCLE('',#3664,0.3);
#1253=CIRCLE('',#3665,0.25);
#1254=CIRCLE('',#3666,0.25);
#1255=CIRCLE('',#3667,0.25);
#1256=CIRCLE('',#3668,0.25);
#1257=CIRCLE('',#3669,0.3);
#1258=CIRCLE('',#3670,0.25);
#1259=CIRCLE('',#3671,0.3);
#1260=CIRCLE('',#3672,0.25);
#1261=CIRCLE('',#3673,0.25);
#1262=CIRCLE('',#3674,0.25);
#1263=CIRCLE('',#3675,0.25);
#1264=CIRCLE('',#3676,0.3);
#1265=CIRCLE('',#3677,0.5);
#1266=CIRCLE('',#3678,0.3);
#1267=CIRCLE('',#3679,0.25);
#1268=CIRCLE('',#3680,0.25);
#1269=CIRCLE('',#3681,0.25);
#1270=CIRCLE('',#3682,0.3);
#1271=CIRCLE('',#3683,0.3);
#1272=CIRCLE('',#3684,0.3);
#1273=CIRCLE('',#3685,0.3);
#1274=CIRCLE('',#3686,2.1);
#1275=CIRCLE('',#3687,0.3);
#1276=CIRCLE('',#3688,0.3);
#1277=CIRCLE('',#3689,0.3);
#1278=CIRCLE('',#3690,0.3);
#1279=CIRCLE('',#3691,0.25);
#1280=CIRCLE('',#3692,0.25);
#1281=CIRCLE('',#3693,0.25);
#1282=CIRCLE('',#3694,0.3);
#1283=CIRCLE('',#3695,0.5);
#1284=CIRCLE('',#3696,0.3);
#1285=CIRCLE('',#3697,0.25);
#1286=CIRCLE('',#3698,0.25);
#1287=CIRCLE('',#3699,0.25);
#1288=CIRCLE('',#3700,0.25);
#1289=CIRCLE('',#3701,0.3);
#1290=CIRCLE('',#3702,0.25);
#1291=CIRCLE('',#3703,0.3);
#1292=CIRCLE('',#3704,0.25);
#1293=CIRCLE('',#3705,0.25);
#1294=CIRCLE('',#3706,0.25);
#1295=CIRCLE('',#3707,0.25);
#1296=CIRCLE('',#3708,0.3);
#1297=CIRCLE('',#3709,0.3);
#1298=CIRCLE('',#3710,0.25);
#1299=CIRCLE('',#3711,0.25);
#1300=CIRCLE('',#3712,0.25);
#1301=CIRCLE('',#3713,0.25);
#1302=CIRCLE('',#3714,0.3);
#1303=CIRCLE('',#3715,0.25);
#1304=CIRCLE('',#3716,0.3);
#1305=CIRCLE('',#3717,0.25);
#1306=CIRCLE('',#3718,0.25);
#1307=CIRCLE('',#3719,0.25);
#1308=CIRCLE('',#3720,0.25);
#1309=CIRCLE('',#3721,0.3);
#1310=CIRCLE('',#3722,0.5);
#1311=CIRCLE('',#3723,0.3);
#1312=CIRCLE('',#3724,0.25);
#1313=CIRCLE('',#3725,0.25);
#1314=CIRCLE('',#3726,0.25);
#1315=CIRCLE('',#3727,0.3);
#1316=CIRCLE('',#3728,0.3);
#1317=CIRCLE('',#3729,0.3);
#1318=CIRCLE('',#3730,0.3);
#1319=CIRCLE('',#3731,2.1);
#1320=CIRCLE('',#3732,0.3);
#1321=CIRCLE('',#3733,0.3);
#1322=CIRCLE('',#3734,0.3);
#1323=CIRCLE('',#3735,0.3);
#1324=CIRCLE('',#3736,0.25);
#1325=CIRCLE('',#3737,2.);
#1326=CIRCLE('',#3738,3.25);
#1327=CIRCLE('',#3739,6.);
#1328=CIRCLE('',#3740,3.25);
#1329=CIRCLE('',#3741,2.);
#1330=CIRCLE('',#3742,3.25);
#1331=CIRCLE('',#3743,6.);
#1332=CIRCLE('',#3744,3.25);
#1333=VERTEX_POINT('',#5005);
#1334=VERTEX_POINT('',#5006);
#1335=VERTEX_POINT('',#5008);
#1336=VERTEX_POINT('',#5010);
#1337=VERTEX_POINT('',#5012);
#1338=VERTEX_POINT('',#5014);
#1339=VERTEX_POINT('',#5016);
#1340=VERTEX_POINT('',#5018);
#1341=VERTEX_POINT('',#5020);
#1342=VERTEX_POINT('',#5022);
#1343=VERTEX_POINT('',#5024);
#1344=VERTEX_POINT('',#5026);
#1345=VERTEX_POINT('',#5028);
#1346=VERTEX_POINT('',#5030);
#1347=VERTEX_POINT('',#5032);
#1348=VERTEX_POINT('',#5034);
#1349=VERTEX_POINT('',#5036);
#1350=VERTEX_POINT('',#5038);
#1351=VERTEX_POINT('',#5040);
#1352=VERTEX_POINT('',#5042);
#1353=VERTEX_POINT('',#5044);
#1354=VERTEX_POINT('',#5046);
#1355=VERTEX_POINT('',#5048);
#1356=VERTEX_POINT('',#5050);
#1357=VERTEX_POINT('',#5052);
#1358=VERTEX_POINT('',#5054);
#1359=VERTEX_POINT('',#5056);
#1360=VERTEX_POINT('',#5058);
#1361=VERTEX_POINT('',#5060);
#1362=VERTEX_POINT('',#5062);
#1363=VERTEX_POINT('',#5064);
#1364=VERTEX_POINT('',#5066);
#1365=VERTEX_POINT('',#5068);
#1366=VERTEX_POINT('',#5070);
#1367=VERTEX_POINT('',#5072);
#1368=VERTEX_POINT('',#5074);
#1369=VERTEX_POINT('',#5076);
#1370=VERTEX_POINT('',#5078);
#1371=VERTEX_POINT('',#5080);
#1372=VERTEX_POINT('',#5082);
#1373=VERTEX_POINT('',#5084);
#1374=VERTEX_POINT('',#5086);
#1375=VERTEX_POINT('',#5088);
#1376=VERTEX_POINT('',#5090);
#1377=VERTEX_POINT('',#5092);
#1378=VERTEX_POINT('',#5094);
#1379=VERTEX_POINT('',#5096);
#1380=VERTEX_POINT('',#5098);
#1381=VERTEX_POINT('',#5100);
#1382=VERTEX_POINT('',#5102);
#1383=VERTEX_POINT('',#5104);
#1384=VERTEX_POINT('',#5106);
#1385=VERTEX_POINT('',#5108);
#1386=VERTEX_POINT('',#5110);
#1387=VERTEX_POINT('',#5112);
#1388=VERTEX_POINT('',#5114);
#1389=VERTEX_POINT('',#5116);
#1390=VERTEX_POINT('',#5118);
#1391=VERTEX_POINT('',#5120);
#1392=VERTEX_POINT('',#5122);
#1393=VERTEX_POINT('',#5124);
#1394=VERTEX_POINT('',#5126);
#1395=VERTEX_POINT('',#5128);
#1396=VERTEX_POINT('',#5130);
#1397=VERTEX_POINT('',#5132);
#1398=VERTEX_POINT('',#5134);
#1399=VERTEX_POINT('',#5136);
#1400=VERTEX_POINT('',#5138);
#1401=VERTEX_POINT('',#5140);
#1402=VERTEX_POINT('',#5142);
#1403=VERTEX_POINT('',#5144);
#1404=VERTEX_POINT('',#5146);
#1405=VERTEX_POINT('',#5148);
#1406=VERTEX_POINT('',#5150);
#1407=VERTEX_POINT('',#5152);
#1408=VERTEX_POINT('',#5154);
#1409=VERTEX_POINT('',#5156);
#1410=VERTEX_POINT('',#5158);
#1411=VERTEX_POINT('',#5160);
#1412=VERTEX_POINT('',#5162);
#1413=VERTEX_POINT('',#5164);
#1414=VERTEX_POINT('',#5166);
#1415=VERTEX_POINT('',#5168);
#1416=VERTEX_POINT('',#5170);
#1417=VERTEX_POINT('',#5172);
#1418=VERTEX_POINT('',#5174);
#1419=VERTEX_POINT('',#5176);
#1420=VERTEX_POINT('',#5178);
#1421=VERTEX_POINT('',#5180);
#1422=VERTEX_POINT('',#5182);
#1423=VERTEX_POINT('',#5184);
#1424=VERTEX_POINT('',#5186);
#1425=VERTEX_POINT('',#5188);
#1426=VERTEX_POINT('',#5190);
#1427=VERTEX_POINT('',#5192);
#1428=VERTEX_POINT('',#5194);
#1429=VERTEX_POINT('',#5196);
#1430=VERTEX_POINT('',#5198);
#1431=VERTEX_POINT('',#5200);
#1432=VERTEX_POINT('',#5202);
#1433=VERTEX_POINT('',#5204);
#1434=VERTEX_POINT('',#5206);
#1435=VERTEX_POINT('',#5208);
#1436=VERTEX_POINT('',#5210);
#1437=VERTEX_POINT('',#5212);
#1438=VERTEX_POINT('',#5214);
#1439=VERTEX_POINT('',#5216);
#1440=VERTEX_POINT('',#5218);
#1441=VERTEX_POINT('',#5220);
#1442=VERTEX_POINT('',#5222);
#1443=VERTEX_POINT('',#5224);
#1444=VERTEX_POINT('',#5226);
#1445=VERTEX_POINT('',#5228);
#1446=VERTEX_POINT('',#5230);
#1447=VERTEX_POINT('',#5232);
#1448=VERTEX_POINT('',#5234);
#1449=VERTEX_POINT('',#5236);
#1450=VERTEX_POINT('',#5238);
#1451=VERTEX_POINT('',#5240);
#1452=VERTEX_POINT('',#5242);
#1453=VERTEX_POINT('',#5244);
#1454=VERTEX_POINT('',#5246);
#1455=VERTEX_POINT('',#5248);
#1456=VERTEX_POINT('',#5250);
#1457=VERTEX_POINT('',#5252);
#1458=VERTEX_POINT('',#5254);
#1459=VERTEX_POINT('',#5256);
#1460=VERTEX_POINT('',#5258);
#1461=VERTEX_POINT('',#5260);
#1462=VERTEX_POINT('',#5262);
#1463=VERTEX_POINT('',#5264);
#1464=VERTEX_POINT('',#5266);
#1465=VERTEX_POINT('',#5268);
#1466=VERTEX_POINT('',#5270);
#1467=VERTEX_POINT('',#5272);
#1468=VERTEX_POINT('',#5274);
#1469=VERTEX_POINT('',#5276);
#1470=VERTEX_POINT('',#5278);
#1471=VERTEX_POINT('',#5280);
#1472=VERTEX_POINT('',#5282);
#1473=VERTEX_POINT('',#5284);
#1474=VERTEX_POINT('',#5286);
#1475=VERTEX_POINT('',#5288);
#1476=VERTEX_POINT('',#5290);
#1477=VERTEX_POINT('',#5292);
#1478=VERTEX_POINT('',#5294);
#1479=VERTEX_POINT('',#5296);
#1480=VERTEX_POINT('',#5298);
#1481=VERTEX_POINT('',#5300);
#1482=VERTEX_POINT('',#5302);
#1483=VERTEX_POINT('',#5304);
#1484=VERTEX_POINT('',#5306);
#1485=VERTEX_POINT('',#5308);
#1486=VERTEX_POINT('',#5310);
#1487=VERTEX_POINT('',#5312);
#1488=VERTEX_POINT('',#5314);
#1489=VERTEX_POINT('',#5316);
#1490=VERTEX_POINT('',#5318);
#1491=VERTEX_POINT('',#5320);
#1492=VERTEX_POINT('',#5322);
#1493=VERTEX_POINT('',#5324);
#1494=VERTEX_POINT('',#5326);
#1495=VERTEX_POINT('',#5328);
#1496=VERTEX_POINT('',#5330);
#1497=VERTEX_POINT('',#5332);
#1498=VERTEX_POINT('',#5334);
#1499=VERTEX_POINT('',#5336);
#1500=VERTEX_POINT('',#5338);
#1501=VERTEX_POINT('',#5341);
#1502=VERTEX_POINT('',#5342);
#1503=VERTEX_POINT('',#5344);
#1504=VERTEX_POINT('',#5346);
#1505=VERTEX_POINT('',#5348);
#1506=VERTEX_POINT('',#5350);
#1507=VERTEX_POINT('',#5352);
#1508=VERTEX_POINT('',#5354);
#1509=VERTEX_POINT('',#5358);
#1510=VERTEX_POINT('',#5359);
#1511=VERTEX_POINT('',#5361);
#1512=VERTEX_POINT('',#5363);
#1513=VERTEX_POINT('',#5365);
#1514=VERTEX_POINT('',#5367);
#1515=VERTEX_POINT('',#5369);
#1516=VERTEX_POINT('',#5371);
#1517=VERTEX_POINT('',#5373);
#1518=VERTEX_POINT('',#5375);
#1519=VERTEX_POINT('',#5377);
#1520=VERTEX_POINT('',#5379);
#1521=VERTEX_POINT('',#5381);
#1522=VERTEX_POINT('',#5383);
#1523=VERTEX_POINT('',#5385);
#1524=VERTEX_POINT('',#5387);
#1525=VERTEX_POINT('',#5389);
#1526=VERTEX_POINT('',#5391);
#1527=VERTEX_POINT('',#5393);
#1528=VERTEX_POINT('',#5395);
#1529=VERTEX_POINT('',#5397);
#1530=VERTEX_POINT('',#5399);
#1531=VERTEX_POINT('',#5401);
#1532=VERTEX_POINT('',#5403);
#1533=VERTEX_POINT('',#5405);
#1534=VERTEX_POINT('',#5407);
#1535=VERTEX_POINT('',#5409);
#1536=VERTEX_POINT('',#5411);
#1537=VERTEX_POINT('',#5413);
#1538=VERTEX_POINT('',#5415);
#1539=VERTEX_POINT('',#5417);
#1540=VERTEX_POINT('',#5419);
#1541=VERTEX_POINT('',#5421);
#1542=VERTEX_POINT('',#5423);
#1543=VERTEX_POINT('',#5425);
#1544=VERTEX_POINT('',#5427);
#1545=VERTEX_POINT('',#5429);
#1546=VERTEX_POINT('',#5431);
#1547=VERTEX_POINT('',#5433);
#1548=VERTEX_POINT('',#5435);
#1549=VERTEX_POINT('',#5437);
#1550=VERTEX_POINT('',#5439);
#1551=VERTEX_POINT('',#5441);
#1552=VERTEX_POINT('',#5443);
#1553=VERTEX_POINT('',#5445);
#1554=VERTEX_POINT('',#5447);
#1555=VERTEX_POINT('',#5449);
#1556=VERTEX_POINT('',#5451);
#1557=VERTEX_POINT('',#5453);
#1558=VERTEX_POINT('',#5455);
#1559=VERTEX_POINT('',#5457);
#1560=VERTEX_POINT('',#5459);
#1561=VERTEX_POINT('',#5461);
#1562=VERTEX_POINT('',#5463);
#1563=VERTEX_POINT('',#5465);
#1564=VERTEX_POINT('',#5467);
#1565=VERTEX_POINT('',#5469);
#1566=VERTEX_POINT('',#5471);
#1567=VERTEX_POINT('',#5473);
#1568=VERTEX_POINT('',#5475);
#1569=VERTEX_POINT('',#5477);
#1570=VERTEX_POINT('',#5479);
#1571=VERTEX_POINT('',#5481);
#1572=VERTEX_POINT('',#5483);
#1573=VERTEX_POINT('',#5485);
#1574=VERTEX_POINT('',#5487);
#1575=VERTEX_POINT('',#5489);
#1576=VERTEX_POINT('',#5491);
#1577=VERTEX_POINT('',#5493);
#1578=VERTEX_POINT('',#5495);
#1579=VERTEX_POINT('',#5497);
#1580=VERTEX_POINT('',#5499);
#1581=VERTEX_POINT('',#5501);
#1582=VERTEX_POINT('',#5503);
#1583=VERTEX_POINT('',#5505);
#1584=VERTEX_POINT('',#5507);
#1585=VERTEX_POINT('',#5509);
#1586=VERTEX_POINT('',#5511);
#1587=VERTEX_POINT('',#5513);
#1588=VERTEX_POINT('',#5515);
#1589=VERTEX_POINT('',#5517);
#1590=VERTEX_POINT('',#5519);
#1591=VERTEX_POINT('',#5521);
#1592=VERTEX_POINT('',#5523);
#1593=VERTEX_POINT('',#5525);
#1594=VERTEX_POINT('',#5527);
#1595=VERTEX_POINT('',#5529);
#1596=VERTEX_POINT('',#5531);
#1597=VERTEX_POINT('',#5533);
#1598=VERTEX_POINT('',#5535);
#1599=VERTEX_POINT('',#5537);
#1600=VERTEX_POINT('',#5539);
#1601=VERTEX_POINT('',#5541);
#1602=VERTEX_POINT('',#5543);
#1603=VERTEX_POINT('',#5545);
#1604=VERTEX_POINT('',#5547);
#1605=VERTEX_POINT('',#5549);
#1606=VERTEX_POINT('',#5551);
#1607=VERTEX_POINT('',#5553);
#1608=VERTEX_POINT('',#5555);
#1609=VERTEX_POINT('',#5557);
#1610=VERTEX_POINT('',#5559);
#1611=VERTEX_POINT('',#5561);
#1612=VERTEX_POINT('',#5563);
#1613=VERTEX_POINT('',#5565);
#1614=VERTEX_POINT('',#5567);
#1615=VERTEX_POINT('',#5569);
#1616=VERTEX_POINT('',#5571);
#1617=VERTEX_POINT('',#5573);
#1618=VERTEX_POINT('',#5575);
#1619=VERTEX_POINT('',#5577);
#1620=VERTEX_POINT('',#5579);
#1621=VERTEX_POINT('',#5581);
#1622=VERTEX_POINT('',#5583);
#1623=VERTEX_POINT('',#5585);
#1624=VERTEX_POINT('',#5587);
#1625=VERTEX_POINT('',#5589);
#1626=VERTEX_POINT('',#5591);
#1627=VERTEX_POINT('',#5593);
#1628=VERTEX_POINT('',#5595);
#1629=VERTEX_POINT('',#5597);
#1630=VERTEX_POINT('',#5599);
#1631=VERTEX_POINT('',#5601);
#1632=VERTEX_POINT('',#5603);
#1633=VERTEX_POINT('',#5605);
#1634=VERTEX_POINT('',#5607);
#1635=VERTEX_POINT('',#5609);
#1636=VERTEX_POINT('',#5611);
#1637=VERTEX_POINT('',#5613);
#1638=VERTEX_POINT('',#5615);
#1639=VERTEX_POINT('',#5617);
#1640=VERTEX_POINT('',#5619);
#1641=VERTEX_POINT('',#5621);
#1642=VERTEX_POINT('',#5623);
#1643=VERTEX_POINT('',#5625);
#1644=VERTEX_POINT('',#5627);
#1645=VERTEX_POINT('',#5629);
#1646=VERTEX_POINT('',#5631);
#1647=VERTEX_POINT('',#5633);
#1648=VERTEX_POINT('',#5635);
#1649=VERTEX_POINT('',#5637);
#1650=VERTEX_POINT('',#5639);
#1651=VERTEX_POINT('',#5641);
#1652=VERTEX_POINT('',#5643);
#1653=VERTEX_POINT('',#5645);
#1654=VERTEX_POINT('',#5647);
#1655=VERTEX_POINT('',#5649);
#1656=VERTEX_POINT('',#5651);
#1657=VERTEX_POINT('',#5653);
#1658=VERTEX_POINT('',#5655);
#1659=VERTEX_POINT('',#5657);
#1660=VERTEX_POINT('',#5659);
#1661=VERTEX_POINT('',#5661);
#1662=VERTEX_POINT('',#5663);
#1663=VERTEX_POINT('',#5665);
#1664=VERTEX_POINT('',#5667);
#1665=VERTEX_POINT('',#5669);
#1666=VERTEX_POINT('',#5671);
#1667=VERTEX_POINT('',#5673);
#1668=VERTEX_POINT('',#5675);
#1669=VERTEX_POINT('',#5677);
#1670=VERTEX_POINT('',#5679);
#1671=VERTEX_POINT('',#5681);
#1672=VERTEX_POINT('',#5683);
#1673=VERTEX_POINT('',#5685);
#1674=VERTEX_POINT('',#5687);
#1675=VERTEX_POINT('',#5689);
#1676=VERTEX_POINT('',#5691);
#1677=VERTEX_POINT('',#5694);
#1678=VERTEX_POINT('',#5695);
#1679=VERTEX_POINT('',#5697);
#1680=VERTEX_POINT('',#5699);
#1681=VERTEX_POINT('',#5701);
#1682=VERTEX_POINT('',#5703);
#1683=VERTEX_POINT('',#5705);
#1684=VERTEX_POINT('',#5707);
#1685=EDGE_CURVE('',#1333,#1334,#1137,.T.);
#1686=EDGE_CURVE('',#1334,#1335,#473,.T.);
#1687=EDGE_CURVE('',#1335,#1336,#1138,.T.);
#1688=EDGE_CURVE('',#1336,#1337,#474,.T.);
#1689=EDGE_CURVE('',#1337,#1338,#1139,.T.);
#1690=EDGE_CURVE('',#1338,#1339,#475,.T.);
#1691=EDGE_CURVE('',#1339,#1340,#1140,.T.);
#1692=EDGE_CURVE('',#1340,#1341,#476,.T.);
#1693=EDGE_CURVE('',#1341,#1342,#1141,.T.);
#1694=EDGE_CURVE('',#1342,#1343,#477,.T.);
#1695=EDGE_CURVE('',#1343,#1344,#1142,.T.);
#1696=EDGE_CURVE('',#1344,#1345,#1143,.T.);
#1697=EDGE_CURVE('',#1345,#1346,#1144,.T.);
#1698=EDGE_CURVE('',#1346,#1347,#478,.T.);
#1699=EDGE_CURVE('',#1347,#1348,#1145,.T.);
#1700=EDGE_CURVE('',#1348,#1349,#479,.T.);
#1701=EDGE_CURVE('',#1349,#1350,#1146,.T.);
#1702=EDGE_CURVE('',#1350,#1351,#480,.T.);
#1703=EDGE_CURVE('',#1351,#1352,#1147,.T.);
#1704=EDGE_CURVE('',#1352,#1353,#481,.T.);
#1705=EDGE_CURVE('',#1353,#1354,#1148,.T.);
#1706=EDGE_CURVE('',#1354,#1355,#482,.T.);
#1707=EDGE_CURVE('',#1355,#1356,#1149,.T.);
#1708=EDGE_CURVE('',#1356,#1357,#483,.T.);
#1709=EDGE_CURVE('',#1357,#1358,#1150,.T.);
#1710=EDGE_CURVE('',#1358,#1359,#484,.T.);
#1711=EDGE_CURVE('',#1359,#1360,#1151,.T.);
#1712=EDGE_CURVE('',#1360,#1361,#485,.T.);
#1713=EDGE_CURVE('',#1361,#1362,#1152,.T.);
#1714=EDGE_CURVE('',#1362,#1363,#486,.T.);
#1715=EDGE_CURVE('',#1363,#1364,#1153,.T.);
#1716=EDGE_CURVE('',#1364,#1365,#487,.T.);
#1717=EDGE_CURVE('',#1365,#1366,#1154,.T.);
#1718=EDGE_CURVE('',#1366,#1367,#488,.T.);
#1719=EDGE_CURVE('',#1367,#1368,#1155,.T.);
#1720=EDGE_CURVE('',#1368,#1369,#489,.T.);
#1721=EDGE_CURVE('',#1369,#1370,#1156,.T.);
#1722=EDGE_CURVE('',#1370,#1371,#490,.T.);
#1723=EDGE_CURVE('',#1371,#1372,#1157,.T.);
#1724=EDGE_CURVE('',#1372,#1373,#491,.T.);
#1725=EDGE_CURVE('',#1373,#1374,#1158,.T.);
#1726=EDGE_CURVE('',#1374,#1375,#1159,.T.);
#1727=EDGE_CURVE('',#1375,#1376,#1160,.T.);
#1728=EDGE_CURVE('',#1376,#1377,#492,.T.);
#1729=EDGE_CURVE('',#1377,#1378,#1161,.T.);
#1730=EDGE_CURVE('',#1378,#1379,#493,.T.);
#1731=EDGE_CURVE('',#1379,#1380,#1162,.T.);
#1732=EDGE_CURVE('',#1380,#1381,#494,.T.);
#1733=EDGE_CURVE('',#1381,#1382,#1163,.T.);
#1734=EDGE_CURVE('',#1382,#1383,#495,.T.);
#1735=EDGE_CURVE('',#1383,#1384,#1164,.T.);
#1736=EDGE_CURVE('',#1384,#1385,#496,.T.);
#1737=EDGE_CURVE('',#1385,#1386,#1165,.T.);
#1738=EDGE_CURVE('',#1386,#1387,#497,.T.);
#1739=EDGE_CURVE('',#1387,#1388,#1166,.T.);
#1740=EDGE_CURVE('',#1388,#1389,#498,.T.);
#1741=EDGE_CURVE('',#1389,#1390,#1167,.T.);
#1742=EDGE_CURVE('',#1390,#1391,#499,.T.);
#1743=EDGE_CURVE('',#1391,#1392,#1168,.T.);
#1744=EDGE_CURVE('',#1392,#1393,#500,.T.);
#1745=EDGE_CURVE('',#1393,#1394,#1169,.T.);
#1746=EDGE_CURVE('',#1394,#1395,#501,.T.);
#1747=EDGE_CURVE('',#1395,#1396,#1170,.T.);
#1748=EDGE_CURVE('',#1396,#1397,#502,.T.);
#1749=EDGE_CURVE('',#1397,#1398,#1171,.T.);
#1750=EDGE_CURVE('',#1398,#1399,#1172,.T.);
#1751=EDGE_CURVE('',#1399,#1400,#1173,.T.);
#1752=EDGE_CURVE('',#1400,#1401,#503,.T.);
#1753=EDGE_CURVE('',#1401,#1402,#1174,.T.);
#1754=EDGE_CURVE('',#1402,#1403,#504,.T.);
#1755=EDGE_CURVE('',#1403,#1404,#1175,.T.);
#1756=EDGE_CURVE('',#1404,#1405,#505,.T.);
#1757=EDGE_CURVE('',#1405,#1406,#1176,.T.);
#1758=EDGE_CURVE('',#1406,#1407,#506,.T.);
#1759=EDGE_CURVE('',#1407,#1408,#1177,.T.);
#1760=EDGE_CURVE('',#1408,#1409,#507,.T.);
#1761=EDGE_CURVE('',#1409,#1410,#1178,.T.);
#1762=EDGE_CURVE('',#1410,#1411,#508,.T.);
#1763=EDGE_CURVE('',#1411,#1412,#1179,.T.);
#1764=EDGE_CURVE('',#1412,#1413,#509,.T.);
#1765=EDGE_CURVE('',#1413,#1414,#1180,.T.);
#1766=EDGE_CURVE('',#1414,#1415,#510,.T.);
#1767=EDGE_CURVE('',#1415,#1416,#1181,.T.);
#1768=EDGE_CURVE('',#1416,#1417,#511,.T.);
#1769=EDGE_CURVE('',#1417,#1418,#1182,.T.);
#1770=EDGE_CURVE('',#1418,#1419,#512,.T.);
#1771=EDGE_CURVE('',#1419,#1420,#1183,.T.);
#1772=EDGE_CURVE('',#1420,#1421,#513,.T.);
#1773=EDGE_CURVE('',#1421,#1422,#1184,.T.);
#1774=EDGE_CURVE('',#1422,#1423,#514,.T.);
#1775=EDGE_CURVE('',#1423,#1424,#1185,.T.);
#1776=EDGE_CURVE('',#1424,#1425,#515,.T.);
#1777=EDGE_CURVE('',#1425,#1426,#1186,.T.);
#1778=EDGE_CURVE('',#1426,#1427,#516,.T.);
#1779=EDGE_CURVE('',#1427,#1428,#1187,.T.);
#1780=EDGE_CURVE('',#1428,#1429,#1188,.T.);
#1781=EDGE_CURVE('',#1429,#1430,#1189,.T.);
#1782=EDGE_CURVE('',#1430,#1431,#517,.T.);
#1783=EDGE_CURVE('',#1431,#1432,#1190,.T.);
#1784=EDGE_CURVE('',#1432,#1433,#518,.T.);
#1785=EDGE_CURVE('',#1433,#1434,#1191,.T.);
#1786=EDGE_CURVE('',#1434,#1435,#519,.T.);
#1787=EDGE_CURVE('',#1435,#1436,#1192,.T.);
#1788=EDGE_CURVE('',#1436,#1437,#520,.T.);
#1789=EDGE_CURVE('',#1437,#1438,#1193,.T.);
#1790=EDGE_CURVE('',#1438,#1439,#521,.T.);
#1791=EDGE_CURVE('',#1439,#1440,#1194,.T.);
#1792=EDGE_CURVE('',#1440,#1441,#522,.T.);
#1793=EDGE_CURVE('',#1441,#1442,#1195,.T.);
#1794=EDGE_CURVE('',#1442,#1443,#523,.T.);
#1795=EDGE_CURVE('',#1443,#1444,#1196,.T.);
#1796=EDGE_CURVE('',#1444,#1445,#524,.T.);
#1797=EDGE_CURVE('',#1445,#1446,#1197,.T.);
#1798=EDGE_CURVE('',#1446,#1447,#525,.T.);
#1799=EDGE_CURVE('',#1447,#1448,#1198,.T.);
#1800=EDGE_CURVE('',#1448,#1449,#526,.T.);
#1801=EDGE_CURVE('',#1449,#1450,#1199,.T.);
#1802=EDGE_CURVE('',#1450,#1451,#527,.T.);
#1803=EDGE_CURVE('',#1451,#1452,#1200,.T.);
#1804=EDGE_CURVE('',#1452,#1453,#528,.T.);
#1805=EDGE_CURVE('',#1453,#1454,#1201,.T.);
#1806=EDGE_CURVE('',#1454,#1455,#529,.T.);
#1807=EDGE_CURVE('',#1455,#1456,#1202,.T.);
#1808=EDGE_CURVE('',#1456,#1457,#530,.T.);
#1809=EDGE_CURVE('',#1457,#1458,#1203,.T.);
#1810=EDGE_CURVE('',#1458,#1459,#1204,.T.);
#1811=EDGE_CURVE('',#1459,#1460,#1205,.T.);
#1812=EDGE_CURVE('',#1460,#1461,#531,.T.);
#1813=EDGE_CURVE('',#1461,#1462,#1206,.T.);
#1814=EDGE_CURVE('',#1462,#1463,#532,.T.);
#1815=EDGE_CURVE('',#1463,#1464,#1207,.T.);
#1816=EDGE_CURVE('',#1464,#1465,#533,.T.);
#1817=EDGE_CURVE('',#1465,#1466,#1208,.T.);
#1818=EDGE_CURVE('',#1466,#1467,#534,.T.);
#1819=EDGE_CURVE('',#1467,#1468,#1209,.T.);
#1820=EDGE_CURVE('',#1468,#1469,#535,.T.);
#1821=EDGE_CURVE('',#1469,#1470,#1210,.T.);
#1822=EDGE_CURVE('',#1470,#1471,#536,.T.);
#1823=EDGE_CURVE('',#1471,#1472,#1211,.T.);
#1824=EDGE_CURVE('',#1472,#1473,#537,.T.);
#1825=EDGE_CURVE('',#1473,#1474,#1212,.T.);
#1826=EDGE_CURVE('',#1474,#1475,#538,.T.);
#1827=EDGE_CURVE('',#1475,#1476,#1213,.T.);
#1828=EDGE_CURVE('',#1476,#1477,#539,.T.);
#1829=EDGE_CURVE('',#1477,#1478,#1214,.T.);
#1830=EDGE_CURVE('',#1478,#1479,#540,.T.);
#1831=EDGE_CURVE('',#1479,#1480,#1215,.T.);
#1832=EDGE_CURVE('',#1480,#1481,#541,.T.);
#1833=EDGE_CURVE('',#1481,#1482,#1216,.T.);
#1834=EDGE_CURVE('',#1482,#1483,#1217,.T.);
#1835=EDGE_CURVE('',#1483,#1484,#1218,.T.);
#1836=EDGE_CURVE('',#1484,#1485,#542,.T.);
#1837=EDGE_CURVE('',#1485,#1486,#1219,.T.);
#1838=EDGE_CURVE('',#1486,#1487,#543,.T.);
#1839=EDGE_CURVE('',#1487,#1488,#1220,.T.);
#1840=EDGE_CURVE('',#1488,#1489,#544,.T.);
#1841=EDGE_CURVE('',#1489,#1490,#1221,.T.);
#1842=EDGE_CURVE('',#1490,#1491,#545,.T.);
#1843=EDGE_CURVE('',#1491,#1492,#1222,.T.);
#1844=EDGE_CURVE('',#1492,#1493,#546,.T.);
#1845=EDGE_CURVE('',#1493,#1494,#1223,.T.);
#1846=EDGE_CURVE('',#1494,#1495,#547,.T.);
#1847=EDGE_CURVE('',#1495,#1496,#1224,.T.);
#1848=EDGE_CURVE('',#1496,#1497,#548,.T.);
#1849=EDGE_CURVE('',#1497,#1498,#1225,.T.);
#1850=EDGE_CURVE('',#1498,#1499,#549,.T.);
#1851=EDGE_CURVE('',#1499,#1500,#1226,.T.);
#1852=EDGE_CURVE('',#1500,#1333,#550,.T.);
#1853=EDGE_CURVE('',#1501,#1502,#1227,.T.);
#1854=EDGE_CURVE('',#1503,#1501,#1228,.T.);
#1855=EDGE_CURVE('',#1504,#1503,#1229,.T.);
#1856=EDGE_CURVE('',#1505,#1504,#1230,.T.);
#1857=EDGE_CURVE('',#1506,#1505,#1231,.T.);
#1858=EDGE_CURVE('',#1507,#1506,#1232,.T.);
#1859=EDGE_CURVE('',#1508,#1507,#1233,.T.);
#1860=EDGE_CURVE('',#1502,#1508,#1234,.T.);
#1861=EDGE_CURVE('',#1509,#1510,#1235,.T.);
#1862=EDGE_CURVE('',#1511,#1509,#551,.T.);
#1863=EDGE_CURVE('',#1512,#1511,#1236,.T.);
#1864=EDGE_CURVE('',#1513,#1512,#552,.T.);
#1865=EDGE_CURVE('',#1514,#1513,#1237,.T.);
#1866=EDGE_CURVE('',#1515,#1514,#553,.T.);
#1867=EDGE_CURVE('',#1516,#1515,#1238,.T.);
#1868=EDGE_CURVE('',#1517,#1516,#554,.T.);
#1869=EDGE_CURVE('',#1518,#1517,#1239,.T.);
#1870=EDGE_CURVE('',#1519,#1518,#555,.T.);
#1871=EDGE_CURVE('',#1520,#1519,#1240,.T.);
#1872=EDGE_CURVE('',#1521,#1520,#556,.T.);
#1873=EDGE_CURVE('',#1522,#1521,#1241,.T.);
#1874=EDGE_CURVE('',#1523,#1522,#557,.T.);
#1875=EDGE_CURVE('',#1524,#1523,#1242,.T.);
#1876=EDGE_CURVE('',#1525,#1524,#558,.T.);
#1877=EDGE_CURVE('',#1526,#1525,#1243,.T.);
#1878=EDGE_CURVE('',#1527,#1526,#559,.T.);
#1879=EDGE_CURVE('',#1528,#1527,#1244,.T.);
#1880=EDGE_CURVE('',#1529,#1528,#1245,.T.);
#1881=EDGE_CURVE('',#1530,#1529,#1246,.T.);
#1882=EDGE_CURVE('',#1531,#1530,#560,.T.);
#1883=EDGE_CURVE('',#1532,#1531,#1247,.T.);
#1884=EDGE_CURVE('',#1533,#1532,#561,.T.);
#1885=EDGE_CURVE('',#1534,#1533,#1248,.T.);
#1886=EDGE_CURVE('',#1535,#1534,#562,.T.);
#1887=EDGE_CURVE('',#1536,#1535,#1249,.T.);
#1888=EDGE_CURVE('',#1537,#1536,#563,.T.);
#1889=EDGE_CURVE('',#1538,#1537,#1250,.T.);
#1890=EDGE_CURVE('',#1539,#1538,#564,.T.);
#1891=EDGE_CURVE('',#1540,#1539,#1251,.T.);
#1892=EDGE_CURVE('',#1541,#1540,#565,.T.);
#1893=EDGE_CURVE('',#1542,#1541,#1252,.T.);
#1894=EDGE_CURVE('',#1543,#1542,#566,.T.);
#1895=EDGE_CURVE('',#1544,#1543,#1253,.T.);
#1896=EDGE_CURVE('',#1545,#1544,#567,.T.);
#1897=EDGE_CURVE('',#1546,#1545,#1254,.T.);
#1898=EDGE_CURVE('',#1547,#1546,#568,.T.);
#1899=EDGE_CURVE('',#1548,#1547,#1255,.T.);
#1900=EDGE_CURVE('',#1549,#1548,#569,.T.);
#1901=EDGE_CURVE('',#1550,#1549,#1256,.T.);
#1902=EDGE_CURVE('',#1551,#1550,#570,.T.);
#1903=EDGE_CURVE('',#1552,#1551,#1257,.T.);
#1904=EDGE_CURVE('',#1553,#1552,#1258,.T.);
#1905=EDGE_CURVE('',#1554,#1553,#1259,.T.);
#1906=EDGE_CURVE('',#1555,#1554,#571,.T.);
#1907=EDGE_CURVE('',#1556,#1555,#1260,.T.);
#1908=EDGE_CURVE('',#1557,#1556,#572,.T.);
#1909=EDGE_CURVE('',#1558,#1557,#1261,.T.);
#1910=EDGE_CURVE('',#1559,#1558,#573,.T.);
#1911=EDGE_CURVE('',#1560,#1559,#1262,.T.);
#1912=EDGE_CURVE('',#1561,#1560,#574,.T.);
#1913=EDGE_CURVE('',#1562,#1561,#1263,.T.);
#1914=EDGE_CURVE('',#1563,#1562,#575,.T.);
#1915=EDGE_CURVE('',#1564,#1563,#1264,.T.);
#1916=EDGE_CURVE('',#1565,#1564,#576,.T.);
#1917=EDGE_CURVE('',#1566,#1565,#1265,.T.);
#1918=EDGE_CURVE('',#1567,#1566,#577,.T.);
#1919=EDGE_CURVE('',#1568,#1567,#1266,.T.);
#1920=EDGE_CURVE('',#1569,#1568,#578,.T.);
#1921=EDGE_CURVE('',#1570,#1569,#1267,.T.);
#1922=EDGE_CURVE('',#1571,#1570,#579,.T.);
#1923=EDGE_CURVE('',#1572,#1571,#1268,.T.);
#1924=EDGE_CURVE('',#1573,#1572,#580,.T.);
#1925=EDGE_CURVE('',#1574,#1573,#1269,.T.);
#1926=EDGE_CURVE('',#1575,#1574,#581,.T.);
#1927=EDGE_CURVE('',#1576,#1575,#1270,.T.);
#1928=EDGE_CURVE('',#1577,#1576,#582,.T.);
#1929=EDGE_CURVE('',#1578,#1577,#1271,.T.);
#1930=EDGE_CURVE('',#1579,#1578,#583,.T.);
#1931=EDGE_CURVE('',#1580,#1579,#1272,.T.);
#1932=EDGE_CURVE('',#1581,#1580,#584,.T.);
#1933=EDGE_CURVE('',#1582,#1581,#1273,.T.);
#1934=EDGE_CURVE('',#1583,#1582,#1274,.T.);
#1935=EDGE_CURVE('',#1584,#1583,#1275,.T.);
#1936=EDGE_CURVE('',#1585,#1584,#585,.T.);
#1937=EDGE_CURVE('',#1586,#1585,#1276,.T.);
#1938=EDGE_CURVE('',#1587,#1586,#586,.T.);
#1939=EDGE_CURVE('',#1588,#1587,#1277,.T.);
#1940=EDGE_CURVE('',#1589,#1588,#587,.T.);
#1941=EDGE_CURVE('',#1590,#1589,#1278,.T.);
#1942=EDGE_CURVE('',#1591,#1590,#588,.T.);
#1943=EDGE_CURVE('',#1592,#1591,#1279,.T.);
#1944=EDGE_CURVE('',#1593,#1592,#589,.T.);
#1945=EDGE_CURVE('',#1594,#1593,#1280,.T.);
#1946=EDGE_CURVE('',#1595,#1594,#590,.T.);
#1947=EDGE_CURVE('',#1596,#1595,#1281,.T.);
#1948=EDGE_CURVE('',#1597,#1596,#591,.T.);
#1949=EDGE_CURVE('',#1598,#1597,#1282,.T.);
#1950=EDGE_CURVE('',#1599,#1598,#592,.T.);
#1951=EDGE_CURVE('',#1600,#1599,#1283,.T.);
#1952=EDGE_CURVE('',#1601,#1600,#593,.T.);
#1953=EDGE_CURVE('',#1602,#1601,#1284,.T.);
#1954=EDGE_CURVE('',#1603,#1602,#594,.T.);
#1955=EDGE_CURVE('',#1604,#1603,#1285,.T.);
#1956=EDGE_CURVE('',#1605,#1604,#595,.T.);
#1957=EDGE_CURVE('',#1606,#1605,#1286,.T.);
#1958=EDGE_CURVE('',#1607,#1606,#596,.T.);
#1959=EDGE_CURVE('',#1608,#1607,#1287,.T.);
#1960=EDGE_CURVE('',#1609,#1608,#597,.T.);
#1961=EDGE_CURVE('',#1610,#1609,#1288,.T.);
#1962=EDGE_CURVE('',#1611,#1610,#598,.T.);
#1963=EDGE_CURVE('',#1612,#1611,#1289,.T.);
#1964=EDGE_CURVE('',#1613,#1612,#1290,.T.);
#1965=EDGE_CURVE('',#1614,#1613,#1291,.T.);
#1966=EDGE_CURVE('',#1615,#1614,#599,.T.);
#1967=EDGE_CURVE('',#1616,#1615,#1292,.T.);
#1968=EDGE_CURVE('',#1617,#1616,#600,.T.);
#1969=EDGE_CURVE('',#1618,#1617,#1293,.T.);
#1970=EDGE_CURVE('',#1619,#1618,#601,.T.);
#1971=EDGE_CURVE('',#1620,#1619,#1294,.T.);
#1972=EDGE_CURVE('',#1621,#1620,#602,.T.);
#1973=EDGE_CURVE('',#1622,#1621,#1295,.T.);
#1974=EDGE_CURVE('',#1623,#1622,#603,.T.);
#1975=EDGE_CURVE('',#1624,#1623,#1296,.T.);
#1976=EDGE_CURVE('',#1625,#1624,#604,.T.);
#1977=EDGE_CURVE('',#1626,#1625,#1297,.T.);
#1978=EDGE_CURVE('',#1627,#1626,#605,.T.);
#1979=EDGE_CURVE('',#1628,#1627,#1298,.T.);
#1980=EDGE_CURVE('',#1629,#1628,#606,.T.);
#1981=EDGE_CURVE('',#1630,#1629,#1299,.T.);
#1982=EDGE_CURVE('',#1631,#1630,#607,.T.);
#1983=EDGE_CURVE('',#1632,#1631,#1300,.T.);
#1984=EDGE_CURVE('',#1633,#1632,#608,.T.);
#1985=EDGE_CURVE('',#1634,#1633,#1301,.T.);
#1986=EDGE_CURVE('',#1635,#1634,#609,.T.);
#1987=EDGE_CURVE('',#1636,#1635,#1302,.T.);
#1988=EDGE_CURVE('',#1637,#1636,#1303,.T.);
#1989=EDGE_CURVE('',#1638,#1637,#1304,.T.);
#1990=EDGE_CURVE('',#1639,#1638,#610,.T.);
#1991=EDGE_CURVE('',#1640,#1639,#1305,.T.);
#1992=EDGE_CURVE('',#1641,#1640,#611,.T.);
#1993=EDGE_CURVE('',#1642,#1641,#1306,.T.);
#1994=EDGE_CURVE('',#1643,#1642,#612,.T.);
#1995=EDGE_CURVE('',#1644,#1643,#1307,.T.);
#1996=EDGE_CURVE('',#1645,#1644,#613,.T.);
#1997=EDGE_CURVE('',#1646,#1645,#1308,.T.);
#1998=EDGE_CURVE('',#1647,#1646,#614,.T.);
#1999=EDGE_CURVE('',#1648,#1647,#1309,.T.);
#2000=EDGE_CURVE('',#1649,#1648,#615,.T.);
#2001=EDGE_CURVE('',#1650,#1649,#1310,.T.);
#2002=EDGE_CURVE('',#1651,#1650,#616,.T.);
#2003=EDGE_CURVE('',#1652,#1651,#1311,.T.);
#2004=EDGE_CURVE('',#1653,#1652,#617,.T.);
#2005=EDGE_CURVE('',#1654,#1653,#1312,.T.);
#2006=EDGE_CURVE('',#1655,#1654,#618,.T.);
#2007=EDGE_CURVE('',#1656,#1655,#1313,.T.);
#2008=EDGE_CURVE('',#1657,#1656,#619,.T.);
#2009=EDGE_CURVE('',#1658,#1657,#1314,.T.);
#2010=EDGE_CURVE('',#1659,#1658,#620,.T.);
#2011=EDGE_CURVE('',#1660,#1659,#1315,.T.);
#2012=EDGE_CURVE('',#1661,#1660,#621,.T.);
#2013=EDGE_CURVE('',#1662,#1661,#1316,.T.);
#2014=EDGE_CURVE('',#1663,#1662,#622,.T.);
#2015=EDGE_CURVE('',#1664,#1663,#1317,.T.);
#2016=EDGE_CURVE('',#1665,#1664,#623,.T.);
#2017=EDGE_CURVE('',#1666,#1665,#1318,.T.);
#2018=EDGE_CURVE('',#1667,#1666,#1319,.T.);
#2019=EDGE_CURVE('',#1668,#1667,#1320,.T.);
#2020=EDGE_CURVE('',#1669,#1668,#624,.T.);
#2021=EDGE_CURVE('',#1670,#1669,#1321,.T.);
#2022=EDGE_CURVE('',#1671,#1670,#625,.T.);
#2023=EDGE_CURVE('',#1672,#1671,#1322,.T.);
#2024=EDGE_CURVE('',#1673,#1672,#626,.T.);
#2025=EDGE_CURVE('',#1674,#1673,#1323,.T.);
#2026=EDGE_CURVE('',#1675,#1674,#627,.T.);
#2027=EDGE_CURVE('',#1676,#1675,#1324,.T.);
#2028=EDGE_CURVE('',#1510,#1676,#628,.T.);
#2029=EDGE_CURVE('',#1677,#1678,#1325,.T.);
#2030=EDGE_CURVE('',#1678,#1679,#1326,.T.);
#2031=EDGE_CURVE('',#1679,#1680,#1327,.T.);
#2032=EDGE_CURVE('',#1680,#1681,#1328,.T.);
#2033=EDGE_CURVE('',#1681,#1682,#1329,.T.);
#2034=EDGE_CURVE('',#1682,#1683,#1330,.T.);
#2035=EDGE_CURVE('',#1683,#1684,#1331,.T.);
#2036=EDGE_CURVE('',#1684,#1677,#1332,.T.);
#2037=EDGE_CURVE('',#1334,#1510,#629,.T.);
#2038=EDGE_CURVE('',#1333,#1509,#630,.T.);
#2039=EDGE_CURVE('',#1335,#1676,#631,.T.);
#2040=EDGE_CURVE('',#1336,#1675,#632,.T.);
#2041=EDGE_CURVE('',#1337,#1674,#633,.T.);
#2042=EDGE_CURVE('',#1338,#1673,#634,.T.);
#2043=EDGE_CURVE('',#1339,#1672,#635,.T.);
#2044=EDGE_CURVE('',#1340,#1671,#636,.T.);
#2045=EDGE_CURVE('',#1341,#1670,#637,.T.);
#2046=EDGE_CURVE('',#1342,#1669,#638,.T.);
#2047=EDGE_CURVE('',#1343,#1668,#639,.T.);
#2048=EDGE_CURVE('',#1344,#1667,#640,.T.);
#2049=EDGE_CURVE('',#1345,#1666,#641,.T.);
#2050=EDGE_CURVE('',#1346,#1665,#642,.T.);
#2051=EDGE_CURVE('',#1347,#1664,#643,.T.);
#2052=EDGE_CURVE('',#1348,#1663,#644,.T.);
#2053=EDGE_CURVE('',#1349,#1662,#645,.T.);
#2054=EDGE_CURVE('',#1350,#1661,#646,.T.);
#2055=EDGE_CURVE('',#1351,#1660,#647,.T.);
#2056=EDGE_CURVE('',#1352,#1659,#648,.T.);
#2057=EDGE_CURVE('',#1353,#1658,#649,.T.);
#2058=EDGE_CURVE('',#1354,#1657,#650,.T.);
#2059=EDGE_CURVE('',#1355,#1656,#651,.T.);
#2060=EDGE_CURVE('',#1356,#1655,#652,.T.);
#2061=EDGE_CURVE('',#1357,#1654,#653,.T.);
#2062=EDGE_CURVE('',#1358,#1653,#654,.T.);
#2063=EDGE_CURVE('',#1359,#1652,#655,.T.);
#2064=EDGE_CURVE('',#1360,#1651,#656,.T.);
#2065=EDGE_CURVE('',#1361,#1650,#657,.T.);
#2066=EDGE_CURVE('',#1362,#1649,#658,.T.);
#2067=EDGE_CURVE('',#1363,#1648,#659,.T.);
#2068=EDGE_CURVE('',#1364,#1647,#660,.T.);
#2069=EDGE_CURVE('',#1365,#1646,#661,.T.);
#2070=EDGE_CURVE('',#1366,#1645,#662,.T.);
#2071=EDGE_CURVE('',#1367,#1644,#663,.T.);
#2072=EDGE_CURVE('',#1368,#1643,#664,.T.);
#2073=EDGE_CURVE('',#1369,#1642,#665,.T.);
#2074=EDGE_CURVE('',#1370,#1641,#666,.T.);
#2075=EDGE_CURVE('',#1371,#1640,#667,.T.);
#2076=EDGE_CURVE('',#1372,#1639,#668,.T.);
#2077=EDGE_CURVE('',#1373,#1638,#669,.T.);
#2078=EDGE_CURVE('',#1374,#1637,#670,.T.);
#2079=EDGE_CURVE('',#1375,#1636,#671,.T.);
#2080=EDGE_CURVE('',#1376,#1635,#672,.T.);
#2081=EDGE_CURVE('',#1377,#1634,#673,.T.);
#2082=EDGE_CURVE('',#1378,#1633,#674,.T.);
#2083=EDGE_CURVE('',#1379,#1632,#675,.T.);
#2084=EDGE_CURVE('',#1380,#1631,#676,.T.);
#2085=EDGE_CURVE('',#1381,#1630,#677,.T.);
#2086=EDGE_CURVE('',#1382,#1629,#678,.T.);
#2087=EDGE_CURVE('',#1383,#1628,#679,.T.);
#2088=EDGE_CURVE('',#1384,#1627,#680,.T.);
#2089=EDGE_CURVE('',#1385,#1626,#681,.T.);
#2090=EDGE_CURVE('',#1386,#1625,#682,.T.);
#2091=EDGE_CURVE('',#1387,#1624,#683,.T.);
#2092=EDGE_CURVE('',#1388,#1623,#684,.T.);
#2093=EDGE_CURVE('',#1389,#1622,#685,.T.);
#2094=EDGE_CURVE('',#1390,#1621,#686,.T.);
#2095=EDGE_CURVE('',#1391,#1620,#687,.T.);
#2096=EDGE_CURVE('',#1392,#1619,#688,.T.);
#2097=EDGE_CURVE('',#1393,#1618,#689,.T.);
#2098=EDGE_CURVE('',#1394,#1617,#690,.T.);
#2099=EDGE_CURVE('',#1395,#1616,#691,.T.);
#2100=EDGE_CURVE('',#1396,#1615,#692,.T.);
#2101=EDGE_CURVE('',#1397,#1614,#693,.T.);
#2102=EDGE_CURVE('',#1398,#1613,#694,.T.);
#2103=EDGE_CURVE('',#1399,#1612,#695,.T.);
#2104=EDGE_CURVE('',#1400,#1611,#696,.T.);
#2105=EDGE_CURVE('',#1401,#1610,#697,.T.);
#2106=EDGE_CURVE('',#1402,#1609,#698,.T.);
#2107=EDGE_CURVE('',#1403,#1608,#699,.T.);
#2108=EDGE_CURVE('',#1404,#1607,#700,.T.);
#2109=EDGE_CURVE('',#1405,#1606,#701,.T.);
#2110=EDGE_CURVE('',#1406,#1605,#702,.T.);
#2111=EDGE_CURVE('',#1407,#1604,#703,.T.);
#2112=EDGE_CURVE('',#1408,#1603,#704,.T.);
#2113=EDGE_CURVE('',#1409,#1602,#705,.T.);
#2114=EDGE_CURVE('',#1410,#1601,#706,.T.);
#2115=EDGE_CURVE('',#1411,#1600,#707,.T.);
#2116=EDGE_CURVE('',#1412,#1599,#708,.T.);
#2117=EDGE_CURVE('',#1413,#1598,#709,.T.);
#2118=EDGE_CURVE('',#1414,#1597,#710,.T.);
#2119=EDGE_CURVE('',#1415,#1596,#711,.T.);
#2120=EDGE_CURVE('',#1416,#1595,#712,.T.);
#2121=EDGE_CURVE('',#1417,#1594,#713,.T.);
#2122=EDGE_CURVE('',#1418,#1593,#714,.T.);
#2123=EDGE_CURVE('',#1419,#1592,#715,.T.);
#2124=EDGE_CURVE('',#1420,#1591,#716,.T.);
#2125=EDGE_CURVE('',#1421,#1590,#717,.T.);
#2126=EDGE_CURVE('',#1422,#1589,#718,.T.);
#2127=EDGE_CURVE('',#1423,#1588,#719,.T.);
#2128=EDGE_CURVE('',#1424,#1587,#720,.T.);
#2129=EDGE_CURVE('',#1425,#1586,#721,.T.);
#2130=EDGE_CURVE('',#1426,#1585,#722,.T.);
#2131=EDGE_CURVE('',#1427,#1584,#723,.T.);
#2132=EDGE_CURVE('',#1428,#1583,#724,.T.);
#2133=EDGE_CURVE('',#1429,#1582,#725,.T.);
#2134=EDGE_CURVE('',#1430,#1581,#726,.T.);
#2135=EDGE_CURVE('',#1431,#1580,#727,.T.);
#2136=EDGE_CURVE('',#1432,#1579,#728,.T.);
#2137=EDGE_CURVE('',#1433,#1578,#729,.T.);
#2138=EDGE_CURVE('',#1434,#1577,#730,.T.);
#2139=EDGE_CURVE('',#1435,#1576,#731,.T.);
#2140=EDGE_CURVE('',#1436,#1575,#732,.T.);
#2141=EDGE_CURVE('',#1437,#1574,#733,.T.);
#2142=EDGE_CURVE('',#1438,#1573,#734,.T.);
#2143=EDGE_CURVE('',#1439,#1572,#735,.T.);
#2144=EDGE_CURVE('',#1440,#1571,#736,.T.);
#2145=EDGE_CURVE('',#1441,#1570,#737,.T.);
#2146=EDGE_CURVE('',#1442,#1569,#738,.T.);
#2147=EDGE_CURVE('',#1443,#1568,#739,.T.);
#2148=EDGE_CURVE('',#1444,#1567,#740,.T.);
#2149=EDGE_CURVE('',#1445,#1566,#741,.T.);
#2150=EDGE_CURVE('',#1446,#1565,#742,.T.);
#2151=EDGE_CURVE('',#1447,#1564,#743,.T.);
#2152=EDGE_CURVE('',#1448,#1563,#744,.T.);
#2153=EDGE_CURVE('',#1449,#1562,#745,.T.);
#2154=EDGE_CURVE('',#1450,#1561,#746,.T.);
#2155=EDGE_CURVE('',#1451,#1560,#747,.T.);
#2156=EDGE_CURVE('',#1452,#1559,#748,.T.);
#2157=EDGE_CURVE('',#1453,#1558,#749,.T.);
#2158=EDGE_CURVE('',#1454,#1557,#750,.T.);
#2159=EDGE_CURVE('',#1455,#1556,#751,.T.);
#2160=EDGE_CURVE('',#1456,#1555,#752,.T.);
#2161=EDGE_CURVE('',#1457,#1554,#753,.T.);
#2162=EDGE_CURVE('',#1458,#1553,#754,.T.);
#2163=EDGE_CURVE('',#1459,#1552,#755,.T.);
#2164=EDGE_CURVE('',#1460,#1551,#756,.T.);
#2165=EDGE_CURVE('',#1461,#1550,#757,.T.);
#2166=EDGE_CURVE('',#1462,#1549,#758,.T.);
#2167=EDGE_CURVE('',#1463,#1548,#759,.T.);
#2168=EDGE_CURVE('',#1464,#1547,#760,.T.);
#2169=EDGE_CURVE('',#1465,#1546,#761,.T.);
#2170=EDGE_CURVE('',#1466,#1545,#762,.T.);
#2171=EDGE_CURVE('',#1467,#1544,#763,.T.);
#2172=EDGE_CURVE('',#1468,#1543,#764,.T.);
#2173=EDGE_CURVE('',#1469,#1542,#765,.T.);
#2174=EDGE_CURVE('',#1470,#1541,#766,.T.);
#2175=EDGE_CURVE('',#1471,#1540,#767,.T.);
#2176=EDGE_CURVE('',#1472,#1539,#768,.T.);
#2177=EDGE_CURVE('',#1473,#1538,#769,.T.);
#2178=EDGE_CURVE('',#1474,#1537,#770,.T.);
#2179=EDGE_CURVE('',#1475,#1536,#771,.T.);
#2180=EDGE_CURVE('',#1476,#1535,#772,.T.);
#2181=EDGE_CURVE('',#1477,#1534,#773,.T.);
#2182=EDGE_CURVE('',#1478,#1533,#774,.T.);
#2183=EDGE_CURVE('',#1479,#1532,#775,.T.);
#2184=EDGE_CURVE('',#1480,#1531,#776,.T.);
#2185=EDGE_CURVE('',#1481,#1530,#777,.T.);
#2186=EDGE_CURVE('',#1482,#1529,#778,.T.);
#2187=EDGE_CURVE('',#1483,#1528,#779,.T.);
#2188=EDGE_CURVE('',#1484,#1527,#780,.T.);
#2189=EDGE_CURVE('',#1485,#1526,#781,.T.);
#2190=EDGE_CURVE('',#1486,#1525,#782,.T.);
#2191=EDGE_CURVE('',#1487,#1524,#783,.T.);
#2192=EDGE_CURVE('',#1488,#1523,#784,.T.);
#2193=EDGE_CURVE('',#1489,#1522,#785,.T.);
#2194=EDGE_CURVE('',#1490,#1521,#786,.T.);
#2195=EDGE_CURVE('',#1491,#1520,#787,.T.);
#2196=EDGE_CURVE('',#1492,#1519,#788,.T.);
#2197=EDGE_CURVE('',#1493,#1518,#789,.T.);
#2198=EDGE_CURVE('',#1494,#1517,#790,.T.);
#2199=EDGE_CURVE('',#1495,#1516,#791,.T.);
#2200=EDGE_CURVE('',#1496,#1515,#792,.T.);
#2201=EDGE_CURVE('',#1497,#1514,#793,.T.);
#2202=EDGE_CURVE('',#1498,#1513,#794,.T.);
#2203=EDGE_CURVE('',#1499,#1512,#795,.T.);
#2204=EDGE_CURVE('',#1500,#1511,#796,.T.);
#2205=EDGE_CURVE('',#1503,#1677,#797,.T.);
#2206=EDGE_CURVE('',#1501,#1678,#798,.T.);
#2207=EDGE_CURVE('',#1502,#1679,#799,.T.);
#2208=EDGE_CURVE('',#1508,#1680,#800,.T.);
#2209=EDGE_CURVE('',#1507,#1681,#801,.T.);
#2210=EDGE_CURVE('',#1506,#1682,#802,.T.);
#2211=EDGE_CURVE('',#1505,#1683,#803,.T.);
#2212=EDGE_CURVE('',#1504,#1684,#804,.T.);
#2213=ORIENTED_EDGE('',*,*,#1685,.T.);
#2214=ORIENTED_EDGE('',*,*,#1686,.T.);
#2215=ORIENTED_EDGE('',*,*,#1687,.T.);
#2216=ORIENTED_EDGE('',*,*,#1688,.T.);
#2217=ORIENTED_EDGE('',*,*,#1689,.T.);
#2218=ORIENTED_EDGE('',*,*,#1690,.T.);
#2219=ORIENTED_EDGE('',*,*,#1691,.T.);
#2220=ORIENTED_EDGE('',*,*,#1692,.T.);
#2221=ORIENTED_EDGE('',*,*,#1693,.T.);
#2222=ORIENTED_EDGE('',*,*,#1694,.T.);
#2223=ORIENTED_EDGE('',*,*,#1695,.T.);
#2224=ORIENTED_EDGE('',*,*,#1696,.T.);
#2225=ORIENTED_EDGE('',*,*,#1697,.T.);
#2226=ORIENTED_EDGE('',*,*,#1698,.T.);
#2227=ORIENTED_EDGE('',*,*,#1699,.T.);
#2228=ORIENTED_EDGE('',*,*,#1700,.T.);
#2229=ORIENTED_EDGE('',*,*,#1701,.T.);
#2230=ORIENTED_EDGE('',*,*,#1702,.T.);
#2231=ORIENTED_EDGE('',*,*,#1703,.T.);
#2232=ORIENTED_EDGE('',*,*,#1704,.T.);
#2233=ORIENTED_EDGE('',*,*,#1705,.T.);
#2234=ORIENTED_EDGE('',*,*,#1706,.T.);
#2235=ORIENTED_EDGE('',*,*,#1707,.T.);
#2236=ORIENTED_EDGE('',*,*,#1708,.T.);
#2237=ORIENTED_EDGE('',*,*,#1709,.T.);
#2238=ORIENTED_EDGE('',*,*,#1710,.T.);
#2239=ORIENTED_EDGE('',*,*,#1711,.T.);
#2240=ORIENTED_EDGE('',*,*,#1712,.T.);
#2241=ORIENTED_EDGE('',*,*,#1713,.T.);
#2242=ORIENTED_EDGE('',*,*,#1714,.T.);
#2243=ORIENTED_EDGE('',*,*,#1715,.T.);
#2244=ORIENTED_EDGE('',*,*,#1716,.T.);
#2245=ORIENTED_EDGE('',*,*,#1717,.T.);
#2246=ORIENTED_EDGE('',*,*,#1718,.T.);
#2247=ORIENTED_EDGE('',*,*,#1719,.T.);
#2248=ORIENTED_EDGE('',*,*,#1720,.T.);
#2249=ORIENTED_EDGE('',*,*,#1721,.T.);
#2250=ORIENTED_EDGE('',*,*,#1722,.T.);
#2251=ORIENTED_EDGE('',*,*,#1723,.T.);
#2252=ORIENTED_EDGE('',*,*,#1724,.T.);
#2253=ORIENTED_EDGE('',*,*,#1725,.T.);
#2254=ORIENTED_EDGE('',*,*,#1726,.T.);
#2255=ORIENTED_EDGE('',*,*,#1727,.T.);
#2256=ORIENTED_EDGE('',*,*,#1728,.T.);
#2257=ORIENTED_EDGE('',*,*,#1729,.T.);
#2258=ORIENTED_EDGE('',*,*,#1730,.T.);
#2259=ORIENTED_EDGE('',*,*,#1731,.T.);
#2260=ORIENTED_EDGE('',*,*,#1732,.T.);
#2261=ORIENTED_EDGE('',*,*,#1733,.T.);
#2262=ORIENTED_EDGE('',*,*,#1734,.T.);
#2263=ORIENTED_EDGE('',*,*,#1735,.T.);
#2264=ORIENTED_EDGE('',*,*,#1736,.T.);
#2265=ORIENTED_EDGE('',*,*,#1737,.T.);
#2266=ORIENTED_EDGE('',*,*,#1738,.T.);
#2267=ORIENTED_EDGE('',*,*,#1739,.T.);
#2268=ORIENTED_EDGE('',*,*,#1740,.T.);
#2269=ORIENTED_EDGE('',*,*,#1741,.T.);
#2270=ORIENTED_EDGE('',*,*,#1742,.T.);
#2271=ORIENTED_EDGE('',*,*,#1743,.T.);
#2272=ORIENTED_EDGE('',*,*,#1744,.T.);
#2273=ORIENTED_EDGE('',*,*,#1745,.T.);
#2274=ORIENTED_EDGE('',*,*,#1746,.T.);
#2275=ORIENTED_EDGE('',*,*,#1747,.T.);
#2276=ORIENTED_EDGE('',*,*,#1748,.T.);
#2277=ORIENTED_EDGE('',*,*,#1749,.T.);
#2278=ORIENTED_EDGE('',*,*,#1750,.T.);
#2279=ORIENTED_EDGE('',*,*,#1751,.T.);
#2280=ORIENTED_EDGE('',*,*,#1752,.T.);
#2281=ORIENTED_EDGE('',*,*,#1753,.T.);
#2282=ORIENTED_EDGE('',*,*,#1754,.T.);
#2283=ORIENTED_EDGE('',*,*,#1755,.T.);
#2284=ORIENTED_EDGE('',*,*,#1756,.T.);
#2285=ORIENTED_EDGE('',*,*,#1757,.T.);
#2286=ORIENTED_EDGE('',*,*,#1758,.T.);
#2287=ORIENTED_EDGE('',*,*,#1759,.T.);
#2288=ORIENTED_EDGE('',*,*,#1760,.T.);
#2289=ORIENTED_EDGE('',*,*,#1761,.T.);
#2290=ORIENTED_EDGE('',*,*,#1762,.T.);
#2291=ORIENTED_EDGE('',*,*,#1763,.T.);
#2292=ORIENTED_EDGE('',*,*,#1764,.T.);
#2293=ORIENTED_EDGE('',*,*,#1765,.T.);
#2294=ORIENTED_EDGE('',*,*,#1766,.T.);
#2295=ORIENTED_EDGE('',*,*,#1767,.T.);
#2296=ORIENTED_EDGE('',*,*,#1768,.T.);
#2297=ORIENTED_EDGE('',*,*,#1769,.T.);
#2298=ORIENTED_EDGE('',*,*,#1770,.T.);
#2299=ORIENTED_EDGE('',*,*,#1771,.T.);
#2300=ORIENTED_EDGE('',*,*,#1772,.T.);
#2301=ORIENTED_EDGE('',*,*,#1773,.T.);
#2302=ORIENTED_EDGE('',*,*,#1774,.T.);
#2303=ORIENTED_EDGE('',*,*,#1775,.T.);
#2304=ORIENTED_EDGE('',*,*,#1776,.T.);
#2305=ORIENTED_EDGE('',*,*,#1777,.T.);
#2306=ORIENTED_EDGE('',*,*,#1778,.T.);
#2307=ORIENTED_EDGE('',*,*,#1779,.T.);
#2308=ORIENTED_EDGE('',*,*,#1780,.T.);
#2309=ORIENTED_EDGE('',*,*,#1781,.T.);
#2310=ORIENTED_EDGE('',*,*,#1782,.T.);
#2311=ORIENTED_EDGE('',*,*,#1783,.T.);
#2312=ORIENTED_EDGE('',*,*,#1784,.T.);
#2313=ORIENTED_EDGE('',*,*,#1785,.T.);
#2314=ORIENTED_EDGE('',*,*,#1786,.T.);
#2315=ORIENTED_EDGE('',*,*,#1787,.T.);
#2316=ORIENTED_EDGE('',*,*,#1788,.T.);
#2317=ORIENTED_EDGE('',*,*,#1789,.T.);
#2318=ORIENTED_EDGE('',*,*,#1790,.T.);
#2319=ORIENTED_EDGE('',*,*,#1791,.T.);
#2320=ORIENTED_EDGE('',*,*,#1792,.T.);
#2321=ORIENTED_EDGE('',*,*,#1793,.T.);
#2322=ORIENTED_EDGE('',*,*,#1794,.T.);
#2323=ORIENTED_EDGE('',*,*,#1795,.T.);
#2324=ORIENTED_EDGE('',*,*,#1796,.T.);
#2325=ORIENTED_EDGE('',*,*,#1797,.T.);
#2326=ORIENTED_EDGE('',*,*,#1798,.T.);
#2327=ORIENTED_EDGE('',*,*,#1799,.T.);
#2328=ORIENTED_EDGE('',*,*,#1800,.T.);
#2329=ORIENTED_EDGE('',*,*,#1801,.T.);
#2330=ORIENTED_EDGE('',*,*,#1802,.T.);
#2331=ORIENTED_EDGE('',*,*,#1803,.T.);
#2332=ORIENTED_EDGE('',*,*,#1804,.T.);
#2333=ORIENTED_EDGE('',*,*,#1805,.T.);
#2334=ORIENTED_EDGE('',*,*,#1806,.T.);
#2335=ORIENTED_EDGE('',*,*,#1807,.T.);
#2336=ORIENTED_EDGE('',*,*,#1808,.T.);
#2337=ORIENTED_EDGE('',*,*,#1809,.T.);
#2338=ORIENTED_EDGE('',*,*,#1810,.T.);
#2339=ORIENTED_EDGE('',*,*,#1811,.T.);
#2340=ORIENTED_EDGE('',*,*,#1812,.T.);
#2341=ORIENTED_EDGE('',*,*,#1813,.T.);
#2342=ORIENTED_EDGE('',*,*,#1814,.T.);
#2343=ORIENTED_EDGE('',*,*,#1815,.T.);
#2344=ORIENTED_EDGE('',*,*,#1816,.T.);
#2345=ORIENTED_EDGE('',*,*,#1817,.T.);
#2346=ORIENTED_EDGE('',*,*,#1818,.T.);
#2347=ORIENTED_EDGE('',*,*,#1819,.T.);
#2348=ORIENTED_EDGE('',*,*,#1820,.T.);
#2349=ORIENTED_EDGE('',*,*,#1821,.T.);
#2350=ORIENTED_EDGE('',*,*,#1822,.T.);
#2351=ORIENTED_EDGE('',*,*,#1823,.T.);
#2352=ORIENTED_EDGE('',*,*,#1824,.T.);
#2353=ORIENTED_EDGE('',*,*,#1825,.T.);
#2354=ORIENTED_EDGE('',*,*,#1826,.T.);
#2355=ORIENTED_EDGE('',*,*,#1827,.T.);
#2356=ORIENTED_EDGE('',*,*,#1828,.T.);
#2357=ORIENTED_EDGE('',*,*,#1829,.T.);
#2358=ORIENTED_EDGE('',*,*,#1830,.T.);
#2359=ORIENTED_EDGE('',*,*,#1831,.T.);
#2360=ORIENTED_EDGE('',*,*,#1832,.T.);
#2361=ORIENTED_EDGE('',*,*,#1833,.T.);
#2362=ORIENTED_EDGE('',*,*,#1834,.T.);
#2363=ORIENTED_EDGE('',*,*,#1835,.T.);
#2364=ORIENTED_EDGE('',*,*,#1836,.T.);
#2365=ORIENTED_EDGE('',*,*,#1837,.T.);
#2366=ORIENTED_EDGE('',*,*,#1838,.T.);
#2367=ORIENTED_EDGE('',*,*,#1839,.T.);
#2368=ORIENTED_EDGE('',*,*,#1840,.T.);
#2369=ORIENTED_EDGE('',*,*,#1841,.T.);
#2370=ORIENTED_EDGE('',*,*,#1842,.T.);
#2371=ORIENTED_EDGE('',*,*,#1843,.T.);
#2372=ORIENTED_EDGE('',*,*,#1844,.T.);
#2373=ORIENTED_EDGE('',*,*,#1845,.T.);
#2374=ORIENTED_EDGE('',*,*,#1846,.T.);
#2375=ORIENTED_EDGE('',*,*,#1847,.T.);
#2376=ORIENTED_EDGE('',*,*,#1848,.T.);
#2377=ORIENTED_EDGE('',*,*,#1849,.T.);
#2378=ORIENTED_EDGE('',*,*,#1850,.T.);
#2379=ORIENTED_EDGE('',*,*,#1851,.T.);
#2380=ORIENTED_EDGE('',*,*,#1852,.T.);
#2381=ORIENTED_EDGE('',*,*,#1853,.F.);
#2382=ORIENTED_EDGE('',*,*,#1854,.F.);
#2383=ORIENTED_EDGE('',*,*,#1855,.F.);
#2384=ORIENTED_EDGE('',*,*,#1856,.F.);
#2385=ORIENTED_EDGE('',*,*,#1857,.F.);
#2386=ORIENTED_EDGE('',*,*,#1858,.F.);
#2387=ORIENTED_EDGE('',*,*,#1859,.F.);
#2388=ORIENTED_EDGE('',*,*,#1860,.F.);
#2389=ORIENTED_EDGE('',*,*,#1861,.F.);
#2390=ORIENTED_EDGE('',*,*,#1862,.F.);
#2391=ORIENTED_EDGE('',*,*,#1863,.F.);
#2392=ORIENTED_EDGE('',*,*,#1864,.F.);
#2393=ORIENTED_EDGE('',*,*,#1865,.F.);
#2394=ORIENTED_EDGE('',*,*,#1866,.F.);
#2395=ORIENTED_EDGE('',*,*,#1867,.F.);
#2396=ORIENTED_EDGE('',*,*,#1868,.F.);
#2397=ORIENTED_EDGE('',*,*,#1869,.F.);
#2398=ORIENTED_EDGE('',*,*,#1870,.F.);
#2399=ORIENTED_EDGE('',*,*,#1871,.F.);
#2400=ORIENTED_EDGE('',*,*,#1872,.F.);
#2401=ORIENTED_EDGE('',*,*,#1873,.F.);
#2402=ORIENTED_EDGE('',*,*,#1874,.F.);
#2403=ORIENTED_EDGE('',*,*,#1875,.F.);
#2404=ORIENTED_EDGE('',*,*,#1876,.F.);
#2405=ORIENTED_EDGE('',*,*,#1877,.F.);
#2406=ORIENTED_EDGE('',*,*,#1878,.F.);
#2407=ORIENTED_EDGE('',*,*,#1879,.F.);
#2408=ORIENTED_EDGE('',*,*,#1880,.F.);
#2409=ORIENTED_EDGE('',*,*,#1881,.F.);
#2410=ORIENTED_EDGE('',*,*,#1882,.F.);
#2411=ORIENTED_EDGE('',*,*,#1883,.F.);
#2412=ORIENTED_EDGE('',*,*,#1884,.F.);
#2413=ORIENTED_EDGE('',*,*,#1885,.F.);
#2414=ORIENTED_EDGE('',*,*,#1886,.F.);
#2415=ORIENTED_EDGE('',*,*,#1887,.F.);
#2416=ORIENTED_EDGE('',*,*,#1888,.F.);
#2417=ORIENTED_EDGE('',*,*,#1889,.F.);
#2418=ORIENTED_EDGE('',*,*,#1890,.F.);
#2419=ORIENTED_EDGE('',*,*,#1891,.F.);
#2420=ORIENTED_EDGE('',*,*,#1892,.F.);
#2421=ORIENTED_EDGE('',*,*,#1893,.F.);
#2422=ORIENTED_EDGE('',*,*,#1894,.F.);
#2423=ORIENTED_EDGE('',*,*,#1895,.F.);
#2424=ORIENTED_EDGE('',*,*,#1896,.F.);
#2425=ORIENTED_EDGE('',*,*,#1897,.F.);
#2426=ORIENTED_EDGE('',*,*,#1898,.F.);
#2427=ORIENTED_EDGE('',*,*,#1899,.F.);
#2428=ORIENTED_EDGE('',*,*,#1900,.F.);
#2429=ORIENTED_EDGE('',*,*,#1901,.F.);
#2430=ORIENTED_EDGE('',*,*,#1902,.F.);
#2431=ORIENTED_EDGE('',*,*,#1903,.F.);
#2432=ORIENTED_EDGE('',*,*,#1904,.F.);
#2433=ORIENTED_EDGE('',*,*,#1905,.F.);
#2434=ORIENTED_EDGE('',*,*,#1906,.F.);
#2435=ORIENTED_EDGE('',*,*,#1907,.F.);
#2436=ORIENTED_EDGE('',*,*,#1908,.F.);
#2437=ORIENTED_EDGE('',*,*,#1909,.F.);
#2438=ORIENTED_EDGE('',*,*,#1910,.F.);
#2439=ORIENTED_EDGE('',*,*,#1911,.F.);
#2440=ORIENTED_EDGE('',*,*,#1912,.F.);
#2441=ORIENTED_EDGE('',*,*,#1913,.F.);
#2442=ORIENTED_EDGE('',*,*,#1914,.F.);
#2443=ORIENTED_EDGE('',*,*,#1915,.F.);
#2444=ORIENTED_EDGE('',*,*,#1916,.F.);
#2445=ORIENTED_EDGE('',*,*,#1917,.F.);
#2446=ORIENTED_EDGE('',*,*,#1918,.F.);
#2447=ORIENTED_EDGE('',*,*,#1919,.F.);
#2448=ORIENTED_EDGE('',*,*,#1920,.F.);
#2449=ORIENTED_EDGE('',*,*,#1921,.F.);
#2450=ORIENTED_EDGE('',*,*,#1922,.F.);
#2451=ORIENTED_EDGE('',*,*,#1923,.F.);
#2452=ORIENTED_EDGE('',*,*,#1924,.F.);
#2453=ORIENTED_EDGE('',*,*,#1925,.F.);
#2454=ORIENTED_EDGE('',*,*,#1926,.F.);
#2455=ORIENTED_EDGE('',*,*,#1927,.F.);
#2456=ORIENTED_EDGE('',*,*,#1928,.F.);
#2457=ORIENTED_EDGE('',*,*,#1929,.F.);
#2458=ORIENTED_EDGE('',*,*,#1930,.F.);
#2459=ORIENTED_EDGE('',*,*,#1931,.F.);
#2460=ORIENTED_EDGE('',*,*,#1932,.F.);
#2461=ORIENTED_EDGE('',*,*,#1933,.F.);
#2462=ORIENTED_EDGE('',*,*,#1934,.F.);
#2463=ORIENTED_EDGE('',*,*,#1935,.F.);
#2464=ORIENTED_EDGE('',*,*,#1936,.F.);
#2465=ORIENTED_EDGE('',*,*,#1937,.F.);
#2466=ORIENTED_EDGE('',*,*,#1938,.F.);
#2467=ORIENTED_EDGE('',*,*,#1939,.F.);
#2468=ORIENTED_EDGE('',*,*,#1940,.F.);
#2469=ORIENTED_EDGE('',*,*,#1941,.F.);
#2470=ORIENTED_EDGE('',*,*,#1942,.F.);
#2471=ORIENTED_EDGE('',*,*,#1943,.F.);
#2472=ORIENTED_EDGE('',*,*,#1944,.F.);
#2473=ORIENTED_EDGE('',*,*,#1945,.F.);
#2474=ORIENTED_EDGE('',*,*,#1946,.F.);
#2475=ORIENTED_EDGE('',*,*,#1947,.F.);
#2476=ORIENTED_EDGE('',*,*,#1948,.F.);
#2477=ORIENTED_EDGE('',*,*,#1949,.F.);
#2478=ORIENTED_EDGE('',*,*,#1950,.F.);
#2479=ORIENTED_EDGE('',*,*,#1951,.F.);
#2480=ORIENTED_EDGE('',*,*,#1952,.F.);
#2481=ORIENTED_EDGE('',*,*,#1953,.F.);
#2482=ORIENTED_EDGE('',*,*,#1954,.F.);
#2483=ORIENTED_EDGE('',*,*,#1955,.F.);
#2484=ORIENTED_EDGE('',*,*,#1956,.F.);
#2485=ORIENTED_EDGE('',*,*,#1957,.F.);
#2486=ORIENTED_EDGE('',*,*,#1958,.F.);
#2487=ORIENTED_EDGE('',*,*,#1959,.F.);
#2488=ORIENTED_EDGE('',*,*,#1960,.F.);
#2489=ORIENTED_EDGE('',*,*,#1961,.F.);
#2490=ORIENTED_EDGE('',*,*,#1962,.F.);
#2491=ORIENTED_EDGE('',*,*,#1963,.F.);
#2492=ORIENTED_EDGE('',*,*,#1964,.F.);
#2493=ORIENTED_EDGE('',*,*,#1965,.F.);
#2494=ORIENTED_EDGE('',*,*,#1966,.F.);
#2495=ORIENTED_EDGE('',*,*,#1967,.F.);
#2496=ORIENTED_EDGE('',*,*,#1968,.F.);
#2497=ORIENTED_EDGE('',*,*,#1969,.F.);
#2498=ORIENTED_EDGE('',*,*,#1970,.F.);
#2499=ORIENTED_EDGE('',*,*,#1971,.F.);
#2500=ORIENTED_EDGE('',*,*,#1972,.F.);
#2501=ORIENTED_EDGE('',*,*,#1973,.F.);
#2502=ORIENTED_EDGE('',*,*,#1974,.F.);
#2503=ORIENTED_EDGE('',*,*,#1975,.F.);
#2504=ORIENTED_EDGE('',*,*,#1976,.F.);
#2505=ORIENTED_EDGE('',*,*,#1977,.F.);
#2506=ORIENTED_EDGE('',*,*,#1978,.F.);
#2507=ORIENTED_EDGE('',*,*,#1979,.F.);
#2508=ORIENTED_EDGE('',*,*,#1980,.F.);
#2509=ORIENTED_EDGE('',*,*,#1981,.F.);
#2510=ORIENTED_EDGE('',*,*,#1982,.F.);
#2511=ORIENTED_EDGE('',*,*,#1983,.F.);
#2512=ORIENTED_EDGE('',*,*,#1984,.F.);
#2513=ORIENTED_EDGE('',*,*,#1985,.F.);
#2514=ORIENTED_EDGE('',*,*,#1986,.F.);
#2515=ORIENTED_EDGE('',*,*,#1987,.F.);
#2516=ORIENTED_EDGE('',*,*,#1988,.F.);
#2517=ORIENTED_EDGE('',*,*,#1989,.F.);
#2518=ORIENTED_EDGE('',*,*,#1990,.F.);
#2519=ORIENTED_EDGE('',*,*,#1991,.F.);
#2520=ORIENTED_EDGE('',*,*,#1992,.F.);
#2521=ORIENTED_EDGE('',*,*,#1993,.F.);
#2522=ORIENTED_EDGE('',*,*,#1994,.F.);
#2523=ORIENTED_EDGE('',*,*,#1995,.F.);
#2524=ORIENTED_EDGE('',*,*,#1996,.F.);
#2525=ORIENTED_EDGE('',*,*,#1997,.F.);
#2526=ORIENTED_EDGE('',*,*,#1998,.F.);
#2527=ORIENTED_EDGE('',*,*,#1999,.F.);
#2528=ORIENTED_EDGE('',*,*,#2000,.F.);
#2529=ORIENTED_EDGE('',*,*,#2001,.F.);
#2530=ORIENTED_EDGE('',*,*,#2002,.F.);
#2531=ORIENTED_EDGE('',*,*,#2003,.F.);
#2532=ORIENTED_EDGE('',*,*,#2004,.F.);
#2533=ORIENTED_EDGE('',*,*,#2005,.F.);
#2534=ORIENTED_EDGE('',*,*,#2006,.F.);
#2535=ORIENTED_EDGE('',*,*,#2007,.F.);
#2536=ORIENTED_EDGE('',*,*,#2008,.F.);
#2537=ORIENTED_EDGE('',*,*,#2009,.F.);
#2538=ORIENTED_EDGE('',*,*,#2010,.F.);
#2539=ORIENTED_EDGE('',*,*,#2011,.F.);
#2540=ORIENTED_EDGE('',*,*,#2012,.F.);
#2541=ORIENTED_EDGE('',*,*,#2013,.F.);
#2542=ORIENTED_EDGE('',*,*,#2014,.F.);
#2543=ORIENTED_EDGE('',*,*,#2015,.F.);
#2544=ORIENTED_EDGE('',*,*,#2016,.F.);
#2545=ORIENTED_EDGE('',*,*,#2017,.F.);
#2546=ORIENTED_EDGE('',*,*,#2018,.F.);
#2547=ORIENTED_EDGE('',*,*,#2019,.F.);
#2548=ORIENTED_EDGE('',*,*,#2020,.F.);
#2549=ORIENTED_EDGE('',*,*,#2021,.F.);
#2550=ORIENTED_EDGE('',*,*,#2022,.F.);
#2551=ORIENTED_EDGE('',*,*,#2023,.F.);
#2552=ORIENTED_EDGE('',*,*,#2024,.F.);
#2553=ORIENTED_EDGE('',*,*,#2025,.F.);
#2554=ORIENTED_EDGE('',*,*,#2026,.F.);
#2555=ORIENTED_EDGE('',*,*,#2027,.F.);
#2556=ORIENTED_EDGE('',*,*,#2028,.F.);
#2557=ORIENTED_EDGE('',*,*,#2029,.T.);
#2558=ORIENTED_EDGE('',*,*,#2030,.T.);
#2559=ORIENTED_EDGE('',*,*,#2031,.T.);
#2560=ORIENTED_EDGE('',*,*,#2032,.T.);
#2561=ORIENTED_EDGE('',*,*,#2033,.T.);
#2562=ORIENTED_EDGE('',*,*,#2034,.T.);
#2563=ORIENTED_EDGE('',*,*,#2035,.T.);
#2564=ORIENTED_EDGE('',*,*,#2036,.T.);
#2565=ORIENTED_EDGE('',*,*,#1861,.T.);
#2566=ORIENTED_EDGE('',*,*,#2037,.F.);
#2567=ORIENTED_EDGE('',*,*,#1685,.F.);
#2568=ORIENTED_EDGE('',*,*,#2038,.T.);
#2569=ORIENTED_EDGE('',*,*,#2028,.T.);
#2570=ORIENTED_EDGE('',*,*,#2039,.F.);
#2571=ORIENTED_EDGE('',*,*,#1686,.F.);
#2572=ORIENTED_EDGE('',*,*,#2037,.T.);
#2573=ORIENTED_EDGE('',*,*,#2027,.T.);
#2574=ORIENTED_EDGE('',*,*,#2040,.F.);
#2575=ORIENTED_EDGE('',*,*,#1687,.F.);
#2576=ORIENTED_EDGE('',*,*,#2039,.T.);
#2577=ORIENTED_EDGE('',*,*,#2026,.T.);
#2578=ORIENTED_EDGE('',*,*,#2041,.F.);
#2579=ORIENTED_EDGE('',*,*,#1688,.F.);
#2580=ORIENTED_EDGE('',*,*,#2040,.T.);
#2581=ORIENTED_EDGE('',*,*,#2025,.T.);
#2582=ORIENTED_EDGE('',*,*,#2042,.F.);
#2583=ORIENTED_EDGE('',*,*,#1689,.F.);
#2584=ORIENTED_EDGE('',*,*,#2041,.T.);
#2585=ORIENTED_EDGE('',*,*,#2024,.T.);
#2586=ORIENTED_EDGE('',*,*,#2043,.F.);
#2587=ORIENTED_EDGE('',*,*,#1690,.F.);
#2588=ORIENTED_EDGE('',*,*,#2042,.T.);
#2589=ORIENTED_EDGE('',*,*,#2023,.T.);
#2590=ORIENTED_EDGE('',*,*,#2044,.F.);
#2591=ORIENTED_EDGE('',*,*,#1691,.F.);
#2592=ORIENTED_EDGE('',*,*,#2043,.T.);
#2593=ORIENTED_EDGE('',*,*,#2022,.T.);
#2594=ORIENTED_EDGE('',*,*,#2045,.F.);
#2595=ORIENTED_EDGE('',*,*,#1692,.F.);
#2596=ORIENTED_EDGE('',*,*,#2044,.T.);
#2597=ORIENTED_EDGE('',*,*,#2021,.T.);
#2598=ORIENTED_EDGE('',*,*,#2046,.F.);
#2599=ORIENTED_EDGE('',*,*,#1693,.F.);
#2600=ORIENTED_EDGE('',*,*,#2045,.T.);
#2601=ORIENTED_EDGE('',*,*,#2020,.T.);
#2602=ORIENTED_EDGE('',*,*,#2047,.F.);
#2603=ORIENTED_EDGE('',*,*,#1694,.F.);
#2604=ORIENTED_EDGE('',*,*,#2046,.T.);
#2605=ORIENTED_EDGE('',*,*,#2019,.T.);
#2606=ORIENTED_EDGE('',*,*,#2048,.F.);
#2607=ORIENTED_EDGE('',*,*,#1695,.F.);
#2608=ORIENTED_EDGE('',*,*,#2047,.T.);
#2609=ORIENTED_EDGE('',*,*,#2018,.T.);
#2610=ORIENTED_EDGE('',*,*,#2049,.F.);
#2611=ORIENTED_EDGE('',*,*,#1696,.F.);
#2612=ORIENTED_EDGE('',*,*,#2048,.T.);
#2613=ORIENTED_EDGE('',*,*,#1697,.F.);
#2614=ORIENTED_EDGE('',*,*,#2049,.T.);
#2615=ORIENTED_EDGE('',*,*,#2017,.T.);
#2616=ORIENTED_EDGE('',*,*,#2050,.F.);
#2617=ORIENTED_EDGE('',*,*,#2016,.T.);
#2618=ORIENTED_EDGE('',*,*,#2051,.F.);
#2619=ORIENTED_EDGE('',*,*,#1698,.F.);
#2620=ORIENTED_EDGE('',*,*,#2050,.T.);
#2621=ORIENTED_EDGE('',*,*,#2015,.T.);
#2622=ORIENTED_EDGE('',*,*,#2052,.F.);
#2623=ORIENTED_EDGE('',*,*,#1699,.F.);
#2624=ORIENTED_EDGE('',*,*,#2051,.T.);
#2625=ORIENTED_EDGE('',*,*,#2014,.T.);
#2626=ORIENTED_EDGE('',*,*,#2053,.F.);
#2627=ORIENTED_EDGE('',*,*,#1700,.F.);
#2628=ORIENTED_EDGE('',*,*,#2052,.T.);
#2629=ORIENTED_EDGE('',*,*,#2013,.T.);
#2630=ORIENTED_EDGE('',*,*,#2054,.F.);
#2631=ORIENTED_EDGE('',*,*,#1701,.F.);
#2632=ORIENTED_EDGE('',*,*,#2053,.T.);
#2633=ORIENTED_EDGE('',*,*,#2012,.T.);
#2634=ORIENTED_EDGE('',*,*,#2055,.F.);
#2635=ORIENTED_EDGE('',*,*,#1702,.F.);
#2636=ORIENTED_EDGE('',*,*,#2054,.T.);
#2637=ORIENTED_EDGE('',*,*,#2011,.T.);
#2638=ORIENTED_EDGE('',*,*,#2056,.F.);
#2639=ORIENTED_EDGE('',*,*,#1703,.F.);
#2640=ORIENTED_EDGE('',*,*,#2055,.T.);
#2641=ORIENTED_EDGE('',*,*,#2010,.T.);
#2642=ORIENTED_EDGE('',*,*,#2057,.F.);
#2643=ORIENTED_EDGE('',*,*,#1704,.F.);
#2644=ORIENTED_EDGE('',*,*,#2056,.T.);
#2645=ORIENTED_EDGE('',*,*,#2009,.T.);
#2646=ORIENTED_EDGE('',*,*,#2058,.F.);
#2647=ORIENTED_EDGE('',*,*,#1705,.F.);
#2648=ORIENTED_EDGE('',*,*,#2057,.T.);
#2649=ORIENTED_EDGE('',*,*,#2008,.T.);
#2650=ORIENTED_EDGE('',*,*,#2059,.F.);
#2651=ORIENTED_EDGE('',*,*,#1706,.F.);
#2652=ORIENTED_EDGE('',*,*,#2058,.T.);
#2653=ORIENTED_EDGE('',*,*,#2007,.T.);
#2654=ORIENTED_EDGE('',*,*,#2060,.F.);
#2655=ORIENTED_EDGE('',*,*,#1707,.F.);
#2656=ORIENTED_EDGE('',*,*,#2059,.T.);
#2657=ORIENTED_EDGE('',*,*,#2006,.T.);
#2658=ORIENTED_EDGE('',*,*,#2061,.F.);
#2659=ORIENTED_EDGE('',*,*,#1708,.F.);
#2660=ORIENTED_EDGE('',*,*,#2060,.T.);
#2661=ORIENTED_EDGE('',*,*,#2005,.T.);
#2662=ORIENTED_EDGE('',*,*,#2062,.F.);
#2663=ORIENTED_EDGE('',*,*,#1709,.F.);
#2664=ORIENTED_EDGE('',*,*,#2061,.T.);
#2665=ORIENTED_EDGE('',*,*,#2004,.T.);
#2666=ORIENTED_EDGE('',*,*,#2063,.F.);
#2667=ORIENTED_EDGE('',*,*,#1710,.F.);
#2668=ORIENTED_EDGE('',*,*,#2062,.T.);
#2669=ORIENTED_EDGE('',*,*,#2003,.T.);
#2670=ORIENTED_EDGE('',*,*,#2064,.F.);
#2671=ORIENTED_EDGE('',*,*,#1711,.F.);
#2672=ORIENTED_EDGE('',*,*,#2063,.T.);
#2673=ORIENTED_EDGE('',*,*,#2002,.T.);
#2674=ORIENTED_EDGE('',*,*,#2065,.F.);
#2675=ORIENTED_EDGE('',*,*,#1712,.F.);
#2676=ORIENTED_EDGE('',*,*,#2064,.T.);
#2677=ORIENTED_EDGE('',*,*,#2001,.T.);
#2678=ORIENTED_EDGE('',*,*,#2066,.F.);
#2679=ORIENTED_EDGE('',*,*,#1713,.F.);
#2680=ORIENTED_EDGE('',*,*,#2065,.T.);
#2681=ORIENTED_EDGE('',*,*,#2000,.T.);
#2682=ORIENTED_EDGE('',*,*,#2067,.F.);
#2683=ORIENTED_EDGE('',*,*,#1714,.F.);
#2684=ORIENTED_EDGE('',*,*,#2066,.T.);
#2685=ORIENTED_EDGE('',*,*,#1999,.T.);
#2686=ORIENTED_EDGE('',*,*,#2068,.F.);
#2687=ORIENTED_EDGE('',*,*,#1715,.F.);
#2688=ORIENTED_EDGE('',*,*,#2067,.T.);
#2689=ORIENTED_EDGE('',*,*,#1998,.T.);
#2690=ORIENTED_EDGE('',*,*,#2069,.F.);
#2691=ORIENTED_EDGE('',*,*,#1716,.F.);
#2692=ORIENTED_EDGE('',*,*,#2068,.T.);
#2693=ORIENTED_EDGE('',*,*,#1997,.T.);
#2694=ORIENTED_EDGE('',*,*,#2070,.F.);
#2695=ORIENTED_EDGE('',*,*,#1717,.F.);
#2696=ORIENTED_EDGE('',*,*,#2069,.T.);
#2697=ORIENTED_EDGE('',*,*,#1996,.T.);
#2698=ORIENTED_EDGE('',*,*,#2071,.F.);
#2699=ORIENTED_EDGE('',*,*,#1718,.F.);
#2700=ORIENTED_EDGE('',*,*,#2070,.T.);
#2701=ORIENTED_EDGE('',*,*,#1995,.T.);
#2702=ORIENTED_EDGE('',*,*,#2072,.F.);
#2703=ORIENTED_EDGE('',*,*,#1719,.F.);
#2704=ORIENTED_EDGE('',*,*,#2071,.T.);
#2705=ORIENTED_EDGE('',*,*,#1994,.T.);
#2706=ORIENTED_EDGE('',*,*,#2073,.F.);
#2707=ORIENTED_EDGE('',*,*,#1720,.F.);
#2708=ORIENTED_EDGE('',*,*,#2072,.T.);
#2709=ORIENTED_EDGE('',*,*,#1993,.T.);
#2710=ORIENTED_EDGE('',*,*,#2074,.F.);
#2711=ORIENTED_EDGE('',*,*,#1721,.F.);
#2712=ORIENTED_EDGE('',*,*,#2073,.T.);
#2713=ORIENTED_EDGE('',*,*,#1992,.T.);
#2714=ORIENTED_EDGE('',*,*,#2075,.F.);
#2715=ORIENTED_EDGE('',*,*,#1722,.F.);
#2716=ORIENTED_EDGE('',*,*,#2074,.T.);
#2717=ORIENTED_EDGE('',*,*,#1991,.T.);
#2718=ORIENTED_EDGE('',*,*,#2076,.F.);
#2719=ORIENTED_EDGE('',*,*,#1723,.F.);
#2720=ORIENTED_EDGE('',*,*,#2075,.T.);
#2721=ORIENTED_EDGE('',*,*,#1990,.T.);
#2722=ORIENTED_EDGE('',*,*,#2077,.F.);
#2723=ORIENTED_EDGE('',*,*,#1724,.F.);
#2724=ORIENTED_EDGE('',*,*,#2076,.T.);
#2725=ORIENTED_EDGE('',*,*,#1989,.T.);
#2726=ORIENTED_EDGE('',*,*,#2078,.F.);
#2727=ORIENTED_EDGE('',*,*,#1725,.F.);
#2728=ORIENTED_EDGE('',*,*,#2077,.T.);
#2729=ORIENTED_EDGE('',*,*,#1988,.T.);
#2730=ORIENTED_EDGE('',*,*,#2079,.F.);
#2731=ORIENTED_EDGE('',*,*,#1726,.F.);
#2732=ORIENTED_EDGE('',*,*,#2078,.T.);
#2733=ORIENTED_EDGE('',*,*,#1987,.T.);
#2734=ORIENTED_EDGE('',*,*,#2080,.F.);
#2735=ORIENTED_EDGE('',*,*,#1727,.F.);
#2736=ORIENTED_EDGE('',*,*,#2079,.T.);
#2737=ORIENTED_EDGE('',*,*,#1986,.T.);
#2738=ORIENTED_EDGE('',*,*,#2081,.F.);
#2739=ORIENTED_EDGE('',*,*,#1728,.F.);
#2740=ORIENTED_EDGE('',*,*,#2080,.T.);
#2741=ORIENTED_EDGE('',*,*,#1985,.T.);
#2742=ORIENTED_EDGE('',*,*,#2082,.F.);
#2743=ORIENTED_EDGE('',*,*,#1729,.F.);
#2744=ORIENTED_EDGE('',*,*,#2081,.T.);
#2745=ORIENTED_EDGE('',*,*,#1984,.T.);
#2746=ORIENTED_EDGE('',*,*,#2083,.F.);
#2747=ORIENTED_EDGE('',*,*,#1730,.F.);
#2748=ORIENTED_EDGE('',*,*,#2082,.T.);
#2749=ORIENTED_EDGE('',*,*,#1983,.T.);
#2750=ORIENTED_EDGE('',*,*,#2084,.F.);
#2751=ORIENTED_EDGE('',*,*,#1731,.F.);
#2752=ORIENTED_EDGE('',*,*,#2083,.T.);
#2753=ORIENTED_EDGE('',*,*,#1982,.T.);
#2754=ORIENTED_EDGE('',*,*,#2085,.F.);
#2755=ORIENTED_EDGE('',*,*,#1732,.F.);
#2756=ORIENTED_EDGE('',*,*,#2084,.T.);
#2757=ORIENTED_EDGE('',*,*,#1981,.T.);
#2758=ORIENTED_EDGE('',*,*,#2086,.F.);
#2759=ORIENTED_EDGE('',*,*,#1733,.F.);
#2760=ORIENTED_EDGE('',*,*,#2085,.T.);
#2761=ORIENTED_EDGE('',*,*,#1980,.T.);
#2762=ORIENTED_EDGE('',*,*,#2087,.F.);
#2763=ORIENTED_EDGE('',*,*,#1734,.F.);
#2764=ORIENTED_EDGE('',*,*,#2086,.T.);
#2765=ORIENTED_EDGE('',*,*,#1735,.F.);
#2766=ORIENTED_EDGE('',*,*,#2087,.T.);
#2767=ORIENTED_EDGE('',*,*,#1979,.T.);
#2768=ORIENTED_EDGE('',*,*,#2088,.F.);
#2769=ORIENTED_EDGE('',*,*,#1978,.T.);
#2770=ORIENTED_EDGE('',*,*,#2089,.F.);
#2771=ORIENTED_EDGE('',*,*,#1736,.F.);
#2772=ORIENTED_EDGE('',*,*,#2088,.T.);
#2773=ORIENTED_EDGE('',*,*,#1977,.T.);
#2774=ORIENTED_EDGE('',*,*,#2090,.F.);
#2775=ORIENTED_EDGE('',*,*,#1737,.F.);
#2776=ORIENTED_EDGE('',*,*,#2089,.T.);
#2777=ORIENTED_EDGE('',*,*,#1976,.T.);
#2778=ORIENTED_EDGE('',*,*,#2091,.F.);
#2779=ORIENTED_EDGE('',*,*,#1738,.F.);
#2780=ORIENTED_EDGE('',*,*,#2090,.T.);
#2781=ORIENTED_EDGE('',*,*,#1975,.T.);
#2782=ORIENTED_EDGE('',*,*,#2092,.F.);
#2783=ORIENTED_EDGE('',*,*,#1739,.F.);
#2784=ORIENTED_EDGE('',*,*,#2091,.T.);
#2785=ORIENTED_EDGE('',*,*,#1974,.T.);
#2786=ORIENTED_EDGE('',*,*,#2093,.F.);
#2787=ORIENTED_EDGE('',*,*,#1740,.F.);
#2788=ORIENTED_EDGE('',*,*,#2092,.T.);
#2789=ORIENTED_EDGE('',*,*,#1973,.T.);
#2790=ORIENTED_EDGE('',*,*,#2094,.F.);
#2791=ORIENTED_EDGE('',*,*,#1741,.F.);
#2792=ORIENTED_EDGE('',*,*,#2093,.T.);
#2793=ORIENTED_EDGE('',*,*,#1972,.T.);
#2794=ORIENTED_EDGE('',*,*,#2095,.F.);
#2795=ORIENTED_EDGE('',*,*,#1742,.F.);
#2796=ORIENTED_EDGE('',*,*,#2094,.T.);
#2797=ORIENTED_EDGE('',*,*,#1971,.T.);
#2798=ORIENTED_EDGE('',*,*,#2096,.F.);
#2799=ORIENTED_EDGE('',*,*,#1743,.F.);
#2800=ORIENTED_EDGE('',*,*,#2095,.T.);
#2801=ORIENTED_EDGE('',*,*,#1970,.T.);
#2802=ORIENTED_EDGE('',*,*,#2097,.F.);
#2803=ORIENTED_EDGE('',*,*,#1744,.F.);
#2804=ORIENTED_EDGE('',*,*,#2096,.T.);
#2805=ORIENTED_EDGE('',*,*,#1969,.T.);
#2806=ORIENTED_EDGE('',*,*,#2098,.F.);
#2807=ORIENTED_EDGE('',*,*,#1745,.F.);
#2808=ORIENTED_EDGE('',*,*,#2097,.T.);
#2809=ORIENTED_EDGE('',*,*,#1968,.T.);
#2810=ORIENTED_EDGE('',*,*,#2099,.F.);
#2811=ORIENTED_EDGE('',*,*,#1746,.F.);
#2812=ORIENTED_EDGE('',*,*,#2098,.T.);
#2813=ORIENTED_EDGE('',*,*,#1967,.T.);
#2814=ORIENTED_EDGE('',*,*,#2100,.F.);
#2815=ORIENTED_EDGE('',*,*,#1747,.F.);
#2816=ORIENTED_EDGE('',*,*,#2099,.T.);
#2817=ORIENTED_EDGE('',*,*,#1966,.T.);
#2818=ORIENTED_EDGE('',*,*,#2101,.F.);
#2819=ORIENTED_EDGE('',*,*,#1748,.F.);
#2820=ORIENTED_EDGE('',*,*,#2100,.T.);
#2821=ORIENTED_EDGE('',*,*,#1965,.T.);
#2822=ORIENTED_EDGE('',*,*,#2102,.F.);
#2823=ORIENTED_EDGE('',*,*,#1749,.F.);
#2824=ORIENTED_EDGE('',*,*,#2101,.T.);
#2825=ORIENTED_EDGE('',*,*,#1964,.T.);
#2826=ORIENTED_EDGE('',*,*,#2103,.F.);
#2827=ORIENTED_EDGE('',*,*,#1750,.F.);
#2828=ORIENTED_EDGE('',*,*,#2102,.T.);
#2829=ORIENTED_EDGE('',*,*,#1963,.T.);
#2830=ORIENTED_EDGE('',*,*,#2104,.F.);
#2831=ORIENTED_EDGE('',*,*,#1751,.F.);
#2832=ORIENTED_EDGE('',*,*,#2103,.T.);
#2833=ORIENTED_EDGE('',*,*,#1962,.T.);
#2834=ORIENTED_EDGE('',*,*,#2105,.F.);
#2835=ORIENTED_EDGE('',*,*,#1752,.F.);
#2836=ORIENTED_EDGE('',*,*,#2104,.T.);
#2837=ORIENTED_EDGE('',*,*,#1961,.T.);
#2838=ORIENTED_EDGE('',*,*,#2106,.F.);
#2839=ORIENTED_EDGE('',*,*,#1753,.F.);
#2840=ORIENTED_EDGE('',*,*,#2105,.T.);
#2841=ORIENTED_EDGE('',*,*,#1960,.T.);
#2842=ORIENTED_EDGE('',*,*,#2107,.F.);
#2843=ORIENTED_EDGE('',*,*,#1754,.F.);
#2844=ORIENTED_EDGE('',*,*,#2106,.T.);
#2845=ORIENTED_EDGE('',*,*,#1959,.T.);
#2846=ORIENTED_EDGE('',*,*,#2108,.F.);
#2847=ORIENTED_EDGE('',*,*,#1755,.F.);
#2848=ORIENTED_EDGE('',*,*,#2107,.T.);
#2849=ORIENTED_EDGE('',*,*,#1958,.T.);
#2850=ORIENTED_EDGE('',*,*,#2109,.F.);
#2851=ORIENTED_EDGE('',*,*,#1756,.F.);
#2852=ORIENTED_EDGE('',*,*,#2108,.T.);
#2853=ORIENTED_EDGE('',*,*,#1957,.T.);
#2854=ORIENTED_EDGE('',*,*,#2110,.F.);
#2855=ORIENTED_EDGE('',*,*,#1757,.F.);
#2856=ORIENTED_EDGE('',*,*,#2109,.T.);
#2857=ORIENTED_EDGE('',*,*,#1956,.T.);
#2858=ORIENTED_EDGE('',*,*,#2111,.F.);
#2859=ORIENTED_EDGE('',*,*,#1758,.F.);
#2860=ORIENTED_EDGE('',*,*,#2110,.T.);
#2861=ORIENTED_EDGE('',*,*,#1759,.F.);
#2862=ORIENTED_EDGE('',*,*,#2111,.T.);
#2863=ORIENTED_EDGE('',*,*,#1955,.T.);
#2864=ORIENTED_EDGE('',*,*,#2112,.F.);
#2865=ORIENTED_EDGE('',*,*,#1954,.T.);
#2866=ORIENTED_EDGE('',*,*,#2113,.F.);
#2867=ORIENTED_EDGE('',*,*,#1760,.F.);
#2868=ORIENTED_EDGE('',*,*,#2112,.T.);
#2869=ORIENTED_EDGE('',*,*,#1953,.T.);
#2870=ORIENTED_EDGE('',*,*,#2114,.F.);
#2871=ORIENTED_EDGE('',*,*,#1761,.F.);
#2872=ORIENTED_EDGE('',*,*,#2113,.T.);
#2873=ORIENTED_EDGE('',*,*,#1952,.T.);
#2874=ORIENTED_EDGE('',*,*,#2115,.F.);
#2875=ORIENTED_EDGE('',*,*,#1762,.F.);
#2876=ORIENTED_EDGE('',*,*,#2114,.T.);
#2877=ORIENTED_EDGE('',*,*,#1951,.T.);
#2878=ORIENTED_EDGE('',*,*,#2116,.F.);
#2879=ORIENTED_EDGE('',*,*,#1763,.F.);
#2880=ORIENTED_EDGE('',*,*,#2115,.T.);
#2881=ORIENTED_EDGE('',*,*,#1950,.T.);
#2882=ORIENTED_EDGE('',*,*,#2117,.F.);
#2883=ORIENTED_EDGE('',*,*,#1764,.F.);
#2884=ORIENTED_EDGE('',*,*,#2116,.T.);
#2885=ORIENTED_EDGE('',*,*,#1949,.T.);
#2886=ORIENTED_EDGE('',*,*,#2118,.F.);
#2887=ORIENTED_EDGE('',*,*,#1765,.F.);
#2888=ORIENTED_EDGE('',*,*,#2117,.T.);
#2889=ORIENTED_EDGE('',*,*,#1948,.T.);
#2890=ORIENTED_EDGE('',*,*,#2119,.F.);
#2891=ORIENTED_EDGE('',*,*,#1766,.F.);
#2892=ORIENTED_EDGE('',*,*,#2118,.T.);
#2893=ORIENTED_EDGE('',*,*,#1947,.T.);
#2894=ORIENTED_EDGE('',*,*,#2120,.F.);
#2895=ORIENTED_EDGE('',*,*,#1767,.F.);
#2896=ORIENTED_EDGE('',*,*,#2119,.T.);
#2897=ORIENTED_EDGE('',*,*,#1946,.T.);
#2898=ORIENTED_EDGE('',*,*,#2121,.F.);
#2899=ORIENTED_EDGE('',*,*,#1768,.F.);
#2900=ORIENTED_EDGE('',*,*,#2120,.T.);
#2901=ORIENTED_EDGE('',*,*,#1945,.T.);
#2902=ORIENTED_EDGE('',*,*,#2122,.F.);
#2903=ORIENTED_EDGE('',*,*,#1769,.F.);
#2904=ORIENTED_EDGE('',*,*,#2121,.T.);
#2905=ORIENTED_EDGE('',*,*,#1944,.T.);
#2906=ORIENTED_EDGE('',*,*,#2123,.F.);
#2907=ORIENTED_EDGE('',*,*,#1770,.F.);
#2908=ORIENTED_EDGE('',*,*,#2122,.T.);
#2909=ORIENTED_EDGE('',*,*,#1943,.T.);
#2910=ORIENTED_EDGE('',*,*,#2124,.F.);
#2911=ORIENTED_EDGE('',*,*,#1771,.F.);
#2912=ORIENTED_EDGE('',*,*,#2123,.T.);
#2913=ORIENTED_EDGE('',*,*,#1942,.T.);
#2914=ORIENTED_EDGE('',*,*,#2125,.F.);
#2915=ORIENTED_EDGE('',*,*,#1772,.F.);
#2916=ORIENTED_EDGE('',*,*,#2124,.T.);
#2917=ORIENTED_EDGE('',*,*,#1941,.T.);
#2918=ORIENTED_EDGE('',*,*,#2126,.F.);
#2919=ORIENTED_EDGE('',*,*,#1773,.F.);
#2920=ORIENTED_EDGE('',*,*,#2125,.T.);
#2921=ORIENTED_EDGE('',*,*,#1940,.T.);
#2922=ORIENTED_EDGE('',*,*,#2127,.F.);
#2923=ORIENTED_EDGE('',*,*,#1774,.F.);
#2924=ORIENTED_EDGE('',*,*,#2126,.T.);
#2925=ORIENTED_EDGE('',*,*,#1939,.T.);
#2926=ORIENTED_EDGE('',*,*,#2128,.F.);
#2927=ORIENTED_EDGE('',*,*,#1775,.F.);
#2928=ORIENTED_EDGE('',*,*,#2127,.T.);
#2929=ORIENTED_EDGE('',*,*,#1938,.T.);
#2930=ORIENTED_EDGE('',*,*,#2129,.F.);
#2931=ORIENTED_EDGE('',*,*,#1776,.F.);
#2932=ORIENTED_EDGE('',*,*,#2128,.T.);
#2933=ORIENTED_EDGE('',*,*,#1937,.T.);
#2934=ORIENTED_EDGE('',*,*,#2130,.F.);
#2935=ORIENTED_EDGE('',*,*,#1777,.F.);
#2936=ORIENTED_EDGE('',*,*,#2129,.T.);
#2937=ORIENTED_EDGE('',*,*,#1936,.T.);
#2938=ORIENTED_EDGE('',*,*,#2131,.F.);
#2939=ORIENTED_EDGE('',*,*,#1778,.F.);
#2940=ORIENTED_EDGE('',*,*,#2130,.T.);
#2941=ORIENTED_EDGE('',*,*,#1779,.F.);
#2942=ORIENTED_EDGE('',*,*,#2131,.T.);
#2943=ORIENTED_EDGE('',*,*,#1935,.T.);
#2944=ORIENTED_EDGE('',*,*,#2132,.F.);
#2945=ORIENTED_EDGE('',*,*,#1934,.T.);
#2946=ORIENTED_EDGE('',*,*,#2133,.F.);
#2947=ORIENTED_EDGE('',*,*,#1780,.F.);
#2948=ORIENTED_EDGE('',*,*,#2132,.T.);
#2949=ORIENTED_EDGE('',*,*,#1933,.T.);
#2950=ORIENTED_EDGE('',*,*,#2134,.F.);
#2951=ORIENTED_EDGE('',*,*,#1781,.F.);
#2952=ORIENTED_EDGE('',*,*,#2133,.T.);
#2953=ORIENTED_EDGE('',*,*,#1932,.T.);
#2954=ORIENTED_EDGE('',*,*,#2135,.F.);
#2955=ORIENTED_EDGE('',*,*,#1782,.F.);
#2956=ORIENTED_EDGE('',*,*,#2134,.T.);
#2957=ORIENTED_EDGE('',*,*,#1931,.T.);
#2958=ORIENTED_EDGE('',*,*,#2136,.F.);
#2959=ORIENTED_EDGE('',*,*,#1783,.F.);
#2960=ORIENTED_EDGE('',*,*,#2135,.T.);
#2961=ORIENTED_EDGE('',*,*,#1930,.T.);
#2962=ORIENTED_EDGE('',*,*,#2137,.F.);
#2963=ORIENTED_EDGE('',*,*,#1784,.F.);
#2964=ORIENTED_EDGE('',*,*,#2136,.T.);
#2965=ORIENTED_EDGE('',*,*,#1929,.T.);
#2966=ORIENTED_EDGE('',*,*,#2138,.F.);
#2967=ORIENTED_EDGE('',*,*,#1785,.F.);
#2968=ORIENTED_EDGE('',*,*,#2137,.T.);
#2969=ORIENTED_EDGE('',*,*,#1928,.T.);
#2970=ORIENTED_EDGE('',*,*,#2139,.F.);
#2971=ORIENTED_EDGE('',*,*,#1786,.F.);
#2972=ORIENTED_EDGE('',*,*,#2138,.T.);
#2973=ORIENTED_EDGE('',*,*,#1927,.T.);
#2974=ORIENTED_EDGE('',*,*,#2140,.F.);
#2975=ORIENTED_EDGE('',*,*,#1787,.F.);
#2976=ORIENTED_EDGE('',*,*,#2139,.T.);
#2977=ORIENTED_EDGE('',*,*,#1926,.T.);
#2978=ORIENTED_EDGE('',*,*,#2141,.F.);
#2979=ORIENTED_EDGE('',*,*,#1788,.F.);
#2980=ORIENTED_EDGE('',*,*,#2140,.T.);
#2981=ORIENTED_EDGE('',*,*,#1925,.T.);
#2982=ORIENTED_EDGE('',*,*,#2142,.F.);
#2983=ORIENTED_EDGE('',*,*,#1789,.F.);
#2984=ORIENTED_EDGE('',*,*,#2141,.T.);
#2985=ORIENTED_EDGE('',*,*,#1924,.T.);
#2986=ORIENTED_EDGE('',*,*,#2143,.F.);
#2987=ORIENTED_EDGE('',*,*,#1790,.F.);
#2988=ORIENTED_EDGE('',*,*,#2142,.T.);
#2989=ORIENTED_EDGE('',*,*,#1923,.T.);
#2990=ORIENTED_EDGE('',*,*,#2144,.F.);
#2991=ORIENTED_EDGE('',*,*,#1791,.F.);
#2992=ORIENTED_EDGE('',*,*,#2143,.T.);
#2993=ORIENTED_EDGE('',*,*,#1922,.T.);
#2994=ORIENTED_EDGE('',*,*,#2145,.F.);
#2995=ORIENTED_EDGE('',*,*,#1792,.F.);
#2996=ORIENTED_EDGE('',*,*,#2144,.T.);
#2997=ORIENTED_EDGE('',*,*,#1921,.T.);
#2998=ORIENTED_EDGE('',*,*,#2146,.F.);
#2999=ORIENTED_EDGE('',*,*,#1793,.F.);
#3000=ORIENTED_EDGE('',*,*,#2145,.T.);
#3001=ORIENTED_EDGE('',*,*,#1920,.T.);
#3002=ORIENTED_EDGE('',*,*,#2147,.F.);
#3003=ORIENTED_EDGE('',*,*,#1794,.F.);
#3004=ORIENTED_EDGE('',*,*,#2146,.T.);
#3005=ORIENTED_EDGE('',*,*,#1919,.T.);
#3006=ORIENTED_EDGE('',*,*,#2148,.F.);
#3007=ORIENTED_EDGE('',*,*,#1795,.F.);
#3008=ORIENTED_EDGE('',*,*,#2147,.T.);
#3009=ORIENTED_EDGE('',*,*,#1918,.T.);
#3010=ORIENTED_EDGE('',*,*,#2149,.F.);
#3011=ORIENTED_EDGE('',*,*,#1796,.F.);
#3012=ORIENTED_EDGE('',*,*,#2148,.T.);
#3013=ORIENTED_EDGE('',*,*,#1917,.T.);
#3014=ORIENTED_EDGE('',*,*,#2150,.F.);
#3015=ORIENTED_EDGE('',*,*,#1797,.F.);
#3016=ORIENTED_EDGE('',*,*,#2149,.T.);
#3017=ORIENTED_EDGE('',*,*,#1916,.T.);
#3018=ORIENTED_EDGE('',*,*,#2151,.F.);
#3019=ORIENTED_EDGE('',*,*,#1798,.F.);
#3020=ORIENTED_EDGE('',*,*,#2150,.T.);
#3021=ORIENTED_EDGE('',*,*,#1915,.T.);
#3022=ORIENTED_EDGE('',*,*,#2152,.F.);
#3023=ORIENTED_EDGE('',*,*,#1799,.F.);
#3024=ORIENTED_EDGE('',*,*,#2151,.T.);
#3025=ORIENTED_EDGE('',*,*,#1914,.T.);
#3026=ORIENTED_EDGE('',*,*,#2153,.F.);
#3027=ORIENTED_EDGE('',*,*,#1800,.F.);
#3028=ORIENTED_EDGE('',*,*,#2152,.T.);
#3029=ORIENTED_EDGE('',*,*,#1801,.F.);
#3030=ORIENTED_EDGE('',*,*,#2153,.T.);
#3031=ORIENTED_EDGE('',*,*,#1913,.T.);
#3032=ORIENTED_EDGE('',*,*,#2154,.F.);
#3033=ORIENTED_EDGE('',*,*,#1912,.T.);
#3034=ORIENTED_EDGE('',*,*,#2155,.F.);
#3035=ORIENTED_EDGE('',*,*,#1802,.F.);
#3036=ORIENTED_EDGE('',*,*,#2154,.T.);
#3037=ORIENTED_EDGE('',*,*,#1911,.T.);
#3038=ORIENTED_EDGE('',*,*,#2156,.F.);
#3039=ORIENTED_EDGE('',*,*,#1803,.F.);
#3040=ORIENTED_EDGE('',*,*,#2155,.T.);
#3041=ORIENTED_EDGE('',*,*,#1910,.T.);
#3042=ORIENTED_EDGE('',*,*,#2157,.F.);
#3043=ORIENTED_EDGE('',*,*,#1804,.F.);
#3044=ORIENTED_EDGE('',*,*,#2156,.T.);
#3045=ORIENTED_EDGE('',*,*,#1909,.T.);
#3046=ORIENTED_EDGE('',*,*,#2158,.F.);
#3047=ORIENTED_EDGE('',*,*,#1805,.F.);
#3048=ORIENTED_EDGE('',*,*,#2157,.T.);
#3049=ORIENTED_EDGE('',*,*,#1908,.T.);
#3050=ORIENTED_EDGE('',*,*,#2159,.F.);
#3051=ORIENTED_EDGE('',*,*,#1806,.F.);
#3052=ORIENTED_EDGE('',*,*,#2158,.T.);
#3053=ORIENTED_EDGE('',*,*,#1907,.T.);
#3054=ORIENTED_EDGE('',*,*,#2160,.F.);
#3055=ORIENTED_EDGE('',*,*,#1807,.F.);
#3056=ORIENTED_EDGE('',*,*,#2159,.T.);
#3057=ORIENTED_EDGE('',*,*,#1906,.T.);
#3058=ORIENTED_EDGE('',*,*,#2161,.F.);
#3059=ORIENTED_EDGE('',*,*,#1808,.F.);
#3060=ORIENTED_EDGE('',*,*,#2160,.T.);
#3061=ORIENTED_EDGE('',*,*,#1905,.T.);
#3062=ORIENTED_EDGE('',*,*,#2162,.F.);
#3063=ORIENTED_EDGE('',*,*,#1809,.F.);
#3064=ORIENTED_EDGE('',*,*,#2161,.T.);
#3065=ORIENTED_EDGE('',*,*,#1904,.T.);
#3066=ORIENTED_EDGE('',*,*,#2163,.F.);
#3067=ORIENTED_EDGE('',*,*,#1810,.F.);
#3068=ORIENTED_EDGE('',*,*,#2162,.T.);
#3069=ORIENTED_EDGE('',*,*,#1903,.T.);
#3070=ORIENTED_EDGE('',*,*,#2164,.F.);
#3071=ORIENTED_EDGE('',*,*,#1811,.F.);
#3072=ORIENTED_EDGE('',*,*,#2163,.T.);
#3073=ORIENTED_EDGE('',*,*,#1902,.T.);
#3074=ORIENTED_EDGE('',*,*,#2165,.F.);
#3075=ORIENTED_EDGE('',*,*,#1812,.F.);
#3076=ORIENTED_EDGE('',*,*,#2164,.T.);
#3077=ORIENTED_EDGE('',*,*,#1901,.T.);
#3078=ORIENTED_EDGE('',*,*,#2166,.F.);
#3079=ORIENTED_EDGE('',*,*,#1813,.F.);
#3080=ORIENTED_EDGE('',*,*,#2165,.T.);
#3081=ORIENTED_EDGE('',*,*,#1900,.T.);
#3082=ORIENTED_EDGE('',*,*,#2167,.F.);
#3083=ORIENTED_EDGE('',*,*,#1814,.F.);
#3084=ORIENTED_EDGE('',*,*,#2166,.T.);
#3085=ORIENTED_EDGE('',*,*,#1899,.T.);
#3086=ORIENTED_EDGE('',*,*,#2168,.F.);
#3087=ORIENTED_EDGE('',*,*,#1815,.F.);
#3088=ORIENTED_EDGE('',*,*,#2167,.T.);
#3089=ORIENTED_EDGE('',*,*,#1898,.T.);
#3090=ORIENTED_EDGE('',*,*,#2169,.F.);
#3091=ORIENTED_EDGE('',*,*,#1816,.F.);
#3092=ORIENTED_EDGE('',*,*,#2168,.T.);
#3093=ORIENTED_EDGE('',*,*,#1897,.T.);
#3094=ORIENTED_EDGE('',*,*,#2170,.F.);
#3095=ORIENTED_EDGE('',*,*,#1817,.F.);
#3096=ORIENTED_EDGE('',*,*,#2169,.T.);
#3097=ORIENTED_EDGE('',*,*,#1896,.T.);
#3098=ORIENTED_EDGE('',*,*,#2171,.F.);
#3099=ORIENTED_EDGE('',*,*,#1818,.F.);
#3100=ORIENTED_EDGE('',*,*,#2170,.T.);
#3101=ORIENTED_EDGE('',*,*,#1895,.T.);
#3102=ORIENTED_EDGE('',*,*,#2172,.F.);
#3103=ORIENTED_EDGE('',*,*,#1819,.F.);
#3104=ORIENTED_EDGE('',*,*,#2171,.T.);
#3105=ORIENTED_EDGE('',*,*,#1894,.T.);
#3106=ORIENTED_EDGE('',*,*,#2173,.F.);
#3107=ORIENTED_EDGE('',*,*,#1820,.F.);
#3108=ORIENTED_EDGE('',*,*,#2172,.T.);
#3109=ORIENTED_EDGE('',*,*,#1893,.T.);
#3110=ORIENTED_EDGE('',*,*,#2174,.F.);
#3111=ORIENTED_EDGE('',*,*,#1821,.F.);
#3112=ORIENTED_EDGE('',*,*,#2173,.T.);
#3113=ORIENTED_EDGE('',*,*,#1892,.T.);
#3114=ORIENTED_EDGE('',*,*,#2175,.F.);
#3115=ORIENTED_EDGE('',*,*,#1822,.F.);
#3116=ORIENTED_EDGE('',*,*,#2174,.T.);
#3117=ORIENTED_EDGE('',*,*,#1891,.T.);
#3118=ORIENTED_EDGE('',*,*,#2176,.F.);
#3119=ORIENTED_EDGE('',*,*,#1823,.F.);
#3120=ORIENTED_EDGE('',*,*,#2175,.T.);
#3121=ORIENTED_EDGE('',*,*,#1890,.T.);
#3122=ORIENTED_EDGE('',*,*,#2177,.F.);
#3123=ORIENTED_EDGE('',*,*,#1824,.F.);
#3124=ORIENTED_EDGE('',*,*,#2176,.T.);
#3125=ORIENTED_EDGE('',*,*,#1825,.F.);
#3126=ORIENTED_EDGE('',*,*,#2177,.T.);
#3127=ORIENTED_EDGE('',*,*,#1889,.T.);
#3128=ORIENTED_EDGE('',*,*,#2178,.F.);
#3129=ORIENTED_EDGE('',*,*,#1888,.T.);
#3130=ORIENTED_EDGE('',*,*,#2179,.F.);
#3131=ORIENTED_EDGE('',*,*,#1826,.F.);
#3132=ORIENTED_EDGE('',*,*,#2178,.T.);
#3133=ORIENTED_EDGE('',*,*,#1887,.T.);
#3134=ORIENTED_EDGE('',*,*,#2180,.F.);
#3135=ORIENTED_EDGE('',*,*,#1827,.F.);
#3136=ORIENTED_EDGE('',*,*,#2179,.T.);
#3137=ORIENTED_EDGE('',*,*,#1886,.T.);
#3138=ORIENTED_EDGE('',*,*,#2181,.F.);
#3139=ORIENTED_EDGE('',*,*,#1828,.F.);
#3140=ORIENTED_EDGE('',*,*,#2180,.T.);
#3141=ORIENTED_EDGE('',*,*,#1885,.T.);
#3142=ORIENTED_EDGE('',*,*,#2182,.F.);
#3143=ORIENTED_EDGE('',*,*,#1829,.F.);
#3144=ORIENTED_EDGE('',*,*,#2181,.T.);
#3145=ORIENTED_EDGE('',*,*,#1884,.T.);
#3146=ORIENTED_EDGE('',*,*,#2183,.F.);
#3147=ORIENTED_EDGE('',*,*,#1830,.F.);
#3148=ORIENTED_EDGE('',*,*,#2182,.T.);
#3149=ORIENTED_EDGE('',*,*,#1883,.T.);
#3150=ORIENTED_EDGE('',*,*,#2184,.F.);
#3151=ORIENTED_EDGE('',*,*,#1831,.F.);
#3152=ORIENTED_EDGE('',*,*,#2183,.T.);
#3153=ORIENTED_EDGE('',*,*,#1882,.T.);
#3154=ORIENTED_EDGE('',*,*,#2185,.F.);
#3155=ORIENTED_EDGE('',*,*,#1832,.F.);
#3156=ORIENTED_EDGE('',*,*,#2184,.T.);
#3157=ORIENTED_EDGE('',*,*,#1881,.T.);
#3158=ORIENTED_EDGE('',*,*,#2186,.F.);
#3159=ORIENTED_EDGE('',*,*,#1833,.F.);
#3160=ORIENTED_EDGE('',*,*,#2185,.T.);
#3161=ORIENTED_EDGE('',*,*,#1880,.T.);
#3162=ORIENTED_EDGE('',*,*,#2187,.F.);
#3163=ORIENTED_EDGE('',*,*,#1834,.F.);
#3164=ORIENTED_EDGE('',*,*,#2186,.T.);
#3165=ORIENTED_EDGE('',*,*,#1879,.T.);
#3166=ORIENTED_EDGE('',*,*,#2188,.F.);
#3167=ORIENTED_EDGE('',*,*,#1835,.F.);
#3168=ORIENTED_EDGE('',*,*,#2187,.T.);
#3169=ORIENTED_EDGE('',*,*,#1878,.T.);
#3170=ORIENTED_EDGE('',*,*,#2189,.F.);
#3171=ORIENTED_EDGE('',*,*,#1836,.F.);
#3172=ORIENTED_EDGE('',*,*,#2188,.T.);
#3173=ORIENTED_EDGE('',*,*,#1877,.T.);
#3174=ORIENTED_EDGE('',*,*,#2190,.F.);
#3175=ORIENTED_EDGE('',*,*,#1837,.F.);
#3176=ORIENTED_EDGE('',*,*,#2189,.T.);
#3177=ORIENTED_EDGE('',*,*,#1876,.T.);
#3178=ORIENTED_EDGE('',*,*,#2191,.F.);
#3179=ORIENTED_EDGE('',*,*,#1838,.F.);
#3180=ORIENTED_EDGE('',*,*,#2190,.T.);
#3181=ORIENTED_EDGE('',*,*,#1875,.T.);
#3182=ORIENTED_EDGE('',*,*,#2192,.F.);
#3183=ORIENTED_EDGE('',*,*,#1839,.F.);
#3184=ORIENTED_EDGE('',*,*,#2191,.T.);
#3185=ORIENTED_EDGE('',*,*,#1874,.T.);
#3186=ORIENTED_EDGE('',*,*,#2193,.F.);
#3187=ORIENTED_EDGE('',*,*,#1840,.F.);
#3188=ORIENTED_EDGE('',*,*,#2192,.T.);
#3189=ORIENTED_EDGE('',*,*,#1873,.T.);
#3190=ORIENTED_EDGE('',*,*,#2194,.F.);
#3191=ORIENTED_EDGE('',*,*,#1841,.F.);
#3192=ORIENTED_EDGE('',*,*,#2193,.T.);
#3193=ORIENTED_EDGE('',*,*,#1872,.T.);
#3194=ORIENTED_EDGE('',*,*,#2195,.F.);
#3195=ORIENTED_EDGE('',*,*,#1842,.F.);
#3196=ORIENTED_EDGE('',*,*,#2194,.T.);
#3197=ORIENTED_EDGE('',*,*,#1871,.T.);
#3198=ORIENTED_EDGE('',*,*,#2196,.F.);
#3199=ORIENTED_EDGE('',*,*,#1843,.F.);
#3200=ORIENTED_EDGE('',*,*,#2195,.T.);
#3201=ORIENTED_EDGE('',*,*,#1870,.T.);
#3202=ORIENTED_EDGE('',*,*,#2197,.F.);
#3203=ORIENTED_EDGE('',*,*,#1844,.F.);
#3204=ORIENTED_EDGE('',*,*,#2196,.T.);
#3205=ORIENTED_EDGE('',*,*,#1869,.T.);
#3206=ORIENTED_EDGE('',*,*,#2198,.F.);
#3207=ORIENTED_EDGE('',*,*,#1845,.F.);
#3208=ORIENTED_EDGE('',*,*,#2197,.T.);
#3209=ORIENTED_EDGE('',*,*,#1868,.T.);
#3210=ORIENTED_EDGE('',*,*,#2199,.F.);
#3211=ORIENTED_EDGE('',*,*,#1846,.F.);
#3212=ORIENTED_EDGE('',*,*,#2198,.T.);
#3213=ORIENTED_EDGE('',*,*,#1867,.T.);
#3214=ORIENTED_EDGE('',*,*,#2200,.F.);
#3215=ORIENTED_EDGE('',*,*,#1847,.F.);
#3216=ORIENTED_EDGE('',*,*,#2199,.T.);
#3217=ORIENTED_EDGE('',*,*,#1866,.T.);
#3218=ORIENTED_EDGE('',*,*,#2201,.F.);
#3219=ORIENTED_EDGE('',*,*,#1848,.F.);
#3220=ORIENTED_EDGE('',*,*,#2200,.T.);
#3221=ORIENTED_EDGE('',*,*,#1865,.T.);
#3222=ORIENTED_EDGE('',*,*,#2202,.F.);
#3223=ORIENTED_EDGE('',*,*,#1849,.F.);
#3224=ORIENTED_EDGE('',*,*,#2201,.T.);
#3225=ORIENTED_EDGE('',*,*,#1864,.T.);
#3226=ORIENTED_EDGE('',*,*,#2203,.F.);
#3227=ORIENTED_EDGE('',*,*,#1850,.F.);
#3228=ORIENTED_EDGE('',*,*,#2202,.T.);
#3229=ORIENTED_EDGE('',*,*,#1863,.T.);
#3230=ORIENTED_EDGE('',*,*,#2204,.F.);
#3231=ORIENTED_EDGE('',*,*,#1851,.F.);
#3232=ORIENTED_EDGE('',*,*,#2203,.T.);
#3233=ORIENTED_EDGE('',*,*,#1862,.T.);
#3234=ORIENTED_EDGE('',*,*,#2038,.F.);
#3235=ORIENTED_EDGE('',*,*,#1852,.F.);
#3236=ORIENTED_EDGE('',*,*,#2204,.T.);
#3237=ORIENTED_EDGE('',*,*,#2029,.F.);
#3238=ORIENTED_EDGE('',*,*,#2205,.F.);
#3239=ORIENTED_EDGE('',*,*,#1854,.T.);
#3240=ORIENTED_EDGE('',*,*,#2206,.T.);
#3241=ORIENTED_EDGE('',*,*,#2030,.F.);
#3242=ORIENTED_EDGE('',*,*,#2206,.F.);
#3243=ORIENTED_EDGE('',*,*,#1853,.T.);
#3244=ORIENTED_EDGE('',*,*,#2207,.T.);
#3245=ORIENTED_EDGE('',*,*,#2031,.F.);
#3246=ORIENTED_EDGE('',*,*,#2207,.F.);
#3247=ORIENTED_EDGE('',*,*,#1860,.T.);
#3248=ORIENTED_EDGE('',*,*,#2208,.T.);
#3249=ORIENTED_EDGE('',*,*,#2032,.F.);
#3250=ORIENTED_EDGE('',*,*,#2208,.F.);
#3251=ORIENTED_EDGE('',*,*,#1859,.T.);
#3252=ORIENTED_EDGE('',*,*,#2209,.T.);
#3253=ORIENTED_EDGE('',*,*,#2033,.F.);
#3254=ORIENTED_EDGE('',*,*,#2209,.F.);
#3255=ORIENTED_EDGE('',*,*,#1858,.T.);
#3256=ORIENTED_EDGE('',*,*,#2210,.T.);
#3257=ORIENTED_EDGE('',*,*,#2034,.F.);
#3258=ORIENTED_EDGE('',*,*,#2210,.F.);
#3259=ORIENTED_EDGE('',*,*,#1857,.T.);
#3260=ORIENTED_EDGE('',*,*,#2211,.T.);
#3261=ORIENTED_EDGE('',*,*,#2035,.F.);
#3262=ORIENTED_EDGE('',*,*,#2211,.F.);
#3263=ORIENTED_EDGE('',*,*,#1856,.T.);
#3264=ORIENTED_EDGE('',*,*,#2212,.T.);
#3265=ORIENTED_EDGE('',*,*,#2036,.F.);
#3266=ORIENTED_EDGE('',*,*,#2212,.F.);
#3267=ORIENTED_EDGE('',*,*,#1855,.T.);
#3268=ORIENTED_EDGE('',*,*,#2205,.T.);
#3269=PLANE('',#3547);
#3270=PLANE('',#3646);
#3271=PLANE('',#3746);
#3272=PLANE('',#3748);
#3273=PLANE('',#3750);
#3274=PLANE('',#3752);
#3275=PLANE('',#3754);
#3276=PLANE('',#3758);
#3277=PLANE('',#3760);
#3278=PLANE('',#3762);
#3279=PLANE('',#3764);
#3280=PLANE('',#3766);
#3281=PLANE('',#3768);
#3282=PLANE('',#3770);
#3283=PLANE('',#3772);
#3284=PLANE('',#3774);
#3285=PLANE('',#3776);
#3286=PLANE('',#3778);
#3287=PLANE('',#3780);
#3288=PLANE('',#3782);
#3289=PLANE('',#3784);
#3290=PLANE('',#3788);
#3291=PLANE('',#3790);
#3292=PLANE('',#3792);
#3293=PLANE('',#3794);
#3294=PLANE('',#3796);
#3295=PLANE('',#3798);
#3296=PLANE('',#3800);
#3297=PLANE('',#3802);
#3298=PLANE('',#3804);
#3299=PLANE('',#3806);
#3300=PLANE('',#3808);
#3301=PLANE('',#3812);
#3302=PLANE('',#3814);
#3303=PLANE('',#3816);
#3304=PLANE('',#3818);
#3305=PLANE('',#3820);
#3306=PLANE('',#3822);
#3307=PLANE('',#3824);
#3308=PLANE('',#3826);
#3309=PLANE('',#3828);
#3310=PLANE('',#3830);
#3311=PLANE('',#3832);
#3312=PLANE('',#3834);
#3313=PLANE('',#3836);
#3314=PLANE('',#3838);
#3315=PLANE('',#3842);
#3316=PLANE('',#3844);
#3317=PLANE('',#3846);
#3318=PLANE('',#3848);
#3319=PLANE('',#3850);
#3320=PLANE('',#3852);
#3321=PLANE('',#3854);
#3322=PLANE('',#3856);
#3323=PLANE('',#3858);
#3324=PLANE('',#3860);
#3325=PLANE('',#3862);
#3326=PLANE('',#3864);
#3327=PLANE('',#3866);
#3328=PLANE('',#3868);
#3329=PLANE('',#3872);
#3330=PLANE('',#3874);
#3331=PLANE('',#3876);
#3332=PLANE('',#3878);
#3333=PLANE('',#3880);
#3334=PLANE('',#3882);
#3335=PLANE('',#3884);
#3336=PLANE('',#3886);
#3337=PLANE('',#3888);
#3338=PLANE('',#3890);
#3339=PLANE('',#3892);
#3340=PLANE('',#3896);
#3341=PLANE('',#3898);
#3342=PLANE('',#3900);
#3343=PLANE('',#3902);
#3344=PLANE('',#3904);
#3345=PLANE('',#3906);
#3346=PLANE('',#3908);
#3347=PLANE('',#3910);
#3348=PLANE('',#3912);
#3349=ADVANCED_FACE('',(#115,#113),#3269,.T.);
#3350=ADVANCED_FACE('',(#116,#114),#3270,.F.);
#3351=ADVANCED_FACE('',(#117),#15,.F.);
#3352=ADVANCED_FACE('',(#118),#3271,.F.);
#3353=ADVANCED_FACE('',(#119),#16,.F.);
#3354=ADVANCED_FACE('',(#120),#3272,.F.);
#3355=ADVANCED_FACE('',(#121),#17,.F.);
#3356=ADVANCED_FACE('',(#122),#3273,.F.);
#3357=ADVANCED_FACE('',(#123),#18,.T.);
#3358=ADVANCED_FACE('',(#124),#3274,.F.);
#3359=ADVANCED_FACE('',(#125),#19,.F.);
#3360=ADVANCED_FACE('',(#126),#3275,.F.);
#3361=ADVANCED_FACE('',(#127),#20,.T.);
#3362=ADVANCED_FACE('',(#128),#21,.F.);
#3363=ADVANCED_FACE('',(#129),#22,.T.);
#3364=ADVANCED_FACE('',(#130),#3276,.F.);
#3365=ADVANCED_FACE('',(#131),#23,.F.);
#3366=ADVANCED_FACE('',(#132),#3277,.F.);
#3367=ADVANCED_FACE('',(#133),#24,.T.);
#3368=ADVANCED_FACE('',(#134),#3278,.F.);
#3369=ADVANCED_FACE('',(#135),#25,.F.);
#3370=ADVANCED_FACE('',(#136),#3279,.F.);
#3371=ADVANCED_FACE('',(#137),#26,.F.);
#3372=ADVANCED_FACE('',(#138),#3280,.F.);
#3373=ADVANCED_FACE('',(#139),#27,.F.);
#3374=ADVANCED_FACE('',(#140),#3281,.F.);
#3375=ADVANCED_FACE('',(#141),#28,.T.);
#3376=ADVANCED_FACE('',(#142),#3282,.F.);
#3377=ADVANCED_FACE('',(#143),#29,.T.);
#3378=ADVANCED_FACE('',(#144),#3283,.F.);
#3379=ADVANCED_FACE('',(#145),#30,.T.);
#3380=ADVANCED_FACE('',(#146),#3284,.F.);
#3381=ADVANCED_FACE('',(#147),#31,.T.);
#3382=ADVANCED_FACE('',(#148),#3285,.F.);
#3383=ADVANCED_FACE('',(#149),#32,.T.);
#3384=ADVANCED_FACE('',(#150),#3286,.F.);
#3385=ADVANCED_FACE('',(#151),#33,.F.);
#3386=ADVANCED_FACE('',(#152),#3287,.F.);
#3387=ADVANCED_FACE('',(#153),#34,.F.);
#3388=ADVANCED_FACE('',(#154),#3288,.F.);
#3389=ADVANCED_FACE('',(#155),#35,.F.);
#3390=ADVANCED_FACE('',(#156),#3289,.F.);
#3391=ADVANCED_FACE('',(#157),#36,.T.);
#3392=ADVANCED_FACE('',(#158),#37,.F.);
#3393=ADVANCED_FACE('',(#159),#38,.T.);
#3394=ADVANCED_FACE('',(#160),#3290,.F.);
#3395=ADVANCED_FACE('',(#161),#39,.F.);
#3396=ADVANCED_FACE('',(#162),#3291,.F.);
#3397=ADVANCED_FACE('',(#163),#40,.F.);
#3398=ADVANCED_FACE('',(#164),#3292,.F.);
#3399=ADVANCED_FACE('',(#165),#41,.F.);
#3400=ADVANCED_FACE('',(#166),#3293,.F.);
#3401=ADVANCED_FACE('',(#167),#42,.T.);
#3402=ADVANCED_FACE('',(#168),#3294,.F.);
#3403=ADVANCED_FACE('',(#169),#43,.T.);
#3404=ADVANCED_FACE('',(#170),#3295,.F.);
#3405=ADVANCED_FACE('',(#171),#44,.T.);
#3406=ADVANCED_FACE('',(#172),#3296,.F.);
#3407=ADVANCED_FACE('',(#173),#45,.T.);
#3408=ADVANCED_FACE('',(#174),#3297,.F.);
#3409=ADVANCED_FACE('',(#175),#46,.F.);
#3410=ADVANCED_FACE('',(#176),#3298,.F.);
#3411=ADVANCED_FACE('',(#177),#47,.F.);
#3412=ADVANCED_FACE('',(#178),#3299,.F.);
#3413=ADVANCED_FACE('',(#179),#48,.F.);
#3414=ADVANCED_FACE('',(#180),#3300,.F.);
#3415=ADVANCED_FACE('',(#181),#49,.T.);
#3416=ADVANCED_FACE('',(#182),#50,.F.);
#3417=ADVANCED_FACE('',(#183),#51,.T.);
#3418=ADVANCED_FACE('',(#184),#3301,.F.);
#3419=ADVANCED_FACE('',(#185),#52,.F.);
#3420=ADVANCED_FACE('',(#186),#3302,.F.);
#3421=ADVANCED_FACE('',(#187),#53,.F.);
#3422=ADVANCED_FACE('',(#188),#3303,.F.);
#3423=ADVANCED_FACE('',(#189),#54,.F.);
#3424=ADVANCED_FACE('',(#190),#3304,.F.);
#3425=ADVANCED_FACE('',(#191),#55,.T.);
#3426=ADVANCED_FACE('',(#192),#3305,.F.);
#3427=ADVANCED_FACE('',(#193),#56,.T.);
#3428=ADVANCED_FACE('',(#194),#3306,.F.);
#3429=ADVANCED_FACE('',(#195),#57,.T.);
#3430=ADVANCED_FACE('',(#196),#3307,.F.);
#3431=ADVANCED_FACE('',(#197),#58,.T.);
#3432=ADVANCED_FACE('',(#198),#3308,.F.);
#3433=ADVANCED_FACE('',(#199),#59,.T.);
#3434=ADVANCED_FACE('',(#200),#3309,.F.);
#3435=ADVANCED_FACE('',(#201),#60,.F.);
#3436=ADVANCED_FACE('',(#202),#3310,.F.);
#3437=ADVANCED_FACE('',(#203),#61,.F.);
#3438=ADVANCED_FACE('',(#204),#3311,.F.);
#3439=ADVANCED_FACE('',(#205),#62,.F.);
#3440=ADVANCED_FACE('',(#206),#3312,.F.);
#3441=ADVANCED_FACE('',(#207),#63,.T.);
#3442=ADVANCED_FACE('',(#208),#3313,.F.);
#3443=ADVANCED_FACE('',(#209),#64,.F.);
#3444=ADVANCED_FACE('',(#210),#3314,.F.);
#3445=ADVANCED_FACE('',(#211),#65,.T.);
#3446=ADVANCED_FACE('',(#212),#66,.F.);
#3447=ADVANCED_FACE('',(#213),#67,.T.);
#3448=ADVANCED_FACE('',(#214),#3315,.F.);
#3449=ADVANCED_FACE('',(#215),#68,.F.);
#3450=ADVANCED_FACE('',(#216),#3316,.F.);
#3451=ADVANCED_FACE('',(#217),#69,.T.);
#3452=ADVANCED_FACE('',(#218),#3317,.F.);
#3453=ADVANCED_FACE('',(#219),#70,.F.);
#3454=ADVANCED_FACE('',(#220),#3318,.F.);
#3455=ADVANCED_FACE('',(#221),#71,.F.);
#3456=ADVANCED_FACE('',(#222),#3319,.F.);
#3457=ADVANCED_FACE('',(#223),#72,.F.);
#3458=ADVANCED_FACE('',(#224),#3320,.F.);
#3459=ADVANCED_FACE('',(#225),#73,.T.);
#3460=ADVANCED_FACE('',(#226),#3321,.F.);
#3461=ADVANCED_FACE('',(#227),#74,.T.);
#3462=ADVANCED_FACE('',(#228),#3322,.F.);
#3463=ADVANCED_FACE('',(#229),#75,.T.);
#3464=ADVANCED_FACE('',(#230),#3323,.F.);
#3465=ADVANCED_FACE('',(#231),#76,.T.);
#3466=ADVANCED_FACE('',(#232),#3324,.F.);
#3467=ADVANCED_FACE('',(#233),#77,.T.);
#3468=ADVANCED_FACE('',(#234),#3325,.F.);
#3469=ADVANCED_FACE('',(#235),#78,.F.);
#3470=ADVANCED_FACE('',(#236),#3326,.F.);
#3471=ADVANCED_FACE('',(#237),#79,.F.);
#3472=ADVANCED_FACE('',(#238),#3327,.F.);
#3473=ADVANCED_FACE('',(#239),#80,.F.);
#3474=ADVANCED_FACE('',(#240),#3328,.F.);
#3475=ADVANCED_FACE('',(#241),#81,.T.);
#3476=ADVANCED_FACE('',(#242),#82,.F.);
#3477=ADVANCED_FACE('',(#243),#83,.T.);
#3478=ADVANCED_FACE('',(#244),#3329,.F.);
#3479=ADVANCED_FACE('',(#245),#84,.F.);
#3480=ADVANCED_FACE('',(#246),#3330,.F.);
#3481=ADVANCED_FACE('',(#247),#85,.F.);
#3482=ADVANCED_FACE('',(#248),#3331,.F.);
#3483=ADVANCED_FACE('',(#249),#86,.F.);
#3484=ADVANCED_FACE('',(#250),#3332,.F.);
#3485=ADVANCED_FACE('',(#251),#87,.T.);
#3486=ADVANCED_FACE('',(#252),#3333,.F.);
#3487=ADVANCED_FACE('',(#253),#88,.T.);
#3488=ADVANCED_FACE('',(#254),#3334,.F.);
#3489=ADVANCED_FACE('',(#255),#89,.T.);
#3490=ADVANCED_FACE('',(#256),#3335,.F.);
#3491=ADVANCED_FACE('',(#257),#90,.T.);
#3492=ADVANCED_FACE('',(#258),#3336,.F.);
#3493=ADVANCED_FACE('',(#259),#91,.F.);
#3494=ADVANCED_FACE('',(#260),#3337,.F.);
#3495=ADVANCED_FACE('',(#261),#92,.F.);
#3496=ADVANCED_FACE('',(#262),#3338,.F.);
#3497=ADVANCED_FACE('',(#263),#93,.F.);
#3498=ADVANCED_FACE('',(#264),#3339,.F.);
#3499=ADVANCED_FACE('',(#265),#94,.T.);
#3500=ADVANCED_FACE('',(#266),#95,.F.);
#3501=ADVANCED_FACE('',(#267),#96,.T.);
#3502=ADVANCED_FACE('',(#268),#3340,.F.);
#3503=ADVANCED_FACE('',(#269),#97,.F.);
#3504=ADVANCED_FACE('',(#270),#3341,.F.);
#3505=ADVANCED_FACE('',(#271),#98,.F.);
#3506=ADVANCED_FACE('',(#272),#3342,.F.);
#3507=ADVANCED_FACE('',(#273),#99,.F.);
#3508=ADVANCED_FACE('',(#274),#3343,.F.);
#3509=ADVANCED_FACE('',(#275),#100,.T.);
#3510=ADVANCED_FACE('',(#276),#3344,.F.);
#3511=ADVANCED_FACE('',(#277),#101,.T.);
#3512=ADVANCED_FACE('',(#278),#3345,.F.);
#3513=ADVANCED_FACE('',(#279),#102,.T.);
#3514=ADVANCED_FACE('',(#280),#3346,.F.);
#3515=ADVANCED_FACE('',(#281),#103,.T.);
#3516=ADVANCED_FACE('',(#282),#3347,.F.);
#3517=ADVANCED_FACE('',(#283),#104,.T.);
#3518=ADVANCED_FACE('',(#284),#3348,.F.);
#3519=ADVANCED_FACE('',(#285),#105,.F.);
#3520=ADVANCED_FACE('',(#286),#106,.T.);
#3521=ADVANCED_FACE('',(#287),#107,.F.);
#3522=ADVANCED_FACE('',(#288),#108,.T.);
#3523=ADVANCED_FACE('',(#289),#109,.F.);
#3524=ADVANCED_FACE('',(#290),#110,.T.);
#3525=ADVANCED_FACE('',(#291),#111,.F.);
#3526=ADVANCED_FACE('',(#292),#112,.T.);
#3527=CLOSED_SHELL('',(#3349,#3350,#3351,#3352,#3353,#3354,#3355,#3356,
#3357,#3358,#3359,#3360,#3361,#3362,#3363,#3364,#3365,#3366,#3367,#3368,
#3369,#3370,#3371,#3372,#3373,#3374,#3375,#3376,#3377,#3378,#3379,#3380,
#3381,#3382,#3383,#3384,#3385,#3386,#3387,#3388,#3389,#3390,#3391,#3392,
#3393,#3394,#3395,#3396,#3397,#3398,#3399,#3400,#3401,#3402,#3403,#3404,
#3405,#3406,#3407,#3408,#3409,#3410,#3411,#3412,#3413,#3414,#3415,#3416,
#3417,#3418,#3419,#3420,#3421,#3422,#3423,#3424,#3425,#3426,#3427,#3428,
#3429,#3430,#3431,#3432,#3433,#3434,#3435,#3436,#3437,#3438,#3439,#3440,
#3441,#3442,#3443,#3444,#3445,#3446,#3447,#3448,#3449,#3450,#3451,#3452,
#3453,#3454,#3455,#3456,#3457,#3458,#3459,#3460,#3461,#3462,#3463,#3464,
#3465,#3466,#3467,#3468,#3469,#3470,#3471,#3472,#3473,#3474,#3475,#3476,
#3477,#3478,#3479,#3480,#3481,#3482,#3483,#3484,#3485,#3486,#3487,#3488,
#3489,#3490,#3491,#3492,#3493,#3494,#3495,#3496,#3497,#3498,#3499,#3500,
#3501,#3502,#3503,#3504,#3505,#3506,#3507,#3508,#3509,#3510,#3511,#3512,
#3513,#3514,#3515,#3516,#3517,#3518,#3519,#3520,#3521,#3522,#3523,#3524,
#3525,#3526));
#3528=DERIVED_UNIT_ELEMENT(#3530,1.);
#3529=DERIVED_UNIT_ELEMENT(#6067,3.);
#3530=(
MASS_UNIT()
NAMED_UNIT(*)
SI_UNIT($,.GRAM.)
);
#3531=DERIVED_UNIT((#3528,#3529));
#3532=MEASURE_REPRESENTATION_ITEM('density measure',
POSITIVE_RATIO_MEASURE(2.7),#3531);
#3533=PROPERTY_DEFINITION_REPRESENTATION(#3538,#3535);
#3534=PROPERTY_DEFINITION_REPRESENTATION(#3539,#3536);
#3535=REPRESENTATION('material name',(#3537),#6064);
#3536=REPRESENTATION('density',(#3532),#6064);
#3537=DESCRIPTIVE_REPRESENTATION_ITEM('Aluminum 6061','Aluminum 6061');
#3538=PROPERTY_DEFINITION('material property','material name',#6074);
#3539=PROPERTY_DEFINITION('material property','density of part',#6074);
#3540=DATE_TIME_ROLE('creation_date');
#3541=APPLIED_DATE_AND_TIME_ASSIGNMENT(#3542,#3540,(#6074));
#3542=DATE_AND_TIME(#3543,#3544);
#3543=CALENDAR_DATE(2023,15,10);
#3544=LOCAL_TIME(0,0,0.,#3545);
#3545=COORDINATED_UNIVERSAL_TIME_OFFSET(0,0,.BEHIND.);
#3546=AXIS2_PLACEMENT_3D('placement',#5003,#3921,#3922);
#3547=AXIS2_PLACEMENT_3D('',#5004,#3923,#3924);
#3548=AXIS2_PLACEMENT_3D('',#5007,#3925,#3926);
#3549=AXIS2_PLACEMENT_3D('',#5011,#3928,#3929);
#3550=AXIS2_PLACEMENT_3D('',#5015,#3931,#3932);
#3551=AXIS2_PLACEMENT_3D('',#5019,#3934,#3935);
#3552=AXIS2_PLACEMENT_3D('',#5023,#3937,#3938);
#3553=AXIS2_PLACEMENT_3D('',#5027,#3940,#3941);
#3554=AXIS2_PLACEMENT_3D('',#5029,#3942,#3943);
#3555=AXIS2_PLACEMENT_3D('',#5031,#3944,#3945);
#3556=AXIS2_PLACEMENT_3D('',#5035,#3947,#3948);
#3557=AXIS2_PLACEMENT_3D('',#5039,#3950,#3951);
#3558=AXIS2_PLACEMENT_3D('',#5043,#3953,#3954);
#3559=AXIS2_PLACEMENT_3D('',#5047,#3956,#3957);
#3560=AXIS2_PLACEMENT_3D('',#5051,#3959,#3960);
#3561=AXIS2_PLACEMENT_3D('',#5055,#3962,#3963);
#3562=AXIS2_PLACEMENT_3D('',#5059,#3965,#3966);
#3563=AXIS2_PLACEMENT_3D('',#5063,#3968,#3969);
#3564=AXIS2_PLACEMENT_3D('',#5067,#3971,#3972);
#3565=AXIS2_PLACEMENT_3D('',#5071,#3974,#3975);
#3566=AXIS2_PLACEMENT_3D('',#5075,#3977,#3978);
#3567=AXIS2_PLACEMENT_3D('',#5079,#3980,#3981);
#3568=AXIS2_PLACEMENT_3D('',#5083,#3983,#3984);
#3569=AXIS2_PLACEMENT_3D('',#5087,#3986,#3987);
#3570=AXIS2_PLACEMENT_3D('',#5089,#3988,#3989);
#3571=AXIS2_PLACEMENT_3D('',#5091,#3990,#3991);
#3572=AXIS2_PLACEMENT_3D('',#5095,#3993,#3994);
#3573=AXIS2_PLACEMENT_3D('',#5099,#3996,#3997);
#3574=AXIS2_PLACEMENT_3D('',#5103,#3999,#4000);
#3575=AXIS2_PLACEMENT_3D('',#5107,#4002,#4003);
#3576=AXIS2_PLACEMENT_3D('',#5111,#4005,#4006);
#3577=AXIS2_PLACEMENT_3D('',#5115,#4008,#4009);
#3578=AXIS2_PLACEMENT_3D('',#5119,#4011,#4012);
#3579=AXIS2_PLACEMENT_3D('',#5123,#4014,#4015);
#3580=AXIS2_PLACEMENT_3D('',#5127,#4017,#4018);
#3581=AXIS2_PLACEMENT_3D('',#5131,#4020,#4021);
#3582=AXIS2_PLACEMENT_3D('',#5135,#4023,#4024);
#3583=AXIS2_PLACEMENT_3D('',#5137,#4025,#4026);
#3584=AXIS2_PLACEMENT_3D('',#5139,#4027,#4028);
#3585=AXIS2_PLACEMENT_3D('',#5143,#4030,#4031);
#3586=AXIS2_PLACEMENT_3D('',#5147,#4033,#4034);
#3587=AXIS2_PLACEMENT_3D('',#5151,#4036,#4037);
#3588=AXIS2_PLACEMENT_3D('',#5155,#4039,#4040);
#3589=AXIS2_PLACEMENT_3D('',#5159,#4042,#4043);
#3590=AXIS2_PLACEMENT_3D('',#5163,#4045,#4046);
#3591=AXIS2_PLACEMENT_3D('',#5167,#4048,#4049);
#3592=AXIS2_PLACEMENT_3D('',#5171,#4051,#4052);
#3593=AXIS2_PLACEMENT_3D('',#5175,#4054,#4055);
#3594=AXIS2_PLACEMENT_3D('',#5179,#4057,#4058);
#3595=AXIS2_PLACEMENT_3D('',#5183,#4060,#4061);
#3596=AXIS2_PLACEMENT_3D('',#5187,#4063,#4064);
#3597=AXIS2_PLACEMENT_3D('',#5191,#4066,#4067);
#3598=AXIS2_PLACEMENT_3D('',#5195,#4069,#4070);
#3599=AXIS2_PLACEMENT_3D('',#5197,#4071,#4072);
#3600=AXIS2_PLACEMENT_3D('',#5199,#4073,#4074);
#3601=AXIS2_PLACEMENT_3D('',#5203,#4076,#4077);
#3602=AXIS2_PLACEMENT_3D('',#5207,#4079,#4080);
#3603=AXIS2_PLACEMENT_3D('',#5211,#4082,#4083);
#3604=AXIS2_PLACEMENT_3D('',#5215,#4085,#4086);
#3605=AXIS2_PLACEMENT_3D('',#5219,#4088,#4089);
#3606=AXIS2_PLACEMENT_3D('',#5223,#4091,#4092);
#3607=AXIS2_PLACEMENT_3D('',#5227,#4094,#4095);
#3608=AXIS2_PLACEMENT_3D('',#5231,#4097,#4098);
#3609=AXIS2_PLACEMENT_3D('',#5235,#4100,#4101);
#3610=AXIS2_PLACEMENT_3D('',#5239,#4103,#4104);
#3611=AXIS2_PLACEMENT_3D('',#5243,#4106,#4107);
#3612=AXIS2_PLACEMENT_3D('',#5247,#4109,#4110);
#3613=AXIS2_PLACEMENT_3D('',#5251,#4112,#4113);
#3614=AXIS2_PLACEMENT_3D('',#5255,#4115,#4116);
#3615=AXIS2_PLACEMENT_3D('',#5257,#4117,#4118);
#3616=AXIS2_PLACEMENT_3D('',#5259,#4119,#4120);
#3617=AXIS2_PLACEMENT_3D('',#5263,#4122,#4123);
#3618=AXIS2_PLACEMENT_3D('',#5267,#4125,#4126);
#3619=AXIS2_PLACEMENT_3D('',#5271,#4128,#4129);
#3620=AXIS2_PLACEMENT_3D('',#5275,#4131,#4132);
#3621=AXIS2_PLACEMENT_3D('',#5279,#4134,#4135);
#3622=AXIS2_PLACEMENT_3D('',#5283,#4137,#4138);
#3623=AXIS2_PLACEMENT_3D('',#5287,#4140,#4141);
#3624=AXIS2_PLACEMENT_3D('',#5291,#4143,#4144);
#3625=AXIS2_PLACEMENT_3D('',#5295,#4146,#4147);
#3626=AXIS2_PLACEMENT_3D('',#5299,#4149,#4150);
#3627=AXIS2_PLACEMENT_3D('',#5303,#4152,#4153);
#3628=AXIS2_PLACEMENT_3D('',#5305,#4154,#4155);
#3629=AXIS2_PLACEMENT_3D('',#5307,#4156,#4157);
#3630=AXIS2_PLACEMENT_3D('',#5311,#4159,#4160);
#3631=AXIS2_PLACEMENT_3D('',#5315,#4162,#4163);
#3632=AXIS2_PLACEMENT_3D('',#5319,#4165,#4166);
#3633=AXIS2_PLACEMENT_3D('',#5323,#4168,#4169);
#3634=AXIS2_PLACEMENT_3D('',#5327,#4171,#4172);
#3635=AXIS2_PLACEMENT_3D('',#5331,#4174,#4175);
#3636=AXIS2_PLACEMENT_3D('',#5335,#4177,#4178);
#3637=AXIS2_PLACEMENT_3D('',#5339,#4180,#4181);
#3638=AXIS2_PLACEMENT_3D('',#5343,#4183,#4184);
#3639=AXIS2_PLACEMENT_3D('',#5345,#4185,#4186);
#3640=AXIS2_PLACEMENT_3D('',#5347,#4187,#4188);
#3641=AXIS2_PLACEMENT_3D('',#5349,#4189,#4190);
#3642=AXIS2_PLACEMENT_3D('',#5351,#4191,#4192);
#3643=AXIS2_PLACEMENT_3D('',#5353,#4193,#4194);
#3644=AXIS2_PLACEMENT_3D('',#5355,#4195,#4196);
#3645=AXIS2_PLACEMENT_3D('',#5356,#4197,#4198);
#3646=AXIS2_PLACEMENT_3D('',#5357,#4199,#4200);
#3647=AXIS2_PLACEMENT_3D('',#5360,#4201,#4202);
#3648=AXIS2_PLACEMENT_3D('',#5364,#4204,#4205);
#3649=AXIS2_PLACEMENT_3D('',#5368,#4207,#4208);
#3650=AXIS2_PLACEMENT_3D('',#5372,#4210,#4211);
#3651=AXIS2_PLACEMENT_3D('',#5376,#4213,#4214);
#3652=AXIS2_PLACEMENT_3D('',#5380,#4216,#4217);
#3653=AXIS2_PLACEMENT_3D('',#5384,#4219,#4220);
#3654=AXIS2_PLACEMENT_3D('',#5388,#4222,#4223);
#3655=AXIS2_PLACEMENT_3D('',#5392,#4225,#4226);
#3656=AXIS2_PLACEMENT_3D('',#5396,#4228,#4229);
#3657=AXIS2_PLACEMENT_3D('',#5398,#4230,#4231);
#3658=AXIS2_PLACEMENT_3D('',#5400,#4232,#4233);
#3659=AXIS2_PLACEMENT_3D('',#5404,#4235,#4236);
#3660=AXIS2_PLACEMENT_3D('',#5408,#4238,#4239);
#3661=AXIS2_PLACEMENT_3D('',#5412,#4241,#4242);
#3662=AXIS2_PLACEMENT_3D('',#5416,#4244,#4245);
#3663=AXIS2_PLACEMENT_3D('',#5420,#4247,#4248);
#3664=AXIS2_PLACEMENT_3D('',#5424,#4250,#4251);
#3665=AXIS2_PLACEMENT_3D('',#5428,#4253,#4254);
#3666=AXIS2_PLACEMENT_3D('',#5432,#4256,#4257);
#3667=AXIS2_PLACEMENT_3D('',#5436,#4259,#4260);
#3668=AXIS2_PLACEMENT_3D('',#5440,#4262,#4263);
#3669=AXIS2_PLACEMENT_3D('',#5444,#4265,#4266);
#3670=AXIS2_PLACEMENT_3D('',#5446,#4267,#4268);
#3671=AXIS2_PLACEMENT_3D('',#5448,#4269,#4270);
#3672=AXIS2_PLACEMENT_3D('',#5452,#4272,#4273);
#3673=AXIS2_PLACEMENT_3D('',#5456,#4275,#4276);
#3674=AXIS2_PLACEMENT_3D('',#5460,#4278,#4279);
#3675=AXIS2_PLACEMENT_3D('',#5464,#4281,#4282);
#3676=AXIS2_PLACEMENT_3D('',#5468,#4284,#4285);
#3677=AXIS2_PLACEMENT_3D('',#5472,#4287,#4288);
#3678=AXIS2_PLACEMENT_3D('',#5476,#4290,#4291);
#3679=AXIS2_PLACEMENT_3D('',#5480,#4293,#4294);
#3680=AXIS2_PLACEMENT_3D('',#5484,#4296,#4297);
#3681=AXIS2_PLACEMENT_3D('',#5488,#4299,#4300);
#3682=AXIS2_PLACEMENT_3D('',#5492,#4302,#4303);
#3683=AXIS2_PLACEMENT_3D('',#5496,#4305,#4306);
#3684=AXIS2_PLACEMENT_3D('',#5500,#4308,#4309);
#3685=AXIS2_PLACEMENT_3D('',#5504,#4311,#4312);
#3686=AXIS2_PLACEMENT_3D('',#5506,#4313,#4314);
#3687=AXIS2_PLACEMENT_3D('',#5508,#4315,#4316);
#3688=AXIS2_PLACEMENT_3D('',#5512,#4318,#4319);
#3689=AXIS2_PLACEMENT_3D('',#5516,#4321,#4322);
#3690=AXIS2_PLACEMENT_3D('',#5520,#4324,#4325);
#3691=AXIS2_PLACEMENT_3D('',#5524,#4327,#4328);
#3692=AXIS2_PLACEMENT_3D('',#5528,#4330,#4331);
#3693=AXIS2_PLACEMENT_3D('',#5532,#4333,#4334);
#3694=AXIS2_PLACEMENT_3D('',#5536,#4336,#4337);
#3695=AXIS2_PLACEMENT_3D('',#5540,#4339,#4340);
#3696=AXIS2_PLACEMENT_3D('',#5544,#4342,#4343);
#3697=AXIS2_PLACEMENT_3D('',#5548,#4345,#4346);
#3698=AXIS2_PLACEMENT_3D('',#5552,#4348,#4349);
#3699=AXIS2_PLACEMENT_3D('',#5556,#4351,#4352);
#3700=AXIS2_PLACEMENT_3D('',#5560,#4354,#4355);
#3701=AXIS2_PLACEMENT_3D('',#5564,#4357,#4358);
#3702=AXIS2_PLACEMENT_3D('',#5566,#4359,#4360);
#3703=AXIS2_PLACEMENT_3D('',#5568,#4361,#4362);
#3704=AXIS2_PLACEMENT_3D('',#5572,#4364,#4365);
#3705=AXIS2_PLACEMENT_3D('',#5576,#4367,#4368);
#3706=AXIS2_PLACEMENT_3D('',#5580,#4370,#4371);
#3707=AXIS2_PLACEMENT_3D('',#5584,#4373,#4374);
#3708=AXIS2_PLACEMENT_3D('',#5588,#4376,#4377);
#3709=AXIS2_PLACEMENT_3D('',#5592,#4379,#4380);
#3710=AXIS2_PLACEMENT_3D('',#5596,#4382,#4383);
#3711=AXIS2_PLACEMENT_3D('',#5600,#4385,#4386);
#3712=AXIS2_PLACEMENT_3D('',#5604,#4388,#4389);
#3713=AXIS2_PLACEMENT_3D('',#5608,#4391,#4392);
#3714=AXIS2_PLACEMENT_3D('',#5612,#4394,#4395);
#3715=AXIS2_PLACEMENT_3D('',#5614,#4396,#4397);
#3716=AXIS2_PLACEMENT_3D('',#5616,#4398,#4399);
#3717=AXIS2_PLACEMENT_3D('',#5620,#4401,#4402);
#3718=AXIS2_PLACEMENT_3D('',#5624,#4404,#4405);
#3719=AXIS2_PLACEMENT_3D('',#5628,#4407,#4408);
#3720=AXIS2_PLACEMENT_3D('',#5632,#4410,#4411);
#3721=AXIS2_PLACEMENT_3D('',#5636,#4413,#4414);
#3722=AXIS2_PLACEMENT_3D('',#5640,#4416,#4417);
#3723=AXIS2_PLACEMENT_3D('',#5644,#4419,#4420);
#3724=AXIS2_PLACEMENT_3D('',#5648,#4422,#4423);
#3725=AXIS2_PLACEMENT_3D('',#5652,#4425,#4426);
#3726=AXIS2_PLACEMENT_3D('',#5656,#4428,#4429);
#3727=AXIS2_PLACEMENT_3D('',#5660,#4431,#4432);
#3728=AXIS2_PLACEMENT_3D('',#5664,#4434,#4435);
#3729=AXIS2_PLACEMENT_3D('',#5668,#4437,#4438);
#3730=AXIS2_PLACEMENT_3D('',#5672,#4440,#4441);
#3731=AXIS2_PLACEMENT_3D('',#5674,#4442,#4443);
#3732=AXIS2_PLACEMENT_3D('',#5676,#4444,#4445);
#3733=AXIS2_PLACEMENT_3D('',#5680,#4447,#4448);
#3734=AXIS2_PLACEMENT_3D('',#5684,#4450,#4451);
#3735=AXIS2_PLACEMENT_3D('',#5688,#4453,#4454);
#3736=AXIS2_PLACEMENT_3D('',#5692,#4456,#4457);
#3737=AXIS2_PLACEMENT_3D('',#5696,#4459,#4460);
#3738=AXIS2_PLACEMENT_3D('',#5698,#4461,#4462);
#3739=AXIS2_PLACEMENT_3D('',#5700,#4463,#4464);
#3740=AXIS2_PLACEMENT_3D('',#5702,#4465,#4466);
#3741=AXIS2_PLACEMENT_3D('',#5704,#4467,#4468);
#3742=AXIS2_PLACEMENT_3D('',#5706,#4469,#4470);
#3743=AXIS2_PLACEMENT_3D('',#5708,#4471,#4472);
#3744=AXIS2_PLACEMENT_3D('',#5709,#4473,#4474);
#3745=AXIS2_PLACEMENT_3D('',#5710,#4475,#4476);
#3746=AXIS2_PLACEMENT_3D('',#5713,#4479,#4480);
#3747=AXIS2_PLACEMENT_3D('',#5715,#4482,#4483);
#3748=AXIS2_PLACEMENT_3D('',#5717,#4485,#4486);
#3749=AXIS2_PLACEMENT_3D('',#5719,#4488,#4489);
#3750=AXIS2_PLACEMENT_3D('',#5721,#4491,#4492);
#3751=AXIS2_PLACEMENT_3D('',#5723,#4494,#4495);
#3752=AXIS2_PLACEMENT_3D('',#5725,#4497,#4498);
#3753=AXIS2_PLACEMENT_3D('',#5727,#4500,#4501);
#3754=AXIS2_PLACEMENT_3D('',#5729,#4503,#4504);
#3755=AXIS2_PLACEMENT_3D('',#5731,#4506,#4507);
#3756=AXIS2_PLACEMENT_3D('',#5733,#4509,#4510);
#3757=AXIS2_PLACEMENT_3D('',#5735,#4512,#4513);
#3758=AXIS2_PLACEMENT_3D('',#5737,#4515,#4516);
#3759=AXIS2_PLACEMENT_3D('',#5739,#4518,#4519);
#3760=AXIS2_PLACEMENT_3D('',#5741,#4521,#4522);
#3761=AXIS2_PLACEMENT_3D('',#5743,#4524,#4525);
#3762=AXIS2_PLACEMENT_3D('',#5745,#4527,#4528);
#3763=AXIS2_PLACEMENT_3D('',#5747,#4530,#4531);
#3764=AXIS2_PLACEMENT_3D('',#5749,#4533,#4534);
#3765=AXIS2_PLACEMENT_3D('',#5751,#4536,#4537);
#3766=AXIS2_PLACEMENT_3D('',#5753,#4539,#4540);
#3767=AXIS2_PLACEMENT_3D('',#5755,#4542,#4543);
#3768=AXIS2_PLACEMENT_3D('',#5757,#4545,#4546);
#3769=AXIS2_PLACEMENT_3D('',#5759,#4548,#4549);
#3770=AXIS2_PLACEMENT_3D('',#5761,#4551,#4552);
#3771=AXIS2_PLACEMENT_3D('',#5763,#4554,#4555);
#3772=AXIS2_PLACEMENT_3D('',#5765,#4557,#4558);
#3773=AXIS2_PLACEMENT_3D('',#5767,#4560,#4561);
#3774=AXIS2_PLACEMENT_3D('',#5769,#4563,#4564);
#3775=AXIS2_PLACEMENT_3D('',#5771,#4566,#4567);
#3776=AXIS2_PLACEMENT_3D('',#5773,#4569,#4570);
#3777=AXIS2_PLACEMENT_3D('',#5775,#4572,#4573);
#3778=AXIS2_PLACEMENT_3D('',#5777,#4575,#4576);
#3779=AXIS2_PLACEMENT_3D('',#5779,#4578,#4579);
#3780=AXIS2_PLACEMENT_3D('',#5781,#4581,#4582);
#3781=AXIS2_PLACEMENT_3D('',#5783,#4584,#4585);
#3782=AXIS2_PLACEMENT_3D('',#5785,#4587,#4588);
#3783=AXIS2_PLACEMENT_3D('',#5787,#4590,#4591);
#3784=AXIS2_PLACEMENT_3D('',#5789,#4593,#4594);
#3785=AXIS2_PLACEMENT_3D('',#5791,#4596,#4597);
#3786=AXIS2_PLACEMENT_3D('',#5793,#4599,#4600);
#3787=AXIS2_PLACEMENT_3D('',#5795,#4602,#4603);
#3788=AXIS2_PLACEMENT_3D('',#5797,#4605,#4606);
#3789=AXIS2_PLACEMENT_3D('',#5799,#4608,#4609);
#3790=AXIS2_PLACEMENT_3D('',#5801,#4611,#4612);
#3791=AXIS2_PLACEMENT_3D('',#5803,#4614,#4615);
#3792=AXIS2_PLACEMENT_3D('',#5805,#4617,#4618);
#3793=AXIS2_PLACEMENT_3D('',#5807,#4620,#4621);
#3794=AXIS2_PLACEMENT_3D('',#5809,#4623,#4624);
#3795=AXIS2_PLACEMENT_3D('',#5811,#4626,#4627);
#3796=AXIS2_PLACEMENT_3D('',#5813,#4629,#4630);
#3797=AXIS2_PLACEMENT_3D('',#5815,#4632,#4633);
#3798=AXIS2_PLACEMENT_3D('',#5817,#4635,#4636);
#3799=AXIS2_PLACEMENT_3D('',#5819,#4638,#4639);
#3800=AXIS2_PLACEMENT_3D('',#5821,#4641,#4642);
#3801=AXIS2_PLACEMENT_3D('',#5823,#4644,#4645);
#3802=AXIS2_PLACEMENT_3D('',#5825,#4647,#4648);
#3803=AXIS2_PLACEMENT_3D('',#5827,#4650,#4651);
#3804=AXIS2_PLACEMENT_3D('',#5829,#4653,#4654);
#3805=AXIS2_PLACEMENT_3D('',#5831,#4656,#4657);
#3806=AXIS2_PLACEMENT_3D('',#5833,#4659,#4660);
#3807=AXIS2_PLACEMENT_3D('',#5835,#4662,#4663);
#3808=AXIS2_PLACEMENT_3D('',#5837,#4665,#4666);
#3809=AXIS2_PLACEMENT_3D('',#5839,#4668,#4669);
#3810=AXIS2_PLACEMENT_3D('',#5841,#4671,#4672);
#3811=AXIS2_PLACEMENT_3D('',#5843,#4674,#4675);
#3812=AXIS2_PLACEMENT_3D('',#5845,#4677,#4678);
#3813=AXIS2_PLACEMENT_3D('',#5847,#4680,#4681);
#3814=AXIS2_PLACEMENT_3D('',#5849,#4683,#4684);
#3815=AXIS2_PLACEMENT_3D('',#5851,#4686,#4687);
#3816=AXIS2_PLACEMENT_3D('',#5853,#4689,#4690);
#3817=AXIS2_PLACEMENT_3D('',#5855,#4692,#4693);
#3818=AXIS2_PLACEMENT_3D('',#5857,#4695,#4696);
#3819=AXIS2_PLACEMENT_3D('',#5859,#4698,#4699);
#3820=AXIS2_PLACEMENT_3D('',#5861,#4701,#4702);
#3821=AXIS2_PLACEMENT_3D('',#5863,#4704,#4705);
#3822=AXIS2_PLACEMENT_3D('',#5865,#4707,#4708);
#3823=AXIS2_PLACEMENT_3D('',#5867,#4710,#4711);
#3824=AXIS2_PLACEMENT_3D('',#5869,#4713,#4714);
#3825=AXIS2_PLACEMENT_3D('',#5871,#4716,#4717);
#3826=AXIS2_PLACEMENT_3D('',#5873,#4719,#4720);
#3827=AXIS2_PLACEMENT_3D('',#5875,#4722,#4723);
#3828=AXIS2_PLACEMENT_3D('',#5877,#4725,#4726);
#3829=AXIS2_PLACEMENT_3D('',#5879,#4728,#4729);
#3830=AXIS2_PLACEMENT_3D('',#5881,#4731,#4732);
#3831=AXIS2_PLACEMENT_3D('',#5883,#4734,#4735);
#3832=AXIS2_PLACEMENT_3D('',#5885,#4737,#4738);
#3833=AXIS2_PLACEMENT_3D('',#5887,#4740,#4741);
#3834=AXIS2_PLACEMENT_3D('',#5889,#4743,#4744);
#3835=AXIS2_PLACEMENT_3D('',#5891,#4746,#4747);
#3836=AXIS2_PLACEMENT_3D('',#5893,#4749,#4750);
#3837=AXIS2_PLACEMENT_3D('',#5895,#4752,#4753);
#3838=AXIS2_PLACEMENT_3D('',#5897,#4755,#4756);
#3839=AXIS2_PLACEMENT_3D('',#5899,#4758,#4759);
#3840=AXIS2_PLACEMENT_3D('',#5901,#4761,#4762);
#3841=AXIS2_PLACEMENT_3D('',#5903,#4764,#4765);
#3842=AXIS2_PLACEMENT_3D('',#5905,#4767,#4768);
#3843=AXIS2_PLACEMENT_3D('',#5907,#4770,#4771);
#3844=AXIS2_PLACEMENT_3D('',#5909,#4773,#4774);
#3845=AXIS2_PLACEMENT_3D('',#5911,#4776,#4777);
#3846=AXIS2_PLACEMENT_3D('',#5913,#4779,#4780);
#3847=AXIS2_PLACEMENT_3D('',#5915,#4782,#4783);
#3848=AXIS2_PLACEMENT_3D('',#5917,#4785,#4786);
#3849=AXIS2_PLACEMENT_3D('',#5919,#4788,#4789);
#3850=AXIS2_PLACEMENT_3D('',#5921,#4791,#4792);
#3851=AXIS2_PLACEMENT_3D('',#5923,#4794,#4795);
#3852=AXIS2_PLACEMENT_3D('',#5925,#4797,#4798);
#3853=AXIS2_PLACEMENT_3D('',#5927,#4800,#4801);
#3854=AXIS2_PLACEMENT_3D('',#5929,#4803,#4804);
#3855=AXIS2_PLACEMENT_3D('',#5931,#4806,#4807);
#3856=AXIS2_PLACEMENT_3D('',#5933,#4809,#4810);
#3857=AXIS2_PLACEMENT_3D('',#5935,#4812,#4813);
#3858=AXIS2_PLACEMENT_3D('',#5937,#4815,#4816);
#3859=AXIS2_PLACEMENT_3D('',#5939,#4818,#4819);
#3860=AXIS2_PLACEMENT_3D('',#5941,#4821,#4822);
#3861=AXIS2_PLACEMENT_3D('',#5943,#4824,#4825);
#3862=AXIS2_PLACEMENT_3D('',#5945,#4827,#4828);
#3863=AXIS2_PLACEMENT_3D('',#5947,#4830,#4831);
#3864=AXIS2_PLACEMENT_3D('',#5949,#4833,#4834);
#3865=AXIS2_PLACEMENT_3D('',#5951,#4836,#4837);
#3866=AXIS2_PLACEMENT_3D('',#5953,#4839,#4840);
#3867=AXIS2_PLACEMENT_3D('',#5955,#4842,#4843);
#3868=AXIS2_PLACEMENT_3D('',#5957,#4845,#4846);
#3869=AXIS2_PLACEMENT_3D('',#5959,#4848,#4849);
#3870=AXIS2_PLACEMENT_3D('',#5961,#4851,#4852);
#3871=AXIS2_PLACEMENT_3D('',#5963,#4854,#4855);
#3872=AXIS2_PLACEMENT_3D('',#5965,#4857,#4858);
#3873=AXIS2_PLACEMENT_3D('',#5967,#4860,#4861);
#3874=AXIS2_PLACEMENT_3D('',#5969,#4863,#4864);
#3875=AXIS2_PLACEMENT_3D('',#5971,#4866,#4867);
#3876=AXIS2_PLACEMENT_3D('',#5973,#4869,#4870);
#3877=AXIS2_PLACEMENT_3D('',#5975,#4872,#4873);
#3878=AXIS2_PLACEMENT_3D('',#5977,#4875,#4876);
#3879=AXIS2_PLACEMENT_3D('',#5979,#4878,#4879);
#3880=AXIS2_PLACEMENT_3D('',#5981,#4881,#4882);
#3881=AXIS2_PLACEMENT_3D('',#5983,#4884,#4885);
#3882=AXIS2_PLACEMENT_3D('',#5985,#4887,#4888);
#3883=AXIS2_PLACEMENT_3D('',#5987,#4890,#4891);
#3884=AXIS2_PLACEMENT_3D('',#5989,#4893,#4894);
#3885=AXIS2_PLACEMENT_3D('',#5991,#4896,#4897);
#3886=AXIS2_PLACEMENT_3D('',#5993,#4899,#4900);
#3887=AXIS2_PLACEMENT_3D('',#5995,#4902,#4903);
#3888=AXIS2_PLACEMENT_3D('',#5997,#4905,#4906);
#3889=AXIS2_PLACEMENT_3D('',#5999,#4908,#4909);
#3890=AXIS2_PLACEMENT_3D('',#6001,#4911,#4912);
#3891=AXIS2_PLACEMENT_3D('',#6003,#4914,#4915);
#3892=AXIS2_PLACEMENT_3D('',#6005,#4917,#4918);
#3893=AXIS2_PLACEMENT_3D('',#6007,#4920,#4921);
#3894=AXIS2_PLACEMENT_3D('',#6009,#4923,#4924);
#3895=AXIS2_PLACEMENT_3D('',#6011,#4926,#4927);
#3896=AXIS2_PLACEMENT_3D('',#6013,#4929,#4930);
#3897=AXIS2_PLACEMENT_3D('',#6015,#4932,#4933);
#3898=AXIS2_PLACEMENT_3D('',#6017,#4935,#4936);
#3899=AXIS2_PLACEMENT_3D('',#6019,#4938,#4939);
#3900=AXIS2_PLACEMENT_3D('',#6021,#4941,#4942);
#3901=AXIS2_PLACEMENT_3D('',#6023,#4944,#4945);
#3902=AXIS2_PLACEMENT_3D('',#6025,#4947,#4948);
#3903=AXIS2_PLACEMENT_3D('',#6027,#4950,#4951);
#3904=AXIS2_PLACEMENT_3D('',#6029,#4953,#4954);
#3905=AXIS2_PLACEMENT_3D('',#6031,#4956,#4957);
#3906=AXIS2_PLACEMENT_3D('',#6033,#4959,#4960);
#3907=AXIS2_PLACEMENT_3D('',#6035,#4962,#4963);
#3908=AXIS2_PLACEMENT_3D('',#6037,#4965,#4966);
#3909=AXIS2_PLACEMENT_3D('',#6039,#4968,#4969);
#3910=AXIS2_PLACEMENT_3D('',#6041,#4971,#4972);
#3911=AXIS2_PLACEMENT_3D('',#6043,#4974,#4975);
#3912=AXIS2_PLACEMENT_3D('',#6045,#4977,#4978);
#3913=AXIS2_PLACEMENT_3D('',#6046,#4979,#4980);
#3914=AXIS2_PLACEMENT_3D('',#6049,#4983,#4984);
#3915=AXIS2_PLACEMENT_3D('',#6051,#4986,#4987);
#3916=AXIS2_PLACEMENT_3D('',#6053,#4989,#4990);
#3917=AXIS2_PLACEMENT_3D('',#6055,#4992,#4993);
#3918=AXIS2_PLACEMENT_3D('',#6057,#4995,#4996);
#3919=AXIS2_PLACEMENT_3D('',#6059,#4998,#4999);
#3920=AXIS2_PLACEMENT_3D('',#6061,#5001,#5002);
#3921=DIRECTION('axis',(0.,0.,1.));
#3922=DIRECTION('refdir',(1.,0.,0.));
#3923=DIRECTION('center_axis',(0.,-1.,0.));
#3924=DIRECTION('ref_axis',(1.,0.,0.));
#3925=DIRECTION('center_axis',(0.,1.,0.));
#3926=DIRECTION('ref_axis',(0.,0.,-1.));
#3927=DIRECTION('',(1.,0.,0.));
#3928=DIRECTION('center_axis',(0.,1.,0.));
#3929=DIRECTION('ref_axis',(0.,0.,-1.));
#3930=DIRECTION('',(0.707106781186547,0.,-0.707106781186547));
#3931=DIRECTION('center_axis',(0.,1.,0.));
#3932=DIRECTION('ref_axis',(0.,0.,-1.));
#3933=DIRECTION('',(0.,0.,-1.));
#3934=DIRECTION('center_axis',(0.,-1.,0.));
#3935=DIRECTION('ref_axis',(0.,0.,-1.));
#3936=DIRECTION('',(1.,0.,0.));
#3937=DIRECTION('center_axis',(0.,1.,0.));
#3938=DIRECTION('ref_axis',(0.,0.,-1.));
#3939=DIRECTION('',(0.707106781186547,0.,-0.707106781186547));
#3940=DIRECTION('center_axis',(0.,-1.,0.));
#3941=DIRECTION('ref_axis',(0.,0.,-1.));
#3942=DIRECTION('center_axis',(0.,1.,0.));
#3943=DIRECTION('ref_axis',(0.,0.,-1.));
#3944=DIRECTION('center_axis',(0.,-1.,0.));
#3945=DIRECTION('ref_axis',(0.,0.,-1.));
#3946=DIRECTION('',(-0.707106781186547,0.,-0.707106781186547));
#3947=DIRECTION('center_axis',(0.,1.,0.));
#3948=DIRECTION('ref_axis',(0.,0.,-1.));
#3949=DIRECTION('',(-1.,0.,0.));
#3950=DIRECTION('center_axis',(0.,-1.,0.));
#3951=DIRECTION('ref_axis',(0.,0.,-1.));
#3952=DIRECTION('',(0.,0.,-1.));
#3953=DIRECTION('center_axis',(0.,1.,0.));
#3954=DIRECTION('ref_axis',(0.,0.,-1.));
#3955=DIRECTION('',(-0.707106781186548,0.,-0.707106781186548));
#3956=DIRECTION('center_axis',(0.,1.,0.));
#3957=DIRECTION('ref_axis',(0.,0.,-1.));
#3958=DIRECTION('',(-1.,0.,0.));
#3959=DIRECTION('center_axis',(0.,1.,0.));
#3960=DIRECTION('ref_axis',(0.,0.,-1.));
#3961=DIRECTION('',(0.,0.,1.));
#3962=DIRECTION('center_axis',(0.,-1.,0.));
#3963=DIRECTION('ref_axis',(0.,0.,-1.));
#3964=DIRECTION('',(-0.707106781186548,0.,-0.707106781186548));
#3965=DIRECTION('center_axis',(0.,-1.,0.));
#3966=DIRECTION('ref_axis',(0.,0.,-1.));
#3967=DIRECTION('',(0.,0.,-1.));
#3968=DIRECTION('center_axis',(0.,-1.,0.));
#3969=DIRECTION('ref_axis',(0.,0.,-1.));
#3970=DIRECTION('',(1.,0.,0.));
#3971=DIRECTION('center_axis',(0.,-1.,0.));
#3972=DIRECTION('ref_axis',(0.,0.,-1.));
#3973=DIRECTION('',(0.707106781186548,0.,0.707106781186548));
#3974=DIRECTION('center_axis',(0.,-1.,0.));
#3975=DIRECTION('ref_axis',(0.,0.,-1.));
#3976=DIRECTION('',(-1.,0.,0.));
#3977=DIRECTION('center_axis',(0.,1.,0.));
#3978=DIRECTION('ref_axis',(0.,0.,-1.));
#3979=DIRECTION('',(0.,0.,1.));
#3980=DIRECTION('center_axis',(0.,1.,0.));
#3981=DIRECTION('ref_axis',(0.,0.,-1.));
#3982=DIRECTION('',(0.707106781186547,0.,0.707106781186547));
#3983=DIRECTION('center_axis',(0.,1.,0.));
#3984=DIRECTION('ref_axis',(0.,0.,-1.));
#3985=DIRECTION('',(1.,0.,0.));
#3986=DIRECTION('center_axis',(0.,-1.,0.));
#3987=DIRECTION('ref_axis',(0.,0.,-1.));
#3988=DIRECTION('center_axis',(0.,1.,0.));
#3989=DIRECTION('ref_axis',(0.,0.,-1.));
#3990=DIRECTION('center_axis',(0.,-1.,0.));
#3991=DIRECTION('ref_axis',(0.,0.,-1.));
#3992=DIRECTION('',(1.,0.,0.));
#3993=DIRECTION('center_axis',(0.,1.,0.));
#3994=DIRECTION('ref_axis',(0.,0.,-1.));
#3995=DIRECTION('',(0.707106781186548,0.,-0.707106781186548));
#3996=DIRECTION('center_axis',(0.,1.,0.));
#3997=DIRECTION('ref_axis',(0.,0.,-1.));
#3998=DIRECTION('',(0.,0.,-1.));
#3999=DIRECTION('center_axis',(0.,1.,0.));
#4000=DIRECTION('ref_axis',(0.,0.,-1.));
#4001=DIRECTION('',(-1.,0.,0.));
#4002=DIRECTION('center_axis',(0.,-1.,0.));
#4003=DIRECTION('ref_axis',(0.,0.,-1.));
#4004=DIRECTION('',(0.707106781186548,0.,-0.707106781186548));
#4005=DIRECTION('center_axis',(0.,-1.,0.));
#4006=DIRECTION('ref_axis',(0.,0.,-1.));
#4007=DIRECTION('',(1.,0.,0.));
#4008=DIRECTION('center_axis',(0.,-1.,0.));
#4009=DIRECTION('ref_axis',(0.,0.,-1.));
#4010=DIRECTION('',(0.707106781186548,0.,0.707106781186548));
#4011=DIRECTION('center_axis',(0.,-1.,0.));
#4012=DIRECTION('ref_axis',(0.,0.,-1.));
#4013=DIRECTION('',(-1.,0.,0.));
#4014=DIRECTION('center_axis',(0.,1.,0.));
#4015=DIRECTION('ref_axis',(0.,0.,-1.));
#4016=DIRECTION('',(0.,0.,1.));
#4017=DIRECTION('center_axis',(0.,1.,0.));
#4018=DIRECTION('ref_axis',(0.,0.,-1.));
#4019=DIRECTION('',(0.707106781186548,0.,0.707106781186548));
#4020=DIRECTION('center_axis',(0.,1.,0.));
#4021=DIRECTION('ref_axis',(0.,0.,-1.));
#4022=DIRECTION('',(1.,0.,0.));
#4023=DIRECTION('center_axis',(0.,-1.,0.));
#4024=DIRECTION('ref_axis',(0.,0.,-1.));
#4025=DIRECTION('center_axis',(0.,1.,0.));
#4026=DIRECTION('ref_axis',(0.,0.,-1.));
#4027=DIRECTION('center_axis',(0.,-1.,0.));
#4028=DIRECTION('ref_axis',(0.,0.,-1.));
#4029=DIRECTION('',(1.,0.,0.));
#4030=DIRECTION('center_axis',(0.,1.,0.));
#4031=DIRECTION('ref_axis',(0.,0.,-1.));
#4032=DIRECTION('',(0.707106781186547,0.,-0.707106781186547));
#4033=DIRECTION('center_axis',(0.,1.,0.));
#4034=DIRECTION('ref_axis',(0.,0.,-1.));
#4035=DIRECTION('',(0.,0.,-1.));
#4036=DIRECTION('center_axis',(0.,1.,0.));
#4037=DIRECTION('ref_axis',(0.,0.,-1.));
#4038=DIRECTION('',(-1.,0.,0.));
#4039=DIRECTION('center_axis',(0.,-1.,0.));
#4040=DIRECTION('ref_axis',(0.,0.,-1.));
#4041=DIRECTION('',(0.707106781186547,0.,-0.707106781186547));
#4042=DIRECTION('center_axis',(0.,-1.,0.));
#4043=DIRECTION('ref_axis',(0.,0.,-1.));
#4044=DIRECTION('',(1.,0.,0.));
#4045=DIRECTION('center_axis',(0.,-1.,0.));
#4046=DIRECTION('ref_axis',(0.,0.,-1.));
#4047=DIRECTION('',(0.,0.,1.));
#4048=DIRECTION('center_axis',(0.,-1.,0.));
#4049=DIRECTION('ref_axis',(0.,0.,-1.));
#4050=DIRECTION('',(-0.707106781186548,0.,0.707106781186548));
#4051=DIRECTION('center_axis',(0.,-1.,0.));
#4052=DIRECTION('ref_axis',(0.,0.,-1.));
#4053=DIRECTION('',(0.,0.,-1.));
#4054=DIRECTION('center_axis',(0.,1.,0.));
#4055=DIRECTION('ref_axis',(0.,0.,-1.));
#4056=DIRECTION('',(-1.,0.,0.));
#4057=DIRECTION('center_axis',(0.,1.,0.));
#4058=DIRECTION('ref_axis',(0.,0.,-1.));
#4059=DIRECTION('',(-0.707106781186548,0.,0.707106781186548));
#4060=DIRECTION('center_axis',(0.,1.,0.));
#4061=DIRECTION('ref_axis',(0.,0.,-1.));
#4062=DIRECTION('',(0.,0.,1.));
#4063=DIRECTION('center_axis',(0.,-1.,0.));
#4064=DIRECTION('ref_axis',(0.,0.,-1.));
#4065=DIRECTION('',(-1.,0.,0.));
#4066=DIRECTION('center_axis',(0.,1.,0.));
#4067=DIRECTION('ref_axis',(0.,0.,-1.));
#4068=DIRECTION('',(-0.707106781186547,0.,0.707106781186547));
#4069=DIRECTION('center_axis',(0.,-1.,0.));
#4070=DIRECTION('ref_axis',(0.,0.,-1.));
#4071=DIRECTION('center_axis',(0.,1.,0.));
#4072=DIRECTION('ref_axis',(0.,0.,-1.));
#4073=DIRECTION('center_axis',(0.,-1.,0.));
#4074=DIRECTION('ref_axis',(0.,0.,-1.));
#4075=DIRECTION('',(0.707106781186548,0.,0.707106781186548));
#4076=DIRECTION('center_axis',(0.,1.,0.));
#4077=DIRECTION('ref_axis',(0.,0.,-1.));
#4078=DIRECTION('',(1.,0.,0.));
#4079=DIRECTION('center_axis',(0.,-1.,0.));
#4080=DIRECTION('ref_axis',(0.,0.,-1.));
#4081=DIRECTION('',(0.,0.,1.));
#4082=DIRECTION('center_axis',(0.,1.,0.));
#4083=DIRECTION('ref_axis',(0.,0.,-1.));
#4084=DIRECTION('',(0.707106781186548,0.,0.707106781186548));
#4085=DIRECTION('center_axis',(0.,1.,0.));
#4086=DIRECTION('ref_axis',(0.,0.,-1.));
#4087=DIRECTION('',(1.,0.,0.));
#4088=DIRECTION('center_axis',(0.,1.,0.));
#4089=DIRECTION('ref_axis',(0.,0.,-1.));
#4090=DIRECTION('',(0.,0.,-1.));
#4091=DIRECTION('center_axis',(0.,-1.,0.));
#4092=DIRECTION('ref_axis',(0.,0.,-1.));
#4093=DIRECTION('',(0.707106781186547,0.,0.707106781186547));
#4094=DIRECTION('center_axis',(0.,-1.,0.));
#4095=DIRECTION('ref_axis',(0.,0.,-1.));
#4096=DIRECTION('',(0.,0.,1.));
#4097=DIRECTION('center_axis',(0.,-1.,0.));
#4098=DIRECTION('ref_axis',(0.,0.,-1.));
#4099=DIRECTION('',(-1.,0.,0.));
#4100=DIRECTION('center_axis',(0.,-1.,0.));
#4101=DIRECTION('ref_axis',(0.,0.,-1.));
#4102=DIRECTION('',(-0.707106781186548,0.,-0.707106781186548));
#4103=DIRECTION('center_axis',(0.,-1.,0.));
#4104=DIRECTION('ref_axis',(0.,0.,-1.));
#4105=DIRECTION('',(1.,0.,0.));
#4106=DIRECTION('center_axis',(0.,1.,0.));
#4107=DIRECTION('ref_axis',(0.,0.,-1.));
#4108=DIRECTION('',(0.,0.,-1.));
#4109=DIRECTION('center_axis',(0.,1.,0.));
#4110=DIRECTION('ref_axis',(0.,0.,-1.));
#4111=DIRECTION('',(-0.707106781186548,0.,-0.707106781186548));
#4112=DIRECTION('center_axis',(0.,1.,0.));
#4113=DIRECTION('ref_axis',(0.,0.,-1.));
#4114=DIRECTION('',(-1.,0.,0.));
#4115=DIRECTION('center_axis',(0.,-1.,0.));
#4116=DIRECTION('ref_axis',(0.,0.,-1.));
#4117=DIRECTION('center_axis',(0.,1.,0.));
#4118=DIRECTION('ref_axis',(0.,0.,-1.));
#4119=DIRECTION('center_axis',(0.,-1.,0.));
#4120=DIRECTION('ref_axis',(0.,0.,-1.));
#4121=DIRECTION('',(-1.,0.,0.));
#4122=DIRECTION('center_axis',(0.,1.,0.));
#4123=DIRECTION('ref_axis',(0.,0.,-1.));
#4124=DIRECTION('',(-0.707106781186547,0.,0.707106781186547));
#4125=DIRECTION('center_axis',(0.,1.,0.));
#4126=DIRECTION('ref_axis',(0.,0.,-1.));
#4127=DIRECTION('',(0.,0.,1.));
#4128=DIRECTION('center_axis',(0.,1.,0.));
#4129=DIRECTION('ref_axis',(0.,0.,-1.));
#4130=DIRECTION('',(1.,0.,0.));
#4131=DIRECTION('center_axis',(0.,-1.,0.));
#4132=DIRECTION('ref_axis',(0.,0.,-1.));
#4133=DIRECTION('',(-0.707106781186548,0.,0.707106781186548));
#4134=DIRECTION('center_axis',(0.,-1.,0.));
#4135=DIRECTION('ref_axis',(0.,0.,-1.));
#4136=DIRECTION('',(-1.,0.,0.));
#4137=DIRECTION('center_axis',(0.,-1.,0.));
#4138=DIRECTION('ref_axis',(0.,0.,-1.));
#4139=DIRECTION('',(-0.707106781186548,0.,-0.707106781186548));
#4140=DIRECTION('center_axis',(0.,-1.,0.));
#4141=DIRECTION('ref_axis',(0.,0.,-1.));
#4142=DIRECTION('',(1.,0.,0.));
#4143=DIRECTION('center_axis',(0.,1.,0.));
#4144=DIRECTION('ref_axis',(0.,0.,-1.));
#4145=DIRECTION('',(0.,0.,-1.));
#4146=DIRECTION('center_axis',(0.,1.,0.));
#4147=DIRECTION('ref_axis',(0.,0.,-1.));
#4148=DIRECTION('',(-0.707106781186548,0.,-0.707106781186548));
#4149=DIRECTION('center_axis',(0.,1.,0.));
#4150=DIRECTION('ref_axis',(0.,0.,-1.));
#4151=DIRECTION('',(-1.,0.,0.));
#4152=DIRECTION('center_axis',(0.,-1.,0.));
#4153=DIRECTION('ref_axis',(0.,0.,-1.));
#4154=DIRECTION('center_axis',(0.,1.,0.));
#4155=DIRECTION('ref_axis',(0.,0.,-1.));
#4156=DIRECTION('center_axis',(0.,-1.,0.));
#4157=DIRECTION('ref_axis',(0.,0.,-1.));
#4158=DIRECTION('',(-1.,0.,0.));
#4159=DIRECTION('center_axis',(0.,1.,0.));
#4160=DIRECTION('ref_axis',(0.,0.,-1.));
#4161=DIRECTION('',(-0.707106781186548,0.,0.707106781186548));
#4162=DIRECTION('center_axis',(0.,1.,0.));
#4163=DIRECTION('ref_axis',(0.,0.,-1.));
#4164=DIRECTION('',(0.,0.,1.));
#4165=DIRECTION('center_axis',(0.,1.,0.));
#4166=DIRECTION('ref_axis',(0.,0.,-1.));
#4167=DIRECTION('',(1.,0.,0.));
#4168=DIRECTION('center_axis',(0.,-1.,0.));
#4169=DIRECTION('ref_axis',(0.,0.,-1.));
#4170=DIRECTION('',(-0.707106781186548,0.,0.707106781186548));
#4171=DIRECTION('center_axis',(0.,-1.,0.));
#4172=DIRECTION('ref_axis',(0.,0.,-1.));
#4173=DIRECTION('',(-1.,0.,0.));
#4174=DIRECTION('center_axis',(0.,-1.,0.));
#4175=DIRECTION('ref_axis',(0.,0.,-1.));
#4176=DIRECTION('',(0.,0.,-1.));
#4177=DIRECTION('center_axis',(0.,-1.,0.));
#4178=DIRECTION('ref_axis',(0.,0.,-1.));
#4179=DIRECTION('',(0.707106781186548,0.,-0.707106781186548));
#4180=DIRECTION('center_axis',(0.,-1.,0.));
#4181=DIRECTION('ref_axis',(0.,0.,-1.));
#4182=DIRECTION('',(0.,0.,1.));
#4183=DIRECTION('center_axis',(0.,1.,0.));
#4184=DIRECTION('ref_axis',(0.,0.,-1.));
#4185=DIRECTION('center_axis',(0.,-1.,0.));
#4186=DIRECTION('ref_axis',(0.,0.,-1.));
#4187=DIRECTION('center_axis',(0.,1.,0.));
#4188=DIRECTION('ref_axis',(0.,0.,-1.));
#4189=DIRECTION('center_axis',(0.,-1.,0.));
#4190=DIRECTION('ref_axis',(0.,0.,-1.));
#4191=DIRECTION('center_axis',(0.,1.,0.));
#4192=DIRECTION('ref_axis',(0.,0.,-1.));
#4193=DIRECTION('center_axis',(0.,-1.,0.));
#4194=DIRECTION('ref_axis',(0.,0.,-1.));
#4195=DIRECTION('center_axis',(0.,1.,0.));
#4196=DIRECTION('ref_axis',(0.,0.,-1.));
#4197=DIRECTION('center_axis',(0.,-1.,0.));
#4198=DIRECTION('ref_axis',(0.,0.,-1.));
#4199=DIRECTION('center_axis',(0.,-1.,0.));
#4200=DIRECTION('ref_axis',(1.,0.,0.));
#4201=DIRECTION('center_axis',(0.,1.,0.));
#4202=DIRECTION('ref_axis',(0.,0.,-1.));
#4203=DIRECTION('',(0.,0.,1.));
#4204=DIRECTION('center_axis',(0.,-1.,0.));
#4205=DIRECTION('ref_axis',(0.,0.,-1.));
#4206=DIRECTION('',(0.707106781186547,0.,-0.707106781186547));
#4207=DIRECTION('center_axis',(0.,-1.,0.));
#4208=DIRECTION('ref_axis',(0.,0.,-1.));
#4209=DIRECTION('',(0.,0.,-1.));
#4210=DIRECTION('center_axis',(0.,-1.,0.));
#4211=DIRECTION('ref_axis',(0.,0.,-1.));
#4212=DIRECTION('',(-1.,0.,0.));
#4213=DIRECTION('center_axis',(0.,-1.,0.));
#4214=DIRECTION('ref_axis',(0.,0.,-1.));
#4215=DIRECTION('',(-0.707106781186548,0.,0.707106781186548));
#4216=DIRECTION('center_axis',(0.,-1.,0.));
#4217=DIRECTION('ref_axis',(0.,0.,-1.));
#4218=DIRECTION('',(1.,0.,0.));
#4219=DIRECTION('center_axis',(0.,1.,0.));
#4220=DIRECTION('ref_axis',(0.,0.,-1.));
#4221=DIRECTION('',(0.,0.,1.));
#4222=DIRECTION('center_axis',(0.,1.,0.));
#4223=DIRECTION('ref_axis',(0.,0.,-1.));
#4224=DIRECTION('',(-0.707106781186548,0.,0.707106781186548));
#4225=DIRECTION('center_axis',(0.,1.,0.));
#4226=DIRECTION('ref_axis',(0.,0.,-1.));
#4227=DIRECTION('',(-1.,0.,0.));
#4228=DIRECTION('center_axis',(0.,-1.,0.));
#4229=DIRECTION('ref_axis',(0.,0.,-1.));
#4230=DIRECTION('center_axis',(0.,1.,0.));
#4231=DIRECTION('ref_axis',(0.,0.,-1.));
#4232=DIRECTION('center_axis',(0.,-1.,0.));
#4233=DIRECTION('ref_axis',(0.,0.,-1.));
#4234=DIRECTION('',(-1.,0.,0.));
#4235=DIRECTION('center_axis',(0.,1.,0.));
#4236=DIRECTION('ref_axis',(0.,0.,-1.));
#4237=DIRECTION('',(-0.707106781186547,0.,-0.707106781186547));
#4238=DIRECTION('center_axis',(0.,1.,0.));
#4239=DIRECTION('ref_axis',(0.,0.,-1.));
#4240=DIRECTION('',(0.,0.,-1.));
#4241=DIRECTION('center_axis',(0.,1.,0.));
#4242=DIRECTION('ref_axis',(0.,0.,-1.));
#4243=DIRECTION('',(1.,0.,0.));
#4244=DIRECTION('center_axis',(0.,-1.,0.));
#4245=DIRECTION('ref_axis',(0.,0.,-1.));
#4246=DIRECTION('',(-0.707106781186548,0.,-0.707106781186548));
#4247=DIRECTION('center_axis',(0.,-1.,0.));
#4248=DIRECTION('ref_axis',(0.,0.,-1.));
#4249=DIRECTION('',(-1.,0.,0.));
#4250=DIRECTION('center_axis',(0.,-1.,0.));
#4251=DIRECTION('ref_axis',(0.,0.,-1.));
#4252=DIRECTION('',(-0.707106781186548,0.,0.707106781186548));
#4253=DIRECTION('center_axis',(0.,-1.,0.));
#4254=DIRECTION('ref_axis',(0.,0.,-1.));
#4255=DIRECTION('',(1.,0.,0.));
#4256=DIRECTION('center_axis',(0.,1.,0.));
#4257=DIRECTION('ref_axis',(0.,0.,-1.));
#4258=DIRECTION('',(0.,0.,1.));
#4259=DIRECTION('center_axis',(0.,1.,0.));
#4260=DIRECTION('ref_axis',(0.,0.,-1.));
#4261=DIRECTION('',(-0.707106781186547,0.,0.707106781186547));
#4262=DIRECTION('center_axis',(0.,1.,0.));
#4263=DIRECTION('ref_axis',(0.,0.,-1.));
#4264=DIRECTION('',(-1.,0.,0.));
#4265=DIRECTION('center_axis',(0.,-1.,0.));
#4266=DIRECTION('ref_axis',(0.,0.,-1.));
#4267=DIRECTION('center_axis',(0.,1.,0.));
#4268=DIRECTION('ref_axis',(0.,0.,-1.));
#4269=DIRECTION('center_axis',(0.,-1.,0.));
#4270=DIRECTION('ref_axis',(0.,0.,-1.));
#4271=DIRECTION('',(-1.,0.,0.));
#4272=DIRECTION('center_axis',(0.,1.,0.));
#4273=DIRECTION('ref_axis',(0.,0.,-1.));
#4274=DIRECTION('',(-0.707106781186547,0.,-0.707106781186547));
#4275=DIRECTION('center_axis',(0.,1.,0.));
#4276=DIRECTION('ref_axis',(0.,0.,-1.));
#4277=DIRECTION('',(0.,0.,-1.));
#4278=DIRECTION('center_axis',(0.,1.,0.));
#4279=DIRECTION('ref_axis',(0.,0.,-1.));
#4280=DIRECTION('',(1.,0.,0.));
#4281=DIRECTION('center_axis',(0.,-1.,0.));
#4282=DIRECTION('ref_axis',(0.,0.,-1.));
#4283=DIRECTION('',(-0.707106781186548,0.,-0.707106781186548));
#4284=DIRECTION('center_axis',(0.,-1.,0.));
#4285=DIRECTION('ref_axis',(0.,0.,-1.));
#4286=DIRECTION('',(-1.,0.,0.));
#4287=DIRECTION('center_axis',(0.,-1.,0.));
#4288=DIRECTION('ref_axis',(0.,0.,-1.));
#4289=DIRECTION('',(0.,0.,1.));
#4290=DIRECTION('center_axis',(0.,-1.,0.));
#4291=DIRECTION('ref_axis',(0.,0.,-1.));
#4292=DIRECTION('',(0.707106781186548,0.,0.707106781186548));
#4293=DIRECTION('center_axis',(0.,-1.,0.));
#4294=DIRECTION('ref_axis',(0.,0.,-1.));
#4295=DIRECTION('',(0.,0.,-1.));
#4296=DIRECTION('center_axis',(0.,1.,0.));
#4297=DIRECTION('ref_axis',(0.,0.,-1.));
#4298=DIRECTION('',(1.,0.,0.));
#4299=DIRECTION('center_axis',(0.,1.,0.));
#4300=DIRECTION('ref_axis',(0.,0.,-1.));
#4301=DIRECTION('',(0.707106781186548,0.,0.707106781186548));
#4302=DIRECTION('center_axis',(0.,1.,0.));
#4303=DIRECTION('ref_axis',(0.,0.,-1.));
#4304=DIRECTION('',(0.,0.,1.));
#4305=DIRECTION('center_axis',(0.,-1.,0.));
#4306=DIRECTION('ref_axis',(0.,0.,-1.));
#4307=DIRECTION('',(1.,0.,0.));
#4308=DIRECTION('center_axis',(0.,1.,0.));
#4309=DIRECTION('ref_axis',(0.,0.,-1.));
#4310=DIRECTION('',(0.707106781186548,0.,0.707106781186548));
#4311=DIRECTION('center_axis',(0.,-1.,0.));
#4312=DIRECTION('ref_axis',(0.,0.,-1.));
#4313=DIRECTION('center_axis',(0.,1.,0.));
#4314=DIRECTION('ref_axis',(0.,0.,-1.));
#4315=DIRECTION('center_axis',(0.,-1.,0.));
#4316=DIRECTION('ref_axis',(0.,0.,-1.));
#4317=DIRECTION('',(-0.707106781186547,0.,0.707106781186547));
#4318=DIRECTION('center_axis',(0.,1.,0.));
#4319=DIRECTION('ref_axis',(0.,0.,-1.));
#4320=DIRECTION('',(-1.,0.,0.));
#4321=DIRECTION('center_axis',(0.,-1.,0.));
#4322=DIRECTION('ref_axis',(0.,0.,-1.));
#4323=DIRECTION('',(0.,0.,1.));
#4324=DIRECTION('center_axis',(0.,1.,0.));
#4325=DIRECTION('ref_axis',(0.,0.,-1.));
#4326=DIRECTION('',(-0.707106781186548,0.,0.707106781186548));
#4327=DIRECTION('center_axis',(0.,1.,0.));
#4328=DIRECTION('ref_axis',(0.,0.,-1.));
#4329=DIRECTION('',(-1.,0.,0.));
#4330=DIRECTION('center_axis',(0.,1.,0.));
#4331=DIRECTION('ref_axis',(0.,0.,-1.));
#4332=DIRECTION('',(0.,0.,-1.));
#4333=DIRECTION('center_axis',(0.,-1.,0.));
#4334=DIRECTION('ref_axis',(0.,0.,-1.));
#4335=DIRECTION('',(-0.707106781186548,0.,0.707106781186548));
#4336=DIRECTION('center_axis',(0.,-1.,0.));
#4337=DIRECTION('ref_axis',(0.,0.,-1.));
#4338=DIRECTION('',(0.,0.,1.));
#4339=DIRECTION('center_axis',(0.,-1.,0.));
#4340=DIRECTION('ref_axis',(0.,0.,-1.));
#4341=DIRECTION('',(1.,0.,0.));
#4342=DIRECTION('center_axis',(0.,-1.,0.));
#4343=DIRECTION('ref_axis',(0.,0.,-1.));
#4344=DIRECTION('',(0.707106781186547,0.,-0.707106781186547));
#4345=DIRECTION('center_axis',(0.,-1.,0.));
#4346=DIRECTION('ref_axis',(0.,0.,-1.));
#4347=DIRECTION('',(-1.,0.,0.));
#4348=DIRECTION('center_axis',(0.,1.,0.));
#4349=DIRECTION('ref_axis',(0.,0.,-1.));
#4350=DIRECTION('',(0.,0.,-1.));
#4351=DIRECTION('center_axis',(0.,1.,0.));
#4352=DIRECTION('ref_axis',(0.,0.,-1.));
#4353=DIRECTION('',(0.707106781186547,0.,-0.707106781186547));
#4354=DIRECTION('center_axis',(0.,1.,0.));
#4355=DIRECTION('ref_axis',(0.,0.,-1.));
#4356=DIRECTION('',(1.,0.,0.));
#4357=DIRECTION('center_axis',(0.,-1.,0.));
#4358=DIRECTION('ref_axis',(0.,0.,-1.));
#4359=DIRECTION('center_axis',(0.,1.,0.));
#4360=DIRECTION('ref_axis',(0.,0.,-1.));
#4361=DIRECTION('center_axis',(0.,-1.,0.));
#4362=DIRECTION('ref_axis',(0.,0.,-1.));
#4363=DIRECTION('',(1.,0.,0.));
#4364=DIRECTION('center_axis',(0.,1.,0.));
#4365=DIRECTION('ref_axis',(0.,0.,-1.));
#4366=DIRECTION('',(0.707106781186547,0.,0.707106781186547));
#4367=DIRECTION('center_axis',(0.,1.,0.));
#4368=DIRECTION('ref_axis',(0.,0.,-1.));
#4369=DIRECTION('',(0.,0.,1.));
#4370=DIRECTION('center_axis',(0.,1.,0.));
#4371=DIRECTION('ref_axis',(0.,0.,-1.));
#4372=DIRECTION('',(-1.,0.,0.));
#4373=DIRECTION('center_axis',(0.,-1.,0.));
#4374=DIRECTION('ref_axis',(0.,0.,-1.));
#4375=DIRECTION('',(0.707106781186548,0.,0.707106781186548));
#4376=DIRECTION('center_axis',(0.,-1.,0.));
#4377=DIRECTION('ref_axis',(0.,0.,-1.));
#4378=DIRECTION('',(1.,0.,0.));
#4379=DIRECTION('center_axis',(0.,-1.,0.));
#4380=DIRECTION('ref_axis',(0.,0.,-1.));
#4381=DIRECTION('',(0.707106781186548,0.,-0.707106781186548));
#4382=DIRECTION('center_axis',(0.,-1.,0.));
#4383=DIRECTION('ref_axis',(0.,0.,-1.));
#4384=DIRECTION('',(-1.,0.,0.));
#4385=DIRECTION('center_axis',(0.,1.,0.));
#4386=DIRECTION('ref_axis',(0.,0.,-1.));
#4387=DIRECTION('',(0.,0.,-1.));
#4388=DIRECTION('center_axis',(0.,1.,0.));
#4389=DIRECTION('ref_axis',(0.,0.,-1.));
#4390=DIRECTION('',(0.707106781186548,0.,-0.707106781186548));
#4391=DIRECTION('center_axis',(0.,1.,0.));
#4392=DIRECTION('ref_axis',(0.,0.,-1.));
#4393=DIRECTION('',(1.,0.,0.));
#4394=DIRECTION('center_axis',(0.,-1.,0.));
#4395=DIRECTION('ref_axis',(0.,0.,-1.));
#4396=DIRECTION('center_axis',(0.,1.,0.));
#4397=DIRECTION('ref_axis',(0.,0.,-1.));
#4398=DIRECTION('center_axis',(0.,-1.,0.));
#4399=DIRECTION('ref_axis',(0.,0.,-1.));
#4400=DIRECTION('',(1.,0.,0.));
#4401=DIRECTION('center_axis',(0.,1.,0.));
#4402=DIRECTION('ref_axis',(0.,0.,-1.));
#4403=DIRECTION('',(0.707106781186547,0.,0.707106781186547));
#4404=DIRECTION('center_axis',(0.,1.,0.));
#4405=DIRECTION('ref_axis',(0.,0.,-1.));
#4406=DIRECTION('',(0.,0.,1.));
#4407=DIRECTION('center_axis',(0.,1.,0.));
#4408=DIRECTION('ref_axis',(0.,0.,-1.));
#4409=DIRECTION('',(-1.,0.,0.));
#4410=DIRECTION('center_axis',(0.,-1.,0.));
#4411=DIRECTION('ref_axis',(0.,0.,-1.));
#4412=DIRECTION('',(0.707106781186548,0.,0.707106781186548));
#4413=DIRECTION('center_axis',(0.,-1.,0.));
#4414=DIRECTION('ref_axis',(0.,0.,-1.));
#4415=DIRECTION('',(1.,0.,0.));
#4416=DIRECTION('center_axis',(0.,-1.,0.));
#4417=DIRECTION('ref_axis',(0.,0.,-1.));
#4418=DIRECTION('',(0.,0.,-1.));
#4419=DIRECTION('center_axis',(0.,-1.,0.));
#4420=DIRECTION('ref_axis',(0.,0.,-1.));
#4421=DIRECTION('',(-0.707106781186548,0.,-0.707106781186548));
#4422=DIRECTION('center_axis',(0.,-1.,0.));
#4423=DIRECTION('ref_axis',(0.,0.,-1.));
#4424=DIRECTION('',(0.,0.,1.));
#4425=DIRECTION('center_axis',(0.,1.,0.));
#4426=DIRECTION('ref_axis',(0.,0.,-1.));
#4427=DIRECTION('',(-1.,0.,0.));
#4428=DIRECTION('center_axis',(0.,1.,0.));
#4429=DIRECTION('ref_axis',(0.,0.,-1.));
#4430=DIRECTION('',(-0.707106781186548,0.,-0.707106781186548));
#4431=DIRECTION('center_axis',(0.,1.,0.));
#4432=DIRECTION('ref_axis',(0.,0.,-1.));
#4433=DIRECTION('',(0.,0.,-1.));
#4434=DIRECTION('center_axis',(0.,-1.,0.));
#4435=DIRECTION('ref_axis',(0.,0.,-1.));
#4436=DIRECTION('',(-1.,0.,0.));
#4437=DIRECTION('center_axis',(0.,1.,0.));
#4438=DIRECTION('ref_axis',(0.,0.,-1.));
#4439=DIRECTION('',(-0.707106781186548,0.,-0.707106781186548));
#4440=DIRECTION('center_axis',(0.,-1.,0.));
#4441=DIRECTION('ref_axis',(0.,0.,-1.));
#4442=DIRECTION('center_axis',(0.,1.,0.));
#4443=DIRECTION('ref_axis',(0.,0.,-1.));
#4444=DIRECTION('center_axis',(0.,-1.,0.));
#4445=DIRECTION('ref_axis',(0.,0.,-1.));
#4446=DIRECTION('',(0.707106781186548,0.,-0.707106781186548));
#4447=DIRECTION('center_axis',(0.,1.,0.));
#4448=DIRECTION('ref_axis',(0.,0.,-1.));
#4449=DIRECTION('',(1.,0.,0.));
#4450=DIRECTION('center_axis',(0.,-1.,0.));
#4451=DIRECTION('ref_axis',(0.,0.,-1.));
#4452=DIRECTION('',(0.,0.,-1.));
#4453=DIRECTION('center_axis',(0.,1.,0.));
#4454=DIRECTION('ref_axis',(0.,0.,-1.));
#4455=DIRECTION('',(0.707106781186548,0.,-0.707106781186548));
#4456=DIRECTION('center_axis',(0.,1.,0.));
#4457=DIRECTION('ref_axis',(0.,0.,-1.));
#4458=DIRECTION('',(1.,0.,0.));
#4459=DIRECTION('center_axis',(0.,-1.,0.));
#4460=DIRECTION('ref_axis',(0.,0.,-1.));
#4461=DIRECTION('center_axis',(0.,1.,0.));
#4462=DIRECTION('ref_axis',(0.,0.,-1.));
#4463=DIRECTION('center_axis',(0.,-1.,0.));
#4464=DIRECTION('ref_axis',(0.,0.,-1.));
#4465=DIRECTION('center_axis',(0.,1.,0.));
#4466=DIRECTION('ref_axis',(0.,0.,-1.));
#4467=DIRECTION('center_axis',(0.,-1.,0.));
#4468=DIRECTION('ref_axis',(0.,0.,-1.));
#4469=DIRECTION('center_axis',(0.,1.,0.));
#4470=DIRECTION('ref_axis',(0.,0.,-1.));
#4471=DIRECTION('center_axis',(0.,-1.,0.));
#4472=DIRECTION('ref_axis',(0.,0.,-1.));
#4473=DIRECTION('center_axis',(0.,1.,0.));
#4474=DIRECTION('ref_axis',(0.,0.,-1.));
#4475=DIRECTION('center_axis',(0.,1.,0.));
#4476=DIRECTION('ref_axis',(-1.,0.,0.));
#4477=DIRECTION('',(0.,1.,0.));
#4478=DIRECTION('',(0.,1.,0.));
#4479=DIRECTION('center_axis',(0.,0.,1.));
#4480=DIRECTION('ref_axis',(0.,-1.,0.));
#4481=DIRECTION('',(0.,1.,0.));
#4482=DIRECTION('center_axis',(0.,1.,0.));
#4483=DIRECTION('ref_axis',(-1.,0.,0.));
#4484=DIRECTION('',(0.,1.,0.));
#4485=DIRECTION('center_axis',(0.707106781186548,0.,0.707106781186548));
#4486=DIRECTION('ref_axis',(-0.707106781186548,0.,0.707106781186548));
#4487=DIRECTION('',(0.,1.,0.));
#4488=DIRECTION('center_axis',(0.,1.,0.));
#4489=DIRECTION('ref_axis',(-1.,0.,0.));
#4490=DIRECTION('',(0.,1.,0.));
#4491=DIRECTION('center_axis',(1.,0.,0.));
#4492=DIRECTION('ref_axis',(0.,1.,0.));
#4493=DIRECTION('',(0.,1.,0.));
#4494=DIRECTION('center_axis',(0.,1.,0.));
#4495=DIRECTION('ref_axis',(-1.,0.,0.));
#4496=DIRECTION('',(0.,1.,0.));
#4497=DIRECTION('center_axis',(0.,0.,1.));
#4498=DIRECTION('ref_axis',(0.,-1.,0.));
#4499=DIRECTION('',(0.,1.,0.));
#4500=DIRECTION('center_axis',(0.,1.,0.));
#4501=DIRECTION('ref_axis',(-1.,0.,0.));
#4502=DIRECTION('',(0.,1.,0.));
#4503=DIRECTION('center_axis',(0.707106781186548,0.,0.707106781186548));
#4504=DIRECTION('ref_axis',(-0.707106781186548,0.,0.707106781186548));
#4505=DIRECTION('',(0.,1.,0.));
#4506=DIRECTION('center_axis',(0.,1.,0.));
#4507=DIRECTION('ref_axis',(0.111400932874416,0.,-0.993775544152053));
#4508=DIRECTION('',(0.,1.,0.));
#4509=DIRECTION('center_axis',(0.,1.,0.));
#4510=DIRECTION('ref_axis',(1.,0.,-1.18067211222897E-10));
#4511=DIRECTION('',(0.,1.,0.));
#4512=DIRECTION('center_axis',(0.,1.,0.));
#4513=DIRECTION('ref_axis',(0.,0.,1.));
#4514=DIRECTION('',(0.,1.,0.));
#4515=DIRECTION('center_axis',(0.707106781186548,0.,-0.707106781186548));
#4516=DIRECTION('ref_axis',(0.707106781186548,0.,0.707106781186548));
#4517=DIRECTION('',(0.,1.,0.));
#4518=DIRECTION('center_axis',(0.,1.,0.));
#4519=DIRECTION('ref_axis',(-1.,0.,0.));
#4520=DIRECTION('',(0.,1.,0.));
#4521=DIRECTION('center_axis',(0.,0.,-1.));
#4522=DIRECTION('ref_axis',(0.,1.,0.));
#4523=DIRECTION('',(0.,1.,0.));
#4524=DIRECTION('center_axis',(0.,1.,0.));
#4525=DIRECTION('ref_axis',(-1.,0.,0.));
#4526=DIRECTION('',(0.,1.,0.));
#4527=DIRECTION('center_axis',(1.,0.,0.));
#4528=DIRECTION('ref_axis',(0.,1.,0.));
#4529=DIRECTION('',(0.,1.,0.));
#4530=DIRECTION('center_axis',(0.,1.,0.));
#4531=DIRECTION('ref_axis',(-1.,0.,0.));
#4532=DIRECTION('',(0.,1.,0.));
#4533=DIRECTION('center_axis',(0.707106781186548,0.,-0.707106781186548));
#4534=DIRECTION('ref_axis',(0.707106781186548,0.,0.707106781186548));
#4535=DIRECTION('',(0.,1.,0.));
#4536=DIRECTION('center_axis',(0.,1.,0.));
#4537=DIRECTION('ref_axis',(-1.,0.,0.));
#4538=DIRECTION('',(0.,1.,0.));
#4539=DIRECTION('center_axis',(0.,0.,-1.));
#4540=DIRECTION('ref_axis',(0.,1.,0.));
#4541=DIRECTION('',(0.,1.,0.));
#4542=DIRECTION('center_axis',(0.,1.,0.));
#4543=DIRECTION('ref_axis',(-1.,0.,0.));
#4544=DIRECTION('',(0.,1.,0.));
#4545=DIRECTION('center_axis',(-1.,0.,0.));
#4546=DIRECTION('ref_axis',(0.,-1.,0.));
#4547=DIRECTION('',(0.,1.,0.));
#4548=DIRECTION('center_axis',(0.,1.,0.));
#4549=DIRECTION('ref_axis',(-1.,0.,0.));
#4550=DIRECTION('',(0.,1.,0.));
#4551=DIRECTION('center_axis',(0.707106781186548,0.,-0.707106781186548));
#4552=DIRECTION('ref_axis',(0.707106781186548,0.,0.707106781186548));
#4553=DIRECTION('',(0.,1.,0.));
#4554=DIRECTION('center_axis',(0.,1.,0.));
#4555=DIRECTION('ref_axis',(-1.,0.,0.));
#4556=DIRECTION('',(0.,1.,0.));
#4557=DIRECTION('center_axis',(1.,0.,0.));
#4558=DIRECTION('ref_axis',(0.,1.,0.));
#4559=DIRECTION('',(0.,1.,0.));
#4560=DIRECTION('center_axis',(0.,1.,0.));
#4561=DIRECTION('ref_axis',(-1.,0.,0.));
#4562=DIRECTION('',(0.,1.,0.));
#4563=DIRECTION('center_axis',(0.,0.,1.));
#4564=DIRECTION('ref_axis',(0.,-1.,0.));
#4565=DIRECTION('',(0.,1.,0.));
#4566=DIRECTION('center_axis',(0.,1.,0.));
#4567=DIRECTION('ref_axis',(-1.,0.,0.));
#4568=DIRECTION('',(0.,1.,0.));
#4569=DIRECTION('center_axis',(-0.707106781186548,0.,0.707106781186548));
#4570=DIRECTION('ref_axis',(-0.707106781186548,0.,-0.707106781186548));
#4571=DIRECTION('',(0.,1.,0.));
#4572=DIRECTION('center_axis',(0.,1.,0.));
#4573=DIRECTION('ref_axis',(0.9238795334643,0.,0.382683430064313));
#4574=DIRECTION('',(0.,1.,0.));
#4575=DIRECTION('center_axis',(0.,0.,-1.));
#4576=DIRECTION('ref_axis',(0.,1.,0.));
#4577=DIRECTION('',(0.,1.,0.));
#4578=DIRECTION('center_axis',(0.,1.,0.));
#4579=DIRECTION('ref_axis',(-1.,0.,0.));
#4580=DIRECTION('',(0.,1.,0.));
#4581=DIRECTION('center_axis',(-1.,0.,0.));
#4582=DIRECTION('ref_axis',(0.,-1.,0.));
#4583=DIRECTION('',(0.,1.,0.));
#4584=DIRECTION('center_axis',(0.,1.,0.));
#4585=DIRECTION('ref_axis',(-1.,0.,0.));
#4586=DIRECTION('',(0.,1.,0.));
#4587=DIRECTION('center_axis',(-0.707106781186548,0.,0.707106781186548));
#4588=DIRECTION('ref_axis',(-0.707106781186548,0.,-0.707106781186548));
#4589=DIRECTION('',(0.,1.,0.));
#4590=DIRECTION('center_axis',(0.,1.,0.));
#4591=DIRECTION('ref_axis',(-1.,0.,0.));
#4592=DIRECTION('',(0.,1.,0.));
#4593=DIRECTION('center_axis',(0.,0.,1.));
#4594=DIRECTION('ref_axis',(0.,-1.,0.));
#4595=DIRECTION('',(0.,1.,0.));
#4596=DIRECTION('center_axis',(0.,1.,0.));
#4597=DIRECTION('ref_axis',(0.,0.,1.));
#4598=DIRECTION('',(0.,1.,0.));
#4599=DIRECTION('center_axis',(0.,1.,0.));
#4600=DIRECTION('ref_axis',(-1.,0.,0.));
#4601=DIRECTION('',(0.,1.,0.));
#4602=DIRECTION('center_axis',(0.,1.,0.));
#4603=DIRECTION('ref_axis',(0.,0.,1.));
#4604=DIRECTION('',(0.,1.,0.));
#4605=DIRECTION('center_axis',(0.,0.,1.));
#4606=DIRECTION('ref_axis',(0.,-1.,0.));
#4607=DIRECTION('',(0.,1.,0.));
#4608=DIRECTION('center_axis',(0.,1.,0.));
#4609=DIRECTION('ref_axis',(-1.,0.,0.));
#4610=DIRECTION('',(0.,1.,0.));
#4611=DIRECTION('center_axis',(0.707106781186548,0.,0.707106781186548));
#4612=DIRECTION('ref_axis',(-0.707106781186548,0.,0.707106781186548));
#4613=DIRECTION('',(0.,1.,0.));
#4614=DIRECTION('center_axis',(0.,-1.,0.));
#4615=DIRECTION('ref_axis',(1.,0.,0.));
#4616=DIRECTION('',(0.,1.,0.));
#4617=DIRECTION('center_axis',(1.,0.,0.));
#4618=DIRECTION('ref_axis',(0.,1.,0.));
#4619=DIRECTION('',(0.,1.,0.));
#4620=DIRECTION('center_axis',(0.,1.,0.));
#4621=DIRECTION('ref_axis',(-1.,0.,0.));
#4622=DIRECTION('',(0.,1.,0.));
#4623=DIRECTION('center_axis',(0.,0.,-1.));
#4624=DIRECTION('ref_axis',(0.,1.,0.));
#4625=DIRECTION('',(0.,1.,0.));
#4626=DIRECTION('center_axis',(0.,1.,0.));
#4627=DIRECTION('ref_axis',(-1.,0.,0.));
#4628=DIRECTION('',(0.,1.,0.));
#4629=DIRECTION('center_axis',(0.707106781186548,0.,0.707106781186548));
#4630=DIRECTION('ref_axis',(-0.707106781186548,0.,0.707106781186548));
#4631=DIRECTION('',(0.,1.,0.));
#4632=DIRECTION('center_axis',(0.,1.,0.));
#4633=DIRECTION('ref_axis',(-1.,0.,0.));
#4634=DIRECTION('',(0.,1.,0.));
#4635=DIRECTION('center_axis',(0.,0.,1.));
#4636=DIRECTION('ref_axis',(0.,-1.,0.));
#4637=DIRECTION('',(0.,1.,0.));
#4638=DIRECTION('center_axis',(0.,1.,0.));
#4639=DIRECTION('ref_axis',(-1.,0.,0.));
#4640=DIRECTION('',(0.,1.,0.));
#4641=DIRECTION('center_axis',(-0.707106781186548,0.,0.707106781186548));
#4642=DIRECTION('ref_axis',(-0.707106781186548,0.,-0.707106781186548));
#4643=DIRECTION('',(0.,1.,0.));
#4644=DIRECTION('center_axis',(0.,1.,0.));
#4645=DIRECTION('ref_axis',(0.923879534374215,0.,0.382683427867584));
#4646=DIRECTION('',(0.,1.,0.));
#4647=DIRECTION('center_axis',(0.,0.,-1.));
#4648=DIRECTION('ref_axis',(0.,1.,0.));
#4649=DIRECTION('',(0.,1.,0.));
#4650=DIRECTION('center_axis',(0.,1.,0.));
#4651=DIRECTION('ref_axis',(-1.,0.,0.));
#4652=DIRECTION('',(0.,1.,0.));
#4653=DIRECTION('center_axis',(-1.,0.,0.));
#4654=DIRECTION('ref_axis',(0.,-1.,0.));
#4655=DIRECTION('',(0.,1.,0.));
#4656=DIRECTION('center_axis',(0.,1.,0.));
#4657=DIRECTION('ref_axis',(-1.,0.,0.));
#4658=DIRECTION('',(0.,1.,0.));
#4659=DIRECTION('center_axis',(-0.707106781186548,0.,0.707106781186548));
#4660=DIRECTION('ref_axis',(-0.707106781186548,0.,-0.707106781186548));
#4661=DIRECTION('',(0.,1.,0.));
#4662=DIRECTION('center_axis',(0.,1.,0.));
#4663=DIRECTION('ref_axis',(-1.,0.,0.));
#4664=DIRECTION('',(0.,1.,0.));
#4665=DIRECTION('center_axis',(0.,0.,1.));
#4666=DIRECTION('ref_axis',(0.,-1.,0.));
#4667=DIRECTION('',(0.,1.,0.));
#4668=DIRECTION('center_axis',(0.,1.,0.));
#4669=DIRECTION('ref_axis',(0.,0.,1.));
#4670=DIRECTION('',(0.,1.,0.));
#4671=DIRECTION('center_axis',(0.,1.,0.));
#4672=DIRECTION('ref_axis',(-1.,0.,0.));
#4673=DIRECTION('',(0.,1.,0.));
#4674=DIRECTION('center_axis',(0.,1.,0.));
#4675=DIRECTION('ref_axis',(0.,0.,1.));
#4676=DIRECTION('',(0.,1.,0.));
#4677=DIRECTION('center_axis',(0.,0.,1.));
#4678=DIRECTION('ref_axis',(0.,-1.,0.));
#4679=DIRECTION('',(0.,1.,0.));
#4680=DIRECTION('center_axis',(0.,1.,0.));
#4681=DIRECTION('ref_axis',(-1.,0.,0.));
#4682=DIRECTION('',(0.,1.,0.));
#4683=DIRECTION('center_axis',(0.707106781186548,0.,0.707106781186548));
#4684=DIRECTION('ref_axis',(-0.707106781186548,0.,0.707106781186548));
#4685=DIRECTION('',(0.,1.,0.));
#4686=DIRECTION('center_axis',(0.,1.,0.));
#4687=DIRECTION('ref_axis',(-1.,0.,0.));
#4688=DIRECTION('',(0.,1.,0.));
#4689=DIRECTION('center_axis',(1.,0.,0.));
#4690=DIRECTION('ref_axis',(0.,1.,0.));
#4691=DIRECTION('',(0.,1.,0.));
#4692=DIRECTION('center_axis',(0.,1.,0.));
#4693=DIRECTION('ref_axis',(0.707106783687893,0.,-0.707106778685202));
#4694=DIRECTION('',(0.,1.,0.));
#4695=DIRECTION('center_axis',(0.,0.,-1.));
#4696=DIRECTION('ref_axis',(0.,1.,0.));
#4697=DIRECTION('',(0.,1.,0.));
#4698=DIRECTION('center_axis',(0.,1.,0.));
#4699=DIRECTION('ref_axis',(-1.,0.,0.));
#4700=DIRECTION('',(0.,1.,0.));
#4701=DIRECTION('center_axis',(0.707106781186548,0.,0.707106781186548));
#4702=DIRECTION('ref_axis',(-0.707106781186548,0.,0.707106781186548));
#4703=DIRECTION('',(0.,1.,0.));
#4704=DIRECTION('center_axis',(0.,1.,0.));
#4705=DIRECTION('ref_axis',(-1.,0.,0.));
#4706=DIRECTION('',(0.,1.,0.));
#4707=DIRECTION('center_axis',(0.,0.,1.));
#4708=DIRECTION('ref_axis',(0.,-1.,0.));
#4709=DIRECTION('',(0.,1.,0.));
#4710=DIRECTION('center_axis',(0.,1.,0.));
#4711=DIRECTION('ref_axis',(0.70710678099835,0.,-0.707106781374745));
#4712=DIRECTION('',(0.,1.,0.));
#4713=DIRECTION('center_axis',(-1.,0.,0.));
#4714=DIRECTION('ref_axis',(0.,-1.,0.));
#4715=DIRECTION('',(0.,1.,0.));
#4716=DIRECTION('center_axis',(0.,1.,0.));
#4717=DIRECTION('ref_axis',(-1.,0.,0.));
#4718=DIRECTION('',(0.,1.,0.));
#4719=DIRECTION('center_axis',(-0.707106781186548,0.,-0.707106781186548));
#4720=DIRECTION('ref_axis',(0.707106781186548,0.,-0.707106781186548));
#4721=DIRECTION('',(0.,1.,0.));
#4722=DIRECTION('center_axis',(0.,1.,0.));
#4723=DIRECTION('ref_axis',(-1.,0.,0.));
#4724=DIRECTION('',(0.,1.,0.));
#4725=DIRECTION('center_axis',(1.,0.,0.));
#4726=DIRECTION('ref_axis',(0.,1.,0.));
#4727=DIRECTION('',(0.,1.,0.));
#4728=DIRECTION('center_axis',(0.,1.,0.));
#4729=DIRECTION('ref_axis',(-1.,0.,0.));
#4730=DIRECTION('',(0.,1.,0.));
#4731=DIRECTION('center_axis',(0.,0.,-1.));
#4732=DIRECTION('ref_axis',(0.,1.,0.));
#4733=DIRECTION('',(0.,1.,0.));
#4734=DIRECTION('center_axis',(0.,1.,0.));
#4735=DIRECTION('ref_axis',(-1.,0.,0.));
#4736=DIRECTION('',(0.,1.,0.));
#4737=DIRECTION('center_axis',(-0.707106781186548,0.,-0.707106781186548));
#4738=DIRECTION('ref_axis',(0.707106781186548,0.,-0.707106781186548));
#4739=DIRECTION('',(0.,1.,0.));
#4740=DIRECTION('center_axis',(0.,1.,0.));
#4741=DIRECTION('ref_axis',(-1.,0.,0.));
#4742=DIRECTION('',(0.,1.,0.));
#4743=DIRECTION('center_axis',(-1.,0.,0.));
#4744=DIRECTION('ref_axis',(0.,-1.,0.));
#4745=DIRECTION('',(0.,1.,0.));
#4746=DIRECTION('center_axis',(0.,1.,0.));
#4747=DIRECTION('ref_axis',(-1.,0.,0.));
#4748=DIRECTION('',(0.,1.,0.));
#4749=DIRECTION('center_axis',(0.,0.,-1.));
#4750=DIRECTION('ref_axis',(0.,1.,0.));
#4751=DIRECTION('',(0.,1.,0.));
#4752=DIRECTION('center_axis',(0.,1.,0.));
#4753=DIRECTION('ref_axis',(-1.,0.,0.));
#4754=DIRECTION('',(0.,1.,0.));
#4755=DIRECTION('center_axis',(-0.707106781186548,0.,-0.707106781186548));
#4756=DIRECTION('ref_axis',(0.707106781186548,0.,-0.707106781186548));
#4757=DIRECTION('',(0.,1.,0.));
#4758=DIRECTION('center_axis',(0.,1.,0.));
#4759=DIRECTION('ref_axis',(0.,0.,1.));
#4760=DIRECTION('',(0.,1.,0.));
#4761=DIRECTION('center_axis',(0.,1.,0.));
#4762=DIRECTION('ref_axis',(-1.,0.,0.));
#4763=DIRECTION('',(0.,1.,0.));
#4764=DIRECTION('center_axis',(0.,1.,0.));
#4765=DIRECTION('ref_axis',(-0.111400934311491,0.,-0.993775543990959));
#4766=DIRECTION('',(0.,1.,0.));
#4767=DIRECTION('center_axis',(-0.707106781186548,0.,0.707106781186548));
#4768=DIRECTION('ref_axis',(-0.707106781186548,0.,-0.707106781186548));
#4769=DIRECTION('',(0.,1.,0.));
#4770=DIRECTION('center_axis',(0.,1.,0.));
#4771=DIRECTION('ref_axis',(-1.,0.,0.));
#4772=DIRECTION('',(0.,1.,0.));
#4773=DIRECTION('center_axis',(0.,0.,1.));
#4774=DIRECTION('ref_axis',(0.,-1.,0.));
#4775=DIRECTION('',(0.,1.,0.));
#4776=DIRECTION('center_axis',(0.,1.,0.));
#4777=DIRECTION('ref_axis',(-1.,0.,0.));
#4778=DIRECTION('',(0.,1.,0.));
#4779=DIRECTION('center_axis',(-1.,0.,0.));
#4780=DIRECTION('ref_axis',(0.,-1.,0.));
#4781=DIRECTION('',(0.,1.,0.));
#4782=DIRECTION('center_axis',(0.,1.,0.));
#4783=DIRECTION('ref_axis',(-1.,0.,0.));
#4784=DIRECTION('',(0.,1.,0.));
#4785=DIRECTION('center_axis',(-0.707106781186548,0.,0.707106781186548));
#4786=DIRECTION('ref_axis',(-0.707106781186548,0.,-0.707106781186548));
#4787=DIRECTION('',(0.,1.,0.));
#4788=DIRECTION('center_axis',(0.,1.,0.));
#4789=DIRECTION('ref_axis',(-1.,0.,0.));
#4790=DIRECTION('',(0.,1.,0.));
#4791=DIRECTION('center_axis',(0.,0.,1.));
#4792=DIRECTION('ref_axis',(0.,-1.,0.));
#4793=DIRECTION('',(0.,1.,0.));
#4794=DIRECTION('center_axis',(0.,1.,0.));
#4795=DIRECTION('ref_axis',(-1.,0.,0.));
#4796=DIRECTION('',(0.,1.,0.));
#4797=DIRECTION('center_axis',(1.,0.,0.));
#4798=DIRECTION('ref_axis',(0.,1.,0.));
#4799=DIRECTION('',(0.,1.,0.));
#4800=DIRECTION('center_axis',(0.,1.,0.));
#4801=DIRECTION('ref_axis',(-1.,0.,0.));
#4802=DIRECTION('',(0.,1.,0.));
#4803=DIRECTION('center_axis',(-0.707106781186548,0.,0.707106781186548));
#4804=DIRECTION('ref_axis',(-0.707106781186548,0.,-0.707106781186548));
#4805=DIRECTION('',(0.,1.,0.));
#4806=DIRECTION('center_axis',(0.,1.,0.));
#4807=DIRECTION('ref_axis',(-1.,0.,0.));
#4808=DIRECTION('',(0.,1.,0.));
#4809=DIRECTION('center_axis',(-1.,0.,0.));
#4810=DIRECTION('ref_axis',(0.,0.,-1.));
#4811=DIRECTION('',(0.,1.,0.));
#4812=DIRECTION('center_axis',(0.,1.,0.));
#4813=DIRECTION('ref_axis',(-1.,0.,0.));
#4814=DIRECTION('',(0.,1.,0.));
#4815=DIRECTION('center_axis',(0.,0.,-1.));
#4816=DIRECTION('ref_axis',(0.,1.,0.));
#4817=DIRECTION('',(0.,1.,0.));
#4818=DIRECTION('center_axis',(0.,1.,0.));
#4819=DIRECTION('ref_axis',(-1.,0.,0.));
#4820=DIRECTION('',(0.,1.,0.));
#4821=DIRECTION('center_axis',(0.707106781186548,0.,-0.707106781186548));
#4822=DIRECTION('ref_axis',(0.707106781186548,0.,0.707106781186548));
#4823=DIRECTION('',(0.,1.,0.));
#4824=DIRECTION('center_axis',(0.,1.,0.));
#4825=DIRECTION('ref_axis',(-1.,0.,0.));
#4826=DIRECTION('',(0.,1.,0.));
#4827=DIRECTION('center_axis',(0.,0.,1.));
#4828=DIRECTION('ref_axis',(0.,-1.,0.));
#4829=DIRECTION('',(0.,1.,0.));
#4830=DIRECTION('center_axis',(0.,1.,0.));
#4831=DIRECTION('ref_axis',(-1.,0.,0.));
#4832=DIRECTION('',(0.,1.,0.));
#4833=DIRECTION('center_axis',(1.,0.,0.));
#4834=DIRECTION('ref_axis',(0.,1.,0.));
#4835=DIRECTION('',(0.,1.,0.));
#4836=DIRECTION('center_axis',(0.,1.,0.));
#4837=DIRECTION('ref_axis',(0.923879532610992,0.,-0.382683432124381));
#4838=DIRECTION('',(0.,1.,0.));
#4839=DIRECTION('center_axis',(0.707106781186548,0.,-0.707106781186548));
#4840=DIRECTION('ref_axis',(0.707106781186548,0.,0.707106781186548));
#4841=DIRECTION('',(0.,1.,0.));
#4842=DIRECTION('center_axis',(0.,1.,0.));
#4843=DIRECTION('ref_axis',(-1.,0.,0.));
#4844=DIRECTION('',(0.,1.,0.));
#4845=DIRECTION('center_axis',(0.,0.,-1.));
#4846=DIRECTION('ref_axis',(0.,1.,0.));
#4847=DIRECTION('',(0.,1.,0.));
#4848=DIRECTION('center_axis',(0.,1.,0.));
#4849=DIRECTION('ref_axis',(0.,0.,1.));
#4850=DIRECTION('',(0.,1.,0.));
#4851=DIRECTION('center_axis',(0.,1.,0.));
#4852=DIRECTION('ref_axis',(-1.,0.,0.));
#4853=DIRECTION('',(0.,1.,0.));
#4854=DIRECTION('center_axis',(0.,1.,0.));
#4855=DIRECTION('ref_axis',(0.,0.,1.));
#4856=DIRECTION('',(0.,1.,0.));
#4857=DIRECTION('center_axis',(0.,0.,-1.));
#4858=DIRECTION('ref_axis',(0.,1.,0.));
#4859=DIRECTION('',(0.,1.,0.));
#4860=DIRECTION('center_axis',(0.,1.,0.));
#4861=DIRECTION('ref_axis',(-1.,0.,0.));
#4862=DIRECTION('',(0.,1.,0.));
#4863=DIRECTION('center_axis',(-0.707106781186548,0.,-0.707106781186548));
#4864=DIRECTION('ref_axis',(0.707106781186548,0.,-0.707106781186548));
#4865=DIRECTION('',(0.,1.,0.));
#4866=DIRECTION('center_axis',(0.,1.,0.));
#4867=DIRECTION('ref_axis',(-1.,0.,0.));
#4868=DIRECTION('',(0.,1.,0.));
#4869=DIRECTION('center_axis',(-1.,0.,0.));
#4870=DIRECTION('ref_axis',(0.,-1.,0.));
#4871=DIRECTION('',(0.,1.,0.));
#4872=DIRECTION('center_axis',(0.,1.,0.));
#4873=DIRECTION('ref_axis',(-1.,0.,0.));
#4874=DIRECTION('',(0.,1.,0.));
#4875=DIRECTION('center_axis',(0.,0.,1.));
#4876=DIRECTION('ref_axis',(0.,-1.,0.));
#4877=DIRECTION('',(0.,1.,0.));
#4878=DIRECTION('center_axis',(0.,1.,0.));
#4879=DIRECTION('ref_axis',(0.923879533807389,0.,-0.382683429236023));
#4880=DIRECTION('',(0.,1.,0.));
#4881=DIRECTION('center_axis',(-0.707106781186548,0.,-0.707106781186548));
#4882=DIRECTION('ref_axis',(0.707106781186548,0.,-0.707106781186548));
#4883=DIRECTION('',(0.,1.,0.));
#4884=DIRECTION('center_axis',(0.,1.,0.));
#4885=DIRECTION('ref_axis',(-1.,0.,0.));
#4886=DIRECTION('',(0.,1.,0.));
#4887=DIRECTION('center_axis',(0.,0.,-1.));
#4888=DIRECTION('ref_axis',(1.,0.,0.));
#4889=DIRECTION('',(0.,1.,0.));
#4890=DIRECTION('center_axis',(0.,1.,0.));
#4891=DIRECTION('ref_axis',(-1.,0.,0.));
#4892=DIRECTION('',(0.,1.,0.));
#4893=DIRECTION('center_axis',(0.707106781186548,0.,-0.707106781186548));
#4894=DIRECTION('ref_axis',(0.707106781186548,0.,0.707106781186548));
#4895=DIRECTION('',(0.,1.,0.));
#4896=DIRECTION('center_axis',(0.,1.,0.));
#4897=DIRECTION('ref_axis',(-1.,0.,0.));
#4898=DIRECTION('',(0.,1.,0.));
#4899=DIRECTION('center_axis',(0.,0.,1.));
#4900=DIRECTION('ref_axis',(0.,-1.,0.));
#4901=DIRECTION('',(0.,1.,0.));
#4902=DIRECTION('center_axis',(0.,1.,0.));
#4903=DIRECTION('ref_axis',(-1.,0.,0.));
#4904=DIRECTION('',(0.,1.,0.));
#4905=DIRECTION('center_axis',(1.,0.,0.));
#4906=DIRECTION('ref_axis',(0.,1.,0.));
#4907=DIRECTION('',(0.,1.,0.));
#4908=DIRECTION('center_axis',(0.,1.,0.));
#4909=DIRECTION('ref_axis',(0.923879534233601,0.,-0.382683428207056));
#4910=DIRECTION('',(0.,1.,0.));
#4911=DIRECTION('center_axis',(0.707106781186548,0.,-0.707106781186548));
#4912=DIRECTION('ref_axis',(0.707106781186548,0.,0.707106781186548));
#4913=DIRECTION('',(0.,1.,0.));
#4914=DIRECTION('center_axis',(0.,1.,0.));
#4915=DIRECTION('ref_axis',(-1.,0.,0.));
#4916=DIRECTION('',(0.,1.,0.));
#4917=DIRECTION('center_axis',(0.,0.,-1.));
#4918=DIRECTION('ref_axis',(0.,1.,0.));
#4919=DIRECTION('',(0.,1.,0.));
#4920=DIRECTION('center_axis',(0.,1.,0.));
#4921=DIRECTION('ref_axis',(0.,0.,1.));
#4922=DIRECTION('',(0.,1.,0.));
#4923=DIRECTION('center_axis',(0.,1.,0.));
#4924=DIRECTION('ref_axis',(-1.,0.,0.));
#4925=DIRECTION('',(0.,1.,0.));
#4926=DIRECTION('center_axis',(0.,1.,0.));
#4927=DIRECTION('ref_axis',(0.,0.,1.));
#4928=DIRECTION('',(0.,1.,0.));
#4929=DIRECTION('center_axis',(0.,0.,-1.));
#4930=DIRECTION('ref_axis',(0.,1.,0.));
#4931=DIRECTION('',(0.,1.,0.));
#4932=DIRECTION('center_axis',(0.,1.,0.));
#4933=DIRECTION('ref_axis',(-1.,0.,0.));
#4934=DIRECTION('',(0.,1.,0.));
#4935=DIRECTION('center_axis',(-0.707106781186548,0.,-0.707106781186548));
#4936=DIRECTION('ref_axis',(0.707106781186548,0.,-0.707106781186548));
#4937=DIRECTION('',(0.,1.,0.));
#4938=DIRECTION('center_axis',(0.,1.,0.));
#4939=DIRECTION('ref_axis',(-1.,0.,0.));
#4940=DIRECTION('',(0.,1.,0.));
#4941=DIRECTION('center_axis',(-1.,0.,0.));
#4942=DIRECTION('ref_axis',(0.,-1.,0.));
#4943=DIRECTION('',(0.,1.,0.));
#4944=DIRECTION('center_axis',(0.,1.,0.));
#4945=DIRECTION('ref_axis',(-1.,0.,0.));
#4946=DIRECTION('',(0.,1.,0.));
#4947=DIRECTION('center_axis',(0.,0.,1.));
#4948=DIRECTION('ref_axis',(0.,-1.,0.));
#4949=DIRECTION('',(0.,1.,0.));
#4950=DIRECTION('center_axis',(0.,1.,0.));
#4951=DIRECTION('ref_axis',(0.92387953337921,0.,-0.382683430269738));
#4952=DIRECTION('',(0.,1.,0.));
#4953=DIRECTION('center_axis',(-0.707106781186548,0.,-0.707106781186548));
#4954=DIRECTION('ref_axis',(0.707106781186548,0.,-0.707106781186548));
#4955=DIRECTION('',(0.,1.,0.));
#4956=DIRECTION('center_axis',(0.,1.,0.));
#4957=DIRECTION('ref_axis',(-1.,0.,0.));
#4958=DIRECTION('',(0.,1.,0.));
#4959=DIRECTION('center_axis',(0.,0.,-1.));
#4960=DIRECTION('ref_axis',(0.,1.,0.));
#4961=DIRECTION('',(0.,1.,0.));
#4962=DIRECTION('center_axis',(0.,1.,0.));
#4963=DIRECTION('ref_axis',(-1.,0.,0.));
#4964=DIRECTION('',(0.,1.,0.));
#4965=DIRECTION('center_axis',(1.,0.,0.));
#4966=DIRECTION('ref_axis',(0.,1.,0.));
#4967=DIRECTION('',(0.,1.,0.));
#4968=DIRECTION('center_axis',(0.,1.,0.));
#4969=DIRECTION('ref_axis',(-1.,0.,0.));
#4970=DIRECTION('',(0.,1.,0.));
#4971=DIRECTION('center_axis',(0.707106781186548,0.,0.707106781186548));
#4972=DIRECTION('ref_axis',(-0.707106781186548,0.,0.707106781186548));
#4973=DIRECTION('',(0.,1.,0.));
#4974=DIRECTION('center_axis',(0.,1.,0.));
#4975=DIRECTION('ref_axis',(0.382683435862097,0.,-0.923879531062779));
#4976=DIRECTION('',(0.,1.,0.));
#4977=DIRECTION('center_axis',(-1.,0.,0.));
#4978=DIRECTION('ref_axis',(0.,-1.,0.));
#4979=DIRECTION('center_axis',(0.,1.,0.));
#4980=DIRECTION('ref_axis',(-1.,0.,0.));
#4981=DIRECTION('',(0.,1.,0.));
#4982=DIRECTION('',(0.,1.,0.));
#4983=DIRECTION('center_axis',(0.,1.,0.));
#4984=DIRECTION('ref_axis',(-1.,0.,0.));
#4985=DIRECTION('',(0.,1.,0.));
#4986=DIRECTION('center_axis',(0.,1.,0.));
#4987=DIRECTION('ref_axis',(1.,0.,1.22464679914735E-16));
#4988=DIRECTION('',(0.,1.,0.));
#4989=DIRECTION('center_axis',(0.,1.,0.));
#4990=DIRECTION('ref_axis',(-1.,0.,0.));
#4991=DIRECTION('',(0.,1.,0.));
#4992=DIRECTION('center_axis',(0.,1.,0.));
#4993=DIRECTION('ref_axis',(-1.,0.,0.));
#4994=DIRECTION('',(0.,1.,0.));
#4995=DIRECTION('center_axis',(0.,1.,0.));
#4996=DIRECTION('ref_axis',(-1.,0.,0.));
#4997=DIRECTION('',(0.,1.,0.));
#4998=DIRECTION('center_axis',(0.,1.,0.));
#4999=DIRECTION('ref_axis',(-1.,0.,0.));
#5000=DIRECTION('',(0.,1.,0.));
#5001=DIRECTION('center_axis',(0.,1.,0.));
#5002=DIRECTION('ref_axis',(-1.,0.,0.));
#5003=CARTESIAN_POINT('',(0.,0.,0.));
#5004=CARTESIAN_POINT('Origin',(94.512733429,316.021015207,200.885162344));
#5005=CARTESIAN_POINT('',(94.262733429,316.021015207,200.885162342279));
#5006=CARTESIAN_POINT('',(94.512733429,316.021015207,201.135162344));
#5007=CARTESIAN_POINT('Origin',(94.512733429,316.021015207,200.885162344));
#5008=CARTESIAN_POINT('',(95.8334083954357,316.021015207,201.135162344));
#5009=CARTESIAN_POINT('',(94.512733429,316.021015207,201.135162344));
#5010=CARTESIAN_POINT('',(96.010185089,316.021015207,201.061939039));
#5011=CARTESIAN_POINT('Origin',(95.833408394,316.021015207,200.885162344));
#5012=CARTESIAN_POINT('',(98.474865462502,316.021015207,198.597258665735));
#5013=CARTESIAN_POINT('',(96.010185089,316.021015207,201.061939039));
#5014=CARTESIAN_POINT('',(98.562733429,316.021015207,198.38512663));
#5015=CARTESIAN_POINT('Origin',(98.262733429,316.021015207,198.38512663));
#5016=CARTESIAN_POINT('',(98.562733429,316.021015207,197.485162342444));
#5017=CARTESIAN_POINT('',(98.562733429,316.021015207,198.38512663));
#5018=CARTESIAN_POINT('',(98.862733429,316.021015207,197.185162344));
#5019=CARTESIAN_POINT('Origin',(98.862733429,316.021015207,197.485162344));
#5020=CARTESIAN_POINT('',(99.7626977179914,316.021015207,197.185162344));
#5021=CARTESIAN_POINT('',(98.862733429,316.021015207,197.185162344));
#5022=CARTESIAN_POINT('',(99.97482975,316.021015207,197.097294378));
#5023=CARTESIAN_POINT('Origin',(99.762697716,316.021015207,196.885162344));
#5024=CARTESIAN_POINT('',(100.319912838,316.021015207,196.752211291));
#5025=CARTESIAN_POINT('',(99.97482975,316.021015207,197.097294378));
#5026=CARTESIAN_POINT('',(100.785880942,316.021015207,196.804445703));
#5027=CARTESIAN_POINT('Origin',(100.532044872,316.021015207,196.964343325));
#5028=CARTESIAN_POINT('',(100.785880942,316.021015207,194.565878985));
#5029=CARTESIAN_POINT('Origin',(102.562733429,316.021015207,195.685162344));
#5030=CARTESIAN_POINT('',(100.319912838,316.021015207,194.618113397));
#5031=CARTESIAN_POINT('Origin',(100.532044872,316.021015207,194.405981363));
#5032=CARTESIAN_POINT('',(99.9748297486457,316.021015207,194.273030307742));
#5033=CARTESIAN_POINT('',(100.319912838,316.021015207,194.618113397));
#5034=CARTESIAN_POINT('',(99.762697716,316.021015207,194.185162344));
#5035=CARTESIAN_POINT('Origin',(99.762697716,316.021015207,194.485162344));
#5036=CARTESIAN_POINT('',(98.8627334307706,316.021015207,194.185162344));
#5037=CARTESIAN_POINT('',(99.762697716,316.021015207,194.185162344));
#5038=CARTESIAN_POINT('',(98.562733429,316.021015207,193.885162344));
#5039=CARTESIAN_POINT('Origin',(98.862733429,316.021015207,193.885162344));
#5040=CARTESIAN_POINT('',(98.562733429,316.021015207,192.985198055406));
#5041=CARTESIAN_POINT('',(98.562733429,316.021015207,193.885162344));
#5042=CARTESIAN_POINT('',(98.474865464,316.021015207,192.773066023));
#5043=CARTESIAN_POINT('Origin',(98.262733429,316.021015207,192.985198057));
#5044=CARTESIAN_POINT('',(96.0101850878474,316.021015207,190.308385647316));
#5045=CARTESIAN_POINT('',(98.474865464,316.021015207,192.773066023));
#5046=CARTESIAN_POINT('',(95.833408394,316.021015207,190.235162344));
#5047=CARTESIAN_POINT('Origin',(95.833408394,316.021015207,190.485162344));
#5048=CARTESIAN_POINT('',(94.5127334304676,316.021015207,190.235162344));
#5049=CARTESIAN_POINT('',(95.833408394,316.021015207,190.235162344));
#5050=CARTESIAN_POINT('',(94.262733429,316.021015207,190.485162344));
#5051=CARTESIAN_POINT('Origin',(94.512733429,316.021015207,190.485162344));
#5052=CARTESIAN_POINT('',(94.262733429,316.021015207,192.33516234595));
#5053=CARTESIAN_POINT('',(94.262733429,316.021015207,190.485162344));
#5054=CARTESIAN_POINT('',(93.835956734,316.021015207,192.511939039));
#5055=CARTESIAN_POINT('Origin',(94.012733429,316.021015207,192.335162344));
#5056=CARTESIAN_POINT('',(92.650601393607,316.021015207,191.326583698844));
#5057=CARTESIAN_POINT('',(93.835956734,316.021015207,192.511939039));
#5058=CARTESIAN_POINT('',(92.562733429,316.021015207,191.114451666));
#5059=CARTESIAN_POINT('Origin',(92.862733429,316.021015207,191.114451666));
#5060=CARTESIAN_POINT('',(92.562733429,316.021015207,186.185162345838));
#5061=CARTESIAN_POINT('',(92.562733429,316.021015207,191.114451666));
#5062=CARTESIAN_POINT('',(93.062733429,316.021015207,185.685162344));
#5063=CARTESIAN_POINT('Origin',(93.062733429,316.021015207,186.185162344));
#5064=CARTESIAN_POINT('',(97.9920227524981,316.021015207,185.685162344));
#5065=CARTESIAN_POINT('',(93.062733429,316.021015207,185.685162344));
#5066=CARTESIAN_POINT('',(98.204154786,316.021015207,185.773030309));
#5067=CARTESIAN_POINT('Origin',(97.992022751,316.021015207,185.985162344));
#5068=CARTESIAN_POINT('',(99.3895101237184,316.021015207,186.958385647521));
#5069=CARTESIAN_POINT('',(98.204154786,316.021015207,185.773030309));
#5070=CARTESIAN_POINT('',(99.212733429,316.021015207,187.385162344));
#5071=CARTESIAN_POINT('Origin',(99.212733429,316.021015207,187.135162344));
#5072=CARTESIAN_POINT('',(97.362733429,316.021015207,187.385162344));
#5073=CARTESIAN_POINT('',(99.212733429,316.021015207,187.385162344));
#5074=CARTESIAN_POINT('',(97.112733429,316.021015207,187.635162344));
#5075=CARTESIAN_POINT('Origin',(97.362733429,316.021015207,187.635162344));
#5076=CARTESIAN_POINT('',(97.112733429,316.021015207,188.955837307047));
#5077=CARTESIAN_POINT('',(97.112733429,316.021015207,187.635162344));
#5078=CARTESIAN_POINT('',(97.185956734,316.021015207,189.132614004));
#5079=CARTESIAN_POINT('Origin',(97.362733429,316.021015207,188.955837309));
#5080=CARTESIAN_POINT('',(99.6652817704395,316.021015207,191.611939040304));
#5081=CARTESIAN_POINT('',(97.185956734,316.021015207,189.132614004));
#5082=CARTESIAN_POINT('',(99.842058465,316.021015207,191.685162344));
#5083=CARTESIAN_POINT('Origin',(99.842058465,316.021015207,191.435162344));
#5084=CARTESIAN_POINT('',(102.101756206,316.021015207,191.685162344));
#5085=CARTESIAN_POINT('',(99.842058465,316.021015207,191.685162344));
#5086=CARTESIAN_POINT('',(102.353198328,316.021015207,191.82152598));
#5087=CARTESIAN_POINT('Origin',(102.101756206,316.021015207,191.985162344));
#5088=CARTESIAN_POINT('',(102.772268531,316.021015207,191.82152598));
#5089=CARTESIAN_POINT('Origin',(102.562733429,316.021015207,191.685162344));
#5090=CARTESIAN_POINT('',(103.023710652,316.021015207,191.685162344));
#5091=CARTESIAN_POINT('Origin',(103.023710652,316.021015207,191.985162344));
#5092=CARTESIAN_POINT('',(105.283408394,316.021015207,191.685162344));
#5093=CARTESIAN_POINT('',(103.023710652,316.021015207,191.685162344));
#5094=CARTESIAN_POINT('',(105.460185089,316.021015207,191.611939039));
#5095=CARTESIAN_POINT('Origin',(105.283408394,316.021015207,191.435162344));
#5096=CARTESIAN_POINT('',(107.939510123595,316.021015207,189.132614004936));
#5097=CARTESIAN_POINT('',(105.460185089,316.021015207,191.611939039));
#5098=CARTESIAN_POINT('',(108.012733429,316.021015207,188.955837309));
#5099=CARTESIAN_POINT('Origin',(107.762733429,316.021015207,188.955837309));
#5100=CARTESIAN_POINT('',(108.012733429,316.021015207,187.635162342071));
#5101=CARTESIAN_POINT('',(108.012733429,316.021015207,188.955837309));
#5102=CARTESIAN_POINT('',(107.762733429,316.021015207,187.385162344));
#5103=CARTESIAN_POINT('Origin',(107.762733429,316.021015207,187.635162344));
#5104=CARTESIAN_POINT('',(105.912733427376,316.021015207,187.385162344));
#5105=CARTESIAN_POINT('',(107.762733429,316.021015207,187.385162344));
#5106=CARTESIAN_POINT('',(105.735956734,316.021015207,186.958385648));
#5107=CARTESIAN_POINT('Origin',(105.912733429,316.021015207,187.135162344));
#5108=CARTESIAN_POINT('',(106.921312074073,316.021015207,185.773030308023));
#5109=CARTESIAN_POINT('',(105.735956734,316.021015207,186.958385648));
#5110=CARTESIAN_POINT('',(107.133444107,316.021015207,185.685162344));
#5111=CARTESIAN_POINT('Origin',(107.133444107,316.021015207,185.985162344));
#5112=CARTESIAN_POINT('',(117.992022749589,316.021015207,185.685162344));
#5113=CARTESIAN_POINT('',(107.133444107,316.021015207,185.685162344));
#5114=CARTESIAN_POINT('',(118.204154785,316.021015207,185.773030309));
#5115=CARTESIAN_POINT('Origin',(117.992022751,316.021015207,185.985162344));
#5116=CARTESIAN_POINT('',(119.389510122801,316.021015207,186.958385646937));
#5117=CARTESIAN_POINT('',(118.204154785,316.021015207,185.773030309));
#5118=CARTESIAN_POINT('',(119.212733429,316.021015207,187.385162344));
#5119=CARTESIAN_POINT('Origin',(119.212733429,316.021015207,187.135162344));
#5120=CARTESIAN_POINT('',(117.362733427522,316.021015207,187.385162344));
#5121=CARTESIAN_POINT('',(119.212733429,316.021015207,187.385162344));
#5122=CARTESIAN_POINT('',(117.112733429,316.021015207,187.635162344));
#5123=CARTESIAN_POINT('Origin',(117.362733429,316.021015207,187.635162344));
#5124=CARTESIAN_POINT('',(117.112733429,316.021015207,188.955837307047));
#5125=CARTESIAN_POINT('',(117.112733429,316.021015207,187.635162344));
#5126=CARTESIAN_POINT('',(117.185956734,316.021015207,189.132614004));
#5127=CARTESIAN_POINT('Origin',(117.362733429,316.021015207,188.955837309));
#5128=CARTESIAN_POINT('',(119.665281767575,316.021015207,191.611939037773));
#5129=CARTESIAN_POINT('',(117.185956734,316.021015207,189.132614004));
#5130=CARTESIAN_POINT('',(119.842058464,316.021015207,191.685162344));
#5131=CARTESIAN_POINT('Origin',(119.842058464,316.021015207,191.435162344));
#5132=CARTESIAN_POINT('',(122.101756206,316.021015207,191.685162344));
#5133=CARTESIAN_POINT('',(119.842058464,316.021015207,191.685162344));
#5134=CARTESIAN_POINT('',(122.353198328,316.021015207,191.82152598));
#5135=CARTESIAN_POINT('Origin',(122.101756206,316.021015207,191.985162344));
#5136=CARTESIAN_POINT('',(122.772268531,316.021015207,191.82152598));
#5137=CARTESIAN_POINT('Origin',(122.562733429,316.021015207,191.685162344));
#5138=CARTESIAN_POINT('',(123.023710652,316.021015207,191.685162344));
#5139=CARTESIAN_POINT('Origin',(123.023710652,316.021015207,191.985162344));
#5140=CARTESIAN_POINT('',(125.283408395404,316.021015207,191.685162344));
#5141=CARTESIAN_POINT('',(123.023710652,316.021015207,191.685162344));
#5142=CARTESIAN_POINT('',(125.460185089,316.021015207,191.611939039));
#5143=CARTESIAN_POINT('Origin',(125.283408394,316.021015207,191.435162344));
#5144=CARTESIAN_POINT('',(127.939510125396,316.021015207,189.132614002802));
#5145=CARTESIAN_POINT('',(125.460185089,316.021015207,191.611939039));
#5146=CARTESIAN_POINT('',(128.012733429,316.021015207,188.955837309));
#5147=CARTESIAN_POINT('Origin',(127.762733429,316.021015207,188.955837309));
#5148=CARTESIAN_POINT('',(128.012733429,316.021015207,187.635162345353));
#5149=CARTESIAN_POINT('',(128.012733429,316.021015207,188.955837309));
#5150=CARTESIAN_POINT('',(127.762733429,316.021015207,187.385162344));
#5151=CARTESIAN_POINT('Origin',(127.762733429,316.021015207,187.635162344));
#5152=CARTESIAN_POINT('',(125.912733429,316.021015207,187.385162344));
#5153=CARTESIAN_POINT('',(127.762733429,316.021015207,187.385162344));
#5154=CARTESIAN_POINT('',(125.735956734,316.021015207,186.958385649));
#5155=CARTESIAN_POINT('Origin',(125.912733429,316.021015207,187.135162344));
#5156=CARTESIAN_POINT('',(126.921312074518,316.021015207,185.773030307912));
#5157=CARTESIAN_POINT('',(125.735956734,316.021015207,186.958385649));
#5158=CARTESIAN_POINT('',(127.133444107,316.021015207,185.685162344));
#5159=CARTESIAN_POINT('Origin',(127.133444107,316.021015207,185.985162344));
#5160=CARTESIAN_POINT('',(132.06273342739,316.021015207,185.685162344));
#5161=CARTESIAN_POINT('',(127.133444107,316.021015207,185.685162344));
#5162=CARTESIAN_POINT('',(132.562733429,316.021015207,186.185162344));
#5163=CARTESIAN_POINT('Origin',(132.062733429,316.021015207,186.185162344));
#5164=CARTESIAN_POINT('',(132.562733429,316.021015207,191.114451667841));
#5165=CARTESIAN_POINT('',(132.562733429,316.021015207,186.185162344));
#5166=CARTESIAN_POINT('',(132.474865464,316.021015207,191.3265837));
#5167=CARTESIAN_POINT('Origin',(132.262733429,316.021015207,191.114451666));
#5168=CARTESIAN_POINT('',(131.289510123615,316.021015207,192.511939040249));
#5169=CARTESIAN_POINT('',(132.474865464,316.021015207,191.3265837));
#5170=CARTESIAN_POINT('',(130.862733429,316.021015207,192.335162344));
#5171=CARTESIAN_POINT('Origin',(131.112733429,316.021015207,192.335162344));
#5172=CARTESIAN_POINT('',(130.862733429,316.021015207,190.485162342071));
#5173=CARTESIAN_POINT('',(130.862733429,316.021015207,192.335162344));
#5174=CARTESIAN_POINT('',(130.612733429,316.021015207,190.235162344));
#5175=CARTESIAN_POINT('Origin',(130.612733429,316.021015207,190.485162344));
#5176=CARTESIAN_POINT('',(129.292058463181,316.021015207,190.235162344));
#5177=CARTESIAN_POINT('',(130.612733429,316.021015207,190.235162344));
#5178=CARTESIAN_POINT('',(129.115281769,316.021015207,190.308385649));
#5179=CARTESIAN_POINT('Origin',(129.292058465,316.021015207,190.485162344));
#5180=CARTESIAN_POINT('',(126.650601395941,316.021015207,192.773066021821));
#5181=CARTESIAN_POINT('',(129.115281769,316.021015207,190.308385649));
#5182=CARTESIAN_POINT('',(126.562733429,316.021015207,192.985198057));
#5183=CARTESIAN_POINT('Origin',(126.862733429,316.021015207,192.985198057));
#5184=CARTESIAN_POINT('',(126.562733429,316.021015207,193.885162342605));
#5185=CARTESIAN_POINT('',(126.562733429,316.021015207,192.985198057));
#5186=CARTESIAN_POINT('',(126.262733429,316.021015207,194.185162344));
#5187=CARTESIAN_POINT('Origin',(126.262733429,316.021015207,193.885162344));
#5188=CARTESIAN_POINT('',(125.362769143,316.021015207,194.185162344));
#5189=CARTESIAN_POINT('',(126.262733429,316.021015207,194.185162344));
#5190=CARTESIAN_POINT('',(125.150637108,316.021015207,194.273030309));
#5191=CARTESIAN_POINT('Origin',(125.362769143,316.021015207,194.485162344));
#5192=CARTESIAN_POINT('',(124.805554021,316.021015207,194.618113397));
#5193=CARTESIAN_POINT('',(125.150637108,316.021015207,194.273030309));
#5194=CARTESIAN_POINT('',(124.339585917,316.021015207,194.565878985));
#5195=CARTESIAN_POINT('Origin',(124.593421987,316.021015207,194.405981362));
#5196=CARTESIAN_POINT('',(124.339585917,316.021015207,196.804445702));
#5197=CARTESIAN_POINT('Origin',(122.562733429,316.021015207,195.685162344));
#5198=CARTESIAN_POINT('',(124.805554021,316.021015207,196.752211291));
#5199=CARTESIAN_POINT('Origin',(124.593421987,316.021015207,196.964343325));
#5200=CARTESIAN_POINT('',(125.150637109183,316.021015207,197.097294379087));
#5201=CARTESIAN_POINT('',(124.805554021,316.021015207,196.752211291));
#5202=CARTESIAN_POINT('',(125.362769143,316.021015207,197.185162344));
#5203=CARTESIAN_POINT('Origin',(125.362769143,316.021015207,196.885162344));
#5204=CARTESIAN_POINT('',(126.262733429,316.021015207,197.185162344));
#5205=CARTESIAN_POINT('',(125.362769143,316.021015207,197.185162344));
#5206=CARTESIAN_POINT('',(126.562733429,316.021015207,197.485162344));
#5207=CARTESIAN_POINT('Origin',(126.262733429,316.021015207,197.485162344));
#5208=CARTESIAN_POINT('',(126.562733429,316.021015207,198.385126631343));
#5209=CARTESIAN_POINT('',(126.562733429,316.021015207,197.485162344));
#5210=CARTESIAN_POINT('',(126.650601395,316.021015207,198.597258665));
#5211=CARTESIAN_POINT('Origin',(126.862733429,316.021015207,198.38512663));
#5212=CARTESIAN_POINT('',(129.115281767819,316.021015207,201.061939037683));
#5213=CARTESIAN_POINT('',(126.650601395,316.021015207,198.597258665));
#5214=CARTESIAN_POINT('',(129.292058465,316.021015207,201.135162344));
#5215=CARTESIAN_POINT('Origin',(129.292058465,316.021015207,200.885162344));
#5216=CARTESIAN_POINT('',(130.612733429,316.021015207,201.135162344));
#5217=CARTESIAN_POINT('',(129.292058465,316.021015207,201.135162344));
#5218=CARTESIAN_POINT('',(130.862733429,316.021015207,200.885162344));
#5219=CARTESIAN_POINT('Origin',(130.612733429,316.021015207,200.885162344));
#5220=CARTESIAN_POINT('',(130.862733429,316.021015207,199.035162345968));
#5221=CARTESIAN_POINT('',(130.862733429,316.021015207,200.885162344));
#5222=CARTESIAN_POINT('',(131.289510125,316.021015207,198.858385649));
#5223=CARTESIAN_POINT('Origin',(131.112733429,316.021015207,199.035162344));
#5224=CARTESIAN_POINT('',(132.474865462685,316.021015207,200.043740986781));
#5225=CARTESIAN_POINT('',(131.289510125,316.021015207,198.858385649));
#5226=CARTESIAN_POINT('',(132.562733429,316.021015207,200.255873022));
#5227=CARTESIAN_POINT('Origin',(132.262733429,316.021015207,200.255873022));
#5228=CARTESIAN_POINT('',(132.562733429,316.021015207,205.185162345915));
#5229=CARTESIAN_POINT('',(132.562733429,316.021015207,200.255873022));
#5230=CARTESIAN_POINT('',(132.062733429,316.021015207,205.685162344));
#5231=CARTESIAN_POINT('Origin',(132.062733429,316.021015207,205.185162344));
#5232=CARTESIAN_POINT('',(127.133444105569,316.021015207,205.685162344));
#5233=CARTESIAN_POINT('',(132.062733429,316.021015207,205.685162344));
#5234=CARTESIAN_POINT('',(126.921312073,316.021015207,205.597294378));
#5235=CARTESIAN_POINT('Origin',(127.133444107,316.021015207,205.385162344));
#5236=CARTESIAN_POINT('',(125.735956732814,316.021015207,204.411939038012));
#5237=CARTESIAN_POINT('',(126.921312073,316.021015207,205.597294378));
#5238=CARTESIAN_POINT('',(125.912733429,316.021015207,203.985162344));
#5239=CARTESIAN_POINT('Origin',(125.912733429,316.021015207,204.235162344));
#5240=CARTESIAN_POINT('',(127.762733429,316.021015207,203.985162344));
#5241=CARTESIAN_POINT('',(125.912733429,316.021015207,203.985162344));
#5242=CARTESIAN_POINT('',(128.012733429,316.021015207,203.735162344));
#5243=CARTESIAN_POINT('Origin',(127.762733429,316.021015207,203.735162344));
#5244=CARTESIAN_POINT('',(128.012733429,316.021015207,202.41448738058));
#5245=CARTESIAN_POINT('',(128.012733429,316.021015207,203.735162344));
#5246=CARTESIAN_POINT('',(127.939510124,316.021015207,202.237710684));
#5247=CARTESIAN_POINT('Origin',(127.762733429,316.021015207,202.414487379));
#5248=CARTESIAN_POINT('',(125.460185088061,316.021015207,199.758385647864));
#5249=CARTESIAN_POINT('',(127.939510124,316.021015207,202.237710684));
#5250=CARTESIAN_POINT('',(125.283408394,316.021015207,199.685162344));
#5251=CARTESIAN_POINT('Origin',(125.283408394,316.021015207,199.935162344));
#5252=CARTESIAN_POINT('',(123.023710652,316.021015207,199.685162344));
#5253=CARTESIAN_POINT('',(125.283408394,316.021015207,199.685162344));
#5254=CARTESIAN_POINT('',(122.772268531,316.021015207,199.548798707));
#5255=CARTESIAN_POINT('Origin',(123.023710652,316.021015207,199.385162344));
#5256=CARTESIAN_POINT('',(122.353198328,316.021015207,199.548798707));
#5257=CARTESIAN_POINT('Origin',(122.562733429,316.021015207,199.685162344));
#5258=CARTESIAN_POINT('',(122.101756206,316.021015207,199.685162344));
#5259=CARTESIAN_POINT('Origin',(122.101756206,316.021015207,199.385162344));
#5260=CARTESIAN_POINT('',(119.842058464,316.021015207,199.685162344));
#5261=CARTESIAN_POINT('',(122.101756206,316.021015207,199.685162344));
#5262=CARTESIAN_POINT('',(119.665281769,316.021015207,199.758385649));
#5263=CARTESIAN_POINT('Origin',(119.842058464,316.021015207,199.935162344));
#5264=CARTESIAN_POINT('',(117.185956734892,316.021015207,202.23771068291));
#5265=CARTESIAN_POINT('',(119.665281769,316.021015207,199.758385649));
#5266=CARTESIAN_POINT('',(117.112733429,316.021015207,202.414487379));
#5267=CARTESIAN_POINT('Origin',(117.362733429,316.021015207,202.414487379));
#5268=CARTESIAN_POINT('',(117.112733429,316.021015207,203.735162345487));
#5269=CARTESIAN_POINT('',(117.112733429,316.021015207,202.414487379));
#5270=CARTESIAN_POINT('',(117.362733429,316.021015207,203.985162344));
#5271=CARTESIAN_POINT('Origin',(117.362733429,316.021015207,203.735162344));
#5272=CARTESIAN_POINT('',(119.212733430416,316.021015207,203.985162344));
#5273=CARTESIAN_POINT('',(117.362733429,316.021015207,203.985162344));
#5274=CARTESIAN_POINT('',(119.389510124,316.021015207,204.411939039));
#5275=CARTESIAN_POINT('Origin',(119.212733429,316.021015207,204.235162344));
#5276=CARTESIAN_POINT('',(118.204154784037,316.021015207,205.5972943792));
#5277=CARTESIAN_POINT('',(119.389510124,316.021015207,204.411939039));
#5278=CARTESIAN_POINT('',(117.992022751,316.021015207,205.685162344));
#5279=CARTESIAN_POINT('Origin',(117.992022751,316.021015207,205.385162344));
#5280=CARTESIAN_POINT('',(107.133444108334,316.021015207,205.685162344));
#5281=CARTESIAN_POINT('',(117.992022751,316.021015207,205.685162344));
#5282=CARTESIAN_POINT('',(106.921312073,316.021015207,205.597294378));
#5283=CARTESIAN_POINT('Origin',(107.133444107,316.021015207,205.385162344));
#5284=CARTESIAN_POINT('',(105.735956732778,316.021015207,204.411939037975));
#5285=CARTESIAN_POINT('',(106.921312073,316.021015207,205.597294378));
#5286=CARTESIAN_POINT('',(105.912733429,316.021015207,203.985162344));
#5287=CARTESIAN_POINT('Origin',(105.912733429,316.021015207,204.235162344));
#5288=CARTESIAN_POINT('',(107.762733429,316.021015207,203.985162344));
#5289=CARTESIAN_POINT('',(105.912733429,316.021015207,203.985162344));
#5290=CARTESIAN_POINT('',(108.012733429,316.021015207,203.735162344));
#5291=CARTESIAN_POINT('Origin',(107.762733429,316.021015207,203.735162344));
#5292=CARTESIAN_POINT('',(108.012733429,316.021015207,202.414487380462));
#5293=CARTESIAN_POINT('',(108.012733429,316.021015207,203.735162344));
#5294=CARTESIAN_POINT('',(107.939510125,316.021015207,202.237710684));
#5295=CARTESIAN_POINT('Origin',(107.762733429,316.021015207,202.414487379));
#5296=CARTESIAN_POINT('',(105.46018508815,316.021015207,199.758385647619));
#5297=CARTESIAN_POINT('',(107.939510125,316.021015207,202.237710684));
#5298=CARTESIAN_POINT('',(105.283408394,316.021015207,199.685162344));
#5299=CARTESIAN_POINT('Origin',(105.283408394,316.021015207,199.935162344));
#5300=CARTESIAN_POINT('',(103.023710652,316.021015207,199.685162344));
#5301=CARTESIAN_POINT('',(105.283408394,316.021015207,199.685162344));
#5302=CARTESIAN_POINT('',(102.772268531,316.021015207,199.548798707));
#5303=CARTESIAN_POINT('Origin',(103.023710652,316.021015207,199.385162344));
#5304=CARTESIAN_POINT('',(102.353198328,316.021015207,199.548798707));
#5305=CARTESIAN_POINT('Origin',(102.562733429,316.021015207,199.685162344));
#5306=CARTESIAN_POINT('',(102.101756206,316.021015207,199.685162344));
#5307=CARTESIAN_POINT('Origin',(102.101756206,316.021015207,199.385162344));
#5308=CARTESIAN_POINT('',(99.842058465,316.021015207,199.685162344));
#5309=CARTESIAN_POINT('',(102.101756206,316.021015207,199.685162344));
#5310=CARTESIAN_POINT('',(99.665281769,316.021015207,199.758385649));
#5311=CARTESIAN_POINT('Origin',(99.842058465,316.021015207,199.935162344));
#5312=CARTESIAN_POINT('',(97.1859567328552,316.021015207,202.237710684947));
#5313=CARTESIAN_POINT('',(99.665281769,316.021015207,199.758385649));
#5314=CARTESIAN_POINT('',(97.112733429,316.021015207,202.414487379));
#5315=CARTESIAN_POINT('Origin',(97.362733429,316.021015207,202.414487379));
#5316=CARTESIAN_POINT('',(97.112733429,316.021015207,203.735162345661));
#5317=CARTESIAN_POINT('',(97.112733429,316.021015207,202.414487379));
#5318=CARTESIAN_POINT('',(97.362733429,316.021015207,203.985162344));
#5319=CARTESIAN_POINT('Origin',(97.362733429,316.021015207,203.735162344));
#5320=CARTESIAN_POINT('',(99.212733429,316.021015207,203.985162344));
#5321=CARTESIAN_POINT('',(97.362733429,316.021015207,203.985162344));
#5322=CARTESIAN_POINT('',(99.389510125,316.021015207,204.411939039));
#5323=CARTESIAN_POINT('Origin',(99.212733429,316.021015207,204.235162344));
#5324=CARTESIAN_POINT('',(98.2041547849518,316.021015207,205.597294378952));
#5325=CARTESIAN_POINT('',(99.389510125,316.021015207,204.411939039));
#5326=CARTESIAN_POINT('',(97.992022751,316.021015207,205.685162344));
#5327=CARTESIAN_POINT('Origin',(97.992022751,316.021015207,205.385162344));
#5328=CARTESIAN_POINT('',(93.0627334274015,316.021015207,205.685162344));
#5329=CARTESIAN_POINT('',(97.992022751,316.021015207,205.685162344));
#5330=CARTESIAN_POINT('',(92.562733429,316.021015207,205.185162344));
#5331=CARTESIAN_POINT('Origin',(93.062733429,316.021015207,205.185162344));
#5332=CARTESIAN_POINT('',(92.562733429,316.021015207,200.255873020232));
#5333=CARTESIAN_POINT('',(92.562733429,316.021015207,205.185162344));
#5334=CARTESIAN_POINT('',(92.650601395,316.021015207,200.043740988));
#5335=CARTESIAN_POINT('Origin',(92.862733429,316.021015207,200.255873022));
#5336=CARTESIAN_POINT('',(93.8359567352245,316.021015207,198.858385647578));
#5337=CARTESIAN_POINT('',(92.650601395,316.021015207,200.043740988));
#5338=CARTESIAN_POINT('',(94.262733429,316.021015207,199.035162344));
#5339=CARTESIAN_POINT('Origin',(94.012733429,316.021015207,199.035162344));
#5340=CARTESIAN_POINT('',(94.262733429,316.021015207,199.035162344));
#5341=CARTESIAN_POINT('',(114.43682513,316.021015207,188.986749645));
#5342=CARTESIAN_POINT('',(115.753754433,316.021015207,190.604081263));
#5343=CARTESIAN_POINT('Origin',(117.482224144,316.021015207,187.85182901));
#5344=CARTESIAN_POINT('',(110.688641728,316.021015207,188.986749645));
#5345=CARTESIAN_POINT('Origin',(112.562733429,316.021015207,189.685162344));
#5346=CARTESIAN_POINT('',(109.371712425,316.021015207,190.604081263));
#5347=CARTESIAN_POINT('Origin',(107.643242715,316.021015207,187.85182901));
#5348=CARTESIAN_POINT('',(109.371712425,316.021015207,200.766243425));
#5349=CARTESIAN_POINT('Origin',(112.562733429,316.021015207,195.685162344));
#5350=CARTESIAN_POINT('',(110.688641728,316.021015207,202.383575042));
#5351=CARTESIAN_POINT('Origin',(107.643242715,316.021015207,203.518495677));
#5352=CARTESIAN_POINT('',(114.43682513,316.021015207,202.383575042));
#5353=CARTESIAN_POINT('Origin',(112.562733429,316.021015207,201.685162344));
#5354=CARTESIAN_POINT('',(115.753754433,316.021015207,200.766243425));
#5355=CARTESIAN_POINT('Origin',(117.482224144,316.021015207,203.518495677));
#5356=CARTESIAN_POINT('Origin',(112.562733429,316.021015207,195.685162344));
#5357=CARTESIAN_POINT('Origin',(94.512733429,393.021015207,200.885162344));
#5358=CARTESIAN_POINT('',(94.262733429,393.021015207,200.885162344));
#5359=CARTESIAN_POINT('',(94.5127334305752,393.021015207,201.135162344));
#5360=CARTESIAN_POINT('Origin',(94.512733429,393.021015207,200.885162344));
#5361=CARTESIAN_POINT('',(94.262733429,393.021015207,199.035162345893));
#5362=CARTESIAN_POINT('',(94.262733429,393.021015207,199.035165141));
#5363=CARTESIAN_POINT('',(93.8359567350045,393.021015207,198.858385647798));
#5364=CARTESIAN_POINT('Origin',(94.012733429,393.021015207,199.035162344));
#5365=CARTESIAN_POINT('',(92.6506013959324,393.021015207,200.04374098683));
#5366=CARTESIAN_POINT('',(92.650603725,393.021015207,200.043738658));
#5367=CARTESIAN_POINT('',(92.562733429,393.021015207,200.255873020605));
#5368=CARTESIAN_POINT('Origin',(92.862733429,393.021015207,200.255873022));
#5369=CARTESIAN_POINT('',(92.562733429,393.021015207,205.185162345668));
#5370=CARTESIAN_POINT('',(92.562733429,393.021015207,205.185166042));
#5371=CARTESIAN_POINT('',(93.0627334274153,393.021015207,205.685162344));
#5372=CARTESIAN_POINT('Origin',(93.062733429,393.021015207,205.185162344));
#5373=CARTESIAN_POINT('',(97.992022751,393.021015207,205.685162344));
#5374=CARTESIAN_POINT('',(97.992022751,393.021015207,205.685162344));
#5375=CARTESIAN_POINT('',(98.2041547849046,393.021015207,205.597294378999));
#5376=CARTESIAN_POINT('Origin',(97.992022751,393.021015207,205.385162344));
#5377=CARTESIAN_POINT('',(99.3895101236304,393.021015207,204.411939040234));
#5378=CARTESIAN_POINT('',(99.389508201,393.021015207,204.411940963));
#5379=CARTESIAN_POINT('',(99.212733429,393.021015207,203.985162344));
#5380=CARTESIAN_POINT('Origin',(99.212733429,393.021015207,204.235162344));
#5381=CARTESIAN_POINT('',(97.3627334271832,393.021015207,203.985162344));
#5382=CARTESIAN_POINT('',(97.362730744,393.021015207,203.985162344));
#5383=CARTESIAN_POINT('',(97.112733429,393.021015207,203.735162345907));
#5384=CARTESIAN_POINT('Origin',(97.362733429,393.021015207,203.735162344));
#5385=CARTESIAN_POINT('',(97.112733429,393.021015207,202.414487377091));
#5386=CARTESIAN_POINT('',(97.112733429,393.021015207,202.414484558));
#5387=CARTESIAN_POINT('',(97.1859567352531,393.021015207,202.237710682549));
#5388=CARTESIAN_POINT('Origin',(97.362733429,393.021015207,202.414487379));
#5389=CARTESIAN_POINT('',(99.6652817679721,393.021015207,199.758385650163));
#5390=CARTESIAN_POINT('',(99.66527934,393.021015207,199.758388078));
#5391=CARTESIAN_POINT('',(99.842058465,393.021015207,199.685162344));
#5392=CARTESIAN_POINT('Origin',(99.842058465,393.021015207,199.935162344));
#5393=CARTESIAN_POINT('',(102.101756206,393.021015207,199.685162344));
#5394=CARTESIAN_POINT('',(102.101756206,393.021015207,199.685162344));
#5395=CARTESIAN_POINT('',(102.353198328972,393.021015207,199.548798705552));
#5396=CARTESIAN_POINT('Origin',(102.101756206,393.021015207,199.385162344));
#5397=CARTESIAN_POINT('',(102.77226853145,393.021015207,199.548798708762));
#5398=CARTESIAN_POINT('Origin',(102.562733429,393.021015207,199.685162344));
#5399=CARTESIAN_POINT('',(103.023710652,393.021015207,199.685162344));
#5400=CARTESIAN_POINT('Origin',(103.023710652,393.021015207,199.385162344));
#5401=CARTESIAN_POINT('',(105.283408394,393.021015207,199.685162344));
#5402=CARTESIAN_POINT('',(105.283408394,393.021015207,199.685162344));
#5403=CARTESIAN_POINT('',(105.460185088146,393.021015207,199.758385647615));
#5404=CARTESIAN_POINT('Origin',(105.283408394,393.021015207,199.935162344));
#5405=CARTESIAN_POINT('',(107.93951012632,393.021015207,202.237710685456));
#5406=CARTESIAN_POINT('',(107.939512176,393.021015207,202.237712735));
#5407=CARTESIAN_POINT('',(108.012733429,393.021015207,202.414487380543));
#5408=CARTESIAN_POINT('Origin',(107.762733429,393.021015207,202.414487379));
#5409=CARTESIAN_POINT('',(108.012733429,393.021015207,203.735162342172));
#5410=CARTESIAN_POINT('',(108.012733429,393.021015207,203.735158292));
#5411=CARTESIAN_POINT('',(107.762733429,393.021015207,203.985162344));
#5412=CARTESIAN_POINT('Origin',(107.762733429,393.021015207,203.735162344));
#5413=CARTESIAN_POINT('',(105.912733429,393.021015207,203.985162344));
#5414=CARTESIAN_POINT('',(105.912733429,393.021015207,203.985162344));
#5415=CARTESIAN_POINT('',(105.735956732552,393.021015207,204.41193903775));
#5416=CARTESIAN_POINT('Origin',(105.912733429,393.021015207,204.235162344));
#5417=CARTESIAN_POINT('',(106.921312073871,393.021015207,205.597294379108));
#5418=CARTESIAN_POINT('',(106.921315363,393.021015207,205.597297668));
#5419=CARTESIAN_POINT('',(107.133444108838,393.021015207,205.685162344));
#5420=CARTESIAN_POINT('Origin',(107.133444107,393.021015207,205.385162344));
#5421=CARTESIAN_POINT('',(117.992022751,393.021015207,205.685162344));
#5422=CARTESIAN_POINT('',(117.992022751,393.021015207,205.685162344));
#5423=CARTESIAN_POINT('',(118.204154784251,393.021015207,205.59729437932));
#5424=CARTESIAN_POINT('Origin',(117.992022751,393.021015207,205.385162344));
#5425=CARTESIAN_POINT('',(119.389510123068,393.021015207,204.411939040463));
#5426=CARTESIAN_POINT('',(119.38950747,393.021015207,204.411941694));
#5427=CARTESIAN_POINT('',(119.212733430848,393.021015207,203.985162344));
#5428=CARTESIAN_POINT('Origin',(119.212733429,393.021015207,204.235162344));
#5429=CARTESIAN_POINT('',(117.362733427095,393.021015207,203.985162344));
#5430=CARTESIAN_POINT('',(117.362729205,393.021015207,203.985162344));
#5431=CARTESIAN_POINT('',(117.112733429,393.021015207,203.735162345343));
#5432=CARTESIAN_POINT('Origin',(117.362733429,393.021015207,203.735162344));
#5433=CARTESIAN_POINT('',(117.112733429,393.021015207,202.414487377274));
#5434=CARTESIAN_POINT('',(117.112733429,393.021015207,202.414484828));
#5435=CARTESIAN_POINT('',(117.185956734959,393.021015207,202.23771068251));
#5436=CARTESIAN_POINT('Origin',(117.362733429,393.021015207,202.414487379));
#5437=CARTESIAN_POINT('',(119.665281767667,393.021015207,199.758385649802));
#5438=CARTESIAN_POINT('',(119.66527822,393.021015207,199.758389197));
#5439=CARTESIAN_POINT('',(119.842058464,393.021015207,199.685162344));
#5440=CARTESIAN_POINT('Origin',(119.842058464,393.021015207,199.935162344));
#5441=CARTESIAN_POINT('',(122.101756206,393.021015207,199.685162344));
#5442=CARTESIAN_POINT('',(122.101756206,393.021015207,199.685162344));
#5443=CARTESIAN_POINT('',(122.353198328803,393.021015207,199.548798705811));
#5444=CARTESIAN_POINT('Origin',(122.101756206,393.021015207,199.385162344));
#5445=CARTESIAN_POINT('',(122.77226853126,393.021015207,199.548798708469));
#5446=CARTESIAN_POINT('Origin',(122.562733429,393.021015207,199.685162344));
#5447=CARTESIAN_POINT('',(123.023710652,393.021015207,199.685162344));
#5448=CARTESIAN_POINT('Origin',(123.023710652,393.021015207,199.385162344));
#5449=CARTESIAN_POINT('',(125.283408392463,393.021015207,199.685162344));
#5450=CARTESIAN_POINT('',(125.283404986,393.021015207,199.685162344));
#5451=CARTESIAN_POINT('',(125.460185088095,393.021015207,199.758385647564));
#5452=CARTESIAN_POINT('Origin',(125.283408394,393.021015207,199.935162344));
#5453=CARTESIAN_POINT('',(127.93951012324,393.021015207,202.237710682709));
#5454=CARTESIAN_POINT('',(127.939506715,393.021015207,202.237707274));
#5455=CARTESIAN_POINT('',(128.012733429,393.021015207,202.414487380474));
#5456=CARTESIAN_POINT('Origin',(127.762733429,393.021015207,202.414487379));
#5457=CARTESIAN_POINT('',(128.012733429,393.021015207,203.735162342124));
#5458=CARTESIAN_POINT('',(128.012733429,393.021015207,203.735159571));
#5459=CARTESIAN_POINT('',(127.762733429,393.021015207,203.985162344));
#5460=CARTESIAN_POINT('Origin',(127.762733429,393.021015207,203.735162344));
#5461=CARTESIAN_POINT('',(125.912733429,393.021015207,203.985162344));
#5462=CARTESIAN_POINT('',(125.912733429,393.021015207,203.985162344));
#5463=CARTESIAN_POINT('',(125.735956732902,393.021015207,204.4119390381));
#5464=CARTESIAN_POINT('Origin',(125.912733429,393.021015207,204.235162344));
#5465=CARTESIAN_POINT('',(126.921312074019,393.021015207,205.597294379257));
#5466=CARTESIAN_POINT('',(126.921314596,393.021015207,205.597296901));
#5467=CARTESIAN_POINT('',(127.133444107,393.021015207,205.685162344));
#5468=CARTESIAN_POINT('Origin',(127.133444107,393.021015207,205.385162344));
#5469=CARTESIAN_POINT('',(132.062733427415,393.021015207,205.685162344));
#5470=CARTESIAN_POINT('',(132.062729916,393.021015207,205.685162344));
#5471=CARTESIAN_POINT('',(132.562733429,393.021015207,205.185162345879));
#5472=CARTESIAN_POINT('Origin',(132.062733429,393.021015207,205.185162344));
#5473=CARTESIAN_POINT('',(132.562733429,393.021015207,200.255873020551));
#5474=CARTESIAN_POINT('',(132.562733429,393.021015207,200.25586981));
#5475=CARTESIAN_POINT('',(132.474865462559,393.021015207,200.043740986655));
#5476=CARTESIAN_POINT('Origin',(132.262733429,393.021015207,200.255873022));
#5477=CARTESIAN_POINT('',(131.289510123968,393.021015207,198.858385648104));
#5478=CARTESIAN_POINT('',(131.289507988,393.021015207,198.858383512));
#5479=CARTESIAN_POINT('',(130.862733429,393.021015207,199.035162345893));
#5480=CARTESIAN_POINT('Origin',(131.112733429,393.021015207,199.035162344));
#5481=CARTESIAN_POINT('',(130.862733429,393.021015207,200.885162342151));
#5482=CARTESIAN_POINT('',(130.862733429,393.021015207,200.885159612));
#5483=CARTESIAN_POINT('',(130.612733429,393.021015207,201.135162344));
#5484=CARTESIAN_POINT('Origin',(130.612733429,393.021015207,200.885162344));
#5485=CARTESIAN_POINT('',(129.292058463526,393.021015207,201.135162344));
#5486=CARTESIAN_POINT('',(129.292053563,393.021015207,201.135162344));
#5487=CARTESIAN_POINT('',(129.115281768143,393.021015207,201.061939037674));
#5488=CARTESIAN_POINT('Origin',(129.292058465,393.021015207,200.885162344));
#5489=CARTESIAN_POINT('',(126.650601396455,393.021015207,198.597258666026));
#5490=CARTESIAN_POINT('',(126.650604146,393.021015207,198.597261415));
#5491=CARTESIAN_POINT('',(126.562733429,393.021015207,198.385126631836));
#5492=CARTESIAN_POINT('Origin',(126.862733429,393.021015207,198.38512663));
#5493=CARTESIAN_POINT('',(126.562733429,393.021015207,197.485162342519));
#5494=CARTESIAN_POINT('',(126.562733429,393.021015207,197.48515906));
#5495=CARTESIAN_POINT('',(126.262733429,393.021015207,197.185162344));
#5496=CARTESIAN_POINT('Origin',(126.262733429,393.021015207,197.485162344));
#5497=CARTESIAN_POINT('',(125.362769141165,393.021015207,197.185162344));
#5498=CARTESIAN_POINT('',(125.362765076,393.021015207,197.185162344));
#5499=CARTESIAN_POINT('',(125.1506371091,393.021015207,197.097294379004));
#5500=CARTESIAN_POINT('Origin',(125.362769143,393.021015207,196.885162344));
#5501=CARTESIAN_POINT('',(124.805554021,393.021015207,196.752211291));
#5502=CARTESIAN_POINT('',(124.805554021,393.021015207,196.752211291));
#5503=CARTESIAN_POINT('',(124.339585916242,393.021015207,196.804445703548));
#5504=CARTESIAN_POINT('Origin',(124.593421987,393.021015207,196.964343325));
#5505=CARTESIAN_POINT('',(124.339585918036,393.021015207,194.565878986633));
#5506=CARTESIAN_POINT('Origin',(122.562733429,393.021015207,195.685162344));
#5507=CARTESIAN_POINT('',(124.805554021,393.021015207,194.618113397));
#5508=CARTESIAN_POINT('Origin',(124.593421987,393.021015207,194.405981362));
#5509=CARTESIAN_POINT('',(125.150637109484,393.021015207,194.273030308279));
#5510=CARTESIAN_POINT('',(125.150639552,393.021015207,194.273027866));
#5511=CARTESIAN_POINT('',(125.362769143,393.021015207,194.185162344));
#5512=CARTESIAN_POINT('Origin',(125.362769143,393.021015207,194.485162344));
#5513=CARTESIAN_POINT('',(126.262733427057,393.021015207,194.185162344));
#5514=CARTESIAN_POINT('',(126.262729121,393.021015207,194.185162344));
#5515=CARTESIAN_POINT('',(126.562733429,393.021015207,193.885162342427));
#5516=CARTESIAN_POINT('Origin',(126.262733429,393.021015207,193.885162344));
#5517=CARTESIAN_POINT('',(126.562733429,393.021015207,192.985198058513));
#5518=CARTESIAN_POINT('',(126.562733429,393.021015207,192.98520141));
#5519=CARTESIAN_POINT('',(126.650601395677,393.021015207,192.773066021752));
#5520=CARTESIAN_POINT('Origin',(126.862733429,393.021015207,192.985198057));
#5521=CARTESIAN_POINT('',(129.11528176782,393.021015207,190.308385649983));
#5522=CARTESIAN_POINT('',(129.115279371,393.021015207,190.308388046));
#5523=CARTESIAN_POINT('',(129.292058463267,393.021015207,190.235162344));
#5524=CARTESIAN_POINT('Origin',(129.292058465,393.021015207,190.485162344));
#5525=CARTESIAN_POINT('',(130.612733429,393.021015207,190.235162344));
#5526=CARTESIAN_POINT('',(130.612733429,393.021015207,190.235162344));
#5527=CARTESIAN_POINT('',(130.862733429,393.021015207,190.485162342151));
#5528=CARTESIAN_POINT('Origin',(130.612733429,393.021015207,190.485162344));
#5529=CARTESIAN_POINT('',(130.862733429,393.021015207,192.335162342135));
#5530=CARTESIAN_POINT('',(130.862733429,393.021015207,192.335159588));
#5531=CARTESIAN_POINT('',(131.289510123555,393.021015207,192.51193904031));
#5532=CARTESIAN_POINT('Origin',(131.112733429,393.021015207,192.335162344));
#5533=CARTESIAN_POINT('',(132.474865465143,393.021015207,191.326583698761));
#5534=CARTESIAN_POINT('',(132.474867224,393.021015207,191.32658194));
#5535=CARTESIAN_POINT('',(132.562733429,393.021015207,191.11445166794));
#5536=CARTESIAN_POINT('Origin',(132.262733429,393.021015207,191.114451666));
#5537=CARTESIAN_POINT('',(132.562733429,393.021015207,186.185162345344));
#5538=CARTESIAN_POINT('',(132.562733429,393.021015207,186.185165323));
#5539=CARTESIAN_POINT('',(132.062733427453,393.021015207,185.685162344));
#5540=CARTESIAN_POINT('Origin',(132.062733429,393.021015207,186.185162344));
#5541=CARTESIAN_POINT('',(127.133444107,393.021015207,185.685162344));
#5542=CARTESIAN_POINT('',(127.133444107,393.021015207,185.685162344));
#5543=CARTESIAN_POINT('',(126.921312071844,393.021015207,185.773030310585));
#5544=CARTESIAN_POINT('Origin',(127.133444107,393.021015207,185.985162344));
#5545=CARTESIAN_POINT('',(125.735956732704,393.021015207,186.958385650098));
#5546=CARTESIAN_POINT('',(125.735954081,393.021015207,186.958388302));
#5547=CARTESIAN_POINT('',(125.912733429,393.021015207,187.385162344));
#5548=CARTESIAN_POINT('Origin',(125.912733429,393.021015207,187.135162344));
#5549=CARTESIAN_POINT('',(127.762733429,393.021015207,187.385162344));
#5550=CARTESIAN_POINT('',(127.762733429,393.021015207,187.385162344));
#5551=CARTESIAN_POINT('',(128.012733429,393.021015207,187.635162345769));
#5552=CARTESIAN_POINT('Origin',(127.762733429,393.021015207,187.635162344));
#5553=CARTESIAN_POINT('',(128.012733429,393.021015207,188.955837307151));
#5554=CARTESIAN_POINT('',(128.012733429,393.021015207,188.955834577));
#5555=CARTESIAN_POINT('',(127.939510125158,393.021015207,189.13261400304));
#5556=CARTESIAN_POINT('Origin',(127.762733429,393.021015207,188.955837309));
#5557=CARTESIAN_POINT('',(125.460185090387,393.021015207,191.611939037811));
#5558=CARTESIAN_POINT('',(125.460186993,393.021015207,191.611937135));
#5559=CARTESIAN_POINT('',(125.283408395808,393.021015207,191.685162344));
#5560=CARTESIAN_POINT('Origin',(125.283408394,393.021015207,191.435162344));
#5561=CARTESIAN_POINT('',(123.023710652,393.021015207,191.685162344));
#5562=CARTESIAN_POINT('',(123.023710652,393.021015207,191.685162344));
#5563=CARTESIAN_POINT('',(122.772268531895,393.021015207,191.821525978222));
#5564=CARTESIAN_POINT('Origin',(123.023710652,393.021015207,191.985162344));
#5565=CARTESIAN_POINT('',(122.353198326942,393.021015207,191.821525978995));
#5566=CARTESIAN_POINT('Origin',(122.562733429,393.021015207,191.685162344));
#5567=CARTESIAN_POINT('',(122.101756206,393.021015207,191.685162344));
#5568=CARTESIAN_POINT('Origin',(122.101756206,393.021015207,191.985162344));
#5569=CARTESIAN_POINT('',(119.842058465367,393.021015207,191.685162344));
#5570=CARTESIAN_POINT('',(119.842061495,393.021015207,191.685162344));
#5571=CARTESIAN_POINT('',(119.6652817675,393.021015207,191.611939037698));
#5572=CARTESIAN_POINT('Origin',(119.842058464,393.021015207,191.435162344));
#5573=CARTESIAN_POINT('',(117.185956735302,393.021015207,189.1326140055));
#5574=CARTESIAN_POINT('',(117.185958804,393.021015207,189.132616074));
#5575=CARTESIAN_POINT('',(117.112733429,393.021015207,188.955837307089));
#5576=CARTESIAN_POINT('Origin',(117.362733429,393.021015207,188.955837309));
#5577=CARTESIAN_POINT('',(117.112733429,393.021015207,187.63516234208));
#5578=CARTESIAN_POINT('',(117.112733429,393.021015207,187.635159507));
#5579=CARTESIAN_POINT('',(117.36273342724,393.021015207,187.385162344));
#5580=CARTESIAN_POINT('Origin',(117.362733429,393.021015207,187.635162344));
#5581=CARTESIAN_POINT('',(119.212733429,393.021015207,187.385162344));
#5582=CARTESIAN_POINT('',(119.212733429,393.021015207,187.385162344));
#5583=CARTESIAN_POINT('',(119.389510122711,393.021015207,186.958385646847));
#5584=CARTESIAN_POINT('Origin',(119.212733429,393.021015207,187.135162344));
#5585=CARTESIAN_POINT('',(118.204154786212,393.021015207,185.773030310308));
#5586=CARTESIAN_POINT('',(118.204157578,393.021015207,185.773033102));
#5587=CARTESIAN_POINT('',(117.99202274917,393.021015207,185.685162344));
#5588=CARTESIAN_POINT('Origin',(117.992022751,393.021015207,185.985162344));
#5589=CARTESIAN_POINT('',(107.13344410878,393.021015207,185.685162344));
#5590=CARTESIAN_POINT('',(107.133448052,393.021015207,185.685162344));
#5591=CARTESIAN_POINT('',(106.921312074176,393.021015207,185.773030308253));
#5592=CARTESIAN_POINT('Origin',(107.133444107,393.021015207,185.985162344));
#5593=CARTESIAN_POINT('',(105.735956735257,393.021015207,186.958385647212));
#5594=CARTESIAN_POINT('',(105.735960136,393.021015207,186.958382247));
#5595=CARTESIAN_POINT('',(105.912733427539,393.021015207,187.385162344));
#5596=CARTESIAN_POINT('Origin',(105.912733429,393.021015207,187.135162344));
#5597=CARTESIAN_POINT('',(107.762733429,393.021015207,187.385162344));
#5598=CARTESIAN_POINT('',(107.762733429,393.021015207,187.385162344));
#5599=CARTESIAN_POINT('',(108.012733429,393.021015207,187.635162342151));
#5600=CARTESIAN_POINT('Origin',(107.762733429,393.021015207,187.635162344));
#5601=CARTESIAN_POINT('',(108.012733429,393.021015207,188.955837307078));
#5602=CARTESIAN_POINT('',(108.012733429,393.021015207,188.955834468));
#5603=CARTESIAN_POINT('',(107.93951012338,393.021015207,189.132614005151));
#5604=CARTESIAN_POINT('Origin',(107.762733429,393.021015207,188.955837309));
#5605=CARTESIAN_POINT('',(105.460185090082,393.021015207,191.611939038116));
#5606=CARTESIAN_POINT('',(105.460188359,393.021015207,191.611935769));
#5607=CARTESIAN_POINT('',(105.283408394,393.021015207,191.685162344));
#5608=CARTESIAN_POINT('Origin',(105.283408394,393.021015207,191.435162344));
#5609=CARTESIAN_POINT('',(103.023710652,393.021015207,191.685162344));
#5610=CARTESIAN_POINT('',(103.023710652,393.021015207,191.685162344));
#5611=CARTESIAN_POINT('',(102.772268531857,393.021015207,191.821525978281));
#5612=CARTESIAN_POINT('Origin',(103.023710652,393.021015207,191.985162344));
#5613=CARTESIAN_POINT('',(102.353198328523,393.021015207,191.821525981425));
#5614=CARTESIAN_POINT('Origin',(102.562733429,393.021015207,191.685162344));
#5615=CARTESIAN_POINT('',(102.101756206,393.021015207,191.685162344));
#5616=CARTESIAN_POINT('Origin',(102.101756206,393.021015207,191.985162344));
#5617=CARTESIAN_POINT('',(99.842058465,393.021015207,191.685162344));
#5618=CARTESIAN_POINT('',(99.842058465,393.021015207,191.685162344));
#5619=CARTESIAN_POINT('',(99.6652817700361,393.021015207,191.611939039901));
#5620=CARTESIAN_POINT('Origin',(99.842058465,393.021015207,191.435162344));
#5621=CARTESIAN_POINT('',(97.185956732897,393.021015207,189.132614003095));
#5622=CARTESIAN_POINT('',(97.185954508,393.021015207,189.132611778));
#5623=CARTESIAN_POINT('',(97.112733429,393.021015207,188.955837307091));
#5624=CARTESIAN_POINT('Origin',(97.362733429,393.021015207,188.955837309));
#5625=CARTESIAN_POINT('',(97.112733429,393.021015207,187.6351623422));
#5626=CARTESIAN_POINT('',(97.112733429,393.021015207,187.635159684));
#5627=CARTESIAN_POINT('',(97.362733429,393.021015207,187.385162344));
#5628=CARTESIAN_POINT('Origin',(97.362733429,393.021015207,187.635162344));
#5629=CARTESIAN_POINT('',(99.212733429,393.021015207,187.385162344));
#5630=CARTESIAN_POINT('',(99.212733429,393.021015207,187.385162344));
#5631=CARTESIAN_POINT('',(99.3895101237082,393.021015207,186.958385647844));
#5632=CARTESIAN_POINT('Origin',(99.212733429,393.021015207,187.135162344));
#5633=CARTESIAN_POINT('',(98.2041547846486,393.021015207,185.773030308411));
#5634=CARTESIAN_POINT('',(98.204152635,393.021015207,185.773028159));
#5635=CARTESIAN_POINT('',(97.992022751,393.021015207,185.685162344));
#5636=CARTESIAN_POINT('Origin',(97.992022751,393.021015207,185.985162344));
#5637=CARTESIAN_POINT('',(93.0627334270716,393.021015207,185.685162344));
#5638=CARTESIAN_POINT('',(93.062730579,393.021015207,185.685162344));
#5639=CARTESIAN_POINT('',(92.562733429,393.021015207,186.185162345837));
#5640=CARTESIAN_POINT('Origin',(93.062733429,393.021015207,186.185162344));
#5641=CARTESIAN_POINT('',(92.562733429,393.021015207,191.114451664519));
#5642=CARTESIAN_POINT('',(92.562733429,393.021015207,191.114446742));
#5643=CARTESIAN_POINT('',(92.6506013961453,393.021015207,191.326583701383));
#5644=CARTESIAN_POINT('Origin',(92.862733429,393.021015207,191.114451666));
#5645=CARTESIAN_POINT('',(93.8359567350307,393.021015207,192.511939040228));
#5646=CARTESIAN_POINT('',(93.835959238,393.021015207,192.511941543));
#5647=CARTESIAN_POINT('',(94.262733429,393.021015207,192.335162345859));
#5648=CARTESIAN_POINT('Origin',(94.012733429,393.021015207,192.335162344));
#5649=CARTESIAN_POINT('',(94.262733429,393.021015207,190.485162342279));
#5650=CARTESIAN_POINT('',(94.262733429,393.021015207,190.485158529));
#5651=CARTESIAN_POINT('',(94.5127334306348,393.021015207,190.235162344));
#5652=CARTESIAN_POINT('Origin',(94.512733429,393.021015207,190.485162344));
#5653=CARTESIAN_POINT('',(95.8334083924604,393.021015207,190.235162344));
#5654=CARTESIAN_POINT('',(95.833404981,393.021015207,190.235162344));
#5655=CARTESIAN_POINT('',(96.0101850878512,393.021015207,190.308385647653));
#5656=CARTESIAN_POINT('Origin',(95.833408394,393.021015207,190.485162344));
#5657=CARTESIAN_POINT('',(98.4748654650125,393.021015207,192.773066024442));
#5658=CARTESIAN_POINT('',(98.474868184,393.021015207,192.773068744));
#5659=CARTESIAN_POINT('',(98.562733429,393.021015207,192.985198055077));
#5660=CARTESIAN_POINT('Origin',(98.262733429,393.021015207,192.985198057));
#5661=CARTESIAN_POINT('',(98.562733429,393.021015207,193.885162342427));
#5662=CARTESIAN_POINT('',(98.562733429,393.021015207,193.885158856));
#5663=CARTESIAN_POINT('',(98.8627334309433,393.021015207,194.185162344));
#5664=CARTESIAN_POINT('Origin',(98.862733429,393.021015207,193.885162344));
#5665=CARTESIAN_POINT('',(99.7626977178193,393.021015207,194.185162344));
#5666=CARTESIAN_POINT('',(99.762701749,393.021015207,194.185162344));
#5667=CARTESIAN_POINT('',(99.9748297490074,393.021015207,194.273030308103));
#5668=CARTESIAN_POINT('Origin',(99.762697716,393.021015207,194.485162344));
#5669=CARTESIAN_POINT('',(100.319912838,393.021015207,194.618113397));
#5670=CARTESIAN_POINT('',(100.319912838,393.021015207,194.618113397));
#5671=CARTESIAN_POINT('',(100.785880940851,393.021015207,194.565878986617));
#5672=CARTESIAN_POINT('Origin',(100.532044872,393.021015207,194.405981363));
#5673=CARTESIAN_POINT('',(100.785880941116,393.021015207,196.804445701803));
#5674=CARTESIAN_POINT('Origin',(102.562733429,393.021015207,195.685162344));
#5675=CARTESIAN_POINT('',(100.319912838685,393.021015207,196.752211289745));
#5676=CARTESIAN_POINT('Origin',(100.532044872,393.021015207,196.964343325));
#5677=CARTESIAN_POINT('',(99.9748297513691,393.021015207,197.097294376868));
#5678=CARTESIAN_POINT('',(99.974831598,393.021015207,197.09729253));
#5679=CARTESIAN_POINT('',(99.7626977179318,393.021015207,197.185162344));
#5680=CARTESIAN_POINT('Origin',(99.762697716,393.021015207,196.885162344));
#5681=CARTESIAN_POINT('',(98.862733429,393.021015207,197.185162344));
#5682=CARTESIAN_POINT('',(98.862733429,393.021015207,197.185162344));
#5683=CARTESIAN_POINT('',(98.562733429,393.021015207,197.485162342496));
#5684=CARTESIAN_POINT('Origin',(98.862733429,393.021015207,197.485162344));
#5685=CARTESIAN_POINT('',(98.562733429,393.021015207,198.38512662826));
#5686=CARTESIAN_POINT('',(98.562733429,393.021015207,198.385122773));
#5687=CARTESIAN_POINT('',(98.4748654626114,393.021015207,198.597258665626));
#5688=CARTESIAN_POINT('Origin',(98.262733429,393.021015207,198.38512663));
#5689=CARTESIAN_POINT('',(96.0101850877235,393.021015207,201.061939040474));
#5690=CARTESIAN_POINT('',(96.01018204,393.021015207,201.061942088));
#5691=CARTESIAN_POINT('',(95.8334083958346,393.021015207,201.135162344));
#5692=CARTESIAN_POINT('Origin',(95.833408394,393.021015207,200.885162344));
#5693=CARTESIAN_POINT('',(94.512736921,393.021015207,201.135162344));
#5694=CARTESIAN_POINT('',(110.688641728,393.021015207,188.986749645));
#5695=CARTESIAN_POINT('',(114.43682513,393.021015207,188.986749645));
#5696=CARTESIAN_POINT('Origin',(112.562733429,393.021015207,189.685162344));
#5697=CARTESIAN_POINT('',(115.753754433,393.021015207,190.604081263));
#5698=CARTESIAN_POINT('Origin',(117.482224144,393.021015207,187.85182901));
#5699=CARTESIAN_POINT('',(115.753754433,393.021015207,200.766243425));
#5700=CARTESIAN_POINT('Origin',(112.562733429,393.021015207,195.685162344));
#5701=CARTESIAN_POINT('',(114.43682513,393.021015207,202.383575042));
#5702=CARTESIAN_POINT('Origin',(117.482224144,393.021015207,203.518495677));
#5703=CARTESIAN_POINT('',(110.688641728,393.021015207,202.383575042));
#5704=CARTESIAN_POINT('Origin',(112.562733429,393.021015207,201.685162344));
#5705=CARTESIAN_POINT('',(109.371712425,393.021015207,200.766243425));
#5706=CARTESIAN_POINT('Origin',(107.643242715,393.021015207,203.518495677));
#5707=CARTESIAN_POINT('',(109.371712425,393.021015207,190.604081263));
#5708=CARTESIAN_POINT('Origin',(112.562733429,393.021015207,195.685162344));
#5709=CARTESIAN_POINT('Origin',(107.643242715,393.021015207,187.85182901));
#5710=CARTESIAN_POINT('Origin',(94.512733429,-355.978984793,200.885162344));
#5711=CARTESIAN_POINT('',(94.512733429,316.021015207,201.135162344));
#5712=CARTESIAN_POINT('',(94.262733429,316.021015207,200.885162344));
#5713=CARTESIAN_POINT('Origin',(95.833408394,-355.978984793,201.135162344));
#5714=CARTESIAN_POINT('',(95.833408394,316.021015207,201.135162344));
#5715=CARTESIAN_POINT('Origin',(95.833408394,-355.978984793,200.885162344));
#5716=CARTESIAN_POINT('',(96.010185089,316.021015207,201.061939039));
#5717=CARTESIAN_POINT('Origin',(98.474865464,-355.978984793,198.597258665));
#5718=CARTESIAN_POINT('',(98.474865464,316.021015207,198.597258665));
#5719=CARTESIAN_POINT('Origin',(98.262733429,-355.978984793,198.38512663));
#5720=CARTESIAN_POINT('',(98.562733429,316.021015207,198.38512663));
#5721=CARTESIAN_POINT('Origin',(98.562733429,-355.978984793,197.485162344));
#5722=CARTESIAN_POINT('',(98.562733429,316.021015207,197.485162344));
#5723=CARTESIAN_POINT('Origin',(98.862733429,-355.978984793,197.485162344));
#5724=CARTESIAN_POINT('',(98.862733429,316.021015207,197.185162344));
#5725=CARTESIAN_POINT('Origin',(99.762697716,-355.978984793,197.185162344));
#5726=CARTESIAN_POINT('',(99.762697716,316.021015207,197.185162344));
#5727=CARTESIAN_POINT('Origin',(99.762697716,-355.978984793,196.885162344));
#5728=CARTESIAN_POINT('',(99.97482975,316.021015207,197.097294378));
#5729=CARTESIAN_POINT('Origin',(100.319912838,-355.978984793,196.752211291));
#5730=CARTESIAN_POINT('',(100.319912838,316.021015207,196.752211291));
#5731=CARTESIAN_POINT('Origin',(100.532044872,-355.978984793,196.964343325));
#5732=CARTESIAN_POINT('',(100.785880942,316.021015207,196.804445703));
#5733=CARTESIAN_POINT('Origin',(102.562733429,-355.978984793,195.685162344));
#5734=CARTESIAN_POINT('',(100.785880942,316.021015207,194.565878985));
#5735=CARTESIAN_POINT('Origin',(100.532044872,-355.978984793,194.405981363));
#5736=CARTESIAN_POINT('',(100.319912838,316.021015207,194.618113397));
#5737=CARTESIAN_POINT('Origin',(99.97482975,-355.978984793,194.273030309));
#5738=CARTESIAN_POINT('',(99.97482975,316.021015207,194.273030309));
#5739=CARTESIAN_POINT('Origin',(99.762697716,-355.978984793,194.485162344));
#5740=CARTESIAN_POINT('',(99.762697716,316.021015207,194.185162344));
#5741=CARTESIAN_POINT('Origin',(98.862733429,-355.978984793,194.185162344));
#5742=CARTESIAN_POINT('',(98.862733429,316.021015207,194.185162344));
#5743=CARTESIAN_POINT('Origin',(98.862733429,-355.978984793,193.885162344));
#5744=CARTESIAN_POINT('',(98.562733429,316.021015207,193.885162344));
#5745=CARTESIAN_POINT('Origin',(98.562733429,-355.978984793,192.985198057));
#5746=CARTESIAN_POINT('',(98.562733429,316.021015207,192.985198057));
#5747=CARTESIAN_POINT('Origin',(98.262733429,-355.978984793,192.985198057));
#5748=CARTESIAN_POINT('',(98.474865464,316.021015207,192.773066023));
#5749=CARTESIAN_POINT('Origin',(96.010185089,-355.978984793,190.308385649));
#5750=CARTESIAN_POINT('',(96.010185089,316.021015207,190.308385649));
#5751=CARTESIAN_POINT('Origin',(95.833408394,-355.978984793,190.485162344));
#5752=CARTESIAN_POINT('',(95.833408394,316.021015207,190.235162344));
#5753=CARTESIAN_POINT('Origin',(94.512733429,-355.978984793,190.235162344));
#5754=CARTESIAN_POINT('',(94.512733429,316.021015207,190.235162344));
#5755=CARTESIAN_POINT('Origin',(94.512733429,-355.978984793,190.485162344));
#5756=CARTESIAN_POINT('',(94.262733429,316.021015207,190.485162344));
#5757=CARTESIAN_POINT('Origin',(94.262733429,-355.978984793,192.335162344));
#5758=CARTESIAN_POINT('',(94.262733429,316.021015207,192.335162344));
#5759=CARTESIAN_POINT('Origin',(94.012733429,-355.978984793,192.335162344));
#5760=CARTESIAN_POINT('',(93.835956734,316.021015207,192.511939039));
#5761=CARTESIAN_POINT('Origin',(92.650601395,-355.978984793,191.3265837));
#5762=CARTESIAN_POINT('',(92.650601395,316.021015207,191.3265837));
#5763=CARTESIAN_POINT('Origin',(92.862733429,-355.978984793,191.114451666));
#5764=CARTESIAN_POINT('',(92.562733429,316.021015207,191.114451666));
#5765=CARTESIAN_POINT('Origin',(92.562733429,-355.978984793,186.185162344));
#5766=CARTESIAN_POINT('',(92.562733429,316.021015207,186.185162344));
#5767=CARTESIAN_POINT('Origin',(93.062733429,-355.978984793,186.185162344));
#5768=CARTESIAN_POINT('',(93.062733429,316.021015207,185.685162344));
#5769=CARTESIAN_POINT('Origin',(97.992022751,-355.978984793,185.685162344));
#5770=CARTESIAN_POINT('',(97.992022751,316.021015207,185.685162344));
#5771=CARTESIAN_POINT('Origin',(97.992022751,-355.978984793,185.985162344));
#5772=CARTESIAN_POINT('',(98.204154786,316.021015207,185.773030309));
#5773=CARTESIAN_POINT('Origin',(99.389510125,-355.978984793,186.958385649));
#5774=CARTESIAN_POINT('',(99.389510125,316.021015207,186.958385649));
#5775=CARTESIAN_POINT('Origin',(99.212733429,-355.978984793,187.135162344));
#5776=CARTESIAN_POINT('',(99.212733429,316.021015207,187.385162344));
#5777=CARTESIAN_POINT('Origin',(97.362733429,-355.978984793,187.385162344));
#5778=CARTESIAN_POINT('',(97.362733429,316.021015207,187.385162344));
#5779=CARTESIAN_POINT('Origin',(97.362733429,-355.978984793,187.635162344));
#5780=CARTESIAN_POINT('',(97.112733429,316.021015207,187.635162344));
#5781=CARTESIAN_POINT('Origin',(97.112733429,-355.978984793,188.955837309));
#5782=CARTESIAN_POINT('',(97.112733429,316.021015207,188.955837309));
#5783=CARTESIAN_POINT('Origin',(97.362733429,-355.978984793,188.955837309));
#5784=CARTESIAN_POINT('',(97.185956734,316.021015207,189.132614004));
#5785=CARTESIAN_POINT('Origin',(99.665281769,-355.978984793,191.611939039));
#5786=CARTESIAN_POINT('',(99.665281769,316.021015207,191.611939039));
#5787=CARTESIAN_POINT('Origin',(99.842058465,-355.978984793,191.435162344));
#5788=CARTESIAN_POINT('',(99.842058465,316.021015207,191.685162344));
#5789=CARTESIAN_POINT('Origin',(102.101756206,-355.978984793,191.685162344));
#5790=CARTESIAN_POINT('',(102.101756206,316.021015207,191.685162344));
#5791=CARTESIAN_POINT('Origin',(102.101756206,-355.978984793,191.985162344));
#5792=CARTESIAN_POINT('',(102.353198328,316.021015207,191.82152598));
#5793=CARTESIAN_POINT('Origin',(102.562733429,-355.978984793,191.685162344));
#5794=CARTESIAN_POINT('',(102.772268531,316.021015207,191.82152598));
#5795=CARTESIAN_POINT('Origin',(103.023710652,-355.978984793,191.985162344));
#5796=CARTESIAN_POINT('',(103.023710652,316.021015207,191.685162344));
#5797=CARTESIAN_POINT('Origin',(105.283408394,-355.978984793,191.685162344));
#5798=CARTESIAN_POINT('',(105.283408394,316.021015207,191.685162344));
#5799=CARTESIAN_POINT('Origin',(105.283408394,-355.978984793,191.435162344));
#5800=CARTESIAN_POINT('',(105.460185089,316.021015207,191.611939039));
#5801=CARTESIAN_POINT('Origin',(107.939510125,-355.978984793,189.132614004));
#5802=CARTESIAN_POINT('',(107.939510125,316.021015207,189.132614004));
#5803=CARTESIAN_POINT('Origin',(107.762733429,-355.978984793,188.955837309));
#5804=CARTESIAN_POINT('',(108.012733429,316.021015207,188.955837309));
#5805=CARTESIAN_POINT('Origin',(108.012733429,-355.978984793,187.635162344));
#5806=CARTESIAN_POINT('',(108.012733429,316.021015207,187.635162344));
#5807=CARTESIAN_POINT('Origin',(107.762733429,-355.978984793,187.635162344));
#5808=CARTESIAN_POINT('',(107.762733429,316.021015207,187.385162344));
#5809=CARTESIAN_POINT('Origin',(105.912733429,-355.978984793,187.385162344));
#5810=CARTESIAN_POINT('',(105.912733429,316.021015207,187.385162344));
#5811=CARTESIAN_POINT('Origin',(105.912733429,-355.978984793,187.135162344));
#5812=CARTESIAN_POINT('',(105.735956734,316.021015207,186.958385648));
#5813=CARTESIAN_POINT('Origin',(106.921312073,-355.978984793,185.773030309));
#5814=CARTESIAN_POINT('',(106.921312073,316.021015207,185.773030309));
#5815=CARTESIAN_POINT('Origin',(107.133444107,-355.978984793,185.985162344));
#5816=CARTESIAN_POINT('',(107.133444107,316.021015207,185.685162344));
#5817=CARTESIAN_POINT('Origin',(117.992022751,-355.978984793,185.685162344));
#5818=CARTESIAN_POINT('',(117.992022751,316.021015207,185.685162344));
#5819=CARTESIAN_POINT('Origin',(117.992022751,-355.978984793,185.985162344));
#5820=CARTESIAN_POINT('',(118.204154785,316.021015207,185.773030309));
#5821=CARTESIAN_POINT('Origin',(119.389510124,-355.978984793,186.958385648));
#5822=CARTESIAN_POINT('',(119.389510124,316.021015207,186.958385648));
#5823=CARTESIAN_POINT('Origin',(119.212733429,-355.978984793,187.135162344));
#5824=CARTESIAN_POINT('',(119.212733429,316.021015207,187.385162344));
#5825=CARTESIAN_POINT('Origin',(117.362733429,-355.978984793,187.385162344));
#5826=CARTESIAN_POINT('',(117.362733429,316.021015207,187.385162344));
#5827=CARTESIAN_POINT('Origin',(117.362733429,-355.978984793,187.635162344));
#5828=CARTESIAN_POINT('',(117.112733429,316.021015207,187.635162344));
#5829=CARTESIAN_POINT('Origin',(117.112733429,-355.978984793,188.955837309));
#5830=CARTESIAN_POINT('',(117.112733429,316.021015207,188.955837309));
#5831=CARTESIAN_POINT('Origin',(117.362733429,-355.978984793,188.955837309));
#5832=CARTESIAN_POINT('',(117.185956734,316.021015207,189.132614004));
#5833=CARTESIAN_POINT('Origin',(119.665281769,-355.978984793,191.611939039));
#5834=CARTESIAN_POINT('',(119.665281769,316.021015207,191.611939039));
#5835=CARTESIAN_POINT('Origin',(119.842058464,-355.978984793,191.435162344));
#5836=CARTESIAN_POINT('',(119.842058464,316.021015207,191.685162344));
#5837=CARTESIAN_POINT('Origin',(122.101756206,-355.978984793,191.685162344));
#5838=CARTESIAN_POINT('',(122.101756206,316.021015207,191.685162344));
#5839=CARTESIAN_POINT('Origin',(122.101756206,-355.978984793,191.985162344));
#5840=CARTESIAN_POINT('',(122.353198328,316.021015207,191.82152598));
#5841=CARTESIAN_POINT('Origin',(122.562733429,-355.978984793,191.685162344));
#5842=CARTESIAN_POINT('',(122.772268531,316.021015207,191.82152598));
#5843=CARTESIAN_POINT('Origin',(123.023710652,-355.978984793,191.985162344));
#5844=CARTESIAN_POINT('',(123.023710652,316.021015207,191.685162344));
#5845=CARTESIAN_POINT('Origin',(125.283408394,-355.978984793,191.685162344));
#5846=CARTESIAN_POINT('',(125.283408394,316.021015207,191.685162344));
#5847=CARTESIAN_POINT('Origin',(125.283408394,-355.978984793,191.435162344));
#5848=CARTESIAN_POINT('',(125.460185089,316.021015207,191.611939039));
#5849=CARTESIAN_POINT('Origin',(127.939510124,-355.978984793,189.132614004));
#5850=CARTESIAN_POINT('',(127.939510124,316.021015207,189.132614004));
#5851=CARTESIAN_POINT('Origin',(127.762733429,-355.978984793,188.955837309));
#5852=CARTESIAN_POINT('',(128.012733429,316.021015207,188.955837309));
#5853=CARTESIAN_POINT('Origin',(128.012733429,-355.978984793,187.635162344));
#5854=CARTESIAN_POINT('',(128.012733429,316.021015207,187.635162344));
#5855=CARTESIAN_POINT('Origin',(127.762733429,-355.978984793,187.635162344));
#5856=CARTESIAN_POINT('',(127.762733429,316.021015207,187.385162344));
#5857=CARTESIAN_POINT('Origin',(125.912733429,-355.978984793,187.385162344));
#5858=CARTESIAN_POINT('',(125.912733429,316.021015207,187.385162344));
#5859=CARTESIAN_POINT('Origin',(125.912733429,-355.978984793,187.135162344));
#5860=CARTESIAN_POINT('',(125.735956734,316.021015207,186.958385649));
#5861=CARTESIAN_POINT('Origin',(126.921312073,-355.978984793,185.773030309));
#5862=CARTESIAN_POINT('',(126.921312073,316.021015207,185.773030309));
#5863=CARTESIAN_POINT('Origin',(127.133444107,-355.978984793,185.985162344));
#5864=CARTESIAN_POINT('',(127.133444107,316.021015207,185.685162344));
#5865=CARTESIAN_POINT('Origin',(132.062733429,-355.978984793,185.685162344));
#5866=CARTESIAN_POINT('',(132.062733429,316.021015207,185.685162344));
#5867=CARTESIAN_POINT('Origin',(132.062733429,-355.978984793,186.185162344));
#5868=CARTESIAN_POINT('',(132.562733429,316.021015207,186.185162344));
#5869=CARTESIAN_POINT('Origin',(132.562733429,-355.978984793,191.114451666));
#5870=CARTESIAN_POINT('',(132.562733429,316.021015207,191.114451666));
#5871=CARTESIAN_POINT('Origin',(132.262733429,-355.978984793,191.114451666));
#5872=CARTESIAN_POINT('',(132.474865464,316.021015207,191.3265837));
#5873=CARTESIAN_POINT('Origin',(131.289510125,-355.978984793,192.511939039));
#5874=CARTESIAN_POINT('',(131.289510125,316.021015207,192.511939039));
#5875=CARTESIAN_POINT('Origin',(131.112733429,-355.978984793,192.335162344));
#5876=CARTESIAN_POINT('',(130.862733429,316.021015207,192.335162344));
#5877=CARTESIAN_POINT('Origin',(130.862733429,-355.978984793,190.485162344));
#5878=CARTESIAN_POINT('',(130.862733429,316.021015207,190.485162344));
#5879=CARTESIAN_POINT('Origin',(130.612733429,-355.978984793,190.485162344));
#5880=CARTESIAN_POINT('',(130.612733429,316.021015207,190.235162344));
#5881=CARTESIAN_POINT('Origin',(129.292058465,-355.978984793,190.235162344));
#5882=CARTESIAN_POINT('',(129.292058465,316.021015207,190.235162344));
#5883=CARTESIAN_POINT('Origin',(129.292058465,-355.978984793,190.485162344));
#5884=CARTESIAN_POINT('',(129.115281769,316.021015207,190.308385649));
#5885=CARTESIAN_POINT('Origin',(126.650601395,-355.978984793,192.773066023));
#5886=CARTESIAN_POINT('',(126.650601395,316.021015207,192.773066023));
#5887=CARTESIAN_POINT('Origin',(126.862733429,-355.978984793,192.985198057));
#5888=CARTESIAN_POINT('',(126.562733429,316.021015207,192.985198057));
#5889=CARTESIAN_POINT('Origin',(126.562733429,-355.978984793,193.885162344));
#5890=CARTESIAN_POINT('',(126.562733429,316.021015207,193.885162344));
#5891=CARTESIAN_POINT('Origin',(126.262733429,-355.978984793,193.885162344));
#5892=CARTESIAN_POINT('',(126.262733429,316.021015207,194.185162344));
#5893=CARTESIAN_POINT('Origin',(125.362769143,-355.978984793,194.185162344));
#5894=CARTESIAN_POINT('',(125.362769143,316.021015207,194.185162344));
#5895=CARTESIAN_POINT('Origin',(125.362769143,-355.978984793,194.485162344));
#5896=CARTESIAN_POINT('',(125.150637108,316.021015207,194.273030309));
#5897=CARTESIAN_POINT('Origin',(124.805554021,-355.978984793,194.618113397));
#5898=CARTESIAN_POINT('',(124.805554021,316.021015207,194.618113397));
#5899=CARTESIAN_POINT('Origin',(124.593421987,-355.978984793,194.405981362));
#5900=CARTESIAN_POINT('',(124.339585917,316.021015207,194.565878985));
#5901=CARTESIAN_POINT('Origin',(122.562733429,-355.978984793,195.685162344));
#5902=CARTESIAN_POINT('',(124.339585917,316.021015207,196.804445702));
#5903=CARTESIAN_POINT('Origin',(124.593421987,-355.978984793,196.964343325));
#5904=CARTESIAN_POINT('',(124.805554021,316.021015207,196.752211291));
#5905=CARTESIAN_POINT('Origin',(125.150637108,-355.978984793,197.097294378));
#5906=CARTESIAN_POINT('',(125.150637108,316.021015207,197.097294378));
#5907=CARTESIAN_POINT('Origin',(125.362769143,-355.978984793,196.885162344));
#5908=CARTESIAN_POINT('',(125.362769143,316.021015207,197.185162344));
#5909=CARTESIAN_POINT('Origin',(126.262733429,-355.978984793,197.185162344));
#5910=CARTESIAN_POINT('',(126.262733429,316.021015207,197.185162344));
#5911=CARTESIAN_POINT('Origin',(126.262733429,-355.978984793,197.485162344));
#5912=CARTESIAN_POINT('',(126.562733429,316.021015207,197.485162344));
#5913=CARTESIAN_POINT('Origin',(126.562733429,-355.978984793,198.38512663));
#5914=CARTESIAN_POINT('',(126.562733429,316.021015207,198.38512663));
#5915=CARTESIAN_POINT('Origin',(126.862733429,-355.978984793,198.38512663));
#5916=CARTESIAN_POINT('',(126.650601395,316.021015207,198.597258665));
#5917=CARTESIAN_POINT('Origin',(129.115281769,-355.978984793,201.061939039));
#5918=CARTESIAN_POINT('',(129.115281769,316.021015207,201.061939039));
#5919=CARTESIAN_POINT('Origin',(129.292058465,-355.978984793,200.885162344));
#5920=CARTESIAN_POINT('',(129.292058465,316.021015207,201.135162344));
#5921=CARTESIAN_POINT('Origin',(130.612733429,-355.978984793,201.135162344));
#5922=CARTESIAN_POINT('',(130.612733429,316.021015207,201.135162344));
#5923=CARTESIAN_POINT('Origin',(130.612733429,-355.978984793,200.885162344));
#5924=CARTESIAN_POINT('',(130.862733429,316.021015207,200.885162344));
#5925=CARTESIAN_POINT('Origin',(130.862733429,-355.978984793,199.035162344));
#5926=CARTESIAN_POINT('',(130.862733429,316.021015207,199.035162344));
#5927=CARTESIAN_POINT('Origin',(131.112733429,-355.978984793,199.035162344));
#5928=CARTESIAN_POINT('',(131.289510125,316.021015207,198.858385649));
#5929=CARTESIAN_POINT('Origin',(132.474865464,-355.978984793,200.043740988));
#5930=CARTESIAN_POINT('',(132.474865464,316.021015207,200.043740988));
#5931=CARTESIAN_POINT('Origin',(132.262733429,-355.978984793,200.255873022));
#5932=CARTESIAN_POINT('',(132.562733429,316.021015207,200.255873022));
#5933=CARTESIAN_POINT('Origin',(132.562733429,-355.978984793,205.185162344));
#5934=CARTESIAN_POINT('',(132.562733429,316.021015207,205.185162344));
#5935=CARTESIAN_POINT('Origin',(132.062733429,-355.978984793,205.185162344));
#5936=CARTESIAN_POINT('',(132.062733429,316.021015207,205.685162344));
#5937=CARTESIAN_POINT('Origin',(127.133444107,-355.978984793,205.685162344));
#5938=CARTESIAN_POINT('',(127.133444107,316.021015207,205.685162344));
#5939=CARTESIAN_POINT('Origin',(127.133444107,-355.978984793,205.385162344));
#5940=CARTESIAN_POINT('',(126.921312073,316.021015207,205.597294378));
#5941=CARTESIAN_POINT('Origin',(125.735956734,-355.978984793,204.411939039));
#5942=CARTESIAN_POINT('',(125.735956734,316.021015207,204.411939039));
#5943=CARTESIAN_POINT('Origin',(125.912733429,-355.978984793,204.235162344));
#5944=CARTESIAN_POINT('',(125.912733429,316.021015207,203.985162344));
#5945=CARTESIAN_POINT('Origin',(127.762733429,-355.978984793,203.985162344));
#5946=CARTESIAN_POINT('',(127.762733429,316.021015207,203.985162344));
#5947=CARTESIAN_POINT('Origin',(127.762733429,-355.978984793,203.735162344));
#5948=CARTESIAN_POINT('',(128.012733429,316.021015207,203.735162344));
#5949=CARTESIAN_POINT('Origin',(128.012733429,-355.978984793,202.414487379));
#5950=CARTESIAN_POINT('',(128.012733429,316.021015207,202.414487379));
#5951=CARTESIAN_POINT('Origin',(127.762733429,-355.978984793,202.414487379));
#5952=CARTESIAN_POINT('',(127.939510124,316.021015207,202.237710684));
#5953=CARTESIAN_POINT('Origin',(125.460185089,-355.978984793,199.758385649));
#5954=CARTESIAN_POINT('',(125.460185089,316.021015207,199.758385649));
#5955=CARTESIAN_POINT('Origin',(125.283408394,-355.978984793,199.935162344));
#5956=CARTESIAN_POINT('',(125.283408394,316.021015207,199.685162344));
#5957=CARTESIAN_POINT('Origin',(123.023710652,-355.978984793,199.685162344));
#5958=CARTESIAN_POINT('',(123.023710652,316.021015207,199.685162344));
#5959=CARTESIAN_POINT('Origin',(123.023710652,-355.978984793,199.385162344));
#5960=CARTESIAN_POINT('',(122.772268531,316.021015207,199.548798707));
#5961=CARTESIAN_POINT('Origin',(122.562733429,-355.978984793,199.685162344));
#5962=CARTESIAN_POINT('',(122.353198328,316.021015207,199.548798707));
#5963=CARTESIAN_POINT('Origin',(122.101756206,-355.978984793,199.385162344));
#5964=CARTESIAN_POINT('',(122.101756206,316.021015207,199.685162344));
#5965=CARTESIAN_POINT('Origin',(119.842058464,-355.978984793,199.685162344));
#5966=CARTESIAN_POINT('',(119.842058464,316.021015207,199.685162344));
#5967=CARTESIAN_POINT('Origin',(119.842058464,-355.978984793,199.935162344));
#5968=CARTESIAN_POINT('',(119.665281769,316.021015207,199.758385649));
#5969=CARTESIAN_POINT('Origin',(117.185956734,-355.978984793,202.237710684));
#5970=CARTESIAN_POINT('',(117.185956734,316.021015207,202.237710684));
#5971=CARTESIAN_POINT('Origin',(117.362733429,-355.978984793,202.414487379));
#5972=CARTESIAN_POINT('',(117.112733429,316.021015207,202.414487379));
#5973=CARTESIAN_POINT('Origin',(117.112733429,-355.978984793,203.735162344));
#5974=CARTESIAN_POINT('',(117.112733429,316.021015207,203.735162344));
#5975=CARTESIAN_POINT('Origin',(117.362733429,-355.978984793,203.735162344));
#5976=CARTESIAN_POINT('',(117.362733429,316.021015207,203.985162344));
#5977=CARTESIAN_POINT('Origin',(119.212733429,-355.978984793,203.985162344));
#5978=CARTESIAN_POINT('',(119.212733429,316.021015207,203.985162344));
#5979=CARTESIAN_POINT('Origin',(119.212733429,-355.978984793,204.235162344));
#5980=CARTESIAN_POINT('',(119.389510124,316.021015207,204.411939039));
#5981=CARTESIAN_POINT('Origin',(118.204154785,-355.978984793,205.597294378));
#5982=CARTESIAN_POINT('',(118.204154785,316.021015207,205.597294378));
#5983=CARTESIAN_POINT('Origin',(117.992022751,-355.978984793,205.385162344));
#5984=CARTESIAN_POINT('',(117.992022751,316.021015207,205.685162344));
#5985=CARTESIAN_POINT('Origin',(107.133444107,-355.978984793,205.685162344));
#5986=CARTESIAN_POINT('',(107.133444107,316.021015207,205.685162344));
#5987=CARTESIAN_POINT('Origin',(107.133444107,-355.978984793,205.385162344));
#5988=CARTESIAN_POINT('',(106.921312073,316.021015207,205.597294378));
#5989=CARTESIAN_POINT('Origin',(105.735956734,-355.978984793,204.411939039));
#5990=CARTESIAN_POINT('',(105.735956734,316.021015207,204.411939039));
#5991=CARTESIAN_POINT('Origin',(105.912733429,-355.978984793,204.235162344));
#5992=CARTESIAN_POINT('',(105.912733429,316.021015207,203.985162344));
#5993=CARTESIAN_POINT('Origin',(107.762733429,-355.978984793,203.985162344));
#5994=CARTESIAN_POINT('',(107.762733429,316.021015207,203.985162344));
#5995=CARTESIAN_POINT('Origin',(107.762733429,-355.978984793,203.735162344));
#5996=CARTESIAN_POINT('',(108.012733429,316.021015207,203.735162344));
#5997=CARTESIAN_POINT('Origin',(108.012733429,-355.978984793,202.414487379));
#5998=CARTESIAN_POINT('',(108.012733429,316.021015207,202.414487379));
#5999=CARTESIAN_POINT('Origin',(107.762733429,-355.978984793,202.414487379));
#6000=CARTESIAN_POINT('',(107.939510125,316.021015207,202.237710684));
#6001=CARTESIAN_POINT('Origin',(105.460185089,-355.978984793,199.758385649));
#6002=CARTESIAN_POINT('',(105.460185089,316.021015207,199.758385649));
#6003=CARTESIAN_POINT('Origin',(105.283408394,-355.978984793,199.935162344));
#6004=CARTESIAN_POINT('',(105.283408394,316.021015207,199.685162344));
#6005=CARTESIAN_POINT('Origin',(103.023710652,-355.978984793,199.685162344));
#6006=CARTESIAN_POINT('',(103.023710652,316.021015207,199.685162344));
#6007=CARTESIAN_POINT('Origin',(103.023710652,-355.978984793,199.385162344));
#6008=CARTESIAN_POINT('',(102.772268531,316.021015207,199.548798707));
#6009=CARTESIAN_POINT('Origin',(102.562733429,-355.978984793,199.685162344));
#6010=CARTESIAN_POINT('',(102.353198328,316.021015207,199.548798707));
#6011=CARTESIAN_POINT('Origin',(102.101756206,-355.978984793,199.385162344));
#6012=CARTESIAN_POINT('',(102.101756206,316.021015207,199.685162344));
#6013=CARTESIAN_POINT('Origin',(99.842058465,-355.978984793,199.685162344));
#6014=CARTESIAN_POINT('',(99.842058465,316.021015207,199.685162344));
#6015=CARTESIAN_POINT('Origin',(99.842058465,-355.978984793,199.935162344));
#6016=CARTESIAN_POINT('',(99.665281769,316.021015207,199.758385649));
#6017=CARTESIAN_POINT('Origin',(97.185956734,-355.978984793,202.237710684));
#6018=CARTESIAN_POINT('',(97.185956734,316.021015207,202.237710684));
#6019=CARTESIAN_POINT('Origin',(97.362733429,-355.978984793,202.414487379));
#6020=CARTESIAN_POINT('',(97.112733429,316.021015207,202.414487379));
#6021=CARTESIAN_POINT('Origin',(97.112733429,-355.978984793,203.735162344));
#6022=CARTESIAN_POINT('',(97.112733429,316.021015207,203.735162344));
#6023=CARTESIAN_POINT('Origin',(97.362733429,-355.978984793,203.735162344));
#6024=CARTESIAN_POINT('',(97.362733429,316.021015207,203.985162344));
#6025=CARTESIAN_POINT('Origin',(99.212733429,-355.978984793,203.985162344));
#6026=CARTESIAN_POINT('',(99.212733429,316.021015207,203.985162344));
#6027=CARTESIAN_POINT('Origin',(99.212733429,-355.978984793,204.235162344));
#6028=CARTESIAN_POINT('',(99.389510125,316.021015207,204.411939039));
#6029=CARTESIAN_POINT('Origin',(98.204154786,-355.978984793,205.597294378));
#6030=CARTESIAN_POINT('',(98.204154786,316.021015207,205.597294378));
#6031=CARTESIAN_POINT('Origin',(97.992022751,-355.978984793,205.385162344));
#6032=CARTESIAN_POINT('',(97.992022751,316.021015207,205.685162344));
#6033=CARTESIAN_POINT('Origin',(93.062733429,-355.978984793,205.685162344));
#6034=CARTESIAN_POINT('',(93.062733429,316.021015207,205.685162344));
#6035=CARTESIAN_POINT('Origin',(93.062733429,-355.978984793,205.185162344));
#6036=CARTESIAN_POINT('',(92.562733429,316.021015207,205.185162344));
#6037=CARTESIAN_POINT('Origin',(92.562733429,-355.978984793,200.255873022));
#6038=CARTESIAN_POINT('',(92.562733429,316.021015207,200.255873022));
#6039=CARTESIAN_POINT('Origin',(92.862733429,-355.978984793,200.255873022));
#6040=CARTESIAN_POINT('',(92.650601395,316.021015207,200.043740988));
#6041=CARTESIAN_POINT('Origin',(93.835956734,-355.978984793,198.858385649));
#6042=CARTESIAN_POINT('',(93.835956734,316.021015207,198.858385649));
#6043=CARTESIAN_POINT('Origin',(94.012733429,-355.978984793,199.035162344));
#6044=CARTESIAN_POINT('',(94.262733429,316.021015207,199.035162344));
#6045=CARTESIAN_POINT('Origin',(94.262733429,-355.978984793,200.885162344));
#6046=CARTESIAN_POINT('Origin',(112.562733429,-355.978984793,189.685162344));
#6047=CARTESIAN_POINT('',(110.688641728,316.021015207,188.986749645));
#6048=CARTESIAN_POINT('',(114.43682513,316.021015207,188.986749645));
#6049=CARTESIAN_POINT('Origin',(117.482224144,-355.978984793,187.85182901));
#6050=CARTESIAN_POINT('',(115.753754433,316.021015207,190.604081263));
#6051=CARTESIAN_POINT('Origin',(112.562733429,-355.978984793,195.685162344));
#6052=CARTESIAN_POINT('',(115.753754433,316.021015207,200.766243425));
#6053=CARTESIAN_POINT('Origin',(117.482224144,-355.978984793,203.518495677));
#6054=CARTESIAN_POINT('',(114.43682513,316.021015207,202.383575042));
#6055=CARTESIAN_POINT('Origin',(112.562733429,-355.978984793,201.685162344));
#6056=CARTESIAN_POINT('',(110.688641728,316.021015207,202.383575042));
#6057=CARTESIAN_POINT('Origin',(107.643242715,-355.978984793,203.518495677));
#6058=CARTESIAN_POINT('',(109.371712425,316.021015207,200.766243425));
#6059=CARTESIAN_POINT('Origin',(112.562733429,-355.978984793,195.685162344));
#6060=CARTESIAN_POINT('',(109.371712425,316.021015207,190.604081263));
#6061=CARTESIAN_POINT('Origin',(107.643242715,-355.978984793,187.85182901));
#6062=UNCERTAINTY_MEASURE_WITH_UNIT(LENGTH_MEASURE(0.01),#6066,
'DISTANCE_ACCURACY_VALUE',
'Maximum model space distance between geometric entities at asserted c
onnectivities');
#6063=UNCERTAINTY_MEASURE_WITH_UNIT(LENGTH_MEASURE(0.01),#6066,
'DISTANCE_ACCURACY_VALUE',
'Maximum model space distance between geometric entities at asserted c
onnectivities');
#6064=(
GEOMETRIC_REPRESENTATION_CONTEXT(3)
GLOBAL_UNCERTAINTY_ASSIGNED_CONTEXT((#6062))
GLOBAL_UNIT_ASSIGNED_CONTEXT((#6066,#6068,#6069))
REPRESENTATION_CONTEXT('','3D')
);
#6065=(
GEOMETRIC_REPRESENTATION_CONTEXT(3)
GLOBAL_UNCERTAINTY_ASSIGNED_CONTEXT((#6063))
GLOBAL_UNIT_ASSIGNED_CONTEXT((#6066,#6068,#6069))
REPRESENTATION_CONTEXT('','3D')
);
#6066=(
LENGTH_UNIT()
NAMED_UNIT(*)
SI_UNIT(.MILLI.,.METRE.)
);
#6067=(
LENGTH_UNIT()
NAMED_UNIT(*)
SI_UNIT(.CENTI.,.METRE.)
);
#6068=(
NAMED_UNIT(*)
PLANE_ANGLE_UNIT()
SI_UNIT($,.RADIAN.)
);
#6069=(
NAMED_UNIT(*)
SI_UNIT($,.STERADIAN.)
SOLID_ANGLE_UNIT()
);
#6070=SHAPE_DEFINITION_REPRESENTATION(#6071,#6072);
#6071=PRODUCT_DEFINITION_SHAPE('',$,#6074);
#6072=SHAPE_REPRESENTATION('',(#3546),#6064);
#6073=PRODUCT_DEFINITION_CONTEXT('part definition',#6078,'design');
#6074=PRODUCT_DEFINITION('BaseC_6','BaseC_6',#6075,#6073);
#6075=PRODUCT_DEFINITION_FORMATION('',$,#6080);
#6076=PRODUCT_RELATED_PRODUCT_CATEGORY('BaseC_6','BaseC_6',(#6080));
#6077=APPLICATION_PROTOCOL_DEFINITION('international standard',
'automotive_design',2009,#6078);
#6078=APPLICATION_CONTEXT(
'Core Data for Automotive Mechanical Design Process');
#6079=PRODUCT_CONTEXT('part definition',#6078,'mechanical');
#6080=PRODUCT('BaseC_6','BaseC_6',$,(#6079));
#6081=PRESENTATION_STYLE_ASSIGNMENT((#6083));
#6082=PRESENTATION_STYLE_ASSIGNMENT((#6084));
#6083=SURFACE_STYLE_USAGE(.BOTH.,#6089);
#6084=SURFACE_STYLE_USAGE(.BOTH.,#6090);
#6085=SURFACE_STYLE_RENDERING_WITH_PROPERTIES($,#6097,(#6087));
#6086=SURFACE_STYLE_RENDERING_WITH_PROPERTIES($,#6098,(#6088));
#6087=SURFACE_STYLE_TRANSPARENT(0.);
#6088=SURFACE_STYLE_TRANSPARENT(0.);
#6089=SURFACE_SIDE_STYLE('',(#6091,#6085));
#6090=SURFACE_SIDE_STYLE('',(#6092,#6086));
#6091=SURFACE_STYLE_FILL_AREA(#6093);
#6092=SURFACE_STYLE_FILL_AREA(#6094);
#6093=FILL_AREA_STYLE('',(#6095));
#6094=FILL_AREA_STYLE('',(#6096));
#6095=FILL_AREA_STYLE_COLOUR('',#6097);
#6096=FILL_AREA_STYLE_COLOUR('',#6098);
#6097=COLOUR_RGB('',0.996078431372549,0.996078431372549,1.);
#6098=COLOUR_RGB('',0.792156862745098,0.819607843137255,0.933333333333333);
ENDSEC;
END-ISO-10303-21;
