ISO-10303-21;
HEADER;
/* Generated by software containing ST-Developer
 * from STEP Tools, Inc. (www.steptools.com) 
 */

FILE_DESCRIPTION(
/* description */ (''),
/* implementation_level */ '2;1');

FILE_NAME(
/* name */ 
'I:\\ASU_FOE\\graduation project\\quadcopter\\matlab xml\\231123\\\\En
coder_ipt_17a81f20.STEP',
/* time_stamp */ '2023-11-23T19:53:37+02:00',
/* author */ ('Mikhail_Sadilov'),
/* organization */ (''),
/* preprocessor_version */ 'ST-DEVELOPER v18.1',
/* originating_system */ 'Autodesk Inventor 2021',
/* authorisation */ '');

FILE_SCHEMA (('AUTOMOTIVE_DESIGN { 1 0 10303 214 3 1 1 }'));
ENDSEC;

DATA;
#10=MECHANICAL_DESIGN_GEOMETRIC_PRESENTATION_REPRESENTATION('',(#22,#23,
#24,#25,#26,#27,#28,#29,#30,#31,#32,#33,#34,#35,#36,#37,#38,#39,#40,#41,
#42,#43,#44,#45,#46,#47,#48,#49,#50,#51,#52,#53,#54,#55,#56,#57,#58,#59,
#60,#61,#62,#63,#64,#65,#66,#67,#68,#69),#3496);
#11=SHAPE_REPRESENTATION_RELATIONSHIP('SRR','None',#3503,#12);
#12=ADVANCED_BREP_SHAPE_REPRESENTATION('',(#70,#71,#72,#73,#74,#75,#76,
#77,#78,#79,#80,#81,#82,#83,#84,#85,#86),#3495);
#13=(
BOUNDED_CURVE()
B_SPLINE_CURVE(2,(#3281,#3282,#3283),.UNSPECIFIED.,.F.,.F.)
B_SPLINE_CURVE_WITH_KNOTS((3,3),(0.,0.236697785851589),.UNSPECIFIED.)
CURVE()
GEOMETRIC_REPRESENTATION_ITEM()
RATIONAL_B_SPLINE_CURVE((1.,1.08522345206018,1.14423172782367))
REPRESENTATION_ITEM('')
);
#14=(
BOUNDED_CURVE()
B_SPLINE_CURVE(2,(#3287,#3288,#3289),.UNSPECIFIED.,.F.,.F.)
B_SPLINE_CURVE_WITH_KNOTS((3,3),(1.30227354717577,1.53897133301486),
 .UNSPECIFIED.)
CURVE()
GEOMETRIC_REPRESENTATION_ITEM()
RATIONAL_B_SPLINE_CURVE((1.14423172781744,1.08522345205568,1.))
REPRESENTATION_ITEM('')
);
#15=CONICAL_SURFACE('',#1564,1.53975,0.785398163397448);
#16=CONICAL_SURFACE('',#1569,1.53975,0.785398163397448);
#17=CONICAL_SURFACE('',#1574,1.53975,0.785398163397448);
#18=CONICAL_SURFACE('',#1596,7.8,0.785398163397447);
#19=CONICAL_SURFACE('',#1607,2.79999999999998,0.785398163397412);
#20=CONICAL_SURFACE('',#1698,5.9235,0.785398163397449);
#21=CONICAL_SURFACE('',#1701,5.9235,0.785398163397449);
#22=STYLED_ITEM('',(#3513),#70);
#23=STYLED_ITEM('',(#3514),#71);
#24=STYLED_ITEM('',(#3515),#72);
#25=STYLED_ITEM('',(#3516),#73);
#26=STYLED_ITEM('',(#3517),#74);
#27=STYLED_ITEM('',(#3515),#75);
#28=STYLED_ITEM('',(#3515),#76);
#29=STYLED_ITEM('',(#3515),#77);
#30=STYLED_ITEM('',(#3515),#78);
#31=STYLED_ITEM('',(#3515),#79);
#32=STYLED_ITEM('',(#3515),#80);
#33=STYLED_ITEM('',(#3515),#81);
#34=STYLED_ITEM('',(#3515),#82);
#35=STYLED_ITEM('',(#3515),#83);
#36=STYLED_ITEM('',(#3515),#84);
#37=STYLED_ITEM('',(#3515),#1448);
#38=STYLED_ITEM('',(#3515),#1449);
#39=STYLED_ITEM('',(#3515),#1450);
#40=STYLED_ITEM('',(#3515),#1451);
#41=STYLED_ITEM('',(#3515),#1452);
#42=STYLED_ITEM('',(#3515),#1453);
#43=STYLED_ITEM('',(#3515),#1454);
#44=STYLED_ITEM('',(#3515),#1455);
#45=STYLED_ITEM('',(#3515),#1456);
#46=STYLED_ITEM('',(#3515),#1457);
#47=STYLED_ITEM('',(#3515),#1458);
#48=STYLED_ITEM('',(#3515),#1459);
#49=STYLED_ITEM('',(#3518),#85);
#50=STYLED_ITEM('',(#3515),#1460);
#51=STYLED_ITEM('',(#3515),#1461);
#52=STYLED_ITEM('',(#3515),#1462);
#53=STYLED_ITEM('',(#3515),#1463);
#54=STYLED_ITEM('',(#3515),#1464);
#55=STYLED_ITEM('',(#3514),#1466);
#56=STYLED_ITEM('',(#3514),#1468);
#57=STYLED_ITEM('',(#3515),#1469);
#58=STYLED_ITEM('',(#3515),#1470);
#59=STYLED_ITEM('',(#3515),#1471);
#60=STYLED_ITEM('',(#3515),#1472);
#61=STYLED_ITEM('',(#3515),#1473);
#62=STYLED_ITEM('',(#3515),#1474);
#63=STYLED_ITEM('',(#3515),#1475);
#64=STYLED_ITEM('',(#3514),#1476);
#65=STYLED_ITEM('',(#3514),#1478);
#66=STYLED_ITEM('',(#3514),#1479);
#67=STYLED_ITEM('',(#3515),#1480);
#68=STYLED_ITEM('',(#3515),#1481);
#69=STYLED_ITEM('',(#3518),#86);
#70=MANIFOLD_SOLID_BREP('\X2\04220432043504400434043E0435\X0\ \X2\04420435043B043E\X0\1',
#1482);
#71=MANIFOLD_SOLID_BREP('\X2\04220432043504400434043E0435\X0\ \X2\04420435043B043E\X0\2',
#1483);
#72=MANIFOLD_SOLID_BREP('\X2\04220432043504400434043E0435\X0\ \X2\04420435043B043E\X0\3',
#1484);
#73=MANIFOLD_SOLID_BREP('\X2\04220432043504400434043E0435\X0\ \X2\04420435043B043E\X0\4',
#1485);
#74=MANIFOLD_SOLID_BREP('\X2\04220432043504400434043E0435\X0\ \X2\04420435043B043E\X0\5',
#1486);
#75=MANIFOLD_SOLID_BREP('\X2\04220432043504400434043E0435\X0\ \X2\04420435043B043E\X0\6',
#1487);
#76=MANIFOLD_SOLID_BREP('\X2\04220432043504400434043E0435\X0\ \X2\04420435043B043E\X0\7',
#1488);
#77=MANIFOLD_SOLID_BREP('\X2\04220432043504400434043E0435\X0\ \X2\04420435043B043E\X0\8',
#1489);
#78=MANIFOLD_SOLID_BREP('\X2\04220432043504400434043E0435\X0\ \X2\04420435043B043E\X0\9',
#1490);
#79=MANIFOLD_SOLID_BREP('\X2\04220432043504400434043E0435\X0\ \X2\04420435043B043E\X0\1
0',#1491);
#80=MANIFOLD_SOLID_BREP('\X2\04220432043504400434043E0435\X0\ \X2\04420435043B043E\X0\1
1',#1492);
#81=MANIFOLD_SOLID_BREP('\X2\04220432043504400434043E0435\X0\ \X2\04420435043B043E\X0\1
2',#1493);
#82=MANIFOLD_SOLID_BREP('\X2\04220432043504400434043E0435\X0\ \X2\04420435043B043E\X0\1
3',#1494);
#83=MANIFOLD_SOLID_BREP('\X2\04220432043504400434043E0435\X0\ \X2\04420435043B043E\X0\1
4',#1495);
#84=MANIFOLD_SOLID_BREP('\X2\04220432043504400434043E0435\X0\ \X2\04420435043B043E\X0\1
5',#1496);
#85=MANIFOLD_SOLID_BREP('\X2\04220432043504400434043E0435\X0\ \X2\04420435043B043E\X0\1
6',#1497);
#86=MANIFOLD_SOLID_BREP('\X2\04220432043504400434043E0435\X0\ \X2\04420435043B043E\X0\1
7',#1498);
#87=FACE_BOUND('',#429,.T.);
#88=FACE_BOUND('',#438,.T.);
#89=FACE_BOUND('',#439,.T.);
#90=FACE_BOUND('',#440,.T.);
#91=FACE_BOUND('',#441,.T.);
#92=FACE_BOUND('',#445,.T.);
#93=FACE_BOUND('',#450,.T.);
#94=FACE_BOUND('',#453,.T.);
#95=FACE_BOUND('',#454,.T.);
#96=FACE_BOUND('',#455,.T.);
#97=FACE_BOUND('',#467,.T.);
#98=FACE_BOUND('',#491,.T.);
#99=FACE_BOUND('',#493,.T.);
#100=FACE_BOUND('',#495,.T.);
#101=FACE_BOUND('',#497,.T.);
#102=FACE_BOUND('',#513,.T.);
#103=FACE_BOUND('',#515,.T.);
#104=FACE_BOUND('',#517,.T.);
#105=FACE_BOUND('',#519,.T.);
#106=FACE_BOUND('',#521,.T.);
#107=FACE_BOUND('',#523,.T.);
#108=FACE_BOUND('',#525,.T.);
#109=FACE_BOUND('',#527,.T.);
#110=TOROIDAL_SURFACE('',#1558,17.85,1.4);
#111=TOROIDAL_SURFACE('',#1579,19.05,0.2);
#112=TOROIDAL_SURFACE('',#1588,9.8,0.2);
#113=TOROIDAL_SURFACE('',#1651,5.25,1.35);
#114=TOROIDAL_SURFACE('',#1665,3.2,0.2);
#115=TOROIDAL_SURFACE('',#1669,3.2,0.200000000000001);
#116=TOROIDAL_SURFACE('',#1678,5.25,1.35);
#117=TOROIDAL_SURFACE('',#1708,7.3,0.200000000000001);
#118=TOROIDAL_SURFACE('',#1712,7.3,0.200000000000001);
#119=PLANE('',#1552);
#120=PLANE('',#1556);
#121=PLANE('',#1559);
#122=PLANE('',#1563);
#123=PLANE('',#1584);
#124=PLANE('',#1593);
#125=PLANE('',#1601);
#126=PLANE('',#1605);
#127=PLANE('',#1606);
#128=PLANE('',#1613);
#129=PLANE('',#1614);
#130=PLANE('',#1615);
#131=PLANE('',#1616);
#132=PLANE('',#1620);
#133=PLANE('',#1624);
#134=PLANE('',#1625);
#135=PLANE('',#1629);
#136=PLANE('',#1630);
#137=PLANE('',#1674);
#138=PLANE('',#1675);
#139=PLANE('',#1676);
#140=PLANE('',#1677);
#141=PLANE('',#1717);
#142=PLANE('',#1718);
#143=PLANE('',#1719);
#144=PLANE('',#1720);
#145=PLANE('',#1721);
#146=PLANE('',#1722);
#147=PLANE('',#1723);
#148=PLANE('',#1724);
#149=SPHERICAL_SURFACE('',#1535,1.);
#150=SPHERICAL_SURFACE('',#1540,1.);
#151=SPHERICAL_SURFACE('',#1631,1.35);
#152=SPHERICAL_SURFACE('',#1633,1.35);
#153=SPHERICAL_SURFACE('',#1635,1.35);
#154=SPHERICAL_SURFACE('',#1637,1.35);
#155=SPHERICAL_SURFACE('',#1639,1.35);
#156=SPHERICAL_SURFACE('',#1641,1.35);
#157=SPHERICAL_SURFACE('',#1643,1.35);
#158=SPHERICAL_SURFACE('',#1645,1.35);
#159=SPHERICAL_SURFACE('',#1647,1.35);
#160=SPHERICAL_SURFACE('',#1649,1.35);
#161=LINE('',#2565,#208);
#162=LINE('',#2567,#209);
#163=LINE('',#2570,#210);
#164=LINE('',#2576,#211);
#165=LINE('',#2624,#212);
#166=LINE('',#2678,#213);
#167=LINE('',#2687,#214);
#168=LINE('',#3118,#215);
#169=LINE('',#3119,#216);
#170=LINE('',#3121,#217);
#171=LINE('',#3123,#218);
#172=LINE('',#3199,#219);
#173=LINE('',#3205,#220);
#174=LINE('',#3210,#221);
#175=LINE('',#3215,#222);
#176=LINE('',#3220,#223);
#177=LINE('',#3225,#224);
#178=LINE('',#3230,#225);
#179=LINE('',#3245,#226);
#180=LINE('',#3258,#227);
#181=LINE('',#3263,#228);
#182=LINE('',#3267,#229);
#183=LINE('',#3275,#230);
#184=LINE('',#3295,#231);
#185=LINE('',#3298,#232);
#186=LINE('',#3299,#233);
#187=LINE('',#3301,#234);
#188=LINE('',#3302,#235);
#189=LINE('',#3310,#236);
#190=LINE('',#3317,#237);
#191=LINE('',#3325,#238);
#192=LINE('',#3377,#239);
#193=LINE('',#3382,#240);
#194=LINE('',#3387,#241);
#195=LINE('',#3393,#242);
#196=LINE('',#3408,#243);
#197=LINE('',#3422,#244);
#198=LINE('',#3425,#245);
#199=LINE('',#3431,#246);
#200=LINE('',#3437,#247);
#201=LINE('',#3443,#248);
#202=LINE('',#3449,#249);
#203=LINE('',#3455,#250);
#204=LINE('',#3461,#251);
#205=LINE('',#3466,#252);
#206=LINE('',#3469,#253);
#207=LINE('',#3484,#254);
#208=VECTOR('',#1751,10.);
#209=VECTOR('',#1752,10.);
#210=VECTOR('',#1755,19.25);
#211=VECTOR('',#1762,10.);
#212=VECTOR('',#1773,10.);
#213=VECTOR('',#1782,10.);
#214=VECTOR('',#1787,10.);
#215=VECTOR('',#1802,10.);
#216=VECTOR('',#1803,10.);
#217=VECTOR('',#1806,10.);
#218=VECTOR('',#1809,10.);
#219=VECTOR('',#1828,18.);
#220=VECTOR('',#1835,1.53975);
#221=VECTOR('',#1842,1.2295);
#222=VECTOR('',#1847,1.53975);
#223=VECTOR('',#1854,1.2295);
#224=VECTOR('',#1859,1.53975);
#225=VECTOR('',#1866,1.2295);
#226=VECTOR('',#1885,19.25);
#227=VECTOR('',#1902,10.);
#228=VECTOR('',#1907,7.8);
#229=VECTOR('',#1912,7.5);
#230=VECTOR('',#1923,18.);
#231=VECTOR('',#1938,2.99999999999997);
#232=VECTOR('',#1941,10.);
#233=VECTOR('',#1942,10.);
#234=VECTOR('',#1945,10.);
#235=VECTOR('',#1946,10.);
#236=VECTOR('',#1957,3.75);
#237=VECTOR('',#1966,6.);
#238=VECTOR('',#1977,2.5);
#239=VECTOR('',#2034,4.575);
#240=VECTOR('',#2041,4.575);
#241=VECTOR('',#2046,4.4835);
#242=VECTOR('',#2053,4.4835);
#243=VECTOR('',#2074,3.);
#244=VECTOR('',#2095,5.925);
#245=VECTOR('',#2098,5.925);
#246=VECTOR('',#2105,6.0435);
#247=VECTOR('',#2112,6.0435);
#248=VECTOR('',#2119,4.4935);
#249=VECTOR('',#2126,4.4935);
#250=VECTOR('',#2133,5.9235);
#251=VECTOR('',#2140,5.9235);
#252=VECTOR('',#2147,6.0435);
#253=VECTOR('',#2150,6.0435);
#254=VECTOR('',#2171,7.5);
#255=CYLINDRICAL_SURFACE('',#1528,19.25);
#256=CYLINDRICAL_SURFACE('',#1532,1.);
#257=CYLINDRICAL_SURFACE('',#1537,1.);
#258=CYLINDRICAL_SURFACE('',#1542,1.);
#259=CYLINDRICAL_SURFACE('',#1544,1.);
#260=CYLINDRICAL_SURFACE('',#1551,1.);
#261=CYLINDRICAL_SURFACE('',#1553,2.);
#262=CYLINDRICAL_SURFACE('',#1555,1.);
#263=CYLINDRICAL_SURFACE('',#1561,18.);
#264=CYLINDRICAL_SURFACE('',#1567,1.2295);
#265=CYLINDRICAL_SURFACE('',#1572,1.2295);
#266=CYLINDRICAL_SURFACE('',#1577,1.2295);
#267=CYLINDRICAL_SURFACE('',#1586,19.25);
#268=CYLINDRICAL_SURFACE('',#1595,10.);
#269=CYLINDRICAL_SURFACE('',#1599,7.5);
#270=CYLINDRICAL_SURFACE('',#1603,18.);
#271=CYLINDRICAL_SURFACE('',#1610,2.99999999999997);
#272=CYLINDRICAL_SURFACE('',#1617,3.75);
#273=CYLINDRICAL_SURFACE('',#1621,6.);
#274=CYLINDRICAL_SURFACE('',#1626,2.5);
#275=CYLINDRICAL_SURFACE('',#1655,4.575);
#276=CYLINDRICAL_SURFACE('',#1657,4.575);
#277=CYLINDRICAL_SURFACE('',#1659,4.4835);
#278=CYLINDRICAL_SURFACE('',#1662,4.4835);
#279=CYLINDRICAL_SURFACE('',#1673,3.);
#280=CYLINDRICAL_SURFACE('',#1682,5.925);
#281=CYLINDRICAL_SURFACE('',#1684,5.925);
#282=CYLINDRICAL_SURFACE('',#1686,6.0435);
#283=CYLINDRICAL_SURFACE('',#1689,6.0435);
#284=CYLINDRICAL_SURFACE('',#1692,4.4935);
#285=CYLINDRICAL_SURFACE('',#1695,4.4935);
#286=CYLINDRICAL_SURFACE('',#1704,6.0435);
#287=CYLINDRICAL_SURFACE('',#1706,6.0435);
#288=CYLINDRICAL_SURFACE('',#1716,7.5);
#289=FACE_OUTER_BOUND('',#397,.T.);
#290=FACE_OUTER_BOUND('',#398,.T.);
#291=FACE_OUTER_BOUND('',#399,.T.);
#292=FACE_OUTER_BOUND('',#400,.T.);
#293=FACE_OUTER_BOUND('',#401,.T.);
#294=FACE_OUTER_BOUND('',#402,.T.);
#295=FACE_OUTER_BOUND('',#403,.T.);
#296=FACE_OUTER_BOUND('',#404,.T.);
#297=FACE_OUTER_BOUND('',#405,.T.);
#298=FACE_OUTER_BOUND('',#406,.T.);
#299=FACE_OUTER_BOUND('',#407,.T.);
#300=FACE_OUTER_BOUND('',#408,.T.);
#301=FACE_OUTER_BOUND('',#409,.T.);
#302=FACE_OUTER_BOUND('',#410,.T.);
#303=FACE_OUTER_BOUND('',#411,.T.);
#304=FACE_OUTER_BOUND('',#412,.T.);
#305=FACE_OUTER_BOUND('',#413,.T.);
#306=FACE_OUTER_BOUND('',#414,.T.);
#307=FACE_OUTER_BOUND('',#415,.T.);
#308=FACE_OUTER_BOUND('',#416,.T.);
#309=FACE_OUTER_BOUND('',#417,.T.);
#310=FACE_OUTER_BOUND('',#418,.T.);
#311=FACE_OUTER_BOUND('',#419,.T.);
#312=FACE_OUTER_BOUND('',#420,.T.);
#313=FACE_OUTER_BOUND('',#421,.T.);
#314=FACE_OUTER_BOUND('',#422,.T.);
#315=FACE_OUTER_BOUND('',#423,.T.);
#316=FACE_OUTER_BOUND('',#424,.T.);
#317=FACE_OUTER_BOUND('',#425,.T.);
#318=FACE_OUTER_BOUND('',#426,.T.);
#319=FACE_OUTER_BOUND('',#427,.T.);
#320=FACE_OUTER_BOUND('',#428,.T.);
#321=FACE_OUTER_BOUND('',#430,.T.);
#322=FACE_OUTER_BOUND('',#431,.T.);
#323=FACE_OUTER_BOUND('',#432,.T.);
#324=FACE_OUTER_BOUND('',#433,.T.);
#325=FACE_OUTER_BOUND('',#434,.T.);
#326=FACE_OUTER_BOUND('',#435,.T.);
#327=FACE_OUTER_BOUND('',#436,.T.);
#328=FACE_OUTER_BOUND('',#437,.T.);
#329=FACE_OUTER_BOUND('',#442,.T.);
#330=FACE_OUTER_BOUND('',#443,.T.);
#331=FACE_OUTER_BOUND('',#444,.T.);
#332=FACE_OUTER_BOUND('',#446,.T.);
#333=FACE_OUTER_BOUND('',#447,.T.);
#334=FACE_OUTER_BOUND('',#448,.T.);
#335=FACE_OUTER_BOUND('',#449,.T.);
#336=FACE_OUTER_BOUND('',#451,.T.);
#337=FACE_OUTER_BOUND('',#452,.T.);
#338=FACE_OUTER_BOUND('',#456,.T.);
#339=FACE_OUTER_BOUND('',#457,.T.);
#340=FACE_OUTER_BOUND('',#458,.T.);
#341=FACE_OUTER_BOUND('',#459,.T.);
#342=FACE_OUTER_BOUND('',#460,.T.);
#343=FACE_OUTER_BOUND('',#461,.T.);
#344=FACE_OUTER_BOUND('',#462,.T.);
#345=FACE_OUTER_BOUND('',#463,.T.);
#346=FACE_OUTER_BOUND('',#464,.T.);
#347=FACE_OUTER_BOUND('',#465,.T.);
#348=FACE_OUTER_BOUND('',#466,.T.);
#349=FACE_OUTER_BOUND('',#468,.T.);
#350=FACE_OUTER_BOUND('',#469,.T.);
#351=FACE_OUTER_BOUND('',#470,.T.);
#352=FACE_OUTER_BOUND('',#471,.T.);
#353=FACE_OUTER_BOUND('',#472,.T.);
#354=FACE_OUTER_BOUND('',#473,.T.);
#355=FACE_OUTER_BOUND('',#474,.T.);
#356=FACE_OUTER_BOUND('',#475,.T.);
#357=FACE_OUTER_BOUND('',#476,.T.);
#358=FACE_OUTER_BOUND('',#477,.T.);
#359=FACE_OUTER_BOUND('',#478,.T.);
#360=FACE_OUTER_BOUND('',#479,.T.);
#361=FACE_OUTER_BOUND('',#480,.T.);
#362=FACE_OUTER_BOUND('',#481,.T.);
#363=FACE_OUTER_BOUND('',#482,.T.);
#364=FACE_OUTER_BOUND('',#483,.T.);
#365=FACE_OUTER_BOUND('',#484,.T.);
#366=FACE_OUTER_BOUND('',#485,.T.);
#367=FACE_OUTER_BOUND('',#486,.T.);
#368=FACE_OUTER_BOUND('',#487,.T.);
#369=FACE_OUTER_BOUND('',#488,.T.);
#370=FACE_OUTER_BOUND('',#489,.T.);
#371=FACE_OUTER_BOUND('',#490,.T.);
#372=FACE_OUTER_BOUND('',#492,.T.);
#373=FACE_OUTER_BOUND('',#494,.T.);
#374=FACE_OUTER_BOUND('',#496,.T.);
#375=FACE_OUTER_BOUND('',#498,.T.);
#376=FACE_OUTER_BOUND('',#499,.T.);
#377=FACE_OUTER_BOUND('',#500,.T.);
#378=FACE_OUTER_BOUND('',#501,.T.);
#379=FACE_OUTER_BOUND('',#502,.T.);
#380=FACE_OUTER_BOUND('',#503,.T.);
#381=FACE_OUTER_BOUND('',#504,.T.);
#382=FACE_OUTER_BOUND('',#505,.T.);
#383=FACE_OUTER_BOUND('',#506,.T.);
#384=FACE_OUTER_BOUND('',#507,.T.);
#385=FACE_OUTER_BOUND('',#508,.T.);
#386=FACE_OUTER_BOUND('',#509,.T.);
#387=FACE_OUTER_BOUND('',#510,.T.);
#388=FACE_OUTER_BOUND('',#511,.T.);
#389=FACE_OUTER_BOUND('',#512,.T.);
#390=FACE_OUTER_BOUND('',#514,.T.);
#391=FACE_OUTER_BOUND('',#516,.T.);
#392=FACE_OUTER_BOUND('',#518,.T.);
#393=FACE_OUTER_BOUND('',#520,.T.);
#394=FACE_OUTER_BOUND('',#522,.T.);
#395=FACE_OUTER_BOUND('',#524,.T.);
#396=FACE_OUTER_BOUND('',#526,.T.);
#397=EDGE_LOOP('',(#982,#983,#984));
#398=EDGE_LOOP('',(#985,#986,#987));
#399=EDGE_LOOP('',(#988,#989,#990,#991));
#400=EDGE_LOOP('',(#992,#993,#994,#995));
#401=EDGE_LOOP('',(#996,#997,#998,#999));
#402=EDGE_LOOP('',(#1000,#1001,#1002,#1003));
#403=EDGE_LOOP('',(#1004,#1005,#1006,#1007,#1008,#1009,#1010,#1011,#1012,
#1013,#1014,#1015,#1016));
#404=EDGE_LOOP('',(#1017,#1018,#1019,#1020));
#405=EDGE_LOOP('',(#1021,#1022,#1023));
#406=EDGE_LOOP('',(#1024,#1025,#1026));
#407=EDGE_LOOP('',(#1027,#1028,#1029,#1030));
#408=EDGE_LOOP('',(#1031,#1032,#1033));
#409=EDGE_LOOP('',(#1034,#1035,#1036));
#410=EDGE_LOOP('',(#1037,#1038,#1039,#1040,#1041));
#411=EDGE_LOOP('',(#1042,#1043,#1044,#1045));
#412=EDGE_LOOP('',(#1046,#1047,#1048));
#413=EDGE_LOOP('',(#1049,#1050,#1051,#1052));
#414=EDGE_LOOP('',(#1053,#1054,#1055,#1056));
#415=EDGE_LOOP('',(#1057,#1058,#1059,#1060));
#416=EDGE_LOOP('',(#1061,#1062,#1063,#1064));
#417=EDGE_LOOP('',(#1065,#1066,#1067));
#418=EDGE_LOOP('',(#1068,#1069,#1070,#1071));
#419=EDGE_LOOP('',(#1072,#1073,#1074,#1075));
#420=EDGE_LOOP('',(#1076,#1077,#1078,#1079,#1080,#1081,#1082));
#421=EDGE_LOOP('',(#1083,#1084,#1085,#1086,#1087,#1088));
#422=EDGE_LOOP('',(#1089,#1090,#1091,#1092));
#423=EDGE_LOOP('',(#1093,#1094,#1095,#1096,#1097));
#424=EDGE_LOOP('',(#1098,#1099,#1100,#1101));
#425=EDGE_LOOP('',(#1102,#1103,#1104,#1105,#1106));
#426=EDGE_LOOP('',(#1107));
#427=EDGE_LOOP('',(#1108,#1109,#1110,#1111));
#428=EDGE_LOOP('',(#1112));
#429=EDGE_LOOP('',(#1113));
#430=EDGE_LOOP('',(#1114,#1115,#1116,#1117));
#431=EDGE_LOOP('',(#1118,#1119,#1120,#1121));
#432=EDGE_LOOP('',(#1122,#1123,#1124,#1125));
#433=EDGE_LOOP('',(#1126,#1127,#1128,#1129));
#434=EDGE_LOOP('',(#1130,#1131,#1132,#1133));
#435=EDGE_LOOP('',(#1134,#1135,#1136,#1137));
#436=EDGE_LOOP('',(#1138,#1139,#1140,#1141,#1142));
#437=EDGE_LOOP('',(#1143));
#438=EDGE_LOOP('',(#1144));
#439=EDGE_LOOP('',(#1145));
#440=EDGE_LOOP('',(#1146));
#441=EDGE_LOOP('',(#1147));
#442=EDGE_LOOP('',(#1148,#1149,#1150,#1151,#1152));
#443=EDGE_LOOP('',(#1153,#1154,#1155,#1156,#1157));
#444=EDGE_LOOP('',(#1158));
#445=EDGE_LOOP('',(#1159));
#446=EDGE_LOOP('',(#1160,#1161,#1162,#1163,#1164));
#447=EDGE_LOOP('',(#1165,#1166,#1167,#1168,#1169));
#448=EDGE_LOOP('',(#1170,#1171,#1172,#1173,#1174));
#449=EDGE_LOOP('',(#1175));
#450=EDGE_LOOP('',(#1176));
#451=EDGE_LOOP('',(#1177,#1178,#1179,#1180));
#452=EDGE_LOOP('',(#1181));
#453=EDGE_LOOP('',(#1182));
#454=EDGE_LOOP('',(#1183));
#455=EDGE_LOOP('',(#1184));
#456=EDGE_LOOP('',(#1185));
#457=EDGE_LOOP('',(#1186,#1187,#1188,#1189));
#458=EDGE_LOOP('',(#1190,#1191,#1192,#1193,#1194,#1195,#1196));
#459=EDGE_LOOP('',(#1197,#1198,#1199,#1200,#1201,#1202));
#460=EDGE_LOOP('',(#1203,#1204));
#461=EDGE_LOOP('',(#1205,#1206));
#462=EDGE_LOOP('',(#1207));
#463=EDGE_LOOP('',(#1208,#1209,#1210,#1211));
#464=EDGE_LOOP('',(#1212));
#465=EDGE_LOOP('',(#1213,#1214,#1215,#1216));
#466=EDGE_LOOP('',(#1217));
#467=EDGE_LOOP('',(#1218));
#468=EDGE_LOOP('',(#1219));
#469=EDGE_LOOP('',(#1220,#1221,#1222,#1223));
#470=EDGE_LOOP('',(#1224));
#471=EDGE_LOOP('',(#1225));
#472=EDGE_LOOP('',(#1226,#1227));
#473=EDGE_LOOP('',(#1228,#1229));
#474=EDGE_LOOP('',(#1230,#1231));
#475=EDGE_LOOP('',(#1232,#1233));
#476=EDGE_LOOP('',(#1234,#1235));
#477=EDGE_LOOP('',(#1236,#1237));
#478=EDGE_LOOP('',(#1238,#1239));
#479=EDGE_LOOP('',(#1240,#1241));
#480=EDGE_LOOP('',(#1242,#1243));
#481=EDGE_LOOP('',(#1244,#1245));
#482=EDGE_LOOP('',(#1246,#1247,#1248,#1249));
#483=EDGE_LOOP('',(#1250,#1251,#1252,#1253));
#484=EDGE_LOOP('',(#1254,#1255,#1256,#1257));
#485=EDGE_LOOP('',(#1258,#1259,#1260,#1261));
#486=EDGE_LOOP('',(#1262,#1263,#1264,#1265));
#487=EDGE_LOOP('',(#1266,#1267,#1268,#1269));
#488=EDGE_LOOP('',(#1270,#1271,#1272,#1273));
#489=EDGE_LOOP('',(#1274,#1275,#1276,#1277));
#490=EDGE_LOOP('',(#1278));
#491=EDGE_LOOP('',(#1279));
#492=EDGE_LOOP('',(#1280));
#493=EDGE_LOOP('',(#1281));
#494=EDGE_LOOP('',(#1282));
#495=EDGE_LOOP('',(#1283));
#496=EDGE_LOOP('',(#1284));
#497=EDGE_LOOP('',(#1285));
#498=EDGE_LOOP('',(#1286,#1287,#1288,#1289));
#499=EDGE_LOOP('',(#1290,#1291,#1292,#1293));
#500=EDGE_LOOP('',(#1294,#1295,#1296,#1297));
#501=EDGE_LOOP('',(#1298,#1299,#1300,#1301));
#502=EDGE_LOOP('',(#1302,#1303,#1304,#1305));
#503=EDGE_LOOP('',(#1306,#1307,#1308,#1309));
#504=EDGE_LOOP('',(#1310,#1311,#1312,#1313));
#505=EDGE_LOOP('',(#1314,#1315,#1316,#1317));
#506=EDGE_LOOP('',(#1318,#1319,#1320,#1321));
#507=EDGE_LOOP('',(#1322,#1323,#1324,#1325));
#508=EDGE_LOOP('',(#1326,#1327,#1328,#1329));
#509=EDGE_LOOP('',(#1330,#1331,#1332,#1333));
#510=EDGE_LOOP('',(#1334,#1335,#1336,#1337));
#511=EDGE_LOOP('',(#1338,#1339,#1340,#1341));
#512=EDGE_LOOP('',(#1342));
#513=EDGE_LOOP('',(#1343));
#514=EDGE_LOOP('',(#1344));
#515=EDGE_LOOP('',(#1345));
#516=EDGE_LOOP('',(#1346));
#517=EDGE_LOOP('',(#1347));
#518=EDGE_LOOP('',(#1348));
#519=EDGE_LOOP('',(#1349));
#520=EDGE_LOOP('',(#1350));
#521=EDGE_LOOP('',(#1351));
#522=EDGE_LOOP('',(#1352));
#523=EDGE_LOOP('',(#1353));
#524=EDGE_LOOP('',(#1354));
#525=EDGE_LOOP('',(#1355));
#526=EDGE_LOOP('',(#1356));
#527=EDGE_LOOP('',(#1357));
#528=CIRCLE('',#1518,1.);
#529=CIRCLE('',#1519,0.999999999999999);
#530=CIRCLE('',#1520,1.);
#531=CIRCLE('',#1521,27.3743746674305);
#532=CIRCLE('',#1522,14.1384343428167);
#533=CIRCLE('',#1523,1.);
#534=CIRCLE('',#1524,0.999999999999999);
#535=CIRCLE('',#1525,14.1384301688042);
#536=CIRCLE('',#1526,27.3743665624846);
#537=CIRCLE('',#1527,1.);
#538=CIRCLE('',#1529,19.25);
#539=CIRCLE('',#1530,19.25);
#540=CIRCLE('',#1531,19.25);
#541=CIRCLE('',#1533,1.);
#542=CIRCLE('',#1534,1.);
#543=CIRCLE('',#1536,1.);
#544=CIRCLE('',#1538,0.999999999999994);
#545=CIRCLE('',#1539,1.);
#546=CIRCLE('',#1541,0.999999999999999);
#547=CIRCLE('',#1543,1.00000000000001);
#548=CIRCLE('',#1545,1.);
#549=CIRCLE('',#1546,1.);
#550=CIRCLE('',#1547,0.999999999999999);
#551=CIRCLE('',#1548,0.999999999999999);
#552=CIRCLE('',#1549,0.999999999999999);
#553=CIRCLE('',#1550,1.);
#554=CIRCLE('',#1554,0.999999999999999);
#555=CIRCLE('',#1557,17.85);
#556=CIRCLE('',#1560,18.);
#557=CIRCLE('',#1562,18.);
#558=CIRCLE('',#1565,1.2295);
#559=CIRCLE('',#1566,1.85);
#560=CIRCLE('',#1568,1.2295);
#561=CIRCLE('',#1570,1.2295);
#562=CIRCLE('',#1571,1.85);
#563=CIRCLE('',#1573,1.2295);
#564=CIRCLE('',#1575,1.2295);
#565=CIRCLE('',#1576,1.85);
#566=CIRCLE('',#1578,1.2295);
#567=CIRCLE('',#1580,19.25);
#568=CIRCLE('',#1581,0.2);
#569=CIRCLE('',#1582,19.05);
#570=CIRCLE('',#1583,19.25);
#571=CIRCLE('',#1585,10.);
#572=CIRCLE('',#1587,19.25);
#573=CIRCLE('',#1589,10.);
#574=CIRCLE('',#1590,0.2);
#575=CIRCLE('',#1591,9.8);
#576=CIRCLE('',#1592,10.);
#577=CIRCLE('',#1594,8.1);
#578=CIRCLE('',#1597,7.5);
#579=CIRCLE('',#1598,7.5);
#580=CIRCLE('',#1600,7.5);
#581=CIRCLE('',#1602,18.);
#582=CIRCLE('',#1604,18.);
#583=CIRCLE('',#1608,2.99999999999997);
#584=CIRCLE('',#1609,2.6);
#585=CIRCLE('',#1611,3.);
#586=CIRCLE('',#1612,2.99999999999997);
#587=CIRCLE('',#1618,3.75);
#588=CIRCLE('',#1619,3.75);
#589=CIRCLE('',#1622,6.);
#590=CIRCLE('',#1623,6.);
#591=CIRCLE('',#1627,2.5);
#592=CIRCLE('',#1628,2.5);
#593=CIRCLE('',#1632,1.35);
#594=CIRCLE('',#1634,1.35);
#595=CIRCLE('',#1636,1.35);
#596=CIRCLE('',#1638,1.35);
#597=CIRCLE('',#1640,1.35);
#598=CIRCLE('',#1642,1.35);
#599=CIRCLE('',#1644,1.35);
#600=CIRCLE('',#1646,1.35);
#601=CIRCLE('',#1648,1.35);
#602=CIRCLE('',#1650,1.35);
#603=CIRCLE('',#1652,4.575);
#604=CIRCLE('',#1653,1.35);
#605=CIRCLE('',#1654,4.575);
#606=CIRCLE('',#1656,4.575);
#607=CIRCLE('',#1658,4.575);
#608=CIRCLE('',#1660,4.4835);
#609=CIRCLE('',#1661,4.4835);
#610=CIRCLE('',#1663,4.4835);
#611=CIRCLE('',#1664,4.4835);
#612=CIRCLE('',#1666,3.);
#613=CIRCLE('',#1667,0.2);
#614=CIRCLE('',#1668,3.2);
#615=CIRCLE('',#1670,3.2);
#616=CIRCLE('',#1671,0.200000000000001);
#617=CIRCLE('',#1672,3.);
#618=CIRCLE('',#1679,5.925);
#619=CIRCLE('',#1680,1.35);
#620=CIRCLE('',#1681,5.925);
#621=CIRCLE('',#1683,5.925);
#622=CIRCLE('',#1685,5.925);
#623=CIRCLE('',#1687,6.0435);
#624=CIRCLE('',#1688,6.0435);
#625=CIRCLE('',#1690,6.0435);
#626=CIRCLE('',#1691,6.0435);
#627=CIRCLE('',#1693,4.4935);
#628=CIRCLE('',#1694,4.4935);
#629=CIRCLE('',#1696,4.4935);
#630=CIRCLE('',#1697,4.4935);
#631=CIRCLE('',#1699,6.0435);
#632=CIRCLE('',#1700,5.8035);
#633=CIRCLE('',#1702,6.0435);
#634=CIRCLE('',#1703,5.8035);
#635=CIRCLE('',#1705,6.0435);
#636=CIRCLE('',#1707,6.0435);
#637=CIRCLE('',#1709,7.3);
#638=CIRCLE('',#1710,0.200000000000001);
#639=CIRCLE('',#1711,7.5);
#640=CIRCLE('',#1713,7.5);
#641=CIRCLE('',#1714,0.200000000000001);
#642=CIRCLE('',#1715,7.3);
#643=B_SPLINE_CURVE_WITH_KNOTS('',3,(#2231,#2232,#2233,#2234,#2235,#2236,
#2237,#2238,#2239,#2240,#2241,#2242,#2243,#2244,#2245,#2246,#2247,#2248,
#2249,#2250,#2251,#2252,#2253,#2254,#2255,#2256,#2257,#2258,#2259,#2260,
#2261,#2262,#2263,#2264,#2265,#2266,#2267,#2268,#2269,#2270,#2271,#2272,
#2273,#2274,#2275,#2276,#2277,#2278,#2279,#2280,#2281,#2282,#2283,#2284,
#2285,#2286,#2287,#2288,#2289,#2290,#2291,#2292,#2293,#2294),
 .UNSPECIFIED.,.F.,.F.,(4,3,3,3,3,3,3,3,3,3,3,3,3,3,3,3,3,3,3,3,3,4),(6.62217753257487E-8,
0.0293678202594354,0.0598259063857093,0.0923539783399524,0.114360526609136,
0.152363360987433,0.192994846221242,0.236871866987388,0.24901411972008,
0.299432406259213,0.355377828593514,0.37352117958012,0.407504260004753,
0.442060576998167,0.477000196991001,0.513383972568301,0.548273715484338,
0.582821582245361,0.616606071601776,0.6225352993002,0.623795511021548,0.625563776401409),
 .UNSPECIFIED.);
#644=B_SPLINE_CURVE_WITH_KNOTS('',3,(#2296,#2297,#2298,#2299,#2300,#2301,
#2302,#2303,#2304,#2305,#2306,#2307,#2308,#2309,#2310,#2311,#2312,#2313,
#2314,#2315,#2316,#2317,#2318,#2319,#2320,#2321,#2322,#2323,#2324,#2325,
#2326),.UNSPECIFIED.,.F.,.F.,(4,3,3,3,3,3,3,3,3,3,4),(-0.625563776401409,
-0.6225352993002,-0.532804048425814,-0.443073875206539,-0.37352117958012,
-0.272079700548817,-0.24901411972008,-0.172308143278298,-0.0955441050048106,
-0.0186035094124892,0.),.UNSPECIFIED.);
#645=B_SPLINE_CURVE_WITH_KNOTS('',3,(#2363,#2364,#2365,#2366,#2367,#2368,
#2369,#2370),.UNSPECIFIED.,.F.,.F.,(4,1,1,2,4),(-0.622535299220541,-0.373521179532325,
-0.249014119688216,0.,0.00302847717884686),.UNSPECIFIED.);
#646=B_SPLINE_CURVE_WITH_KNOTS('',3,(#2371,#2372,#2373,#2374,#2375,#2376,
#2377,#2378),.UNSPECIFIED.,.F.,.F.,(4,2,1,1,4),(-0.00302847717884686,0.,
0.249014119688216,0.373521179532325,0.622535299220541),.UNSPECIFIED.);
#647=B_SPLINE_CURVE_WITH_KNOTS('',3,(#2432,#2433,#2434,#2435,#2436),
 .UNSPECIFIED.,.F.,.F.,(4,1,4),(0.825664461312691,0.961482559803482,1.1425733577912),
 .UNSPECIFIED.);
#648=B_SPLINE_CURVE_WITH_KNOTS('',3,(#2437,#2438,#2439,#2440,#2441),
 .UNSPECIFIED.,.F.,.F.,(4,1,4),(-1.1425733577912,-0.961482559803482,-0.825664461312691),
 .UNSPECIFIED.);
#649=B_SPLINE_CURVE_WITH_KNOTS('',3,(#2500,#2501,#2502,#2503,#2504,#2505),
 .UNSPECIFIED.,.F.,.F.,(4,1,1,4),(-0.316909897331238,-0.226364212379456,
-0.135818527427674,0.),.UNSPECIFIED.);
#650=B_SPLINE_CURVE_WITH_KNOTS('',3,(#2506,#2507,#2508,#2509,#2510,#2511,
#2512,#2513,#2514,#2515,#2516,#2517,#2518,#2519,#2520,#2521,#2522,#2523,
#2524,#2525,#2526,#2527,#2528,#2529,#2530,#2531,#2532,#2533,#2534,#2535,
#2536,#2537,#2538,#2539,#2540,#2541,#2542,#2543,#2544,#2545,#2546,#2547,
#2548,#2549,#2550,#2551,#2552,#2553,#2554,#2555,#2556,#2557,#2558,#2559,
#2560),.UNSPECIFIED.,.F.,.F.,(4,3,3,3,3,3,3,3,3,3,3,3,3,3,3,3,3,3,4),(0.,
0.0234048021529899,0.0464887944295984,0.0688212276791173,0.0907952798775167,
0.113306903652595,0.135818527427674,0.155131818400257,0.175201610073104,
0.195253913982322,0.214054382319713,0.226364212379456,0.240487001630855,
0.254592554418152,0.268811592915838,0.283417374778331,0.29829229740756,
0.313544871593622,0.316909897331238),.UNSPECIFIED.);
#651=B_SPLINE_CURVE_WITH_KNOTS('',3,(#2610,#2611,#2612,#2613,#2614,#2615,
#2616,#2617),.UNSPECIFIED.,.F.,.F.,(4,1,1,2,4),(0.293455595247246,0.417217225449403,
0.540978855651559,0.912263746258029,0.913943177559493),.UNSPECIFIED.);
#652=B_SPLINE_CURVE_WITH_KNOTS('',3,(#2668,#2669,#2670,#2671,#2672,#2673,
#2674,#2675),.UNSPECIFIED.,.F.,.F.,(4,2,1,1,4),(-0.00167844943731155,0.,
0.247523652235484,0.371285478353226,0.61880913058871),.UNSPECIFIED.);
#653=B_SPLINE_CURVE_WITH_KNOTS('',3,(#2680,#2681,#2682,#2683),
 .UNSPECIFIED.,.F.,.F.,(4,4),(0.,0.0644160742580355),.UNSPECIFIED.);
#654=B_SPLINE_CURVE_WITH_KNOTS('',3,(#2725,#2726,#2727,#2728,#2729,#2730,
#2731,#2732),.UNSPECIFIED.,.F.,.F.,(4,1,1,2,4),(0.,0.0923356959999206,0.138503543999881,
0.230839239999802,0.231672199107389),.UNSPECIFIED.);
#655=B_SPLINE_CURVE_WITH_KNOTS('',3,(#2733,#2734,#2735,#2736,#2737,#2738,
#2739,#2740,#2741,#2742,#2743,#2744,#2745,#2746,#2747,#2748,#2749,#2750,
#2751,#2752,#2753,#2754,#2755,#2756,#2757,#2758,#2759,#2760,#2761,#2762,
#2763,#2764,#2765,#2766,#2767,#2768,#2769,#2770,#2771,#2772,#2773,#2774,
#2775,#2776,#2777,#2778,#2779,#2780,#2781,#2782,#2783,#2784,#2785,#2786,
#2787,#2788,#2789,#2790,#2791,#2792,#2793,#2794,#2795,#2796),
 .UNSPECIFIED.,.F.,.F.,(4,3,3,3,3,3,3,3,3,3,3,3,3,3,3,3,3,3,3,3,3,4),(-0.23167219910562,
-0.230839239999802,-0.216568683815633,-0.201992323524288,-0.187260697975714,
-0.172631262081464,-0.158195672543186,-0.144060545892161,-0.138503543999881,
-0.131716814111711,-0.12155944212906,-0.111429171484756,-0.101258215255145,
-0.0923356959999206,-0.0791632313679161,-0.065501086503113,-0.0514055236853078,
-0.0471082894647034,-0.0338626870078874,-0.0238550700991626,-0.00996964039775477,
-2.58157159758438E-9),.UNSPECIFIED.);
#656=B_SPLINE_CURVE_WITH_KNOTS('',3,(#2824,#2825,#2826,#2827,#2828),
 .UNSPECIFIED.,.F.,.F.,(4,1,4),(-0.0974733620675024,-0.0487366810337512,
0.),.UNSPECIFIED.);
#657=B_SPLINE_CURVE_WITH_KNOTS('',3,(#2829,#2830,#2831,#2832,#2833,#2834,
#2835,#2836,#2837,#2838,#2839,#2840,#2841,#2842,#2843,#2844,#2845,#2846,
#2847,#2848,#2849,#2850,#2851,#2852,#2853,#2854,#2855,#2856),
 .UNSPECIFIED.,.F.,.F.,(4,3,3,3,3,3,3,3,3,4),(0.,0.0122108617677501,0.0241781230821229,
0.0364574020579371,0.0480251128859724,0.0487366810337512,0.0613020159648901,
0.0738462494789633,0.0863861692299064,0.0974733620675024),.UNSPECIFIED.);
#658=B_SPLINE_CURVE_WITH_KNOTS('',3,(#2877,#2878,#2879,#2880),
 .UNSPECIFIED.,.F.,.F.,(4,4),(-0.0644160742580355,0.),.UNSPECIFIED.);
#659=B_SPLINE_CURVE_WITH_KNOTS('',3,(#2911,#2912,#2913,#2914,#2915,#2916),
 .UNSPECIFIED.,.F.,.F.,(4,1,1,4),(-2.01554203719854,-1.84411185084372,-1.72982505994051,
-1.61553826903731),.UNSPECIFIED.);
#660=B_SPLINE_CURVE_WITH_KNOTS('',3,(#2946,#2947,#2948,#2949,#2950,#2951,
#2952,#2953,#2954,#2955,#2956,#2957,#2958,#2959,#2960,#2961,#2962,#2963,
#2964,#2965,#2966,#2967,#2968,#2969,#2970,#2971,#2972,#2973),
 .UNSPECIFIED.,.F.,.F.,(4,3,3,3,3,3,3,3,3,4),(-0.0974733620675012,-0.0849327101951651,
-0.0723924486669601,-0.0598268556812802,-0.0487366810337506,-0.0371696431278034,
-0.0253481891503308,-0.0133301940123696,-0.000989179846321801,0.),
 .UNSPECIFIED.);
#661=B_SPLINE_CURVE_WITH_KNOTS('',3,(#2976,#2977,#2978,#2979,#2980),
 .UNSPECIFIED.,.F.,.F.,(4,1,4),(0.,0.0487366810337506,0.0974733620675012),
 .UNSPECIFIED.);
#662=B_SPLINE_CURVE_WITH_KNOTS('',3,(#3014,#3015,#3016,#3017,#3018,#3019,
#3020,#3021,#3022,#3023,#3024,#3025,#3026,#3027,#3028,#3029,#3030,#3031,
#3032,#3033,#3034,#3035,#3036,#3037,#3038,#3039,#3040,#3041,#3042,#3043,
#3044,#3045,#3046,#3047,#3048,#3049,#3050,#3051,#3052,#3053,#3054,#3055,
#3056,#3057,#3058,#3059,#3060,#3061,#3062,#3063,#3064,#3065,#3066,#3067,
#3068,#3069,#3070,#3071,#3072,#3073,#3074,#3075,#3076,#3077),
 .UNSPECIFIED.,.F.,.F.,(4,3,3,3,3,3,3,3,3,3,3,3,3,3,3,3,3,3,3,3,3,4),(-0.230839237421713,
-0.216953589082535,-0.20698403049742,-0.19373815444722,-0.183731084780431,
-0.169679622039408,-0.155931124247869,-0.142903358489743,-0.138503543999668,
-0.128334274447365,-0.118203481403488,-0.108044837330567,-0.0991224177950688,
-0.0923356959997789,-0.0781674494611445,-0.0637622072372066,-0.0491399242108778,
-0.0344005723794092,-0.0197930627133886,-0.00557309973839325,0.,0.000832959107942596),
 .UNSPECIFIED.);
#663=B_SPLINE_CURVE_WITH_KNOTS('',3,(#3078,#3079,#3080,#3081,#3082,#3083,
#3084,#3085),.UNSPECIFIED.,.F.,.F.,(4,2,1,1,4),(-0.000832959107942596,0.,
0.0923356959997789,0.138503543999668,0.230839239999447),.UNSPECIFIED.);
#664=B_SPLINE_CURVE_WITH_KNOTS('',3,(#3107,#3108,#3109,#3110),
 .UNSPECIFIED.,.F.,.F.,(4,4),(-0.0644160742580863,0.),.UNSPECIFIED.);
#665=B_SPLINE_CURVE_WITH_KNOTS('',3,(#3113,#3114,#3115,#3116),
 .UNSPECIFIED.,.F.,.F.,(4,4),(0.,0.0644160742580863),.UNSPECIFIED.);
#666=B_SPLINE_CURVE_WITH_KNOTS('',3,(#3155,#3156,#3157,#3158,#3159,#3160,
#3161,#3162,#3163,#3164,#3165,#3166,#3167,#3168,#3169,#3170,#3171,#3172,
#3173,#3174,#3175,#3176,#3177,#3178,#3179,#3180,#3181,#3182,#3183,#3184,
#3185,#3186,#3187,#3188),.UNSPECIFIED.,.F.,.F.,(4,3,3,3,3,3,3,3,3,3,3,4),
(-1.61553826903731,-1.56784652682095,-1.53034816185243,-1.50124017576891,
-1.46278359431753,-1.44119762672469,-1.3869650749685,-1.34291225534855,
-1.29594021860544,-1.24906689813854,-1.23236717044327,-1.21553450093689),
 .UNSPECIFIED.);
#667=VERTEX_POINT('',#2229);
#668=VERTEX_POINT('',#2230);
#669=VERTEX_POINT('',#2295);
#670=VERTEX_POINT('',#2360);
#671=VERTEX_POINT('',#2361);
#672=VERTEX_POINT('',#2399);
#673=VERTEX_POINT('',#2400);
#674=VERTEX_POINT('',#2429);
#675=VERTEX_POINT('',#2430);
#676=VERTEX_POINT('',#2462);
#677=VERTEX_POINT('',#2463);
#678=VERTEX_POINT('',#2497);
#679=VERTEX_POINT('',#2498);
#680=VERTEX_POINT('',#2562);
#681=VERTEX_POINT('',#2563);
#682=VERTEX_POINT('',#2566);
#683=VERTEX_POINT('',#2569);
#684=VERTEX_POINT('',#2573);
#685=VERTEX_POINT('',#2575);
#686=VERTEX_POINT('',#2621);
#687=VERTEX_POINT('',#2623);
#688=VERTEX_POINT('',#2677);
#689=VERTEX_POINT('',#2679);
#690=VERTEX_POINT('',#2686);
#691=VERTEX_POINT('',#2721);
#692=VERTEX_POINT('',#2722);
#693=VERTEX_POINT('',#2724);
#694=VERTEX_POINT('',#2822);
#695=VERTEX_POINT('',#2942);
#696=VERTEX_POINT('',#2943);
#697=VERTEX_POINT('',#2945);
#698=VERTEX_POINT('',#2974);
#699=VERTEX_POINT('',#3013);
#700=VERTEX_POINT('',#3106);
#701=VERTEX_POINT('',#3111);
#702=VERTEX_POINT('',#3194);
#703=VERTEX_POINT('',#3197);
#704=VERTEX_POINT('',#3202);
#705=VERTEX_POINT('',#3204);
#706=VERTEX_POINT('',#3208);
#707=VERTEX_POINT('',#3212);
#708=VERTEX_POINT('',#3214);
#709=VERTEX_POINT('',#3218);
#710=VERTEX_POINT('',#3222);
#711=VERTEX_POINT('',#3224);
#712=VERTEX_POINT('',#3228);
#713=VERTEX_POINT('',#3232);
#714=VERTEX_POINT('',#3233);
#715=VERTEX_POINT('',#3235);
#716=VERTEX_POINT('',#3240);
#717=VERTEX_POINT('',#3243);
#718=VERTEX_POINT('',#3247);
#719=VERTEX_POINT('',#3248);
#720=VERTEX_POINT('',#3250);
#721=VERTEX_POINT('',#3255);
#722=VERTEX_POINT('',#3260);
#723=VERTEX_POINT('',#3261);
#724=VERTEX_POINT('',#3266);
#725=VERTEX_POINT('',#3270);
#726=VERTEX_POINT('',#3273);
#727=VERTEX_POINT('',#3279);
#728=VERTEX_POINT('',#3280);
#729=VERTEX_POINT('',#3284);
#730=VERTEX_POINT('',#3286);
#731=VERTEX_POINT('',#3292);
#732=VERTEX_POINT('',#3294);
#733=VERTEX_POINT('',#3296);
#734=VERTEX_POINT('',#3307);
#735=VERTEX_POINT('',#3309);
#736=VERTEX_POINT('',#3314);
#737=VERTEX_POINT('',#3316);
#738=VERTEX_POINT('',#3322);
#739=VERTEX_POINT('',#3324);
#740=VERTEX_POINT('',#3330);
#741=VERTEX_POINT('',#3331);
#742=VERTEX_POINT('',#3334);
#743=VERTEX_POINT('',#3335);
#744=VERTEX_POINT('',#3338);
#745=VERTEX_POINT('',#3339);
#746=VERTEX_POINT('',#3342);
#747=VERTEX_POINT('',#3343);
#748=VERTEX_POINT('',#3346);
#749=VERTEX_POINT('',#3347);
#750=VERTEX_POINT('',#3350);
#751=VERTEX_POINT('',#3351);
#752=VERTEX_POINT('',#3354);
#753=VERTEX_POINT('',#3355);
#754=VERTEX_POINT('',#3358);
#755=VERTEX_POINT('',#3359);
#756=VERTEX_POINT('',#3362);
#757=VERTEX_POINT('',#3363);
#758=VERTEX_POINT('',#3366);
#759=VERTEX_POINT('',#3367);
#760=VERTEX_POINT('',#3370);
#761=VERTEX_POINT('',#3372);
#762=VERTEX_POINT('',#3376);
#763=VERTEX_POINT('',#3380);
#764=VERTEX_POINT('',#3384);
#765=VERTEX_POINT('',#3386);
#766=VERTEX_POINT('',#3390);
#767=VERTEX_POINT('',#3392);
#768=VERTEX_POINT('',#3396);
#769=VERTEX_POINT('',#3398);
#770=VERTEX_POINT('',#3402);
#771=VERTEX_POINT('',#3404);
#772=VERTEX_POINT('',#3414);
#773=VERTEX_POINT('',#3416);
#774=VERTEX_POINT('',#3420);
#775=VERTEX_POINT('',#3424);
#776=VERTEX_POINT('',#3428);
#777=VERTEX_POINT('',#3430);
#778=VERTEX_POINT('',#3434);
#779=VERTEX_POINT('',#3436);
#780=VERTEX_POINT('',#3440);
#781=VERTEX_POINT('',#3442);
#782=VERTEX_POINT('',#3446);
#783=VERTEX_POINT('',#3448);
#784=VERTEX_POINT('',#3452);
#785=VERTEX_POINT('',#3454);
#786=VERTEX_POINT('',#3458);
#787=VERTEX_POINT('',#3460);
#788=VERTEX_POINT('',#3464);
#789=VERTEX_POINT('',#3468);
#790=VERTEX_POINT('',#3472);
#791=VERTEX_POINT('',#3474);
#792=VERTEX_POINT('',#3478);
#793=VERTEX_POINT('',#3480);
#794=EDGE_CURVE('',#667,#668,#643,.T.);
#795=EDGE_CURVE('',#668,#669,#644,.T.);
#796=EDGE_CURVE('',#669,#667,#528,.T.);
#797=EDGE_CURVE('',#670,#671,#529,.T.);
#798=EDGE_CURVE('',#671,#668,#645,.T.);
#799=EDGE_CURVE('',#668,#670,#646,.T.);
#800=EDGE_CURVE('',#672,#673,#530,.T.);
#801=EDGE_CURVE('',#673,#667,#531,.T.);
#802=EDGE_CURVE('',#669,#672,#532,.T.);
#803=EDGE_CURVE('',#674,#675,#533,.T.);
#804=EDGE_CURVE('',#675,#673,#647,.T.);
#805=EDGE_CURVE('',#672,#674,#648,.T.);
#806=EDGE_CURVE('',#676,#677,#534,.T.);
#807=EDGE_CURVE('',#677,#671,#535,.T.);
#808=EDGE_CURVE('',#670,#676,#536,.T.);
#809=EDGE_CURVE('',#678,#679,#537,.T.);
#810=EDGE_CURVE('',#679,#677,#649,.T.);
#811=EDGE_CURVE('',#676,#678,#650,.T.);
#812=EDGE_CURVE('',#680,#681,#538,.T.);
#813=EDGE_CURVE('',#674,#680,#161,.T.);
#814=EDGE_CURVE('',#682,#679,#162,.T.);
#815=EDGE_CURVE('',#681,#682,#539,.T.);
#816=EDGE_CURVE('',#681,#683,#163,.T.);
#817=EDGE_CURVE('',#683,#683,#540,.T.);
#818=EDGE_CURVE('',#673,#684,#541,.T.);
#819=EDGE_CURVE('',#684,#685,#164,.T.);
#820=EDGE_CURVE('',#685,#667,#542,.T.);
#821=EDGE_CURVE('',#685,#668,#651,.T.);
#822=EDGE_CURVE('',#675,#684,#543,.T.);
#823=EDGE_CURVE('',#670,#686,#544,.T.);
#824=EDGE_CURVE('',#686,#687,#165,.T.);
#825=EDGE_CURVE('',#687,#676,#545,.T.);
#826=EDGE_CURVE('',#687,#678,#546,.T.);
#827=EDGE_CURVE('',#668,#686,#652,.T.);
#828=EDGE_CURVE('',#688,#678,#166,.T.);
#829=EDGE_CURVE('',#689,#688,#653,.T.);
#830=EDGE_CURVE('',#689,#682,#547,.T.);
#831=EDGE_CURVE('',#687,#690,#167,.T.);
#832=EDGE_CURVE('',#688,#690,#548,.T.);
#833=EDGE_CURVE('',#691,#692,#549,.T.);
#834=EDGE_CURVE('',#692,#693,#654,.T.);
#835=EDGE_CURVE('',#693,#691,#655,.T.);
#836=EDGE_CURVE('',#689,#694,#550,.T.);
#837=EDGE_CURVE('',#694,#692,#656,.T.);
#838=EDGE_CURVE('',#691,#689,#657,.T.);
#839=EDGE_CURVE('',#690,#694,#658,.T.);
#840=EDGE_CURVE('',#693,#682,#659,.T.);
#841=EDGE_CURVE('',#695,#696,#551,.T.);
#842=EDGE_CURVE('',#696,#697,#660,.T.);
#843=EDGE_CURVE('',#697,#698,#552,.T.);
#844=EDGE_CURVE('',#698,#695,#661,.T.);
#845=EDGE_CURVE('',#697,#699,#662,.T.);
#846=EDGE_CURVE('',#699,#698,#663,.T.);
#847=EDGE_CURVE('',#695,#700,#664,.T.);
#848=EDGE_CURVE('',#700,#701,#553,.T.);
#849=EDGE_CURVE('',#701,#696,#665,.T.);
#850=EDGE_CURVE('',#675,#701,#168,.T.);
#851=EDGE_CURVE('',#700,#684,#169,.T.);
#852=EDGE_CURVE('',#690,#700,#170,.T.);
#853=EDGE_CURVE('',#698,#692,#171,.T.);
#854=EDGE_CURVE('',#696,#680,#554,.T.);
#855=EDGE_CURVE('',#680,#699,#666,.T.);
#856=EDGE_CURVE('',#699,#693,#555,.T.);
#857=EDGE_CURVE('',#702,#702,#556,.T.);
#858=EDGE_CURVE('',#703,#703,#557,.T.);
#859=EDGE_CURVE('',#703,#702,#172,.T.);
#860=EDGE_CURVE('',#704,#704,#558,.T.);
#861=EDGE_CURVE('',#704,#705,#173,.T.);
#862=EDGE_CURVE('',#705,#705,#559,.T.);
#863=EDGE_CURVE('',#706,#706,#560,.T.);
#864=EDGE_CURVE('',#706,#704,#174,.T.);
#865=EDGE_CURVE('',#707,#707,#561,.T.);
#866=EDGE_CURVE('',#707,#708,#175,.T.);
#867=EDGE_CURVE('',#708,#708,#562,.T.);
#868=EDGE_CURVE('',#709,#709,#563,.T.);
#869=EDGE_CURVE('',#709,#707,#176,.T.);
#870=EDGE_CURVE('',#710,#710,#564,.T.);
#871=EDGE_CURVE('',#710,#711,#177,.T.);
#872=EDGE_CURVE('',#711,#711,#565,.T.);
#873=EDGE_CURVE('',#712,#712,#566,.T.);
#874=EDGE_CURVE('',#712,#710,#178,.T.);
#875=EDGE_CURVE('',#713,#714,#567,.T.);
#876=EDGE_CURVE('',#714,#715,#568,.T.);
#877=EDGE_CURVE('',#715,#715,#569,.T.);
#878=EDGE_CURVE('',#714,#713,#570,.T.);
#879=EDGE_CURVE('',#716,#716,#571,.T.);
#880=EDGE_CURVE('',#717,#717,#572,.T.);
#881=EDGE_CURVE('',#717,#713,#179,.T.);
#882=EDGE_CURVE('',#718,#719,#573,.T.);
#883=EDGE_CURVE('',#719,#720,#574,.T.);
#884=EDGE_CURVE('',#720,#720,#575,.T.);
#885=EDGE_CURVE('',#719,#718,#576,.T.);
#886=EDGE_CURVE('',#721,#721,#577,.T.);
#887=EDGE_CURVE('',#716,#718,#180,.T.);
#888=EDGE_CURVE('',#722,#723,#578,.T.);
#889=EDGE_CURVE('',#723,#721,#181,.T.);
#890=EDGE_CURVE('',#723,#722,#579,.T.);
#891=EDGE_CURVE('',#722,#724,#182,.T.);
#892=EDGE_CURVE('',#724,#724,#580,.T.);
#893=EDGE_CURVE('',#725,#725,#581,.T.);
#894=EDGE_CURVE('',#726,#726,#582,.T.);
#895=EDGE_CURVE('',#726,#725,#183,.T.);
#896=EDGE_CURVE('',#727,#728,#13,.T.);
#897=EDGE_CURVE('',#728,#729,#583,.T.);
#898=EDGE_CURVE('',#729,#730,#14,.T.);
#899=EDGE_CURVE('',#730,#727,#584,.T.);
#900=EDGE_CURVE('',#731,#731,#585,.T.);
#901=EDGE_CURVE('',#731,#732,#184,.T.);
#902=EDGE_CURVE('',#732,#733,#586,.T.);
#903=EDGE_CURVE('',#733,#729,#185,.T.);
#904=EDGE_CURVE('',#728,#732,#186,.T.);
#905=EDGE_CURVE('',#733,#732,#187,.T.);
#906=EDGE_CURVE('',#730,#727,#188,.T.);
#907=EDGE_CURVE('',#734,#734,#587,.T.);
#908=EDGE_CURVE('',#734,#735,#189,.T.);
#909=EDGE_CURVE('',#735,#735,#588,.T.);
#910=EDGE_CURVE('',#736,#736,#589,.T.);
#911=EDGE_CURVE('',#736,#737,#190,.T.);
#912=EDGE_CURVE('',#737,#737,#590,.T.);
#913=EDGE_CURVE('',#738,#738,#591,.T.);
#914=EDGE_CURVE('',#738,#739,#191,.T.);
#915=EDGE_CURVE('',#739,#739,#592,.T.);
#916=EDGE_CURVE('',#740,#741,#593,.T.);
#917=EDGE_CURVE('',#742,#743,#594,.T.);
#918=EDGE_CURVE('',#744,#745,#595,.T.);
#919=EDGE_CURVE('',#746,#747,#596,.T.);
#920=EDGE_CURVE('',#748,#749,#597,.T.);
#921=EDGE_CURVE('',#750,#751,#598,.T.);
#922=EDGE_CURVE('',#752,#753,#599,.T.);
#923=EDGE_CURVE('',#754,#755,#600,.T.);
#924=EDGE_CURVE('',#756,#757,#601,.T.);
#925=EDGE_CURVE('',#758,#759,#602,.T.);
#926=EDGE_CURVE('',#760,#760,#603,.T.);
#927=EDGE_CURVE('',#760,#761,#604,.T.);
#928=EDGE_CURVE('',#761,#761,#605,.T.);
#929=EDGE_CURVE('',#760,#762,#192,.T.);
#930=EDGE_CURVE('',#762,#762,#606,.T.);
#931=EDGE_CURVE('',#763,#763,#607,.T.);
#932=EDGE_CURVE('',#763,#761,#193,.T.);
#933=EDGE_CURVE('',#764,#764,#608,.T.);
#934=EDGE_CURVE('',#764,#765,#194,.T.);
#935=EDGE_CURVE('',#765,#765,#609,.T.);
#936=EDGE_CURVE('',#766,#766,#610,.T.);
#937=EDGE_CURVE('',#766,#767,#195,.T.);
#938=EDGE_CURVE('',#767,#767,#611,.T.);
#939=EDGE_CURVE('',#768,#768,#612,.T.);
#940=EDGE_CURVE('',#768,#769,#613,.T.);
#941=EDGE_CURVE('',#769,#769,#614,.T.);
#942=EDGE_CURVE('',#770,#770,#615,.T.);
#943=EDGE_CURVE('',#770,#771,#616,.T.);
#944=EDGE_CURVE('',#771,#771,#617,.T.);
#945=EDGE_CURVE('',#768,#771,#196,.T.);
#946=EDGE_CURVE('',#772,#772,#618,.T.);
#947=EDGE_CURVE('',#772,#773,#619,.T.);
#948=EDGE_CURVE('',#773,#773,#620,.T.);
#949=EDGE_CURVE('',#774,#774,#621,.T.);
#950=EDGE_CURVE('',#774,#773,#197,.T.);
#951=EDGE_CURVE('',#772,#775,#198,.T.);
#952=EDGE_CURVE('',#775,#775,#622,.T.);
#953=EDGE_CURVE('',#776,#776,#623,.T.);
#954=EDGE_CURVE('',#776,#777,#199,.T.);
#955=EDGE_CURVE('',#777,#777,#624,.T.);
#956=EDGE_CURVE('',#778,#778,#625,.T.);
#957=EDGE_CURVE('',#778,#779,#200,.T.);
#958=EDGE_CURVE('',#779,#779,#626,.T.);
#959=EDGE_CURVE('',#780,#780,#627,.T.);
#960=EDGE_CURVE('',#780,#781,#201,.T.);
#961=EDGE_CURVE('',#781,#781,#628,.T.);
#962=EDGE_CURVE('',#782,#782,#629,.T.);
#963=EDGE_CURVE('',#782,#783,#202,.T.);
#964=EDGE_CURVE('',#783,#783,#630,.T.);
#965=EDGE_CURVE('',#784,#784,#631,.T.);
#966=EDGE_CURVE('',#784,#785,#203,.T.);
#967=EDGE_CURVE('',#785,#785,#632,.T.);
#968=EDGE_CURVE('',#786,#786,#633,.T.);
#969=EDGE_CURVE('',#786,#787,#204,.T.);
#970=EDGE_CURVE('',#787,#787,#634,.T.);
#971=EDGE_CURVE('',#788,#788,#635,.T.);
#972=EDGE_CURVE('',#788,#784,#205,.T.);
#973=EDGE_CURVE('',#786,#789,#206,.T.);
#974=EDGE_CURVE('',#789,#789,#636,.T.);
#975=EDGE_CURVE('',#790,#790,#637,.T.);
#976=EDGE_CURVE('',#790,#791,#638,.T.);
#977=EDGE_CURVE('',#791,#791,#639,.T.);
#978=EDGE_CURVE('',#792,#792,#640,.T.);
#979=EDGE_CURVE('',#792,#793,#641,.T.);
#980=EDGE_CURVE('',#793,#793,#642,.T.);
#981=EDGE_CURVE('',#792,#791,#207,.T.);
#982=ORIENTED_EDGE('',*,*,#794,.T.);
#983=ORIENTED_EDGE('',*,*,#795,.T.);
#984=ORIENTED_EDGE('',*,*,#796,.T.);
#985=ORIENTED_EDGE('',*,*,#797,.T.);
#986=ORIENTED_EDGE('',*,*,#798,.T.);
#987=ORIENTED_EDGE('',*,*,#799,.T.);
#988=ORIENTED_EDGE('',*,*,#800,.T.);
#989=ORIENTED_EDGE('',*,*,#801,.T.);
#990=ORIENTED_EDGE('',*,*,#796,.F.);
#991=ORIENTED_EDGE('',*,*,#802,.T.);
#992=ORIENTED_EDGE('',*,*,#803,.T.);
#993=ORIENTED_EDGE('',*,*,#804,.T.);
#994=ORIENTED_EDGE('',*,*,#800,.F.);
#995=ORIENTED_EDGE('',*,*,#805,.T.);
#996=ORIENTED_EDGE('',*,*,#806,.T.);
#997=ORIENTED_EDGE('',*,*,#807,.T.);
#998=ORIENTED_EDGE('',*,*,#797,.F.);
#999=ORIENTED_EDGE('',*,*,#808,.T.);
#1000=ORIENTED_EDGE('',*,*,#809,.T.);
#1001=ORIENTED_EDGE('',*,*,#810,.T.);
#1002=ORIENTED_EDGE('',*,*,#806,.F.);
#1003=ORIENTED_EDGE('',*,*,#811,.T.);
#1004=ORIENTED_EDGE('',*,*,#812,.F.);
#1005=ORIENTED_EDGE('',*,*,#813,.F.);
#1006=ORIENTED_EDGE('',*,*,#805,.F.);
#1007=ORIENTED_EDGE('',*,*,#802,.F.);
#1008=ORIENTED_EDGE('',*,*,#795,.F.);
#1009=ORIENTED_EDGE('',*,*,#798,.F.);
#1010=ORIENTED_EDGE('',*,*,#807,.F.);
#1011=ORIENTED_EDGE('',*,*,#810,.F.);
#1012=ORIENTED_EDGE('',*,*,#814,.F.);
#1013=ORIENTED_EDGE('',*,*,#815,.F.);
#1014=ORIENTED_EDGE('',*,*,#816,.T.);
#1015=ORIENTED_EDGE('',*,*,#817,.T.);
#1016=ORIENTED_EDGE('',*,*,#816,.F.);
#1017=ORIENTED_EDGE('',*,*,#801,.F.);
#1018=ORIENTED_EDGE('',*,*,#818,.T.);
#1019=ORIENTED_EDGE('',*,*,#819,.T.);
#1020=ORIENTED_EDGE('',*,*,#820,.T.);
#1021=ORIENTED_EDGE('',*,*,#794,.F.);
#1022=ORIENTED_EDGE('',*,*,#820,.F.);
#1023=ORIENTED_EDGE('',*,*,#821,.T.);
#1024=ORIENTED_EDGE('',*,*,#804,.F.);
#1025=ORIENTED_EDGE('',*,*,#822,.T.);
#1026=ORIENTED_EDGE('',*,*,#818,.F.);
#1027=ORIENTED_EDGE('',*,*,#808,.F.);
#1028=ORIENTED_EDGE('',*,*,#823,.T.);
#1029=ORIENTED_EDGE('',*,*,#824,.T.);
#1030=ORIENTED_EDGE('',*,*,#825,.T.);
#1031=ORIENTED_EDGE('',*,*,#811,.F.);
#1032=ORIENTED_EDGE('',*,*,#825,.F.);
#1033=ORIENTED_EDGE('',*,*,#826,.T.);
#1034=ORIENTED_EDGE('',*,*,#799,.F.);
#1035=ORIENTED_EDGE('',*,*,#827,.T.);
#1036=ORIENTED_EDGE('',*,*,#823,.F.);
#1037=ORIENTED_EDGE('',*,*,#809,.F.);
#1038=ORIENTED_EDGE('',*,*,#828,.F.);
#1039=ORIENTED_EDGE('',*,*,#829,.F.);
#1040=ORIENTED_EDGE('',*,*,#830,.T.);
#1041=ORIENTED_EDGE('',*,*,#814,.T.);
#1042=ORIENTED_EDGE('',*,*,#826,.F.);
#1043=ORIENTED_EDGE('',*,*,#831,.T.);
#1044=ORIENTED_EDGE('',*,*,#832,.F.);
#1045=ORIENTED_EDGE('',*,*,#828,.T.);
#1046=ORIENTED_EDGE('',*,*,#833,.T.);
#1047=ORIENTED_EDGE('',*,*,#834,.T.);
#1048=ORIENTED_EDGE('',*,*,#835,.T.);
#1049=ORIENTED_EDGE('',*,*,#836,.T.);
#1050=ORIENTED_EDGE('',*,*,#837,.T.);
#1051=ORIENTED_EDGE('',*,*,#833,.F.);
#1052=ORIENTED_EDGE('',*,*,#838,.T.);
#1053=ORIENTED_EDGE('',*,*,#832,.T.);
#1054=ORIENTED_EDGE('',*,*,#839,.T.);
#1055=ORIENTED_EDGE('',*,*,#836,.F.);
#1056=ORIENTED_EDGE('',*,*,#829,.T.);
#1057=ORIENTED_EDGE('',*,*,#838,.F.);
#1058=ORIENTED_EDGE('',*,*,#835,.F.);
#1059=ORIENTED_EDGE('',*,*,#840,.T.);
#1060=ORIENTED_EDGE('',*,*,#830,.F.);
#1061=ORIENTED_EDGE('',*,*,#841,.T.);
#1062=ORIENTED_EDGE('',*,*,#842,.T.);
#1063=ORIENTED_EDGE('',*,*,#843,.T.);
#1064=ORIENTED_EDGE('',*,*,#844,.T.);
#1065=ORIENTED_EDGE('',*,*,#843,.F.);
#1066=ORIENTED_EDGE('',*,*,#845,.T.);
#1067=ORIENTED_EDGE('',*,*,#846,.T.);
#1068=ORIENTED_EDGE('',*,*,#841,.F.);
#1069=ORIENTED_EDGE('',*,*,#847,.T.);
#1070=ORIENTED_EDGE('',*,*,#848,.T.);
#1071=ORIENTED_EDGE('',*,*,#849,.T.);
#1072=ORIENTED_EDGE('',*,*,#822,.F.);
#1073=ORIENTED_EDGE('',*,*,#850,.T.);
#1074=ORIENTED_EDGE('',*,*,#848,.F.);
#1075=ORIENTED_EDGE('',*,*,#851,.T.);
#1076=ORIENTED_EDGE('',*,*,#819,.F.);
#1077=ORIENTED_EDGE('',*,*,#851,.F.);
#1078=ORIENTED_EDGE('',*,*,#852,.F.);
#1079=ORIENTED_EDGE('',*,*,#831,.F.);
#1080=ORIENTED_EDGE('',*,*,#824,.F.);
#1081=ORIENTED_EDGE('',*,*,#827,.F.);
#1082=ORIENTED_EDGE('',*,*,#821,.F.);
#1083=ORIENTED_EDGE('',*,*,#839,.F.);
#1084=ORIENTED_EDGE('',*,*,#852,.T.);
#1085=ORIENTED_EDGE('',*,*,#847,.F.);
#1086=ORIENTED_EDGE('',*,*,#844,.F.);
#1087=ORIENTED_EDGE('',*,*,#853,.T.);
#1088=ORIENTED_EDGE('',*,*,#837,.F.);
#1089=ORIENTED_EDGE('',*,*,#842,.F.);
#1090=ORIENTED_EDGE('',*,*,#854,.T.);
#1091=ORIENTED_EDGE('',*,*,#855,.T.);
#1092=ORIENTED_EDGE('',*,*,#845,.F.);
#1093=ORIENTED_EDGE('',*,*,#803,.F.);
#1094=ORIENTED_EDGE('',*,*,#813,.T.);
#1095=ORIENTED_EDGE('',*,*,#854,.F.);
#1096=ORIENTED_EDGE('',*,*,#849,.F.);
#1097=ORIENTED_EDGE('',*,*,#850,.F.);
#1098=ORIENTED_EDGE('',*,*,#834,.F.);
#1099=ORIENTED_EDGE('',*,*,#853,.F.);
#1100=ORIENTED_EDGE('',*,*,#846,.F.);
#1101=ORIENTED_EDGE('',*,*,#856,.T.);
#1102=ORIENTED_EDGE('',*,*,#840,.F.);
#1103=ORIENTED_EDGE('',*,*,#856,.F.);
#1104=ORIENTED_EDGE('',*,*,#855,.F.);
#1105=ORIENTED_EDGE('',*,*,#812,.T.);
#1106=ORIENTED_EDGE('',*,*,#815,.T.);
#1107=ORIENTED_EDGE('',*,*,#857,.F.);
#1108=ORIENTED_EDGE('',*,*,#858,.F.);
#1109=ORIENTED_EDGE('',*,*,#859,.T.);
#1110=ORIENTED_EDGE('',*,*,#857,.T.);
#1111=ORIENTED_EDGE('',*,*,#859,.F.);
#1112=ORIENTED_EDGE('',*,*,#817,.F.);
#1113=ORIENTED_EDGE('',*,*,#858,.T.);
#1114=ORIENTED_EDGE('',*,*,#860,.F.);
#1115=ORIENTED_EDGE('',*,*,#861,.T.);
#1116=ORIENTED_EDGE('',*,*,#862,.F.);
#1117=ORIENTED_EDGE('',*,*,#861,.F.);
#1118=ORIENTED_EDGE('',*,*,#863,.F.);
#1119=ORIENTED_EDGE('',*,*,#864,.T.);
#1120=ORIENTED_EDGE('',*,*,#860,.T.);
#1121=ORIENTED_EDGE('',*,*,#864,.F.);
#1122=ORIENTED_EDGE('',*,*,#865,.F.);
#1123=ORIENTED_EDGE('',*,*,#866,.T.);
#1124=ORIENTED_EDGE('',*,*,#867,.F.);
#1125=ORIENTED_EDGE('',*,*,#866,.F.);
#1126=ORIENTED_EDGE('',*,*,#868,.F.);
#1127=ORIENTED_EDGE('',*,*,#869,.T.);
#1128=ORIENTED_EDGE('',*,*,#865,.T.);
#1129=ORIENTED_EDGE('',*,*,#869,.F.);
#1130=ORIENTED_EDGE('',*,*,#870,.F.);
#1131=ORIENTED_EDGE('',*,*,#871,.T.);
#1132=ORIENTED_EDGE('',*,*,#872,.F.);
#1133=ORIENTED_EDGE('',*,*,#871,.F.);
#1134=ORIENTED_EDGE('',*,*,#873,.F.);
#1135=ORIENTED_EDGE('',*,*,#874,.T.);
#1136=ORIENTED_EDGE('',*,*,#870,.T.);
#1137=ORIENTED_EDGE('',*,*,#874,.F.);
#1138=ORIENTED_EDGE('',*,*,#875,.T.);
#1139=ORIENTED_EDGE('',*,*,#876,.T.);
#1140=ORIENTED_EDGE('',*,*,#877,.T.);
#1141=ORIENTED_EDGE('',*,*,#876,.F.);
#1142=ORIENTED_EDGE('',*,*,#878,.T.);
#1143=ORIENTED_EDGE('',*,*,#877,.F.);
#1144=ORIENTED_EDGE('',*,*,#862,.T.);
#1145=ORIENTED_EDGE('',*,*,#867,.T.);
#1146=ORIENTED_EDGE('',*,*,#872,.T.);
#1147=ORIENTED_EDGE('',*,*,#879,.T.);
#1148=ORIENTED_EDGE('',*,*,#880,.F.);
#1149=ORIENTED_EDGE('',*,*,#881,.T.);
#1150=ORIENTED_EDGE('',*,*,#878,.F.);
#1151=ORIENTED_EDGE('',*,*,#875,.F.);
#1152=ORIENTED_EDGE('',*,*,#881,.F.);
#1153=ORIENTED_EDGE('',*,*,#882,.T.);
#1154=ORIENTED_EDGE('',*,*,#883,.T.);
#1155=ORIENTED_EDGE('',*,*,#884,.T.);
#1156=ORIENTED_EDGE('',*,*,#883,.F.);
#1157=ORIENTED_EDGE('',*,*,#885,.T.);
#1158=ORIENTED_EDGE('',*,*,#884,.F.);
#1159=ORIENTED_EDGE('',*,*,#886,.F.);
#1160=ORIENTED_EDGE('',*,*,#879,.F.);
#1161=ORIENTED_EDGE('',*,*,#887,.T.);
#1162=ORIENTED_EDGE('',*,*,#885,.F.);
#1163=ORIENTED_EDGE('',*,*,#882,.F.);
#1164=ORIENTED_EDGE('',*,*,#887,.F.);
#1165=ORIENTED_EDGE('',*,*,#888,.T.);
#1166=ORIENTED_EDGE('',*,*,#889,.T.);
#1167=ORIENTED_EDGE('',*,*,#886,.T.);
#1168=ORIENTED_EDGE('',*,*,#889,.F.);
#1169=ORIENTED_EDGE('',*,*,#890,.T.);
#1170=ORIENTED_EDGE('',*,*,#888,.F.);
#1171=ORIENTED_EDGE('',*,*,#891,.T.);
#1172=ORIENTED_EDGE('',*,*,#892,.T.);
#1173=ORIENTED_EDGE('',*,*,#891,.F.);
#1174=ORIENTED_EDGE('',*,*,#890,.F.);
#1175=ORIENTED_EDGE('',*,*,#880,.T.);
#1176=ORIENTED_EDGE('',*,*,#893,.F.);
#1177=ORIENTED_EDGE('',*,*,#894,.F.);
#1178=ORIENTED_EDGE('',*,*,#895,.T.);
#1179=ORIENTED_EDGE('',*,*,#893,.T.);
#1180=ORIENTED_EDGE('',*,*,#895,.F.);
#1181=ORIENTED_EDGE('',*,*,#894,.T.);
#1182=ORIENTED_EDGE('',*,*,#863,.T.);
#1183=ORIENTED_EDGE('',*,*,#868,.T.);
#1184=ORIENTED_EDGE('',*,*,#873,.T.);
#1185=ORIENTED_EDGE('',*,*,#892,.F.);
#1186=ORIENTED_EDGE('',*,*,#896,.T.);
#1187=ORIENTED_EDGE('',*,*,#897,.T.);
#1188=ORIENTED_EDGE('',*,*,#898,.T.);
#1189=ORIENTED_EDGE('',*,*,#899,.T.);
#1190=ORIENTED_EDGE('',*,*,#900,.F.);
#1191=ORIENTED_EDGE('',*,*,#901,.T.);
#1192=ORIENTED_EDGE('',*,*,#902,.T.);
#1193=ORIENTED_EDGE('',*,*,#903,.T.);
#1194=ORIENTED_EDGE('',*,*,#897,.F.);
#1195=ORIENTED_EDGE('',*,*,#904,.T.);
#1196=ORIENTED_EDGE('',*,*,#901,.F.);
#1197=ORIENTED_EDGE('',*,*,#898,.F.);
#1198=ORIENTED_EDGE('',*,*,#903,.F.);
#1199=ORIENTED_EDGE('',*,*,#905,.T.);
#1200=ORIENTED_EDGE('',*,*,#904,.F.);
#1201=ORIENTED_EDGE('',*,*,#896,.F.);
#1202=ORIENTED_EDGE('',*,*,#906,.F.);
#1203=ORIENTED_EDGE('',*,*,#902,.F.);
#1204=ORIENTED_EDGE('',*,*,#905,.F.);
#1205=ORIENTED_EDGE('',*,*,#899,.F.);
#1206=ORIENTED_EDGE('',*,*,#906,.T.);
#1207=ORIENTED_EDGE('',*,*,#900,.T.);
#1208=ORIENTED_EDGE('',*,*,#907,.F.);
#1209=ORIENTED_EDGE('',*,*,#908,.T.);
#1210=ORIENTED_EDGE('',*,*,#909,.F.);
#1211=ORIENTED_EDGE('',*,*,#908,.F.);
#1212=ORIENTED_EDGE('',*,*,#907,.T.);
#1213=ORIENTED_EDGE('',*,*,#910,.F.);
#1214=ORIENTED_EDGE('',*,*,#911,.T.);
#1215=ORIENTED_EDGE('',*,*,#912,.T.);
#1216=ORIENTED_EDGE('',*,*,#911,.F.);
#1217=ORIENTED_EDGE('',*,*,#910,.T.);
#1218=ORIENTED_EDGE('',*,*,#909,.T.);
#1219=ORIENTED_EDGE('',*,*,#912,.F.);
#1220=ORIENTED_EDGE('',*,*,#913,.F.);
#1221=ORIENTED_EDGE('',*,*,#914,.T.);
#1222=ORIENTED_EDGE('',*,*,#915,.T.);
#1223=ORIENTED_EDGE('',*,*,#914,.F.);
#1224=ORIENTED_EDGE('',*,*,#913,.T.);
#1225=ORIENTED_EDGE('',*,*,#915,.F.);
#1226=ORIENTED_EDGE('',*,*,#916,.T.);
#1227=ORIENTED_EDGE('',*,*,#916,.F.);
#1228=ORIENTED_EDGE('',*,*,#917,.T.);
#1229=ORIENTED_EDGE('',*,*,#917,.F.);
#1230=ORIENTED_EDGE('',*,*,#918,.T.);
#1231=ORIENTED_EDGE('',*,*,#918,.F.);
#1232=ORIENTED_EDGE('',*,*,#919,.T.);
#1233=ORIENTED_EDGE('',*,*,#919,.F.);
#1234=ORIENTED_EDGE('',*,*,#920,.T.);
#1235=ORIENTED_EDGE('',*,*,#920,.F.);
#1236=ORIENTED_EDGE('',*,*,#921,.T.);
#1237=ORIENTED_EDGE('',*,*,#921,.F.);
#1238=ORIENTED_EDGE('',*,*,#922,.T.);
#1239=ORIENTED_EDGE('',*,*,#922,.F.);
#1240=ORIENTED_EDGE('',*,*,#923,.T.);
#1241=ORIENTED_EDGE('',*,*,#923,.F.);
#1242=ORIENTED_EDGE('',*,*,#924,.T.);
#1243=ORIENTED_EDGE('',*,*,#924,.F.);
#1244=ORIENTED_EDGE('',*,*,#925,.T.);
#1245=ORIENTED_EDGE('',*,*,#925,.F.);
#1246=ORIENTED_EDGE('',*,*,#926,.F.);
#1247=ORIENTED_EDGE('',*,*,#927,.T.);
#1248=ORIENTED_EDGE('',*,*,#928,.T.);
#1249=ORIENTED_EDGE('',*,*,#927,.F.);
#1250=ORIENTED_EDGE('',*,*,#926,.T.);
#1251=ORIENTED_EDGE('',*,*,#929,.T.);
#1252=ORIENTED_EDGE('',*,*,#930,.F.);
#1253=ORIENTED_EDGE('',*,*,#929,.F.);
#1254=ORIENTED_EDGE('',*,*,#931,.T.);
#1255=ORIENTED_EDGE('',*,*,#932,.T.);
#1256=ORIENTED_EDGE('',*,*,#928,.F.);
#1257=ORIENTED_EDGE('',*,*,#932,.F.);
#1258=ORIENTED_EDGE('',*,*,#933,.T.);
#1259=ORIENTED_EDGE('',*,*,#934,.T.);
#1260=ORIENTED_EDGE('',*,*,#935,.F.);
#1261=ORIENTED_EDGE('',*,*,#934,.F.);
#1262=ORIENTED_EDGE('',*,*,#936,.T.);
#1263=ORIENTED_EDGE('',*,*,#937,.T.);
#1264=ORIENTED_EDGE('',*,*,#938,.F.);
#1265=ORIENTED_EDGE('',*,*,#937,.F.);
#1266=ORIENTED_EDGE('',*,*,#939,.F.);
#1267=ORIENTED_EDGE('',*,*,#940,.T.);
#1268=ORIENTED_EDGE('',*,*,#941,.T.);
#1269=ORIENTED_EDGE('',*,*,#940,.F.);
#1270=ORIENTED_EDGE('',*,*,#942,.F.);
#1271=ORIENTED_EDGE('',*,*,#943,.T.);
#1272=ORIENTED_EDGE('',*,*,#944,.T.);
#1273=ORIENTED_EDGE('',*,*,#943,.F.);
#1274=ORIENTED_EDGE('',*,*,#939,.T.);
#1275=ORIENTED_EDGE('',*,*,#945,.T.);
#1276=ORIENTED_EDGE('',*,*,#944,.F.);
#1277=ORIENTED_EDGE('',*,*,#945,.F.);
#1278=ORIENTED_EDGE('',*,*,#936,.F.);
#1279=ORIENTED_EDGE('',*,*,#942,.T.);
#1280=ORIENTED_EDGE('',*,*,#935,.T.);
#1281=ORIENTED_EDGE('',*,*,#941,.F.);
#1282=ORIENTED_EDGE('',*,*,#931,.F.);
#1283=ORIENTED_EDGE('',*,*,#938,.T.);
#1284=ORIENTED_EDGE('',*,*,#930,.T.);
#1285=ORIENTED_EDGE('',*,*,#933,.F.);
#1286=ORIENTED_EDGE('',*,*,#946,.F.);
#1287=ORIENTED_EDGE('',*,*,#947,.T.);
#1288=ORIENTED_EDGE('',*,*,#948,.T.);
#1289=ORIENTED_EDGE('',*,*,#947,.F.);
#1290=ORIENTED_EDGE('',*,*,#949,.T.);
#1291=ORIENTED_EDGE('',*,*,#950,.T.);
#1292=ORIENTED_EDGE('',*,*,#948,.F.);
#1293=ORIENTED_EDGE('',*,*,#950,.F.);
#1294=ORIENTED_EDGE('',*,*,#946,.T.);
#1295=ORIENTED_EDGE('',*,*,#951,.T.);
#1296=ORIENTED_EDGE('',*,*,#952,.F.);
#1297=ORIENTED_EDGE('',*,*,#951,.F.);
#1298=ORIENTED_EDGE('',*,*,#953,.T.);
#1299=ORIENTED_EDGE('',*,*,#954,.T.);
#1300=ORIENTED_EDGE('',*,*,#955,.F.);
#1301=ORIENTED_EDGE('',*,*,#954,.F.);
#1302=ORIENTED_EDGE('',*,*,#956,.T.);
#1303=ORIENTED_EDGE('',*,*,#957,.T.);
#1304=ORIENTED_EDGE('',*,*,#958,.T.);
#1305=ORIENTED_EDGE('',*,*,#957,.F.);
#1306=ORIENTED_EDGE('',*,*,#959,.T.);
#1307=ORIENTED_EDGE('',*,*,#960,.T.);
#1308=ORIENTED_EDGE('',*,*,#961,.F.);
#1309=ORIENTED_EDGE('',*,*,#960,.F.);
#1310=ORIENTED_EDGE('',*,*,#962,.T.);
#1311=ORIENTED_EDGE('',*,*,#963,.T.);
#1312=ORIENTED_EDGE('',*,*,#964,.F.);
#1313=ORIENTED_EDGE('',*,*,#963,.F.);
#1314=ORIENTED_EDGE('',*,*,#965,.T.);
#1315=ORIENTED_EDGE('',*,*,#966,.T.);
#1316=ORIENTED_EDGE('',*,*,#967,.F.);
#1317=ORIENTED_EDGE('',*,*,#966,.F.);
#1318=ORIENTED_EDGE('',*,*,#968,.T.);
#1319=ORIENTED_EDGE('',*,*,#969,.T.);
#1320=ORIENTED_EDGE('',*,*,#970,.F.);
#1321=ORIENTED_EDGE('',*,*,#969,.F.);
#1322=ORIENTED_EDGE('',*,*,#971,.T.);
#1323=ORIENTED_EDGE('',*,*,#972,.T.);
#1324=ORIENTED_EDGE('',*,*,#965,.F.);
#1325=ORIENTED_EDGE('',*,*,#972,.F.);
#1326=ORIENTED_EDGE('',*,*,#968,.F.);
#1327=ORIENTED_EDGE('',*,*,#973,.T.);
#1328=ORIENTED_EDGE('',*,*,#974,.F.);
#1329=ORIENTED_EDGE('',*,*,#973,.F.);
#1330=ORIENTED_EDGE('',*,*,#975,.F.);
#1331=ORIENTED_EDGE('',*,*,#976,.T.);
#1332=ORIENTED_EDGE('',*,*,#977,.T.);
#1333=ORIENTED_EDGE('',*,*,#976,.F.);
#1334=ORIENTED_EDGE('',*,*,#978,.F.);
#1335=ORIENTED_EDGE('',*,*,#979,.T.);
#1336=ORIENTED_EDGE('',*,*,#980,.T.);
#1337=ORIENTED_EDGE('',*,*,#979,.F.);
#1338=ORIENTED_EDGE('',*,*,#978,.T.);
#1339=ORIENTED_EDGE('',*,*,#981,.T.);
#1340=ORIENTED_EDGE('',*,*,#977,.F.);
#1341=ORIENTED_EDGE('',*,*,#981,.F.);
#1342=ORIENTED_EDGE('',*,*,#980,.F.);
#1343=ORIENTED_EDGE('',*,*,#974,.T.);
#1344=ORIENTED_EDGE('',*,*,#975,.T.);
#1345=ORIENTED_EDGE('',*,*,#971,.F.);
#1346=ORIENTED_EDGE('',*,*,#970,.T.);
#1347=ORIENTED_EDGE('',*,*,#962,.F.);
#1348=ORIENTED_EDGE('',*,*,#967,.T.);
#1349=ORIENTED_EDGE('',*,*,#959,.F.);
#1350=ORIENTED_EDGE('',*,*,#958,.F.);
#1351=ORIENTED_EDGE('',*,*,#964,.T.);
#1352=ORIENTED_EDGE('',*,*,#953,.F.);
#1353=ORIENTED_EDGE('',*,*,#961,.T.);
#1354=ORIENTED_EDGE('',*,*,#956,.F.);
#1355=ORIENTED_EDGE('',*,*,#952,.T.);
#1356=ORIENTED_EDGE('',*,*,#955,.T.);
#1357=ORIENTED_EDGE('',*,*,#949,.F.);
#1358=B_SPLINE_SURFACE_WITH_KNOTS('',3,3,((#2189,#2190,#2191,#2192,#2193,
#2194,#2195,#2196),(#2197,#2198,#2199,#2200,#2201,#2202,#2203,#2204),(#2205,
#2206,#2207,#2208,#2209,#2210,#2211,#2212),(#2213,#2214,#2215,#2216,#2217,
#2218,#2219,#2220),(#2221,#2222,#2223,#2224,#2225,#2226,#2227,#2228)),
 .UNSPECIFIED.,.F.,.F.,.F.,(4,1,4),(4,1,1,2,4),(0.,0.5,1.00006027613075),
(-6.02761307503593E-5,0.24901411972008,0.37352117958012,0.6225352993002,
0.625563776401409),.UNSPECIFIED.);
#1359=B_SPLINE_SURFACE_WITH_KNOTS('',3,3,((#2328,#2329,#2330,#2331,#2332,
#2333,#2334,#2335),(#2336,#2337,#2338,#2339,#2340,#2341,#2342,#2343),(#2344,
#2345,#2346,#2347,#2348,#2349,#2350,#2351),(#2352,#2353,#2354,#2355,#2356,
#2357,#2358,#2359)),.UNSPECIFIED.,.F.,.F.,.F.,(4,4),(4,2,1,1,4),(0.,1.),
(-0.00302847717884686,0.,0.249014119688216,0.373521179532325,0.622535299220541),
 .UNSPECIFIED.);
#1360=B_SPLINE_SURFACE_WITH_KNOTS('',3,3,((#2379,#2380,#2381,#2382),(#2383,
#2384,#2385,#2386),(#2387,#2388,#2389,#2390),(#2391,#2392,#2393,#2394),
(#2395,#2396,#2397,#2398)),.UNSPECIFIED.,.F.,.F.,.F.,(4,1,4),(4,4),(0.,
0.5,1.),(0.662217051695082,0.702898134213553),.UNSPECIFIED.);
#1361=B_SPLINE_SURFACE_WITH_KNOTS('',3,3,((#2404,#2405,#2406,#2407,#2408),
(#2409,#2410,#2411,#2412,#2413),(#2414,#2415,#2416,#2417,#2418),(#2419,
#2420,#2421,#2422,#2423),(#2424,#2425,#2426,#2427,#2428)),.UNSPECIFIED.,
 .F.,.F.,.F.,(4,1,4),(4,1,4),(0.,0.5,1.),(0.825664461312691,0.961482559803482,
1.1425733577912),.UNSPECIFIED.);
#1362=B_SPLINE_SURFACE_WITH_KNOTS('',3,3,((#2442,#2443,#2444,#2445),(#2446,
#2447,#2448,#2449),(#2450,#2451,#2452,#2453),(#2454,#2455,#2456,#2457),
(#2458,#2459,#2460,#2461)),.UNSPECIFIED.,.F.,.F.,.F.,(4,1,4),(4,4),(0.,
0.5,1.),(0.,0.0406811250224548),.UNSPECIFIED.);
#1363=B_SPLINE_SURFACE_WITH_KNOTS('',3,3,((#2467,#2468,#2469,#2470,#2471,
#2472),(#2473,#2474,#2475,#2476,#2477,#2478),(#2479,#2480,#2481,#2482,#2483,
#2484),(#2485,#2486,#2487,#2488,#2489,#2490),(#2491,#2492,#2493,#2494,#2495,
#2496)),.UNSPECIFIED.,.F.,.F.,.F.,(4,1,4),(4,1,1,4),(0.,0.5,1.00078888007405),
(-0.000788880074050638,0.135818527427674,0.226364212379456,0.317698777405289),
 .UNSPECIFIED.);
#1364=B_SPLINE_SURFACE_WITH_KNOTS('',3,3,((#2578,#2579,#2580,#2581,#2582,
#2583,#2584,#2585),(#2586,#2587,#2588,#2589,#2590,#2591,#2592,#2593),(#2594,
#2595,#2596,#2597,#2598,#2599,#2600,#2601),(#2602,#2603,#2604,#2605,#2606,
#2607,#2608,#2609)),.UNSPECIFIED.,.F.,.F.,.F.,(4,4),(4,2,1,1,4),(0.295958455402205,
1.),(-0.913943177559493,-0.912263746258029,-0.540978855651559,-0.417217225449403,
-0.293455595247246),.UNSPECIFIED.);
#1365=B_SPLINE_SURFACE_WITH_KNOTS('',3,3,((#2628,#2629,#2630,#2631,#2632,
#2633,#2634,#2635),(#2636,#2637,#2638,#2639,#2640,#2641,#2642,#2643),(#2644,
#2645,#2646,#2647,#2648,#2649,#2650,#2651),(#2652,#2653,#2654,#2655,#2656,
#2657,#2658,#2659),(#2660,#2661,#2662,#2663,#2664,#2665,#2666,#2667)),
 .UNSPECIFIED.,.F.,.F.,.F.,(4,1,4),(4,1,1,2,4),(0.295958455247228,0.647979227623614,
1.),(-0.61880913058871,-0.371285478353226,-0.247523652235484,0.,0.00167844943731155),
 .UNSPECIFIED.);
#1366=B_SPLINE_SURFACE_WITH_KNOTS('',3,3,((#2689,#2690,#2691,#2692,#2693,
#2694,#2695,#2696),(#2697,#2698,#2699,#2700,#2701,#2702,#2703,#2704),(#2705,
#2706,#2707,#2708,#2709,#2710,#2711,#2712),(#2713,#2714,#2715,#2716,#2717,
#2718,#2719,#2720)),.UNSPECIFIED.,.F.,.F.,.F.,(4,4),(4,2,1,1,4),(-0.0176471379011772,
1.00002440957101),(-0.231672199107389,-0.230839239999802,-0.138503543999881,
-0.0923356959999206,0.0176471379011772),.UNSPECIFIED.);
#1367=B_SPLINE_SURFACE_WITH_KNOTS('',3,3,((#2797,#2798,#2799,#2800,#2801),
(#2802,#2803,#2804,#2805,#2806),(#2807,#2808,#2809,#2810,#2811),(#2812,
#2813,#2814,#2815,#2816),(#2817,#2818,#2819,#2820,#2821)),.UNSPECIFIED.,
 .F.,.F.,.F.,(4,1,4),(4,1,4),(-0.000161859262500137,0.571428571428571,1.),
(-0.000161823124923536,0.0487366810337512,0.0976352213300024),
 .UNSPECIFIED.);
#1368=B_SPLINE_SURFACE_WITH_KNOTS('',3,3,((#2857,#2858,#2859,#2860),(#2861,
#2862,#2863,#2864),(#2865,#2866,#2867,#2868),(#2869,#2870,#2871,#2872),
(#2873,#2874,#2875,#2876)),.UNSPECIFIED.,.F.,.F.,.F.,(4,1,4),(4,4),(0.,
0.571428571428571,1.),(0.,0.0644160742580355),.UNSPECIFIED.);
#1369=B_SPLINE_SURFACE_WITH_KNOTS('',3,3,((#2881,#2882,#2883,#2884,#2885,
#2886),(#2887,#2888,#2889,#2890,#2891,#2892),(#2893,#2894,#2895,#2896,#2897,
#2898),(#2899,#2900,#2901,#2902,#2903,#2904),(#2905,#2906,#2907,#2908,#2909,
#2910)),.UNSPECIFIED.,.F.,.F.,.F.,(4,1,4),(4,1,1,4),(0.,0.427219345601458,
0.854438691202916),(1.61553826903731,1.72982505994051,1.84411185084372,
2.01554203719854),.UNSPECIFIED.);
#1370=B_SPLINE_SURFACE_WITH_KNOTS('',3,3,((#2917,#2918,#2919,#2920,#2921),
(#2922,#2923,#2924,#2925,#2926),(#2927,#2928,#2929,#2930,#2931),(#2932,
#2933,#2934,#2935,#2936),(#2937,#2938,#2939,#2940,#2941)),.UNSPECIFIED.,
 .F.,.F.,.F.,(4,1,4),(4,1,4),(0.,0.571428571428571,1.00016178745799),(-0.000161751383021852,
0.0487366810337506,0.0976351495254897),.UNSPECIFIED.);
#1371=B_SPLINE_SURFACE_WITH_KNOTS('',3,3,((#2981,#2982,#2983,#2984,#2985,
#2986,#2987,#2988),(#2989,#2990,#2991,#2992,#2993,#2994,#2995,#2996),(#2997,
#2998,#2999,#3000,#3001,#3002,#3003,#3004),(#3005,#3006,#3007,#3008,#3009,
#3010,#3011,#3012)),.UNSPECIFIED.,.F.,.F.,.F.,(4,4),(4,2,1,1,4),(-2.44095754269733E-5,
1.01768443656579),(-0.000832959107942596,0.,0.0923356959997789,0.138503543999668,
0.248523676565237),.UNSPECIFIED.);
#1372=B_SPLINE_SURFACE_WITH_KNOTS('',3,3,((#3086,#3087,#3088,#3089),(#3090,
#3091,#3092,#3093),(#3094,#3095,#3096,#3097),(#3098,#3099,#3100,#3101),
(#3102,#3103,#3104,#3105)),.UNSPECIFIED.,.F.,.F.,.F.,(4,1,4),(4,4),(0.,
0.571428571428571,1.),(0.,0.0644160742580863),.UNSPECIFIED.);
#1373=B_SPLINE_SURFACE_WITH_KNOTS('',3,3,((#3124,#3125,#3126,#3127,#3128,
#3129),(#3130,#3131,#3132,#3133,#3134,#3135),(#3136,#3137,#3138,#3139,#3140,
#3141),(#3142,#3143,#3144,#3145,#3146,#3147),(#3148,#3149,#3150,#3151,#3152,
#3153)),.UNSPECIFIED.,.F.,.F.,.F.,(4,1,4),(4,1,1,4),(0.,0.427219345601454,
0.854438691202908),(1.21553450087608,1.38696468723089,1.5012514781341,1.61553826903731),
 .UNSPECIFIED.);
#1374=ADVANCED_FACE('',(#289),#1358,.T.);
#1375=ADVANCED_FACE('',(#290),#1359,.T.);
#1376=ADVANCED_FACE('',(#291),#1360,.T.);
#1377=ADVANCED_FACE('',(#292),#1361,.T.);
#1378=ADVANCED_FACE('',(#293),#1362,.T.);
#1379=ADVANCED_FACE('',(#294),#1363,.T.);
#1380=ADVANCED_FACE('',(#295),#255,.T.);
#1381=ADVANCED_FACE('',(#296),#256,.T.);
#1382=ADVANCED_FACE('',(#297),#1364,.F.);
#1383=ADVANCED_FACE('',(#298),#149,.T.);
#1384=ADVANCED_FACE('',(#299),#257,.T.);
#1385=ADVANCED_FACE('',(#300),#150,.T.);
#1386=ADVANCED_FACE('',(#301),#1365,.F.);
#1387=ADVANCED_FACE('',(#302),#258,.F.);
#1388=ADVANCED_FACE('',(#303),#259,.T.);
#1389=ADVANCED_FACE('',(#304),#1366,.F.);
#1390=ADVANCED_FACE('',(#305),#1367,.F.);
#1391=ADVANCED_FACE('',(#306),#1368,.F.);
#1392=ADVANCED_FACE('',(#307),#1369,.T.);
#1393=ADVANCED_FACE('',(#308),#1370,.F.);
#1394=ADVANCED_FACE('',(#309),#1371,.F.);
#1395=ADVANCED_FACE('',(#310),#1372,.F.);
#1396=ADVANCED_FACE('',(#311),#260,.T.);
#1397=ADVANCED_FACE('',(#312),#119,.T.);
#1398=ADVANCED_FACE('',(#313),#261,.T.);
#1399=ADVANCED_FACE('',(#314),#1373,.T.);
#1400=ADVANCED_FACE('',(#315),#262,.F.);
#1401=ADVANCED_FACE('',(#316),#120,.T.);
#1402=ADVANCED_FACE('',(#317),#110,.T.);
#1403=ADVANCED_FACE('',(#318),#121,.T.);
#1404=ADVANCED_FACE('',(#319),#263,.F.);
#1405=ADVANCED_FACE('',(#320,#87),#122,.T.);
#1406=ADVANCED_FACE('',(#321),#15,.F.);
#1407=ADVANCED_FACE('',(#322),#264,.F.);
#1408=ADVANCED_FACE('',(#323),#16,.F.);
#1409=ADVANCED_FACE('',(#324),#265,.F.);
#1410=ADVANCED_FACE('',(#325),#17,.F.);
#1411=ADVANCED_FACE('',(#326),#266,.F.);
#1412=ADVANCED_FACE('',(#327),#111,.T.);
#1413=ADVANCED_FACE('',(#328,#88,#89,#90,#91),#123,.T.);
#1414=ADVANCED_FACE('',(#329),#267,.T.);
#1415=ADVANCED_FACE('',(#330),#112,.T.);
#1416=ADVANCED_FACE('',(#331,#92),#124,.T.);
#1417=ADVANCED_FACE('',(#332),#268,.T.);
#1418=ADVANCED_FACE('',(#333),#18,.F.);
#1419=ADVANCED_FACE('',(#334),#269,.F.);
#1420=ADVANCED_FACE('',(#335,#93),#125,.T.);
#1421=ADVANCED_FACE('',(#336),#270,.T.);
#1422=ADVANCED_FACE('',(#337,#94,#95,#96),#126,.T.);
#1423=ADVANCED_FACE('',(#338),#127,.T.);
#1424=ADVANCED_FACE('',(#339),#19,.T.);
#1425=ADVANCED_FACE('',(#340),#271,.T.);
#1426=ADVANCED_FACE('',(#341),#128,.F.);
#1427=ADVANCED_FACE('',(#342),#129,.T.);
#1428=ADVANCED_FACE('',(#343),#130,.T.);
#1429=ADVANCED_FACE('',(#344),#131,.T.);
#1430=ADVANCED_FACE('',(#345),#272,.T.);
#1431=ADVANCED_FACE('',(#346),#132,.T.);
#1432=ADVANCED_FACE('',(#347),#273,.T.);
#1433=ADVANCED_FACE('',(#348,#97),#133,.T.);
#1434=ADVANCED_FACE('',(#349),#134,.F.);
#1435=ADVANCED_FACE('',(#350),#274,.T.);
#1436=ADVANCED_FACE('',(#351),#135,.T.);
#1437=ADVANCED_FACE('',(#352),#136,.F.);
#1438=ADVANCED_FACE('',(#353),#151,.T.);
#1439=ADVANCED_FACE('',(#354),#152,.T.);
#1440=ADVANCED_FACE('',(#355),#153,.T.);
#1441=ADVANCED_FACE('',(#356),#154,.T.);
#1442=ADVANCED_FACE('',(#357),#155,.T.);
#1443=ADVANCED_FACE('',(#358),#156,.T.);
#1444=ADVANCED_FACE('',(#359),#157,.T.);
#1445=ADVANCED_FACE('',(#360),#158,.T.);
#1446=ADVANCED_FACE('',(#361),#159,.T.);
#1447=ADVANCED_FACE('',(#362),#160,.T.);
#1448=ADVANCED_FACE('',(#363),#113,.F.);
#1449=ADVANCED_FACE('',(#364),#275,.T.);
#1450=ADVANCED_FACE('',(#365),#276,.T.);
#1451=ADVANCED_FACE('',(#366),#277,.T.);
#1452=ADVANCED_FACE('',(#367),#278,.T.);
#1453=ADVANCED_FACE('',(#368),#114,.T.);
#1454=ADVANCED_FACE('',(#369),#115,.T.);
#1455=ADVANCED_FACE('',(#370),#279,.F.);
#1456=ADVANCED_FACE('',(#371,#98),#137,.T.);
#1457=ADVANCED_FACE('',(#372,#99),#138,.T.);
#1458=ADVANCED_FACE('',(#373,#100),#139,.T.);
#1459=ADVANCED_FACE('',(#374,#101),#140,.T.);
#1460=ADVANCED_FACE('',(#375),#116,.F.);
#1461=ADVANCED_FACE('',(#376),#280,.F.);
#1462=ADVANCED_FACE('',(#377),#281,.F.);
#1463=ADVANCED_FACE('',(#378),#282,.F.);
#1464=ADVANCED_FACE('',(#379),#283,.F.);
#1465=ADVANCED_FACE('',(#380),#284,.F.);
#1466=ADVANCED_FACE('',(#381),#285,.F.);
#1467=ADVANCED_FACE('',(#382),#20,.T.);
#1468=ADVANCED_FACE('',(#383),#21,.T.);
#1469=ADVANCED_FACE('',(#384),#286,.F.);
#1470=ADVANCED_FACE('',(#385),#287,.F.);
#1471=ADVANCED_FACE('',(#386),#117,.T.);
#1472=ADVANCED_FACE('',(#387),#118,.T.);
#1473=ADVANCED_FACE('',(#388),#288,.T.);
#1474=ADVANCED_FACE('',(#389,#102),#141,.T.);
#1475=ADVANCED_FACE('',(#390,#103),#142,.T.);
#1476=ADVANCED_FACE('',(#391,#104),#143,.T.);
#1477=ADVANCED_FACE('',(#392,#105),#144,.T.);
#1478=ADVANCED_FACE('',(#393,#106),#145,.T.);
#1479=ADVANCED_FACE('',(#394,#107),#146,.T.);
#1480=ADVANCED_FACE('',(#395,#108),#147,.T.);
#1481=ADVANCED_FACE('',(#396,#109),#148,.T.);
#1482=CLOSED_SHELL('',(#1374,#1375,#1376,#1377,#1378,#1379,#1380,#1381,
#1382,#1383,#1384,#1385,#1386,#1387,#1388,#1389,#1390,#1391,#1392,#1393,
#1394,#1395,#1396,#1397,#1398,#1399,#1400,#1401,#1402,#1403,#1404,#1405));
#1483=CLOSED_SHELL('',(#1406,#1407,#1408,#1409,#1410,#1411,#1412,#1413,
#1414,#1415,#1416,#1417,#1418,#1419,#1420,#1421,#1422,#1423));
#1484=CLOSED_SHELL('',(#1424,#1425,#1426,#1427,#1428,#1429));
#1485=CLOSED_SHELL('',(#1430,#1431,#1432,#1433,#1434));
#1486=CLOSED_SHELL('',(#1435,#1436,#1437));
#1487=CLOSED_SHELL('',(#1438));
#1488=CLOSED_SHELL('',(#1439));
#1489=CLOSED_SHELL('',(#1440));
#1490=CLOSED_SHELL('',(#1441));
#1491=CLOSED_SHELL('',(#1442));
#1492=CLOSED_SHELL('',(#1443));
#1493=CLOSED_SHELL('',(#1444));
#1494=CLOSED_SHELL('',(#1445));
#1495=CLOSED_SHELL('',(#1446));
#1496=CLOSED_SHELL('',(#1447));
#1497=CLOSED_SHELL('',(#1448,#1449,#1450,#1451,#1452,#1453,#1454,#1455,
#1456,#1457,#1458,#1459));
#1498=CLOSED_SHELL('',(#1460,#1461,#1462,#1463,#1464,#1465,#1466,#1467,
#1468,#1469,#1470,#1471,#1472,#1473,#1474,#1475,#1476,#1477,#1478,#1479,
#1480,#1481));
#1499=DERIVED_UNIT_ELEMENT(#1501,1.);
#1500=DERIVED_UNIT_ELEMENT(#3498,3.);
#1501=(
MASS_UNIT()
NAMED_UNIT(*)
SI_UNIT($,.GRAM.)
);
#1502=DERIVED_UNIT((#1499,#1500));
#1503=MEASURE_REPRESENTATION_ITEM('density measure',
POSITIVE_RATIO_MEASURE(2.7),#1502);
#1504=PROPERTY_DEFINITION_REPRESENTATION(#1509,#1506);
#1505=PROPERTY_DEFINITION_REPRESENTATION(#1510,#1507);
#1506=REPRESENTATION('material name',(#1508),#3495);
#1507=REPRESENTATION('density',(#1503),#3495);
#1508=DESCRIPTIVE_REPRESENTATION_ITEM('Aluminum 6061','Aluminum 6061');
#1509=PROPERTY_DEFINITION('material property','material name',#3505);
#1510=PROPERTY_DEFINITION('material property','density of part',#3505);
#1511=DATE_TIME_ROLE('creation_date');
#1512=APPLIED_DATE_AND_TIME_ASSIGNMENT(#1513,#1511,(#3505));
#1513=DATE_AND_TIME(#1514,#1515);
#1514=CALENDAR_DATE(2023,6,2);
#1515=LOCAL_TIME(13,49,41.,#1516);
#1516=COORDINATED_UNIVERSAL_TIME_OFFSET(0,0,.BEHIND.);
#1517=AXIS2_PLACEMENT_3D('placement',#2188,#1725,#1726);
#1518=AXIS2_PLACEMENT_3D('',#2327,#1727,#1728);
#1519=AXIS2_PLACEMENT_3D('',#2362,#1729,#1730);
#1520=AXIS2_PLACEMENT_3D('',#2401,#1731,#1732);
#1521=AXIS2_PLACEMENT_3D('',#2402,#1733,#1734);
#1522=AXIS2_PLACEMENT_3D('',#2403,#1735,#1736);
#1523=AXIS2_PLACEMENT_3D('',#2431,#1737,#1738);
#1524=AXIS2_PLACEMENT_3D('',#2464,#1739,#1740);
#1525=AXIS2_PLACEMENT_3D('',#2465,#1741,#1742);
#1526=AXIS2_PLACEMENT_3D('',#2466,#1743,#1744);
#1527=AXIS2_PLACEMENT_3D('',#2499,#1745,#1746);
#1528=AXIS2_PLACEMENT_3D('',#2561,#1747,#1748);
#1529=AXIS2_PLACEMENT_3D('',#2564,#1749,#1750);
#1530=AXIS2_PLACEMENT_3D('',#2568,#1753,#1754);
#1531=AXIS2_PLACEMENT_3D('',#2571,#1756,#1757);
#1532=AXIS2_PLACEMENT_3D('',#2572,#1758,#1759);
#1533=AXIS2_PLACEMENT_3D('',#2574,#1760,#1761);
#1534=AXIS2_PLACEMENT_3D('',#2577,#1763,#1764);
#1535=AXIS2_PLACEMENT_3D('',#2618,#1765,#1766);
#1536=AXIS2_PLACEMENT_3D('',#2619,#1767,#1768);
#1537=AXIS2_PLACEMENT_3D('',#2620,#1769,#1770);
#1538=AXIS2_PLACEMENT_3D('',#2622,#1771,#1772);
#1539=AXIS2_PLACEMENT_3D('',#2625,#1774,#1775);
#1540=AXIS2_PLACEMENT_3D('',#2626,#1776,#1777);
#1541=AXIS2_PLACEMENT_3D('',#2627,#1778,#1779);
#1542=AXIS2_PLACEMENT_3D('',#2676,#1780,#1781);
#1543=AXIS2_PLACEMENT_3D('',#2684,#1783,#1784);
#1544=AXIS2_PLACEMENT_3D('',#2685,#1785,#1786);
#1545=AXIS2_PLACEMENT_3D('',#2688,#1788,#1789);
#1546=AXIS2_PLACEMENT_3D('',#2723,#1790,#1791);
#1547=AXIS2_PLACEMENT_3D('',#2823,#1792,#1793);
#1548=AXIS2_PLACEMENT_3D('',#2944,#1794,#1795);
#1549=AXIS2_PLACEMENT_3D('',#2975,#1796,#1797);
#1550=AXIS2_PLACEMENT_3D('',#3112,#1798,#1799);
#1551=AXIS2_PLACEMENT_3D('',#3117,#1800,#1801);
#1552=AXIS2_PLACEMENT_3D('',#3120,#1804,#1805);
#1553=AXIS2_PLACEMENT_3D('',#3122,#1807,#1808);
#1554=AXIS2_PLACEMENT_3D('',#3154,#1810,#1811);
#1555=AXIS2_PLACEMENT_3D('',#3189,#1812,#1813);
#1556=AXIS2_PLACEMENT_3D('',#3190,#1814,#1815);
#1557=AXIS2_PLACEMENT_3D('',#3191,#1816,#1817);
#1558=AXIS2_PLACEMENT_3D('',#3192,#1818,#1819);
#1559=AXIS2_PLACEMENT_3D('',#3193,#1820,#1821);
#1560=AXIS2_PLACEMENT_3D('',#3195,#1822,#1823);
#1561=AXIS2_PLACEMENT_3D('',#3196,#1824,#1825);
#1562=AXIS2_PLACEMENT_3D('',#3198,#1826,#1827);
#1563=AXIS2_PLACEMENT_3D('',#3200,#1829,#1830);
#1564=AXIS2_PLACEMENT_3D('',#3201,#1831,#1832);
#1565=AXIS2_PLACEMENT_3D('',#3203,#1833,#1834);
#1566=AXIS2_PLACEMENT_3D('',#3206,#1836,#1837);
#1567=AXIS2_PLACEMENT_3D('',#3207,#1838,#1839);
#1568=AXIS2_PLACEMENT_3D('',#3209,#1840,#1841);
#1569=AXIS2_PLACEMENT_3D('',#3211,#1843,#1844);
#1570=AXIS2_PLACEMENT_3D('',#3213,#1845,#1846);
#1571=AXIS2_PLACEMENT_3D('',#3216,#1848,#1849);
#1572=AXIS2_PLACEMENT_3D('',#3217,#1850,#1851);
#1573=AXIS2_PLACEMENT_3D('',#3219,#1852,#1853);
#1574=AXIS2_PLACEMENT_3D('',#3221,#1855,#1856);
#1575=AXIS2_PLACEMENT_3D('',#3223,#1857,#1858);
#1576=AXIS2_PLACEMENT_3D('',#3226,#1860,#1861);
#1577=AXIS2_PLACEMENT_3D('',#3227,#1862,#1863);
#1578=AXIS2_PLACEMENT_3D('',#3229,#1864,#1865);
#1579=AXIS2_PLACEMENT_3D('',#3231,#1867,#1868);
#1580=AXIS2_PLACEMENT_3D('',#3234,#1869,#1870);
#1581=AXIS2_PLACEMENT_3D('',#3236,#1871,#1872);
#1582=AXIS2_PLACEMENT_3D('',#3237,#1873,#1874);
#1583=AXIS2_PLACEMENT_3D('',#3238,#1875,#1876);
#1584=AXIS2_PLACEMENT_3D('',#3239,#1877,#1878);
#1585=AXIS2_PLACEMENT_3D('',#3241,#1879,#1880);
#1586=AXIS2_PLACEMENT_3D('',#3242,#1881,#1882);
#1587=AXIS2_PLACEMENT_3D('',#3244,#1883,#1884);
#1588=AXIS2_PLACEMENT_3D('',#3246,#1886,#1887);
#1589=AXIS2_PLACEMENT_3D('',#3249,#1888,#1889);
#1590=AXIS2_PLACEMENT_3D('',#3251,#1890,#1891);
#1591=AXIS2_PLACEMENT_3D('',#3252,#1892,#1893);
#1592=AXIS2_PLACEMENT_3D('',#3253,#1894,#1895);
#1593=AXIS2_PLACEMENT_3D('',#3254,#1896,#1897);
#1594=AXIS2_PLACEMENT_3D('',#3256,#1898,#1899);
#1595=AXIS2_PLACEMENT_3D('',#3257,#1900,#1901);
#1596=AXIS2_PLACEMENT_3D('',#3259,#1903,#1904);
#1597=AXIS2_PLACEMENT_3D('',#3262,#1905,#1906);
#1598=AXIS2_PLACEMENT_3D('',#3264,#1908,#1909);
#1599=AXIS2_PLACEMENT_3D('',#3265,#1910,#1911);
#1600=AXIS2_PLACEMENT_3D('',#3268,#1913,#1914);
#1601=AXIS2_PLACEMENT_3D('',#3269,#1915,#1916);
#1602=AXIS2_PLACEMENT_3D('',#3271,#1917,#1918);
#1603=AXIS2_PLACEMENT_3D('',#3272,#1919,#1920);
#1604=AXIS2_PLACEMENT_3D('',#3274,#1921,#1922);
#1605=AXIS2_PLACEMENT_3D('',#3276,#1924,#1925);
#1606=AXIS2_PLACEMENT_3D('',#3277,#1926,#1927);
#1607=AXIS2_PLACEMENT_3D('',#3278,#1928,#1929);
#1608=AXIS2_PLACEMENT_3D('',#3285,#1930,#1931);
#1609=AXIS2_PLACEMENT_3D('',#3290,#1932,#1933);
#1610=AXIS2_PLACEMENT_3D('',#3291,#1934,#1935);
#1611=AXIS2_PLACEMENT_3D('',#3293,#1936,#1937);
#1612=AXIS2_PLACEMENT_3D('',#3297,#1939,#1940);
#1613=AXIS2_PLACEMENT_3D('',#3300,#1943,#1944);
#1614=AXIS2_PLACEMENT_3D('',#3303,#1947,#1948);
#1615=AXIS2_PLACEMENT_3D('',#3304,#1949,#1950);
#1616=AXIS2_PLACEMENT_3D('',#3305,#1951,#1952);
#1617=AXIS2_PLACEMENT_3D('',#3306,#1953,#1954);
#1618=AXIS2_PLACEMENT_3D('',#3308,#1955,#1956);
#1619=AXIS2_PLACEMENT_3D('',#3311,#1958,#1959);
#1620=AXIS2_PLACEMENT_3D('',#3312,#1960,#1961);
#1621=AXIS2_PLACEMENT_3D('',#3313,#1962,#1963);
#1622=AXIS2_PLACEMENT_3D('',#3315,#1964,#1965);
#1623=AXIS2_PLACEMENT_3D('',#3318,#1967,#1968);
#1624=AXIS2_PLACEMENT_3D('',#3319,#1969,#1970);
#1625=AXIS2_PLACEMENT_3D('',#3320,#1971,#1972);
#1626=AXIS2_PLACEMENT_3D('',#3321,#1973,#1974);
#1627=AXIS2_PLACEMENT_3D('',#3323,#1975,#1976);
#1628=AXIS2_PLACEMENT_3D('',#3326,#1978,#1979);
#1629=AXIS2_PLACEMENT_3D('',#3327,#1980,#1981);
#1630=AXIS2_PLACEMENT_3D('',#3328,#1982,#1983);
#1631=AXIS2_PLACEMENT_3D('',#3329,#1984,#1985);
#1632=AXIS2_PLACEMENT_3D('',#3332,#1986,#1987);
#1633=AXIS2_PLACEMENT_3D('',#3333,#1988,#1989);
#1634=AXIS2_PLACEMENT_3D('',#3336,#1990,#1991);
#1635=AXIS2_PLACEMENT_3D('',#3337,#1992,#1993);
#1636=AXIS2_PLACEMENT_3D('',#3340,#1994,#1995);
#1637=AXIS2_PLACEMENT_3D('',#3341,#1996,#1997);
#1638=AXIS2_PLACEMENT_3D('',#3344,#1998,#1999);
#1639=AXIS2_PLACEMENT_3D('',#3345,#2000,#2001);
#1640=AXIS2_PLACEMENT_3D('',#3348,#2002,#2003);
#1641=AXIS2_PLACEMENT_3D('',#3349,#2004,#2005);
#1642=AXIS2_PLACEMENT_3D('',#3352,#2006,#2007);
#1643=AXIS2_PLACEMENT_3D('',#3353,#2008,#2009);
#1644=AXIS2_PLACEMENT_3D('',#3356,#2010,#2011);
#1645=AXIS2_PLACEMENT_3D('',#3357,#2012,#2013);
#1646=AXIS2_PLACEMENT_3D('',#3360,#2014,#2015);
#1647=AXIS2_PLACEMENT_3D('',#3361,#2016,#2017);
#1648=AXIS2_PLACEMENT_3D('',#3364,#2018,#2019);
#1649=AXIS2_PLACEMENT_3D('',#3365,#2020,#2021);
#1650=AXIS2_PLACEMENT_3D('',#3368,#2022,#2023);
#1651=AXIS2_PLACEMENT_3D('',#3369,#2024,#2025);
#1652=AXIS2_PLACEMENT_3D('',#3371,#2026,#2027);
#1653=AXIS2_PLACEMENT_3D('',#3373,#2028,#2029);
#1654=AXIS2_PLACEMENT_3D('',#3374,#2030,#2031);
#1655=AXIS2_PLACEMENT_3D('',#3375,#2032,#2033);
#1656=AXIS2_PLACEMENT_3D('',#3378,#2035,#2036);
#1657=AXIS2_PLACEMENT_3D('',#3379,#2037,#2038);
#1658=AXIS2_PLACEMENT_3D('',#3381,#2039,#2040);
#1659=AXIS2_PLACEMENT_3D('',#3383,#2042,#2043);
#1660=AXIS2_PLACEMENT_3D('',#3385,#2044,#2045);
#1661=AXIS2_PLACEMENT_3D('',#3388,#2047,#2048);
#1662=AXIS2_PLACEMENT_3D('',#3389,#2049,#2050);
#1663=AXIS2_PLACEMENT_3D('',#3391,#2051,#2052);
#1664=AXIS2_PLACEMENT_3D('',#3394,#2054,#2055);
#1665=AXIS2_PLACEMENT_3D('',#3395,#2056,#2057);
#1666=AXIS2_PLACEMENT_3D('',#3397,#2058,#2059);
#1667=AXIS2_PLACEMENT_3D('',#3399,#2060,#2061);
#1668=AXIS2_PLACEMENT_3D('',#3400,#2062,#2063);
#1669=AXIS2_PLACEMENT_3D('',#3401,#2064,#2065);
#1670=AXIS2_PLACEMENT_3D('',#3403,#2066,#2067);
#1671=AXIS2_PLACEMENT_3D('',#3405,#2068,#2069);
#1672=AXIS2_PLACEMENT_3D('',#3406,#2070,#2071);
#1673=AXIS2_PLACEMENT_3D('',#3407,#2072,#2073);
#1674=AXIS2_PLACEMENT_3D('',#3409,#2075,#2076);
#1675=AXIS2_PLACEMENT_3D('',#3410,#2077,#2078);
#1676=AXIS2_PLACEMENT_3D('',#3411,#2079,#2080);
#1677=AXIS2_PLACEMENT_3D('',#3412,#2081,#2082);
#1678=AXIS2_PLACEMENT_3D('',#3413,#2083,#2084);
#1679=AXIS2_PLACEMENT_3D('',#3415,#2085,#2086);
#1680=AXIS2_PLACEMENT_3D('',#3417,#2087,#2088);
#1681=AXIS2_PLACEMENT_3D('',#3418,#2089,#2090);
#1682=AXIS2_PLACEMENT_3D('',#3419,#2091,#2092);
#1683=AXIS2_PLACEMENT_3D('',#3421,#2093,#2094);
#1684=AXIS2_PLACEMENT_3D('',#3423,#2096,#2097);
#1685=AXIS2_PLACEMENT_3D('',#3426,#2099,#2100);
#1686=AXIS2_PLACEMENT_3D('',#3427,#2101,#2102);
#1687=AXIS2_PLACEMENT_3D('',#3429,#2103,#2104);
#1688=AXIS2_PLACEMENT_3D('',#3432,#2106,#2107);
#1689=AXIS2_PLACEMENT_3D('',#3433,#2108,#2109);
#1690=AXIS2_PLACEMENT_3D('',#3435,#2110,#2111);
#1691=AXIS2_PLACEMENT_3D('',#3438,#2113,#2114);
#1692=AXIS2_PLACEMENT_3D('',#3439,#2115,#2116);
#1693=AXIS2_PLACEMENT_3D('',#3441,#2117,#2118);
#1694=AXIS2_PLACEMENT_3D('',#3444,#2120,#2121);
#1695=AXIS2_PLACEMENT_3D('',#3445,#2122,#2123);
#1696=AXIS2_PLACEMENT_3D('',#3447,#2124,#2125);
#1697=AXIS2_PLACEMENT_3D('',#3450,#2127,#2128);
#1698=AXIS2_PLACEMENT_3D('',#3451,#2129,#2130);
#1699=AXIS2_PLACEMENT_3D('',#3453,#2131,#2132);
#1700=AXIS2_PLACEMENT_3D('',#3456,#2134,#2135);
#1701=AXIS2_PLACEMENT_3D('',#3457,#2136,#2137);
#1702=AXIS2_PLACEMENT_3D('',#3459,#2138,#2139);
#1703=AXIS2_PLACEMENT_3D('',#3462,#2141,#2142);
#1704=AXIS2_PLACEMENT_3D('',#3463,#2143,#2144);
#1705=AXIS2_PLACEMENT_3D('',#3465,#2145,#2146);
#1706=AXIS2_PLACEMENT_3D('',#3467,#2148,#2149);
#1707=AXIS2_PLACEMENT_3D('',#3470,#2151,#2152);
#1708=AXIS2_PLACEMENT_3D('',#3471,#2153,#2154);
#1709=AXIS2_PLACEMENT_3D('',#3473,#2155,#2156);
#1710=AXIS2_PLACEMENT_3D('',#3475,#2157,#2158);
#1711=AXIS2_PLACEMENT_3D('',#3476,#2159,#2160);
#1712=AXIS2_PLACEMENT_3D('',#3477,#2161,#2162);
#1713=AXIS2_PLACEMENT_3D('',#3479,#2163,#2164);
#1714=AXIS2_PLACEMENT_3D('',#3481,#2165,#2166);
#1715=AXIS2_PLACEMENT_3D('',#3482,#2167,#2168);
#1716=AXIS2_PLACEMENT_3D('',#3483,#2169,#2170);
#1717=AXIS2_PLACEMENT_3D('',#3485,#2172,#2173);
#1718=AXIS2_PLACEMENT_3D('',#3486,#2174,#2175);
#1719=AXIS2_PLACEMENT_3D('',#3487,#2176,#2177);
#1720=AXIS2_PLACEMENT_3D('',#3488,#2178,#2179);
#1721=AXIS2_PLACEMENT_3D('',#3489,#2180,#2181);
#1722=AXIS2_PLACEMENT_3D('',#3490,#2182,#2183);
#1723=AXIS2_PLACEMENT_3D('',#3491,#2184,#2185);
#1724=AXIS2_PLACEMENT_3D('',#3492,#2186,#2187);
#1725=DIRECTION('axis',(0.,0.,1.));
#1726=DIRECTION('refdir',(1.,0.,0.));
#1727=DIRECTION('center_axis',(0.497379307482886,-0.847836379014567,0.183813217444537));
#1728=DIRECTION('ref_axis',(-0.862532913424769,-0.506000961717446,-5.55111512312578E-17));
#1729=DIRECTION('center_axis',(-0.895182137292059,0.406031577794032,0.183813217444532));
#1730=DIRECTION('ref_axis',(-0.351921931153076,-0.390848900968677,-0.850522246025974));
#1731=DIRECTION('center_axis',(0.482089023690755,-0.860311879329508,0.165691410523976));
#1732=DIRECTION('ref_axis',(-0.872370084354629,-0.48884602475943,4.16333634234434E-17));
#1733=DIRECTION('center_axis',(-0.558714979211114,-0.358958675992598,0.747653824262783));
#1734=DIRECTION('ref_axis',(0.543783652409283,0.522111963194122,0.657037622409859));
#1735=DIRECTION('center_axis',(0.676036825482009,0.237376668333195,-0.697586215405121));
#1736=DIRECTION('ref_axis',(0.557890125351476,0.453577451419146,0.695000793955969));
#1737=DIRECTION('center_axis',(-1.95933587527966E-16,2.87297690863773E-16,
-1.));
#1738=DIRECTION('ref_axis',(-0.991328926786503,0.131403800996474,2.31986641642538E-16));
#1739=DIRECTION('center_axis',(-0.905991025643227,0.389521010899939,0.165691410523975));
#1740=DIRECTION('ref_axis',(-0.310145908537331,-0.344451927444578,-0.886093891806771));
#1741=DIRECTION('center_axis',(0.16541120134171,0.697146040007151,-0.697586219311305));
#1742=DIRECTION('ref_axis',(0.417406460696193,0.591366881537454,0.689968881899571));
#1743=DIRECTION('center_axis',(-0.298590641983021,-0.593175675405204,0.747653828070015));
#1744=DIRECTION('ref_axis',(0.450555633216865,0.602985841643138,0.658337068798702));
#1745=DIRECTION('center_axis',(-1.95933587527966E-16,2.87297690863773E-16,
-1.));
#1746=DIRECTION('ref_axis',(0.234306046535375,-0.972162885815419,-3.25208576515402E-16));
#1747=DIRECTION('center_axis',(0.,1.41816809714892E-16,-1.));
#1748=DIRECTION('ref_axis',(0.,1.,1.41816809714892E-16));
#1749=DIRECTION('center_axis',(0.,1.41816809714892E-16,-1.));
#1750=DIRECTION('ref_axis',(1.,0.,0.));
#1751=DIRECTION('',(0.,1.41816809714892E-16,-1.));
#1752=DIRECTION('',(0.,-1.41816809714892E-16,1.));
#1753=DIRECTION('center_axis',(0.,1.41816809714892E-16,-1.));
#1754=DIRECTION('ref_axis',(1.,0.,0.));
#1755=DIRECTION('',(0.,-1.41816809714892E-16,1.));
#1756=DIRECTION('center_axis',(0.,1.41816809714892E-16,-1.));
#1757=DIRECTION('ref_axis',(1.,0.,0.));
#1758=DIRECTION('center_axis',(0.743144825477394,-0.669130606358858,-3.37846709801806E-16));
#1759=DIRECTION('ref_axis',(0.473146789255815,0.525482745498759,0.707106781186547));
#1760=DIRECTION('center_axis',(-0.743144825477394,0.669130606358858,0.));
#1761=DIRECTION('ref_axis',(0.,0.,1.));
#1762=DIRECTION('',(-0.743144825477394,0.669130606358858,3.37846709801806E-16));
#1763=DIRECTION('center_axis',(0.743144825477394,-0.669130606358858,-1.64344580430103E-16));
#1764=DIRECTION('ref_axis',(0.669130606358858,0.743144825477394,-1.10933564796705E-31));
#1765=DIRECTION('center_axis',(0.56323137407611,0.047877803925358,-0.824910986196464));
#1766=DIRECTION('ref_axis',(0.821946660108853,0.0698700442501927,0.565262651209487));
#1767=DIRECTION('center_axis',(0.,-1.41816809714892E-16,1.));
#1768=DIRECTION('ref_axis',(0.996406489745907,0.0847001014889548,1.20118981756911E-17));
#1769=DIRECTION('center_axis',(0.743144825477394,-0.669130606358858,-3.37846709801806E-16));
#1770=DIRECTION('ref_axis',(0.473146789255815,0.525482745498759,0.707106781186547));
#1771=DIRECTION('center_axis',(-0.743144825477394,0.669130606358859,1.6501129917521E-15));
#1772=DIRECTION('ref_axis',(2.22044604925033E-15,3.74708929979981E-30,1.));
#1773=DIRECTION('',(-0.743144825477394,0.669130606358858,3.37846709801806E-16));
#1774=DIRECTION('center_axis',(0.743144825477394,-0.669130606358859,0.));
#1775=DIRECTION('ref_axis',(0.669130606358859,0.743144825477394,0.));
#1776=DIRECTION('center_axis',(-0.999865026123059,-0.013552042648989,-0.00928825473238959));
#1777=DIRECTION('ref_axis',(-0.0164295324319888,0.824747358656991,0.565262651209491));
#1778=DIRECTION('center_axis',(0.,-1.41816809714892E-16,1.));
#1779=DIRECTION('ref_axis',(-0.0199167336923767,0.999801642186602,1.41788679242614E-16));
#1780=DIRECTION('center_axis',(0.,1.41816809714892E-16,-1.));
#1781=DIRECTION('ref_axis',(0.265715965117767,-0.964051360603538,-1.36718688362095E-16));
#1782=DIRECTION('',(0.,-1.41816809714892E-16,1.));
#1783=DIRECTION('center_axis',(0.,0.,-1.));
#1784=DIRECTION('ref_axis',(0.743144825477395,-0.669130606358858,0.));
#1785=DIRECTION('center_axis',(0.,-1.41816809714892E-16,1.));
#1786=DIRECTION('ref_axis',(-0.0199167336923763,0.999801642186603,1.41788679242614E-16));
#1787=DIRECTION('',(-1.53129058597828E-17,1.24810104828616E-16,-1.));
#1788=DIRECTION('center_axis',(0.,0.,-1.));
#1789=DIRECTION('ref_axis',(-0.698195913250861,0.715906744429605,0.));
#1790=DIRECTION('center_axis',(-0.952339234721192,-0.305040951366624,2.11461789128273E-15));
#1791=DIRECTION('ref_axis',(-0.299780076698723,0.935914760129348,-0.1849201648997));
#1792=DIRECTION('center_axis',(-0.473621720486764,-0.376899984257299,-0.796008082716504));
#1793=DIRECTION('ref_axis',(-0.622680830495777,0.782475931472074,-4.05231403988182E-15));
#1794=DIRECTION('center_axis',(-0.325328336095181,-0.510423947306113,-0.796008082716493));
#1795=DIRECTION('ref_axis',(0.535304485087085,0.594515860381916,-0.600000000000001));
#1796=DIRECTION('center_axis',(0.203823348403177,0.979007682628547,-1.08691687053913E-15));
#1797=DIRECTION('ref_axis',(0.962123271882561,-0.200308118446226,-0.184920164899691));
#1798=DIRECTION('center_axis',(0.,0.,-1.));
#1799=DIRECTION('ref_axis',(0.669130606358858,0.743144825477395,0.));
#1800=DIRECTION('center_axis',(0.,1.41816809714892E-16,-1.));
#1801=DIRECTION('ref_axis',(0.996406489745907,0.0847001014889547,1.20118981756911E-17));
#1802=DIRECTION('',(0.,1.41816809714892E-16,-1.));
#1803=DIRECTION('',(1.53129058597828E-17,-1.24810104828616E-16,1.));
#1804=DIRECTION('center_axis',(0.669130606358858,0.743144825477394,8.25056495876047E-17));
#1805=DIRECTION('ref_axis',(1.23302758540022E-16,-6.16297582203915E-32,
-1.));
#1806=DIRECTION('',(0.743144825477394,-0.669130606358858,-4.17872365684311E-17));
#1807=DIRECTION('center_axis',(-0.743144825477394,0.669130606358858,4.17872365684311E-17));
#1808=DIRECTION('ref_axis',(0.473146789255815,0.525482745498758,-0.707106781186548));
#1809=DIRECTION('',(-0.743144825477394,0.669130606358858,4.17872365684311E-17));
#1810=DIRECTION('center_axis',(0.,0.,1.));
#1811=DIRECTION('ref_axis',(-0.743144825477394,0.669130606358858,0.));
#1812=DIRECTION('center_axis',(0.,-1.41816809714892E-16,1.));
#1813=DIRECTION('ref_axis',(-0.986545067879235,0.163489538023553,2.31855647042618E-17));
#1814=DIRECTION('center_axis',(2.408147803898E-17,8.91952360208407E-17,
-1.));
#1815=DIRECTION('ref_axis',(0.743144825477394,-0.669130606358858,-4.17872365684311E-17));
#1816=DIRECTION('center_axis',(0.,1.41816809714892E-16,-1.));
#1817=DIRECTION('ref_axis',(1.,0.,0.));
#1818=DIRECTION('center_axis',(0.,1.41816809714892E-16,-1.));
#1819=DIRECTION('ref_axis',(-0.669130606358858,-0.743144825477394,-1.84556554742883E-16));
#1820=DIRECTION('center_axis',(0.,-1.41816809714892E-16,1.));
#1821=DIRECTION('ref_axis',(1.,0.,0.));
#1822=DIRECTION('center_axis',(0.,1.41816809714892E-16,-1.));
#1823=DIRECTION('ref_axis',(1.,0.,0.));
#1824=DIRECTION('center_axis',(0.,1.41816809714892E-16,-1.));
#1825=DIRECTION('ref_axis',(0.,1.,1.41816809714892E-16));
#1826=DIRECTION('center_axis',(0.,1.41816809714892E-16,-1.));
#1827=DIRECTION('ref_axis',(1.,0.,0.));
#1828=DIRECTION('',(0.,1.41816809714892E-16,-1.));
#1829=DIRECTION('center_axis',(0.,-1.41816809714892E-16,1.));
#1830=DIRECTION('ref_axis',(1.,0.,0.));
#1831=DIRECTION('center_axis',(0.,-1.41816809714892E-16,1.));
#1832=DIRECTION('ref_axis',(1.,0.,0.));
#1833=DIRECTION('center_axis',(0.,-1.41816809714892E-16,1.));
#1834=DIRECTION('ref_axis',(1.,0.,0.));
#1835=DIRECTION('',(-0.707106781186547,-1.86875233459192E-16,0.707106781186548));
#1836=DIRECTION('center_axis',(0.,1.41816809714892E-16,-1.));
#1837=DIRECTION('ref_axis',(1.,0.,0.));
#1838=DIRECTION('center_axis',(0.,-1.41816809714892E-16,1.));
#1839=DIRECTION('ref_axis',(1.,0.,0.));
#1840=DIRECTION('center_axis',(0.,-1.41816809714892E-16,1.));
#1841=DIRECTION('ref_axis',(1.,0.,0.));
#1842=DIRECTION('',(0.,-1.41816809714892E-16,1.));
#1843=DIRECTION('center_axis',(0.,-1.41816809714892E-16,1.));
#1844=DIRECTION('ref_axis',(1.,0.,0.));
#1845=DIRECTION('center_axis',(0.,-1.41816809714892E-16,1.));
#1846=DIRECTION('ref_axis',(1.,0.,0.));
#1847=DIRECTION('',(-0.707106781186547,-1.86875233459192E-16,0.707106781186548));
#1848=DIRECTION('center_axis',(0.,1.41816809714892E-16,-1.));
#1849=DIRECTION('ref_axis',(1.,0.,0.));
#1850=DIRECTION('center_axis',(0.,-1.41816809714892E-16,1.));
#1851=DIRECTION('ref_axis',(1.,0.,0.));
#1852=DIRECTION('center_axis',(0.,-1.41816809714892E-16,1.));
#1853=DIRECTION('ref_axis',(1.,0.,0.));
#1854=DIRECTION('',(0.,-1.41816809714892E-16,1.));
#1855=DIRECTION('center_axis',(0.,-1.41816809714892E-16,1.));
#1856=DIRECTION('ref_axis',(1.,0.,0.));
#1857=DIRECTION('center_axis',(0.,-1.41816809714892E-16,1.));
#1858=DIRECTION('ref_axis',(1.,0.,0.));
#1859=DIRECTION('',(-0.707106781186547,-1.86875233459192E-16,0.707106781186548));
#1860=DIRECTION('center_axis',(0.,1.41816809714892E-16,-1.));
#1861=DIRECTION('ref_axis',(1.,0.,0.));
#1862=DIRECTION('center_axis',(0.,-1.41816809714892E-16,1.));
#1863=DIRECTION('ref_axis',(1.,0.,0.));
#1864=DIRECTION('center_axis',(0.,-1.41816809714892E-16,1.));
#1865=DIRECTION('ref_axis',(1.,0.,0.));
#1866=DIRECTION('',(0.,-1.41816809714892E-16,1.));
#1867=DIRECTION('center_axis',(0.,1.41816809714892E-16,-1.));
#1868=DIRECTION('ref_axis',(-1.,0.,0.));
#1869=DIRECTION('center_axis',(0.,-1.41816809714892E-16,1.));
#1870=DIRECTION('ref_axis',(6.12323399573677E-17,-1.,-1.41816809714892E-16));
#1871=DIRECTION('center_axis',(-1.15347846714302E-16,-1.,-1.41816809714892E-16));
#1872=DIRECTION('ref_axis',(1.,-1.15347846714302E-16,0.));
#1873=DIRECTION('center_axis',(0.,1.41816809714892E-16,-1.));
#1874=DIRECTION('ref_axis',(6.12323399573676E-17,-1.,-1.41816809714892E-16));
#1875=DIRECTION('center_axis',(0.,-1.41816809714892E-16,1.));
#1876=DIRECTION('ref_axis',(6.12323399573677E-17,-1.,-1.41816809714892E-16));
#1877=DIRECTION('center_axis',(0.,-1.41816809714892E-16,1.));
#1878=DIRECTION('ref_axis',(1.,0.,0.));
#1879=DIRECTION('center_axis',(0.,1.41816809714892E-16,-1.));
#1880=DIRECTION('ref_axis',(1.,0.,0.));
#1881=DIRECTION('center_axis',(0.,1.41816809714892E-16,-1.));
#1882=DIRECTION('ref_axis',(0.,1.,1.41816809714892E-16));
#1883=DIRECTION('center_axis',(0.,1.41816809714892E-16,-1.));
#1884=DIRECTION('ref_axis',(1.,0.,0.));
#1885=DIRECTION('',(0.,-1.41816809714892E-16,1.));
#1886=DIRECTION('center_axis',(0.,1.41816809714892E-16,-1.));
#1887=DIRECTION('ref_axis',(-1.,0.,0.));
#1888=DIRECTION('center_axis',(0.,-1.41816809714892E-16,1.));
#1889=DIRECTION('ref_axis',(6.12323399573677E-17,-1.,-1.41816809714892E-16));
#1890=DIRECTION('center_axis',(-1.11022302462516E-16,-1.,-1.41816809714892E-16));
#1891=DIRECTION('ref_axis',(1.,-1.11022302462516E-16,0.));
#1892=DIRECTION('center_axis',(0.,1.41816809714892E-16,-1.));
#1893=DIRECTION('ref_axis',(6.12323399573677E-17,-1.,-1.41816809714892E-16));
#1894=DIRECTION('center_axis',(0.,-1.41816809714892E-16,1.));
#1895=DIRECTION('ref_axis',(6.12323399573677E-17,-1.,-1.41816809714892E-16));
#1896=DIRECTION('center_axis',(0.,-1.41816809714892E-16,1.));
#1897=DIRECTION('ref_axis',(1.,0.,0.));
#1898=DIRECTION('center_axis',(0.,-1.41816809714892E-16,1.));
#1899=DIRECTION('ref_axis',(0.,-1.,-1.41816809714892E-16));
#1900=DIRECTION('center_axis',(0.,1.41816809714892E-16,-1.));
#1901=DIRECTION('ref_axis',(0.,1.,1.41816809714892E-16));
#1902=DIRECTION('',(0.,-1.41816809714892E-16,1.));
#1903=DIRECTION('center_axis',(0.,-1.41816809714892E-16,1.));
#1904=DIRECTION('ref_axis',(0.,-1.,-1.41816809714892E-16));
#1905=DIRECTION('center_axis',(0.,1.41816809714892E-16,-1.));
#1906=DIRECTION('ref_axis',(0.,-1.,-1.41816809714892E-16));
#1907=DIRECTION('',(-8.65956056235492E-17,0.707106781186546,0.707106781186549));
#1908=DIRECTION('center_axis',(0.,1.41816809714892E-16,-1.));
#1909=DIRECTION('ref_axis',(0.,-1.,-1.41816809714892E-16));
#1910=DIRECTION('center_axis',(0.,1.41816809714892E-16,-1.));
#1911=DIRECTION('ref_axis',(0.,1.,1.41816809714892E-16));
#1912=DIRECTION('',(0.,1.41816809714892E-16,-1.));
#1913=DIRECTION('center_axis',(0.,1.41816809714892E-16,-1.));
#1914=DIRECTION('ref_axis',(1.,0.,0.));
#1915=DIRECTION('center_axis',(0.,1.41816809714892E-16,-1.));
#1916=DIRECTION('ref_axis',(-1.,0.,0.));
#1917=DIRECTION('center_axis',(0.,1.41816809714892E-16,-1.));
#1918=DIRECTION('ref_axis',(1.,0.,0.));
#1919=DIRECTION('center_axis',(0.,1.41816809714892E-16,-1.));
#1920=DIRECTION('ref_axis',(0.,1.,1.41816809714892E-16));
#1921=DIRECTION('center_axis',(0.,1.41816809714892E-16,-1.));
#1922=DIRECTION('ref_axis',(1.,0.,0.));
#1923=DIRECTION('',(0.,-1.41816809714892E-16,1.));
#1924=DIRECTION('center_axis',(0.,1.41816809714892E-16,-1.));
#1925=DIRECTION('ref_axis',(-1.,0.,0.));
#1926=DIRECTION('center_axis',(0.,-1.41816809714892E-16,1.));
#1927=DIRECTION('ref_axis',(1.,0.,0.));
#1928=DIRECTION('center_axis',(0.,1.41816809714892E-16,-1.));
#1929=DIRECTION('ref_axis',(0.959103339832515,0.283056149062542,4.01421200302327E-17));
#1930=DIRECTION('center_axis',(0.,-1.41816809714892E-16,1.));
#1931=DIRECTION('ref_axis',(0.642787609686539,0.766044443118978,1.08637979022955E-16));
#1932=DIRECTION('center_axis',(0.,1.41816809714892E-16,-1.));
#1933=DIRECTION('ref_axis',(0.642787609686539,0.766044443118978,1.08637979022955E-16));
#1934=DIRECTION('center_axis',(0.,1.41816809714892E-16,-1.));
#1935=DIRECTION('ref_axis',(0.642787609686539,0.766044443118978,1.08637979022955E-16));
#1936=DIRECTION('center_axis',(0.,1.41816809714892E-16,-1.));
#1937=DIRECTION('ref_axis',(0.766044443118978,-0.642787609686539,-9.11580881300062E-17));
#1938=DIRECTION('',(0.,-1.41816809714892E-16,1.));
#1939=DIRECTION('center_axis',(0.,1.41816809714892E-16,-1.));
#1940=DIRECTION('ref_axis',(0.642787609686539,0.766044443118978,1.08637979022955E-16));
#1941=DIRECTION('',(-1.23259516440783E-32,-1.41816809714892E-16,1.));
#1942=DIRECTION('',(1.23259516440783E-32,1.41816809714892E-16,-1.));
#1943=DIRECTION('center_axis',(0.959103339832515,0.283056149062542,3.76096769996103E-17));
#1944=DIRECTION('ref_axis',(0.283056149062542,-0.959103339832514,-1.36016975841945E-16));
#1945=DIRECTION('',(0.283056149062542,-0.959103339832515,-1.36016975841945E-16));
#1946=DIRECTION('',(0.283056149062542,-0.959103339832515,-1.36016975841945E-16));
#1947=DIRECTION('center_axis',(0.,-1.41816809714892E-16,1.));
#1948=DIRECTION('ref_axis',(0.766044443118978,-0.642787609686539,-9.11580881300062E-17));
#1949=DIRECTION('center_axis',(0.,-1.41816809714892E-16,1.));
#1950=DIRECTION('ref_axis',(0.766044443118978,-0.642787609686539,-9.11580881300062E-17));
#1951=DIRECTION('center_axis',(0.,1.41816809714892E-16,-1.));
#1952=DIRECTION('ref_axis',(-0.766044443118978,0.642787609686539,9.11580881300062E-17));
#1953=DIRECTION('center_axis',(0.669130606358858,0.743144825477394,0.));
#1954=DIRECTION('ref_axis',(0.743144825477394,-0.669130606358858,0.));
#1955=DIRECTION('center_axis',(0.669130606358858,0.743144825477394,8.25056495876047E-17));
#1956=DIRECTION('ref_axis',(0.743144825477394,-0.669130606358858,0.));
#1957=DIRECTION('',(-0.669130606358858,-0.743144825477394,0.));
#1958=DIRECTION('center_axis',(-0.669130606358858,-0.743144825477394,-8.25056495876047E-17));
#1959=DIRECTION('ref_axis',(0.743144825477394,-0.669130606358858,0.));
#1960=DIRECTION('center_axis',(0.669130606358858,0.743144825477394,8.25056495876047E-17));
#1961=DIRECTION('ref_axis',(1.23302758540022E-16,-6.16297582203915E-32,
-1.));
#1962=DIRECTION('center_axis',(0.669130606358858,0.743144825477395,0.));
#1963=DIRECTION('ref_axis',(0.743144825477395,-0.669130606358858,-4.1787236568431E-17));
#1964=DIRECTION('center_axis',(0.669130606358858,0.743144825477394,8.25056495876047E-17));
#1965=DIRECTION('ref_axis',(0.743144825477394,-0.669130606358858,-4.17872365684311E-17));
#1966=DIRECTION('',(-0.669130606358858,-0.743144825477395,0.));
#1967=DIRECTION('center_axis',(0.669130606358858,0.743144825477394,8.25056495876047E-17));
#1968=DIRECTION('ref_axis',(0.743144825477394,-0.669130606358858,-4.17872365684311E-17));
#1969=DIRECTION('center_axis',(0.669130606358858,0.743144825477394,8.25056495876047E-17));
#1970=DIRECTION('ref_axis',(1.23302758540022E-16,-6.16297582203915E-32,
-1.));
#1971=DIRECTION('center_axis',(0.669130606358858,0.743144825477394,8.25056495876047E-17));
#1972=DIRECTION('ref_axis',(1.23302758540022E-16,-6.16297582203915E-32,
-1.));
#1973=DIRECTION('center_axis',(0.669130606358858,0.743144825477394,0.));
#1974=DIRECTION('ref_axis',(0.743144825477394,-0.669130606358858,0.));
#1975=DIRECTION('center_axis',(0.669130606358858,0.743144825477394,8.25056495876047E-17));
#1976=DIRECTION('ref_axis',(0.743144825477394,-0.669130606358858,0.));
#1977=DIRECTION('',(-0.669130606358858,-0.743144825477394,0.));
#1978=DIRECTION('center_axis',(0.669130606358858,0.743144825477394,8.25056495876047E-17));
#1979=DIRECTION('ref_axis',(0.743144825477394,-0.669130606358858,0.));
#1980=DIRECTION('center_axis',(0.669130606358858,0.743144825477394,8.25056495876047E-17));
#1981=DIRECTION('ref_axis',(1.23302758540022E-16,-6.16297582203915E-32,
-1.));
#1982=DIRECTION('center_axis',(0.669130606358858,0.743144825477394,8.25056495876047E-17));
#1983=DIRECTION('ref_axis',(1.23302758540022E-16,-6.16297582203915E-32,
-1.));
#1984=DIRECTION('center_axis',(0.,-1.,0.));
#1985=DIRECTION('ref_axis',(1.,-3.28954970259306E-16,0.));
#1986=DIRECTION('center_axis',(0.,1.41816809714892E-16,-1.));
#1987=DIRECTION('ref_axis',(-1.,0.,0.));
#1988=DIRECTION('center_axis',(0.,-1.,0.));
#1989=DIRECTION('ref_axis',(1.,-3.28954970259306E-16,0.));
#1990=DIRECTION('center_axis',(2.915709026377E-32,1.41816809714892E-16,
-1.));
#1991=DIRECTION('ref_axis',(-1.,2.05596856412066E-16,0.));
#1992=DIRECTION('center_axis',(0.,-1.,0.));
#1993=DIRECTION('ref_axis',(1.,-3.28954970259306E-16,0.));
#1994=DIRECTION('center_axis',(2.91570902637699E-32,1.41816809714892E-16,
-1.));
#1995=DIRECTION('ref_axis',(-1.,2.05596856412066E-16,0.));
#1996=DIRECTION('center_axis',(0.,-1.,0.));
#1997=DIRECTION('ref_axis',(1.,-3.28954970259305E-16,0.));
#1998=DIRECTION('center_axis',(0.,1.41816809714892E-16,-1.));
#1999=DIRECTION('ref_axis',(-1.,0.,0.));
#2000=DIRECTION('center_axis',(0.,-1.,0.));
#2001=DIRECTION('ref_axis',(1.,0.,0.));
#2002=DIRECTION('center_axis',(0.,1.41816809714892E-16,-1.));
#2003=DIRECTION('ref_axis',(-1.,0.,0.));
#2004=DIRECTION('center_axis',(0.,-1.,0.));
#2005=DIRECTION('ref_axis',(1.,0.,0.));
#2006=DIRECTION('center_axis',(0.,1.41816809714892E-16,-1.));
#2007=DIRECTION('ref_axis',(-1.,0.,0.));
#2008=DIRECTION('center_axis',(0.,-1.,0.));
#2009=DIRECTION('ref_axis',(1.,-1.64477485129653E-16,0.));
#2010=DIRECTION('center_axis',(2.91570902637699E-32,1.41816809714892E-16,
-1.));
#2011=DIRECTION('ref_axis',(-1.,2.05596856412066E-16,0.));
#2012=DIRECTION('center_axis',(0.,-1.,0.));
#2013=DIRECTION('ref_axis',(1.,0.,0.));
#2014=DIRECTION('center_axis',(0.,1.41816809714892E-16,-1.));
#2015=DIRECTION('ref_axis',(-1.,0.,0.));
#2016=DIRECTION('center_axis',(0.,-1.,0.));
#2017=DIRECTION('ref_axis',(1.,-1.64477485129653E-16,0.));
#2018=DIRECTION('center_axis',(2.91570902637699E-32,1.41816809714892E-16,
-1.));
#2019=DIRECTION('ref_axis',(-1.,2.05596856412066E-16,0.));
#2020=DIRECTION('center_axis',(0.,-1.,0.));
#2021=DIRECTION('ref_axis',(1.,0.,0.));
#2022=DIRECTION('center_axis',(0.,1.41816809714892E-16,-1.));
#2023=DIRECTION('ref_axis',(-1.,0.,0.));
#2024=DIRECTION('center_axis',(-2.46519032881566E-32,-1.41816809714892E-16,
1.));
#2025=DIRECTION('ref_axis',(-2.69144975666705E-16,-1.,0.));
#2026=DIRECTION('center_axis',(-2.46519032881566E-32,-1.41816809714892E-16,
1.));
#2027=DIRECTION('ref_axis',(-1.22460635382238E-16,-1.,-1.41816809714892E-16));
#2028=DIRECTION('center_axis',(1.,-4.14683494414304E-48,2.46519032881566E-32));
#2029=DIRECTION('ref_axis',(0.,1.,1.6821560979169E-16));
#2030=DIRECTION('center_axis',(-2.46519032881566E-32,-1.41816809714892E-16,
1.));
#2031=DIRECTION('ref_axis',(-1.22460635382238E-16,-1.,-1.41816809714892E-16));
#2032=DIRECTION('center_axis',(2.46519032881566E-32,1.41816809714892E-16,
-1.));
#2033=DIRECTION('ref_axis',(-1.22460635382238E-16,-1.,-1.41816809714892E-16));
#2034=DIRECTION('',(-2.46519032881566E-32,-1.41816809714892E-16,1.));
#2035=DIRECTION('center_axis',(-2.46519032881566E-32,-1.41816809714892E-16,
1.));
#2036=DIRECTION('ref_axis',(-1.22460635382238E-16,-1.,-1.41816809714892E-16));
#2037=DIRECTION('center_axis',(2.46519032881566E-32,1.41816809714892E-16,
-1.));
#2038=DIRECTION('ref_axis',(-1.22460635382238E-16,-1.,-1.41816809714892E-16));
#2039=DIRECTION('center_axis',(-2.46519032881566E-32,-1.41816809714892E-16,
1.));
#2040=DIRECTION('ref_axis',(-1.22460635382238E-16,-1.,-1.41816809714892E-16));
#2041=DIRECTION('',(-2.46519032881566E-32,-1.41816809714892E-16,1.));
#2042=DIRECTION('center_axis',(2.46519032881566E-32,1.41816809714892E-16,
-1.));
#2043=DIRECTION('ref_axis',(-1.22460635382238E-16,-1.,-1.41816809714892E-16));
#2044=DIRECTION('center_axis',(-2.46519032881566E-32,-1.41816809714892E-16,
1.));
#2045=DIRECTION('ref_axis',(-1.22460635382238E-16,-1.,-1.41816809714892E-16));
#2046=DIRECTION('',(-2.46519032881566E-32,-1.41816809714892E-16,1.));
#2047=DIRECTION('center_axis',(-2.46519032881566E-32,-1.41816809714892E-16,
1.));
#2048=DIRECTION('ref_axis',(-1.22460635382238E-16,-1.,-1.41816809714892E-16));
#2049=DIRECTION('center_axis',(2.46519032881566E-32,1.41816809714892E-16,
-1.));
#2050=DIRECTION('ref_axis',(-1.22460635382238E-16,-1.,-1.41816809714892E-16));
#2051=DIRECTION('center_axis',(-2.46519032881566E-32,-1.41816809714892E-16,
1.));
#2052=DIRECTION('ref_axis',(-1.22460635382238E-16,-1.,-1.41816809714892E-16));
#2053=DIRECTION('',(-2.46519032881566E-32,-1.41816809714892E-16,1.));
#2054=DIRECTION('center_axis',(-2.46519032881566E-32,-1.41816809714892E-16,
1.));
#2055=DIRECTION('ref_axis',(-1.22460635382238E-16,-1.,-1.41816809714892E-16));
#2056=DIRECTION('center_axis',(-2.46519032881566E-32,-1.41816809714892E-16,
1.));
#2057=DIRECTION('ref_axis',(0.,-1.,0.));
#2058=DIRECTION('center_axis',(-2.46519032881566E-32,-1.41816809714892E-16,
1.));
#2059=DIRECTION('ref_axis',(-1.22460635382238E-16,-1.,-1.41816809714892E-16));
#2060=DIRECTION('center_axis',(-1.,0.,-2.46519032881566E-32));
#2061=DIRECTION('ref_axis',(0.,1.,0.));
#2062=DIRECTION('center_axis',(-2.46519032881566E-32,-1.41816809714892E-16,
1.));
#2063=DIRECTION('ref_axis',(-1.22460635382238E-16,-1.,-1.41816809714892E-16));
#2064=DIRECTION('center_axis',(-2.46519032881566E-32,-1.41816809714892E-16,
1.));
#2065=DIRECTION('ref_axis',(0.,-1.,-2.61228946970625E-16));
#2066=DIRECTION('center_axis',(-2.46519032881566E-32,-1.41816809714892E-16,
1.));
#2067=DIRECTION('ref_axis',(-1.22460635382238E-16,-1.,-1.41816809714892E-16));
#2068=DIRECTION('center_axis',(-1.,0.,-2.46519032881566E-32));
#2069=DIRECTION('ref_axis',(0.,1.,0.));
#2070=DIRECTION('center_axis',(-2.46519032881566E-32,-1.41816809714892E-16,
1.));
#2071=DIRECTION('ref_axis',(-1.22460635382238E-16,-1.,-1.41816809714892E-16));
#2072=DIRECTION('center_axis',(2.46519032881566E-32,1.41816809714892E-16,
-1.));
#2073=DIRECTION('ref_axis',(-1.22460635382238E-16,-1.,-1.41816809714892E-16));
#2074=DIRECTION('',(2.46519032881566E-32,1.41816809714892E-16,-1.));
#2075=DIRECTION('center_axis',(2.46519032881566E-32,1.41816809714892E-16,
-1.));
#2076=DIRECTION('ref_axis',(-1.,1.83690953073357E-16,0.));
#2077=DIRECTION('center_axis',(-1.83690953073357E-16,-1.41816809714892E-16,
1.));
#2078=DIRECTION('ref_axis',(1.,0.,1.83690953073357E-16));
#2079=DIRECTION('center_axis',(2.46519032881566E-32,1.41816809714892E-16,
-1.));
#2080=DIRECTION('ref_axis',(-1.,1.83690953073357E-16,0.));
#2081=DIRECTION('center_axis',(-1.83690953073357E-16,-1.41816809714892E-16,
1.));
#2082=DIRECTION('ref_axis',(1.,0.,1.83690953073357E-16));
#2083=DIRECTION('center_axis',(-2.46519032881566E-32,-1.41816809714892E-16,
1.));
#2084=DIRECTION('ref_axis',(-2.69144975666705E-16,-1.,0.));
#2085=DIRECTION('center_axis',(-2.46519032881566E-32,-1.41816809714892E-16,
1.));
#2086=DIRECTION('ref_axis',(-1.22460635382238E-16,-1.,-1.41816809714892E-16));
#2087=DIRECTION('center_axis',(1.,-4.14683494414304E-48,2.46519032881566E-32));
#2088=DIRECTION('ref_axis',(0.,1.,1.6821560979169E-16));
#2089=DIRECTION('center_axis',(-2.46519032881566E-32,-1.41816809714892E-16,
1.));
#2090=DIRECTION('ref_axis',(-1.22460635382238E-16,-1.,-1.41816809714892E-16));
#2091=DIRECTION('center_axis',(2.46519032881566E-32,1.41816809714892E-16,
-1.));
#2092=DIRECTION('ref_axis',(-1.22460635382238E-16,-1.,-1.41816809714892E-16));
#2093=DIRECTION('center_axis',(-2.46519032881566E-32,-1.41816809714892E-16,
1.));
#2094=DIRECTION('ref_axis',(-1.22460635382238E-16,-1.,-1.41816809714892E-16));
#2095=DIRECTION('',(2.46519032881566E-32,1.41816809714892E-16,-1.));
#2096=DIRECTION('center_axis',(2.46519032881566E-32,1.41816809714892E-16,
-1.));
#2097=DIRECTION('ref_axis',(-1.22460635382238E-16,-1.,-1.41816809714892E-16));
#2098=DIRECTION('',(2.46519032881566E-32,1.41816809714892E-16,-1.));
#2099=DIRECTION('center_axis',(-2.46519032881566E-32,-1.41816809714892E-16,
1.));
#2100=DIRECTION('ref_axis',(-1.22460635382238E-16,-1.,-1.41816809714892E-16));
#2101=DIRECTION('center_axis',(2.46519032881566E-32,1.41816809714892E-16,
-1.));
#2102=DIRECTION('ref_axis',(-1.22460635382238E-16,-1.,-1.41816809714892E-16));
#2103=DIRECTION('center_axis',(2.44921270764475E-16,-1.41816809714892E-16,
1.));
#2104=DIRECTION('ref_axis',(-1.22460635382238E-16,-1.,-1.41816809714892E-16));
#2105=DIRECTION('',(2.46519032881566E-32,1.41816809714892E-16,-1.));
#2106=DIRECTION('center_axis',(-2.46519032881566E-32,-1.41816809714892E-16,
1.));
#2107=DIRECTION('ref_axis',(-1.22460635382238E-16,-1.,-1.41816809714892E-16));
#2108=DIRECTION('center_axis',(2.46519032881566E-32,1.41816809714892E-16,
-1.));
#2109=DIRECTION('ref_axis',(-1.22460635382238E-16,-1.,-1.41816809714892E-16));
#2110=DIRECTION('center_axis',(-2.46519032881566E-32,-1.41816809714892E-16,
1.));
#2111=DIRECTION('ref_axis',(-1.22460635382238E-16,-1.,-1.41816809714892E-16));
#2112=DIRECTION('',(2.46519032881566E-32,1.41816809714892E-16,-1.));
#2113=DIRECTION('center_axis',(-1.22460635382237E-16,1.41816809714892E-16,
-1.));
#2114=DIRECTION('ref_axis',(-2.44921270764476E-16,-1.,-1.41816809714892E-16));
#2115=DIRECTION('center_axis',(-2.44921270764475E-16,1.41816809714892E-16,
-1.));
#2116=DIRECTION('ref_axis',(-1.22460635382238E-16,-1.,-1.41816809714892E-16));
#2117=DIRECTION('center_axis',(2.44921270764475E-16,-1.41816809714892E-16,
1.));
#2118=DIRECTION('ref_axis',(-1.22460635382238E-16,-1.,-1.41816809714892E-16));
#2119=DIRECTION('',(-2.44921270764475E-16,1.41816809714892E-16,-1.));
#2120=DIRECTION('center_axis',(2.44921270764475E-16,-1.41816809714892E-16,
1.));
#2121=DIRECTION('ref_axis',(-1.22460635382238E-16,-1.,-1.41816809714892E-16));
#2122=DIRECTION('center_axis',(1.22460635382237E-16,-1.41816809714892E-16,
1.));
#2123=DIRECTION('ref_axis',(-2.44921270764476E-16,-1.,-1.41816809714892E-16));
#2124=DIRECTION('center_axis',(-1.22460635382237E-16,1.41816809714892E-16,
-1.));
#2125=DIRECTION('ref_axis',(-2.44921270764476E-16,-1.,-1.41816809714892E-16));
#2126=DIRECTION('',(1.22460635382237E-16,-1.41816809714892E-16,1.));
#2127=DIRECTION('center_axis',(-1.22460635382237E-16,1.41816809714892E-16,
-1.));
#2128=DIRECTION('ref_axis',(-2.44921270764476E-16,-1.,-1.41816809714892E-16));
#2129=DIRECTION('center_axis',(-2.44921270764475E-16,1.41816809714892E-16,
-1.));
#2130=DIRECTION('ref_axis',(-1.22460635382238E-16,-1.,-1.41816809714892E-16));
#2131=DIRECTION('center_axis',(2.44921270764475E-16,-1.41816809714892E-16,
1.));
#2132=DIRECTION('ref_axis',(-1.22460635382238E-16,-1.,-1.41816809714892E-16));
#2133=DIRECTION('',(-2.85991635664374E-21,-0.707106781186548,0.707106781186547));
#2134=DIRECTION('center_axis',(2.44921270764475E-16,-1.41816809714892E-16,
1.));
#2135=DIRECTION('ref_axis',(-1.22460635382238E-16,-1.,-1.41816809714892E-16));
#2136=DIRECTION('center_axis',(1.22460635382237E-16,-1.41816809714892E-16,
1.));
#2137=DIRECTION('ref_axis',(-2.44921270764476E-16,-1.,-1.41816809714892E-16));
#2138=DIRECTION('center_axis',(-1.22460635382237E-16,1.41816809714892E-16,
-1.));
#2139=DIRECTION('ref_axis',(-2.44921270764476E-16,-1.,-1.41816809714892E-16));
#2140=DIRECTION('',(-1.73182631498031E-16,-0.707106781186548,-0.707106781186547));
#2141=DIRECTION('center_axis',(-1.22460635382237E-16,1.41816809714892E-16,
-1.));
#2142=DIRECTION('ref_axis',(-2.44921270764476E-16,-1.,-1.41816809714892E-16));
#2143=DIRECTION('center_axis',(2.46519032881566E-32,1.41816809714892E-16,
-1.));
#2144=DIRECTION('ref_axis',(-1.22460635382238E-16,-1.,-1.41816809714892E-16));
#2145=DIRECTION('center_axis',(-2.46519032881566E-32,-1.41816809714892E-16,
1.));
#2146=DIRECTION('ref_axis',(-1.22460635382238E-16,-1.,-1.41816809714892E-16));
#2147=DIRECTION('',(2.46519032881566E-32,1.41816809714892E-16,-1.));
#2148=DIRECTION('center_axis',(2.46519032881566E-32,1.41816809714892E-16,
-1.));
#2149=DIRECTION('ref_axis',(-1.22460635382238E-16,-1.,-1.41816809714892E-16));
#2150=DIRECTION('',(2.46519032881566E-32,1.41816809714892E-16,-1.));
#2151=DIRECTION('center_axis',(-2.46519032881566E-32,-1.41816809714892E-16,
1.));
#2152=DIRECTION('ref_axis',(-1.22460635382238E-16,-1.,-1.41816809714892E-16));
#2153=DIRECTION('center_axis',(-2.46519032881566E-32,-1.41816809714892E-16,
1.));
#2154=DIRECTION('ref_axis',(-2.368475785867E-16,-1.,-2.368475785867E-16));
#2155=DIRECTION('center_axis',(-2.46519032881566E-32,-1.41816809714892E-16,
1.));
#2156=DIRECTION('ref_axis',(-1.22460635382238E-16,-1.,-1.41816809714892E-16));
#2157=DIRECTION('center_axis',(-1.,0.,-2.46519032881566E-32));
#2158=DIRECTION('ref_axis',(0.,1.,0.));
#2159=DIRECTION('center_axis',(-2.46519032881566E-32,-1.41816809714892E-16,
1.));
#2160=DIRECTION('ref_axis',(-1.22460635382238E-16,-1.,-1.41816809714892E-16));
#2161=DIRECTION('center_axis',(-2.46519032881566E-32,-1.41816809714892E-16,
1.));
#2162=DIRECTION('ref_axis',(-2.368475785867E-16,-1.,-1.1842378929335E-16));
#2163=DIRECTION('center_axis',(-2.46519032881566E-32,-1.41816809714892E-16,
1.));
#2164=DIRECTION('ref_axis',(-1.22460635382238E-16,-1.,-1.41816809714892E-16));
#2165=DIRECTION('center_axis',(-1.,3.64921475084588E-48,-2.46519032881566E-32));
#2166=DIRECTION('ref_axis',(0.,1.,1.48029736616688E-16));
#2167=DIRECTION('center_axis',(-2.46519032881566E-32,-1.41816809714892E-16,
1.));
#2168=DIRECTION('ref_axis',(-1.22460635382238E-16,-1.,-1.41816809714892E-16));
#2169=DIRECTION('center_axis',(2.46519032881566E-32,1.41816809714892E-16,
-1.));
#2170=DIRECTION('ref_axis',(-1.22460635382238E-16,-1.,-1.41816809714892E-16));
#2171=DIRECTION('',(-2.46519032881566E-32,-1.41816809714892E-16,1.));
#2172=DIRECTION('center_axis',(2.46519032881566E-32,1.41816809714892E-16,
-1.));
#2173=DIRECTION('ref_axis',(-1.,1.83690953073357E-16,0.));
#2174=DIRECTION('center_axis',(-1.83690953073357E-16,-1.41816809714892E-16,
1.));
#2175=DIRECTION('ref_axis',(1.,0.,1.83690953073357E-16));
#2176=DIRECTION('center_axis',(-1.22460635382237E-16,1.41816809714892E-16,
-1.));
#2177=DIRECTION('ref_axis',(-1.,1.83690953073357E-16,1.22460635382237E-16));
#2178=DIRECTION('center_axis',(-1.83690953073357E-16,-1.41816809714892E-16,
1.));
#2179=DIRECTION('ref_axis',(1.,2.44921270764475E-16,1.83690953073357E-16));
#2180=DIRECTION('center_axis',(-1.83690953073357E-16,-1.41816809714892E-16,
1.));
#2181=DIRECTION('ref_axis',(1.,1.22460635382237E-16,1.83690953073357E-16));
#2182=DIRECTION('center_axis',(-2.44921270764475E-16,1.41816809714892E-16,
-1.));
#2183=DIRECTION('ref_axis',(-1.,1.83690953073357E-16,2.44921270764475E-16));
#2184=DIRECTION('center_axis',(2.46519032881566E-32,1.41816809714892E-16,
-1.));
#2185=DIRECTION('ref_axis',(-1.,1.83690953073357E-16,0.));
#2186=DIRECTION('center_axis',(-1.83690953073357E-16,-1.41816809714892E-16,
1.));
#2187=DIRECTION('ref_axis',(1.,0.,1.83690953073357E-16));
#2188=CARTESIAN_POINT('',(0.,0.,0.));
#2189=CARTESIAN_POINT('Ctrl Pts',(3.90016767656926,7.71096776702024,-11.1946722088262));
#2190=CARTESIAN_POINT('Ctrl Pts',(3.50763431154163,8.38012848036066,-11.347307542213));
#2191=CARTESIAN_POINT('Ctrl Pts',(2.84977066092302,9.3606289619127,-11.4994443092628));
#2192=CARTESIAN_POINT('Ctrl Pts',(1.6103636246584,10.8837508473475,-11.7113570274778));
#2193=CARTESIAN_POINT('Ctrl Pts',(0.781481609088501,11.7305046257762,-11.8199039872737));
#2194=CARTESIAN_POINT('Ctrl Pts',(0.1910908838667,12.2636751646176,-11.8940434230128));
#2195=CARTESIAN_POINT('Ctrl Pts',(0.183991918535502,12.2700768063884,-11.894935760325));
#2196=CARTESIAN_POINT('Ctrl Pts',(0.176888277631801,12.2764729533873,-11.8958275053682));
#2197=CARTESIAN_POINT('Ctrl Pts',(3.91638161491776,7.68332713655857,-11.3660018222843));
#2198=CARTESIAN_POINT('Ctrl Pts',(3.51803047982588,8.36548193144447,-11.492144588159));
#2199=CARTESIAN_POINT('Ctrl Pts',(2.85711460835481,9.35124839363972,-11.6083500261382));
#2200=CARTESIAN_POINT('Ctrl Pts',(1.6135814280086,10.8809446170389,-11.7648970027544));
#2201=CARTESIAN_POINT('Ctrl Pts',(0.782928406353001,11.7292441271024,-11.8417536462876));
#2202=CARTESIAN_POINT('Ctrl Pts',(0.191124572422803,12.2636443867467,-11.894556272129));
#2203=CARTESIAN_POINT('Ctrl Pts',(0.184008817164403,12.2700615907946,-11.8951921727944));
#2204=CARTESIAN_POINT('Ctrl Pts',(0.176888277631801,12.2764729533873,-11.8958275053682));
#2205=CARTESIAN_POINT('Ctrl Pts',(4.02934989245661,7.67535480287944,-11.70836833019));
#2206=CARTESIAN_POINT('Ctrl Pts',(3.58964324467671,8.37036327802679,-11.7819627575364));
#2207=CARTESIAN_POINT('Ctrl Pts',(2.89790127928357,9.35278926868189,-11.8262509147841));
#2208=CARTESIAN_POINT('Ctrl Pts',(1.62340287255269,10.879524333755,-11.8720906834345));
#2209=CARTESIAN_POINT('Ctrl Pts',(0.785802080570723,11.7267444713656,-11.8854706882194));
#2210=CARTESIAN_POINT('Ctrl Pts',(0.191193052484564,12.263583693718,-11.8955819105164));
#2211=CARTESIAN_POINT('Ctrl Pts',(0.184042616459268,12.2700311577728,-11.8957050286442));
#2212=CARTESIAN_POINT('Ctrl Pts',(0.176888277631801,12.2764729533873,-11.8958275053682));
#2213=CARTESIAN_POINT('Ctrl Pts',(4.27270405393339,7.76367114847664,-11.9594088083731));
#2214=CARTESIAN_POINT('Ctrl Pts',(3.7551240570751,8.44264638119344,-12.0233237152432));
#2215=CARTESIAN_POINT('Ctrl Pts',(2.98880999000182,9.39554747318773,-12.0252508126497));
#2216=CARTESIAN_POINT('Ctrl Pts',(1.64217521920973,10.886974883048,-11.9795841578614));
#2217=CARTESIAN_POINT('Ctrl Pts',(0.788863535338071,11.724389976117,-11.9291705068859));
#2218=CARTESIAN_POINT('Ctrl Pts',(0.19126189797958,12.2635239045544,-11.8966076883039));
#2219=CARTESIAN_POINT('Ctrl Pts',(0.184076415754235,12.2700007247509,-11.896217884494));
#2220=CARTESIAN_POINT('Ctrl Pts',(0.176888277631801,12.2764729533873,-11.8958275053682));
#2221=CARTESIAN_POINT('Ctrl Pts',(4.41094704383574,7.82614446359126,-12.0452809017263));
#2222=CARTESIAN_POINT('Ctrl Pts',(3.85530657730177,8.4924900431222,-12.1216294584704));
#2223=CARTESIAN_POINT('Ctrl Pts',(3.04492496415368,9.42630037880432,-12.115932515817));
#2224=CARTESIAN_POINT('Ctrl Pts',(1.6539917140539,10.8928317144272,-12.0336017941265));
#2225=CARTESIAN_POINT('Ctrl Pts',(0.790413871533164,11.7232157842175,-11.9510581797312));
#2226=CARTESIAN_POINT('Ctrl Pts',(0.191296639276899,12.2634945025623,-11.8971203119324));
#2227=CARTESIAN_POINT('Ctrl Pts',(0.184093316420306,12.2699855073228,-11.8964743278744));
#2228=CARTESIAN_POINT('Ctrl Pts',(0.176888277631801,12.2764729533873,-11.8958275053682));
#2229=CARTESIAN_POINT('',(4.41049367094282,7.82660563673854,-12.0453052593422));
#2230=CARTESIAN_POINT('',(0.176888277631801,12.2764729533873,-11.8958275053682));
#2231=CARTESIAN_POINT('Ctrl Pts',(4.41038221301749,7.82648365727375,-12.0455688396059));
#2232=CARTESIAN_POINT('Ctrl Pts',(4.34488674361468,7.90507104797531,-12.0545125969987));
#2233=CARTESIAN_POINT('Ctrl Pts',(4.27955198561616,7.98317101640001,-12.0621493424959));
#2234=CARTESIAN_POINT('Ctrl Pts',(4.21436621124574,8.06074036283852,-12.0687137351076));
#2235=CARTESIAN_POINT('Ctrl Pts',(4.14676029465313,8.14118961447529,-12.0755218429144));
#2236=CARTESIAN_POINT('Ctrl Pts',(4.07931471760504,8.22106817143699,-12.0811760950422));
#2237=CARTESIAN_POINT('Ctrl Pts',(4.01201335352859,8.30035138437867,-12.0858844807629));
#2238=CARTESIAN_POINT('Ctrl Pts',(3.94013806877755,8.38502282580275,-12.0909128567705));
#2239=CARTESIAN_POINT('Ctrl Pts',(3.86842730526506,8.46901523322539,-12.0948621678602));
#2240=CARTESIAN_POINT('Ctrl Pts',(3.79685694087432,8.55232478833063,-12.0979304557702));
#2241=CARTESIAN_POINT('Ctrl Pts',(3.74843671231533,8.60868705131034,-12.1000062758831));
#2242=CARTESIAN_POINT('Ctrl Pts',(3.7000806435697,8.66473732425968,-12.1016776840302));
#2243=CARTESIAN_POINT('Ctrl Pts',(3.651780184043,8.72048049661465,-12.102994217502));
#2244=CARTESIAN_POINT('Ctrl Pts',(3.56837072148957,8.81674268734147,-12.1052677227729));
#2245=CARTESIAN_POINT('Ctrl Pts',(3.48512616475964,8.91208789500909,-12.1064852091959));
#2246=CARTESIAN_POINT('Ctrl Pts',(3.4018894969187,9.00661900199632,-12.1068146343059));
#2247=CARTESIAN_POINT('Ctrl Pts',(3.3128953601492,9.10768881272288,-12.1071668457057));
#2248=CARTESIAN_POINT('Ctrl Pts',(3.22391042254178,9.20782801626531,-12.1065030626606));
#2249=CARTESIAN_POINT('Ctrl Pts',(3.13475132358954,9.30719369691274,-12.1049765199109));
#2250=CARTESIAN_POINT('Ctrl Pts',(3.03847043172188,9.41449644521547,-12.1033280409655));
#2251=CARTESIAN_POINT('Ctrl Pts',(2.94198673718926,9.52089722132504,-12.1006723438744));
#2252=CARTESIAN_POINT('Ctrl Pts',(2.84507522981415,9.62662876211765,-12.0971594767294));
#2253=CARTESIAN_POINT('Ctrl Pts',(2.81825654443607,9.65588824846617,-12.0961873478121));
#2254=CARTESIAN_POINT('Ctrl Pts',(2.7914051110977,9.68509667159952,-12.0951493943903));
#2255=CARTESIAN_POINT('Ctrl Pts',(2.76451548729426,9.7142590408624,-12.0940474249703));
#2256=CARTESIAN_POINT('Ctrl Pts',(2.65286167908442,9.83534997201205,-12.0894717163931));
#2257=CARTESIAN_POINT('Ctrl Pts',(2.54084651885398,9.95553713764334,-12.0840247587262));
#2258=CARTESIAN_POINT('Ctrl Pts',(2.4283762205428,10.0747924381515,-12.077835993086));
#2259=CARTESIAN_POINT('Ctrl Pts',(2.3035762963288,10.2071211746181,-12.070968780191));
#2260=CARTESIAN_POINT('Ctrl Pts',(2.17821638903701,10.3383023248713,-12.063187093656));
#2261=CARTESIAN_POINT('Ctrl Pts',(2.05220283095692,10.4683455837348,-12.0546411377927));
#2262=CARTESIAN_POINT('Ctrl Pts',(2.01133606978285,10.5105191949179,-12.0518696460375));
#2263=CARTESIAN_POINT('Ctrl Pts',(1.97040077916735,10.5525734850774,-12.0490176588475));
#2264=CARTESIAN_POINT('Ctrl Pts',(1.92939429813961,10.5945097375985,-12.0460901068373));
#2265=CARTESIAN_POINT('Ctrl Pts',(1.85258783919355,10.6730576884806,-12.0406067076856));
#2266=CARTESIAN_POINT('Ctrl Pts',(1.77555050739848,10.7512678672071,-12.0350267438768));
#2267=CARTESIAN_POINT('Ctrl Pts',(1.69824867571478,10.8290785154242,-12.029269571744));
#2268=CARTESIAN_POINT('Ctrl Pts',(1.61964289405947,10.9082016964794,-12.0234152859429));
#2269=CARTESIAN_POINT('Ctrl Pts',(1.54076425558759,10.9869120988151,-12.0173772055826));
#2270=CARTESIAN_POINT('Ctrl Pts',(1.46160198649639,11.0651800386922,-12.0111046629138));
#2271=CARTESIAN_POINT('Ctrl Pts',(1.38156163959415,11.1443161363685,-12.0047625444156));
#2272=CARTESIAN_POINT('Ctrl Pts',(1.3012320562381,11.2230004018929,-11.9981802827598));
#2273=CARTESIAN_POINT('Ctrl Pts',(1.22061656550718,11.3012313860089,-11.9913477952878));
#2274=CARTESIAN_POINT('Ctrl Pts',(1.13666900330102,11.3826958830427,-11.9842329013402));
#2275=CARTESIAN_POINT('Ctrl Pts',(1.05241221240117,11.4636694062063,-11.9768460388515));
#2276=CARTESIAN_POINT('Ctrl Pts',(0.967853802879928,11.5441738930703,-11.9692301861251));
#2277=CARTESIAN_POINT('Ctrl Pts',(0.886767628540565,11.6213726116119,-11.9619270643491));
#2278=CARTESIAN_POINT('Ctrl Pts',(0.805404749706003,11.6981407933989,-11.9544136328585));
#2279=CARTESIAN_POINT('Ctrl Pts',(0.723764571081052,11.7745087374221,-11.9467782269627));
#2280=CARTESIAN_POINT('Ctrl Pts',(0.642924364827068,11.8501283704264,-11.9392176385631));
#2281=CARTESIAN_POINT('Ctrl Pts',(0.561812848169182,11.9253562528154,-11.9315375698628));
#2282=CARTESIAN_POINT('Ctrl Pts',(0.480413123354385,12.0002222854269,-11.923871903437));
#2283=CARTESIAN_POINT('Ctrl Pts',(0.40081202509719,12.0734340614076,-11.9163756192941));
#2284=CARTESIAN_POINT('Ctrl Pts',(0.320935803465269,12.146300479048,-11.908893421627));
#2285=CARTESIAN_POINT('Ctrl Pts',(0.240745246195142,12.2188400433783,-11.9015934355458));
#2286=CARTESIAN_POINT('Ctrl Pts',(0.226671685150544,12.2315708438803,-11.9003122772245));
#2287=CARTESIAN_POINT('Ctrl Pts',(0.212588372115737,12.2442915379729,-11.8990368329001));
#2288=CARTESIAN_POINT('Ctrl Pts',(0.19849500050642,12.257002169424,-11.8977681393399));
#2289=CARTESIAN_POINT('Ctrl Pts',(0.19549956282065,12.2597037163295,-11.8974984882864));
#2290=CARTESIAN_POINT('Ctrl Pts',(0.192503307030415,12.2624051375405,-11.8972293671635));
#2291=CARTESIAN_POINT('Ctrl Pts',(0.189506529267076,12.2651061635425,-11.8969604618323));
#2292=CARTESIAN_POINT('Ctrl Pts',(0.185301602205786,12.2688961066836,-11.8965831474654));
#2293=CARTESIAN_POINT('Ctrl Pts',(0.181095147757518,12.2726850705123,-11.8962051175572));
#2294=CARTESIAN_POINT('Ctrl Pts',(0.176888277631801,12.2764729533873,-11.8958275053682));
#2295=CARTESIAN_POINT('',(3.8998826886506,7.71145357600828,-11.1947830133163));
#2296=CARTESIAN_POINT('Ctrl Pts',(0.17688827763183,12.2764729533873,-11.8958275053682));
#2297=CARTESIAN_POINT('Ctrl Pts',(0.183991918535515,12.2700768063884,-11.894935760325));
#2298=CARTESIAN_POINT('Ctrl Pts',(0.191090945346176,12.2636752326665,-11.8940434230128));
#2299=CARTESIAN_POINT('Ctrl Pts',(0.198184838273598,12.257268701803,-11.8931525831854));
#2300=CARTESIAN_POINT('Ctrl Pts',(0.40837096967685,12.0674485351205,-11.8667577420281));
#2301=CARTESIAN_POINT('Ctrl Pts',(0.614608925261962,11.8727664628736,-11.8404776819142));
#2302=CARTESIAN_POINT('Ctrl Pts',(0.816513843971906,11.6735465407773,-11.813884481128));
#2303=CARTESIAN_POINT('Ctrl Pts',(1.01841633784251,11.4743290112741,-11.7872915997211));
#2304=CARTESIAN_POINT('Ctrl Pts',(1.21598565670672,11.2705739650099,-11.7603855851633));
#2305=CARTESIAN_POINT('Ctrl Pts',(1.40887270607675,11.0626433903249,-11.7327385311564));
#2306=CARTESIAN_POINT('Ctrl Pts',(1.55838555948814,10.9014698245819,-11.7113084250582));
#2307=CARTESIAN_POINT('Ctrl Pts',(1.70508585711384,10.7377882768385,-11.6894330809338));
#2308=CARTESIAN_POINT('Ctrl Pts',(1.84882712744748,10.5717816514494,-11.6669132135773));
#2309=CARTESIAN_POINT('Ctrl Pts',(2.0584714399958,10.3296636795032,-11.6340683521143));
#2310=CARTESIAN_POINT('Ctrl Pts',(2.26182586923089,10.0826064135994,-11.5998524769697));
#2311=CARTESIAN_POINT('Ctrl Pts',(2.45888997016427,9.83065813412398,-11.5638819253454));
#2312=CARTESIAN_POINT('Ctrl Pts',(2.50369805056616,9.77337058803932,-11.555703006092));
#2313=CARTESIAN_POINT('Ctrl Pts',(2.54818075768304,9.71583002944303,-11.547433368581));
#2314=CARTESIAN_POINT('Ctrl Pts',(2.59233780026477,9.65803678217801,-11.5390685026087));
#2315=CARTESIAN_POINT('Ctrl Pts',(2.73918470141855,9.4658418621315,-11.5112506376709));
#2316=CARTESIAN_POINT('Ctrl Pts',(2.88242836250232,9.27084709271745,-11.4823796078203));
#2317=CARTESIAN_POINT('Ctrl Pts',(3.02179797001943,9.07344295522495,-11.4512842284142));
#2318=CARTESIAN_POINT('Ctrl Pts',(3.16127307198524,8.87588939461914,-11.4201653116676));
#2319=CARTESIAN_POINT('Ctrl Pts',(3.29686809467693,8.67592307594968,-11.3868186766921));
#2320=CARTESIAN_POINT('Ctrl Pts',(3.42835554640471,8.47396361323591,-11.3500704772812));
#2321=CARTESIAN_POINT('Ctrl Pts',(3.56014541932423,8.27153964367686,-11.313237756997));
#2322=CARTESIAN_POINT('Ctrl Pts',(3.68780867066315,8.0671136242231,-11.272987807084));
#2323=CARTESIAN_POINT('Ctrl Pts',(3.81116257917584,7.86113244236735,-11.2281386631525));
#2324=CARTESIAN_POINT('Ctrl Pts',(3.84098838934038,7.81132813781332,-11.2172945636904));
#2325=CARTESIAN_POINT('Ctrl Pts',(3.87056248089821,7.76143301503753,-11.2061815830518));
#2326=CARTESIAN_POINT('Ctrl Pts',(3.89988268865061,7.71145357600828,-11.1947830133163));
#2327=CARTESIAN_POINT('Origin',(4.7624156020754,8.21745453772577,-11.1947830133163));
#2328=CARTESIAN_POINT('Ctrl Pts',(0.176888277631801,12.2764729533873,-11.8958275053682));
#2329=CARTESIAN_POINT('Ctrl Pts',(0.1697846365456,12.2828691005506,-11.8949357603017));
#2330=CARTESIAN_POINT('Ctrl Pts',(0.162675922759401,12.2892600462778,-11.8940436472));
#2331=CARTESIAN_POINT('Ctrl Pts',(-0.429274825030899,12.8206822324037,-11.8198781244666));
#2332=CARTESIAN_POINT('Ctrl Pts',(-1.3581665944295,13.5565167412241,-11.7120835400403));
#2333=CARTESIAN_POINT('Ctrl Pts',(-3.00202761587791,14.629789956456,-11.498794989796));
#2334=CARTESIAN_POINT('Ctrl Pts',(-4.04593252083261,15.1815158571383,-11.3473566350703));
#2335=CARTESIAN_POINT('Ctrl Pts',(-4.75228233048994,15.5018979511748,-11.1947830133162));
#2336=CARTESIAN_POINT('Ctrl Pts',(0.176888277631801,12.2764729533873,-11.8958275053682));
#2337=CARTESIAN_POINT('Ctrl Pts',(0.169746837744891,12.2829031347436,-11.8954485316238));
#2338=CARTESIAN_POINT('Ctrl Pts',(0.162614942861401,12.28931884739,-11.8950693417728));
#2339=CARTESIAN_POINT('Ctrl Pts',(-0.432549608138599,12.8233797088949,-11.8635846943034));
#2340=CARTESIAN_POINT('Ctrl Pts',(-1.365131129271,13.5622087101502,-11.81920682812));
#2341=CARTESIAN_POINT('Ctrl Pts',(-3.02296062847178,14.6423582308297,-11.7166296176543));
#2342=CARTESIAN_POINT('Ctrl Pts',(-4.0795498385147,15.1993306642788,-11.6370773190174));
#2343=CARTESIAN_POINT('Ctrl Pts',(-4.81063074736849,15.528363291333,-11.5374037738348));
#2344=CARTESIAN_POINT('Ctrl Pts',(0.176888277631801,12.2764729533873,-11.8958275053682));
#2345=CARTESIAN_POINT('Ctrl Pts',(0.169716509184845,12.2829304427017,-11.8959652623792));
#2346=CARTESIAN_POINT('Ctrl Pts',(0.162541021339702,12.2893816858853,-11.8960902360658));
#2347=CARTESIAN_POINT('Ctrl Pts',(-0.434835944013399,12.8260560564555,-11.9075880249878));
#2348=CARTESIAN_POINT('Ctrl Pts',(-1.3623652021925,13.5752929622362,-11.9271900522696));
#2349=CARTESIAN_POINT('Ctrl Pts',(-3.00743186861861,14.7131188638266,-11.9341764528924));
#2350=CARTESIAN_POINT('Ctrl Pts',(-4.04923829344735,15.328978030046,-11.9266536108614));
#2351=CARTESIAN_POINT('Ctrl Pts',(-4.78646407231895,15.7338170304266,-11.8735446177235));
#2352=CARTESIAN_POINT('Ctrl Pts',(0.176888277631801,12.2764729533873,-11.8958275053682));
#2353=CARTESIAN_POINT('Ctrl Pts',(0.169683244769701,12.2829603941157,-11.8964742351574));
#2354=CARTESIAN_POINT('Ctrl Pts',(0.162475002744502,12.2894455861916,-11.8971204709935));
#2355=CARTESIAN_POINT('Ctrl Pts',(-0.437485652786398,12.8288254079034,-11.9510104244714));
#2356=CARTESIAN_POINT('Ctrl Pts',(-1.3529618595331,13.6002406715791,-12.0346428067835));
#2357=CARTESIAN_POINT('Ctrl Pts',(-2.95783327193506,14.831272488142,-12.1148920260474));
#2358=CARTESIAN_POINT('Ctrl Pts',(-3.97055210991352,15.5389400924404,-12.1215920702182));
#2359=CARTESIAN_POINT('Ctrl Pts',(-4.69113446608785,16.021748421016,-12.0453052593422));
#2360=CARTESIAN_POINT('',(-4.69113446607316,16.021748420126,-12.0453052589393));
#2361=CARTESIAN_POINT('',(-4.75228233048994,15.5018979511748,-11.1947830133162));
#2362=CARTESIAN_POINT('Origin',(-4.33921253494261,16.4125973219918,-11.1947830133163));
#2363=CARTESIAN_POINT('Ctrl Pts',(-4.75228233048994,15.5018979511748,-11.1947830133162));
#2364=CARTESIAN_POINT('Ctrl Pts',(-4.04593252083261,15.1815158571383,-11.3473566350703));
#2365=CARTESIAN_POINT('Ctrl Pts',(-3.00202761587791,14.629789956456,-11.498794989796));
#2366=CARTESIAN_POINT('Ctrl Pts',(-1.3581665944295,13.5565167412241,-11.7120835400403));
#2367=CARTESIAN_POINT('Ctrl Pts',(-0.429274825030899,12.8206822324037,-11.8198781244666));
#2368=CARTESIAN_POINT('Ctrl Pts',(0.162675922759401,12.2892600462778,-11.8940436472));
#2369=CARTESIAN_POINT('Ctrl Pts',(0.1697846365456,12.2828691005506,-11.8949357603017));
#2370=CARTESIAN_POINT('Ctrl Pts',(0.176888277631801,12.2764729533873,-11.8958275053682));
#2371=CARTESIAN_POINT('Ctrl Pts',(0.176888277631801,12.2764729533873,-11.8958275053682));
#2372=CARTESIAN_POINT('Ctrl Pts',(0.169683244769701,12.2829603941157,-11.8964742351574));
#2373=CARTESIAN_POINT('Ctrl Pts',(0.162475002744502,12.2894455861916,-11.8971204709935));
#2374=CARTESIAN_POINT('Ctrl Pts',(-0.437485652786398,12.8288254079034,-11.9510104244714));
#2375=CARTESIAN_POINT('Ctrl Pts',(-1.3529618595331,13.6002406715791,-12.0346428067835));
#2376=CARTESIAN_POINT('Ctrl Pts',(-2.95783327193506,14.831272488142,-12.1148920260474));
#2377=CARTESIAN_POINT('Ctrl Pts',(-3.97055210991352,15.5389400924404,-12.1215920702182));
#2378=CARTESIAN_POINT('Ctrl Pts',(-4.69113446608785,16.021748421016,-12.0453052593422));
#2379=CARTESIAN_POINT('Ctrl Pts',(4.0892482290504,7.3812210395665,-11.1236397217549));
#2380=CARTESIAN_POINT('Ctrl Pts',(4.0271260560818,7.49208115201107,-11.1460999250969));
#2381=CARTESIAN_POINT('Ctrl Pts',(3.9639984296461,7.60216141836176,-11.16985727776));
#2382=CARTESIAN_POINT('Ctrl Pts',(3.8998826886542,7.71145357600221,-11.1947830133149));
#2383=CARTESIAN_POINT('Ctrl Pts',(4.1043187896571,7.35432687338355,-11.3071297554571));
#2384=CARTESIAN_POINT('Ctrl Pts',(4.042673690336,7.46484372703842,-11.3254842462408));
#2385=CARTESIAN_POINT('Ctrl Pts',(3.9798523108884,7.57464852329384,-11.345195371895));
#2386=CARTESIAN_POINT('Ctrl Pts',(3.9160924039574,7.68382237759729,-11.3660933935744));
#2387=CARTESIAN_POINT('Ctrl Pts',(4.2275865090659,7.35280792949375,-11.6736712664666));
#2388=CARTESIAN_POINT('Ctrl Pts',(4.1623517917565,7.46090318339255,-11.6838960899639));
#2389=CARTESIAN_POINT('Ctrl Pts',(4.0961805840224,7.56861963163686,-11.6954975431301));
#2390=CARTESIAN_POINT('Ctrl Pts',(4.029023438844,7.6758595464883,-11.7084014098173));
#2391=CARTESIAN_POINT('Ctrl Pts',(4.4990152212692,7.45569539755473,-11.9291914031281));
#2392=CARTESIAN_POINT('Ctrl Pts',(4.4241294722254,7.5588238064748,-11.9382658166356));
#2393=CARTESIAN_POINT('Ctrl Pts',(4.3485308760649,7.66163613503758,-11.9484499110502));
#2394=CARTESIAN_POINT('Ctrl Pts',(4.2722989634018,7.76415343351645,-11.9594249385323));
#2395=CARTESIAN_POINT('Ctrl Pts',(4.6514724048676,7.52561513688119,-12.0097336135615));
#2396=CARTESIAN_POINT('Ctrl Pts',(4.5717576583425,7.62627977022253,-12.0209637152326));
#2397=CARTESIAN_POINT('Ctrl Pts',(4.4914259745569,7.72661354573566,-12.0328423915641));
#2398=CARTESIAN_POINT('Ctrl Pts',(4.4104936709332,7.82660563674577,-12.0453052593415));
#2399=CARTESIAN_POINT('',(4.0892482290504,7.3812210395665,-11.1236397217549));
#2400=CARTESIAN_POINT('',(4.6514724048677,7.5256151368813,-12.0097336135616));
#2401=CARTESIAN_POINT('Origin',(4.961618313405,7.87006706432594,-11.1236397217549));
#2402=CARTESIAN_POINT('Origin',(-10.4752437681423,-6.46588286207781,-30.0312993057867));
#2403=CARTESIAN_POINT('Origin',(-3.79844467873719,0.96834602329479,-20.9498628153068));
#2404=CARTESIAN_POINT('Ctrl Pts',(4.9919931294904,5.54844913261462,-12.8958275053682));
#2405=CARTESIAN_POINT('Ctrl Pts',(4.9919931294904,5.54844913261462,-12.4430992029199));
#2406=CARTESIAN_POINT('Ctrl Pts',(4.8365851512369,5.92959595608772,-11.3905077375563));
#2407=CARTESIAN_POINT('Ctrl Pts',(4.3658838348975,6.88755101959021,-11.0236224225826));
#2408=CARTESIAN_POINT('Ctrl Pts',(4.0892482290499,7.38122103956743,-11.123639721755));
#2409=CARTESIAN_POINT('Ctrl Pts',(4.9216147920877,5.71280459660616,-12.8958275053682));
#2410=CARTESIAN_POINT('Ctrl Pts',(4.9216147920877,5.71280459660616,-12.4891818904205));
#2411=CARTESIAN_POINT('Ctrl Pts',(4.7769192913787,6.0553442951841,-11.5445362973083));
#2412=CARTESIAN_POINT('Ctrl Pts',(4.3513432129483,6.91162606784389,-11.217837301792));
#2413=CARTESIAN_POINT('Ctrl Pts',(4.1043187896567,7.35432687338428,-11.3071297554573));
#2414=CARTESIAN_POINT('Ctrl Pts',(4.8714559084598,6.07991543979483,-12.8958275053682));
#2415=CARTESIAN_POINT('Ctrl Pts',(4.8714559084598,6.07991543979483,-12.5811887249095));
#2416=CARTESIAN_POINT('Ctrl Pts',(4.7519375749597,6.34895756325546,-11.8521499828405));
#2417=CARTESIAN_POINT('Ctrl Pts',(4.4179292357819,7.00954137134104,-11.6057712536222));
#2418=CARTESIAN_POINT('Ctrl Pts',(4.2275870499814,7.35280831066779,-11.6736708611428));
#2419=CARTESIAN_POINT('Ctrl Pts',(5.0155255487013,6.42128067463017,-12.8958275053682));
#2420=CARTESIAN_POINT('Ctrl Pts',(5.0155255487013,6.42128067463017,-12.6475486001115));
#2421=CARTESIAN_POINT('Ctrl Pts',(4.9223877203168,6.63939890690274,-12.0716362730449));
#2422=CARTESIAN_POINT('Ctrl Pts',(4.6541088582155,7.17741978475237,-11.8753125564818));
#2423=CARTESIAN_POINT('Ctrl Pts',(4.4990152212692,7.45569539755489,-11.9291914031283));
#2424=CARTESIAN_POINT('Ctrl Pts',(5.1262927745799,6.56162471828924,-12.8958275053682));
#2425=CARTESIAN_POINT('Ctrl Pts',(5.1262927745799,6.56162471828924,-12.669463354144));
#2426=CARTESIAN_POINT('Ctrl Pts',(5.0445522145895,6.76209804751857,-12.1431676214623));
#2427=CARTESIAN_POINT('Ctrl Pts',(4.7969755482031,7.26595752897133,-11.9597249639754));
#2428=CARTESIAN_POINT('Ctrl Pts',(4.6514724048677,7.5256151368813,-12.0097336135616));
#2429=CARTESIAN_POINT('',(4.9919931294904,5.54844913261462,-12.8958275053682));
#2430=CARTESIAN_POINT('',(5.1262927745799,6.56162471828924,-12.8958275053682));
#2431=CARTESIAN_POINT('Origin',(5.9112590528289,5.94208622714278,-12.8958275053682));
#2432=CARTESIAN_POINT('Ctrl Pts',(5.1262927745799,6.56162471828924,-12.8958275053682));
#2433=CARTESIAN_POINT('Ctrl Pts',(5.1262927745799,6.56162471828924,-12.669463354144));
#2434=CARTESIAN_POINT('Ctrl Pts',(5.0445522145895,6.76209804751857,-12.1431676214623));
#2435=CARTESIAN_POINT('Ctrl Pts',(4.7969755482031,7.26595752897133,-11.9597249639754));
#2436=CARTESIAN_POINT('Ctrl Pts',(4.6514724048677,7.5256151368813,-12.0097336135616));
#2437=CARTESIAN_POINT('Ctrl Pts',(4.0892482290499,7.38122103956743,-11.123639721755));
#2438=CARTESIAN_POINT('Ctrl Pts',(4.3658838348975,6.88755101959021,-11.0236224225826));
#2439=CARTESIAN_POINT('Ctrl Pts',(4.8365851512369,5.92959595608772,-11.3905077375563));
#2440=CARTESIAN_POINT('Ctrl Pts',(4.9919931294904,5.54844913261462,-12.4430992029199));
#2441=CARTESIAN_POINT('Ctrl Pts',(4.9919931294904,5.54844913261462,-12.8958275053682));
#2442=CARTESIAN_POINT('Ctrl Pts',(-4.75228233049636,15.5018979511777,-11.1947830133149));
#2443=CARTESIAN_POINT('Ctrl Pts',(-4.86767781470517,15.5542383728323,-11.1698572517173));
#2444=CARTESIAN_POINT('Ctrl Pts',(-4.9837536145707,15.6055136259109,-11.1460999151859));
#2445=CARTESIAN_POINT('Ctrl Pts',(-5.10049990747834,15.6557074277754,-11.1236397217548));
#2446=CARTESIAN_POINT('Ctrl Pts',(-4.78145653893597,15.5151306212569,-11.3660933935744));
#2447=CARTESIAN_POINT('Ctrl Pts',(-4.89669717293647,15.5671295238559,-11.3451953500606));
#2448=CARTESIAN_POINT('Ctrl Pts',(-5.01246700022283,15.6181290022285,-11.3254842381414));
#2449=CARTESIAN_POINT('Ctrl Pts',(-5.12882204714576,15.6678842244123,-11.3071297554571));
#2450=CARTESIAN_POINT('Ctrl Pts',(-4.80118106911089,15.6266092828053,-11.7084023134441));
#2451=CARTESIAN_POINT('Ctrl Pts',(-4.9148534644369,15.6821889686854,-11.6954984332748));
#2452=CARTESIAN_POINT('Ctrl Pts',(-5.02889671274203,15.7367378265197,-11.6838973275863));
#2453=CARTESIAN_POINT('Ctrl Pts',(-5.1432186438349,15.7903161268029,-11.6736725086009));
#2454=CARTESIAN_POINT('Ctrl Pts',(-4.73879926921089,15.877782725726,-11.9594249385323));
#2455=CARTESIAN_POINT('Ctrl Pts',(-4.84872348673451,15.9428811243423,-11.9484498995834));
#2456=CARTESIAN_POINT('Ctrl Pts',(-4.95887473754865,16.0073187288652,-11.9382658126313));
#2457=CARTESIAN_POINT('Ctrl Pts',(-5.06926584180998,16.0710143637296,-11.9291914031281));
#2458=CARTESIAN_POINT('Ctrl Pts',(-4.69113446609532,16.0217484210213,-12.0453052593415));
#2459=CARTESIAN_POINT('Ctrl Pts',(-4.79903863203421,16.0917854225807,-12.0328423785428));
#2460=CARTESIAN_POINT('Ctrl Pts',(-4.90721965119967,16.1611892627938,-12.020963710277));
#2461=CARTESIAN_POINT('Ctrl Pts',(-5.01566524524702,16.2299449738283,-12.0097336135615));
#2462=CARTESIAN_POINT('',(-5.01566524524695,16.2299449738284,-12.0097336135616));
#2463=CARTESIAN_POINT('',(-5.10049990747834,15.6557074277754,-11.1236397217548));
#2464=CARTESIAN_POINT('Origin',(-4.70551933670962,16.574396901273,-11.1236397217548));
#2465=CARTESIAN_POINT('Origin',(-10.6537544270572,7.14089859241686,-20.9498598686999));
#2466=CARTESIAN_POINT('Origin',(-17.3493403057178,-0.276410487299289,-30.0312938565288));
#2467=CARTESIAN_POINT('Ctrl Pts',(-5.09370870931139,15.6527857671162,-11.1249639186569));
#2468=CARTESIAN_POINT('Ctrl Pts',(-5.48553431055342,15.8214616388944,-11.0475417628517));
#2469=CARTESIAN_POINT('Ctrl Pts',(-6.18824060288429,16.0929716204753,-11.2030055752368));
#2470=CARTESIAN_POINT('Ctrl Pts',(-6.87408175275261,16.3182173741108,-11.9937303644626));
#2471=CARTESIAN_POINT('Ctrl Pts',(-7.01885474509054,16.3623142848884,-12.5992584448711));
#2472=CARTESIAN_POINT('Ctrl Pts',(-7.01757769376938,16.3619251247186,-12.9037164404737));
#2473=CARTESIAN_POINT('Ctrl Pts',(-5.12273335629233,15.6652780112158,-11.3083119380345));
#2474=CARTESIAN_POINT('Ctrl Pts',(-5.47403206291665,15.8157334095855,-11.2391941651438));
#2475=CARTESIAN_POINT('Ctrl Pts',(-6.10260237738726,16.0604456918144,-11.3776402500557));
#2476=CARTESIAN_POINT('Ctrl Pts',(-6.71766224769551,16.2682868149574,-12.0855304772533));
#2477=CARTESIAN_POINT('Ctrl Pts',(-6.84791666622083,16.3094759550864,-12.6294460427629));
#2478=CARTESIAN_POINT('Ctrl Pts',(-6.84676770599806,16.3091124842129,-12.9029134327212));
#2479=CARTESIAN_POINT('Ctrl Pts',(-5.1385113476444,15.7884082914669,-11.674860202604));
#2480=CARTESIAN_POINT('Ctrl Pts',(-5.41076484362047,15.9041237236629,-11.6223216739964));
#2481=CARTESIAN_POINT('Ctrl Pts',(-5.89560661508724,16.0951632758961,-11.7265918442326));
#2482=CARTESIAN_POINT('Ctrl Pts',(-6.37477427629335,16.2637820723203,-12.269056484152));
#2483=CARTESIAN_POINT('Ctrl Pts',(-6.47703737640896,16.2978921916642,-12.6897640834123));
#2484=CARTESIAN_POINT('Ctrl Pts',(-6.47613536523462,16.2975912274228,-12.9013089261462));
#2485=CARTESIAN_POINT('Ctrl Pts',(-5.06532347847946,16.0698220883041,-11.9303075040206));
#2486=CARTESIAN_POINT('Ctrl Pts',(-5.28605156496445,16.1642226251507,-11.8886204079654));
#2487=CARTESIAN_POINT('Ctrl Pts',(-5.6806773546403,16.3182024046747,-11.9719385614821));
#2488=CARTESIAN_POINT('Ctrl Pts',(-6.06933102869098,16.4505914737807,-12.4011842258588));
#2489=CARTESIAN_POINT('Ctrl Pts',(-6.15221371123447,16.4770826220975,-12.7332569820245));
#2490=CARTESIAN_POINT('Ctrl Pts',(-6.15148264170719,16.4768488667465,-12.9001520055464));
#2491=CARTESIAN_POINT('Ctrl Pts',(-5.01184062638363,16.229161126533,-12.0107763460761));
#2492=CARTESIAN_POINT('Ctrl Pts',(-5.21786112745067,16.3178532399922,-11.9720794173379));
#2493=CARTESIAN_POINT('Ctrl Pts',(-5.58734743142085,16.4606073330028,-12.0497847621236));
#2494=CARTESIAN_POINT('Ctrl Pts',(-5.94794936628043,16.5790146426768,-12.4449861009574));
#2495=CARTESIAN_POINT('Ctrl Pts',(-6.02406419441316,16.6021928120994,-12.7476108641925));
#2496=CARTESIAN_POINT('Ctrl Pts',(-6.02339278070396,16.6019882620101,-12.8997701669521));
#2497=CARTESIAN_POINT('',(-6.02400706703597,16.6013997908138,-12.8958275053682));
#2498=CARTESIAN_POINT('',(-7.01759423532334,16.3619301662411,-12.8958275053682));
#2499=CARTESIAN_POINT('Origin',(-6.72220298028683,17.3173065352434,-12.8958275053682));
#2500=CARTESIAN_POINT('Ctrl Pts',(-7.01759423532334,16.3619301662411,-12.895827504972));
#2501=CARTESIAN_POINT('Ctrl Pts',(-7.01759423526154,16.361930166222,-12.5940085551328));
#2502=CARTESIAN_POINT('Ctrl Pts',(-6.872382954057,16.3176594501768,-11.9917717735545));
#2503=CARTESIAN_POINT('Ctrl Pts',(-6.1899394015799,16.0935295444094,-11.2049641661449));
#2504=CARTESIAN_POINT('Ctrl Pts',(-5.4904125929247,15.823346156084,-11.048626510472));
#2505=CARTESIAN_POINT('Ctrl Pts',(-5.10049990747834,15.6557074277754,-11.1236397217548));
#2506=CARTESIAN_POINT('Ctrl Pts',(-5.01566524524736,16.2299449738286,-12.0097336135615));
#2507=CARTESIAN_POINT('Ctrl Pts',(-5.05100614642662,16.2451394108195,-12.0032703224252));
#2508=CARTESIAN_POINT('Ctrl Pts',(-5.08686808920597,16.2602149162639,-11.9991589121697));
#2509=CARTESIAN_POINT('Ctrl Pts',(-5.12292766224822,16.2751044423535,-11.99747275974));
#2510=CARTESIAN_POINT('Ctrl Pts',(-5.15849296633257,16.2897898775478,-11.9958097194199));
#2511=CARTESIAN_POINT('Ctrl Pts',(-5.19424964879092,16.3042951655065,-11.9965059045301));
#2512=CARTESIAN_POINT('Ctrl Pts',(-5.22988944721117,16.318554590005,-11.9995815984628));
#2513=CARTESIAN_POINT('Ctrl Pts',(-5.26436889988596,16.3323497620868,-12.0025571552306));
#2514=CARTESIAN_POINT('Ctrl Pts',(-5.29873831720591,16.3459153382413,-12.0077595550902));
#2515=CARTESIAN_POINT('Ctrl Pts',(-5.3327314128108,16.3591811725426,-12.0151620358785));
#2516=CARTESIAN_POINT('Ctrl Pts',(-5.36617900219174,16.3722341225787,-12.0224457249159));
#2517=CARTESIAN_POINT('Ctrl Pts',(-5.39926175315932,16.3849972010956,-12.0318592707221));
#2518=CARTESIAN_POINT('Ctrl Pts',(-5.43174695619629,16.3973869065483,-12.0433356979625));
#2519=CARTESIAN_POINT('Ctrl Pts',(-5.46502687482135,16.4100797128327,-12.0550928836643));
#2520=CARTESIAN_POINT('Ctrl Pts',(-5.49767905800413,16.4223809346082,-12.0690151568344));
#2521=CARTESIAN_POINT('Ctrl Pts',(-5.52948399884212,16.4341782949883,-12.0849872805701));
#2522=CARTESIAN_POINT('Ctrl Pts',(-5.56128893968012,16.4459756553683,-12.1009594043058));
#2523=CARTESIAN_POINT('Ctrl Pts',(-5.59224629513284,16.4572691105006,-12.1189811862103));
#2524=CARTESIAN_POINT('Ctrl Pts',(-5.62217383575299,16.4679224588438,-12.1388961080548));
#2525=CARTESIAN_POINT('Ctrl Pts',(-5.64784942920932,16.4770622356294,-12.1559816228148));
#2526=CARTESIAN_POINT('Ctrl Pts',(-5.67279072731862,16.4857969458947,-12.1745228196002));
#2527=CARTESIAN_POINT('Ctrl Pts',(-5.69677973568893,16.494098919549,-12.1944137883726));
#2528=CARTESIAN_POINT('Ctrl Pts',(-5.72170839239036,16.5027260811214,-12.2150838854576));
#2529=CARTESIAN_POINT('Ctrl Pts',(-5.74560803033877,16.5108856711378,-12.2372103271472));
#2530=CARTESIAN_POINT('Ctrl Pts',(-5.76828129291653,16.518550332254,-12.260643556591));
#2531=CARTESIAN_POINT('Ctrl Pts',(-5.7909347992027,16.5262083147866,-12.2840563675479));
#2532=CARTESIAN_POINT('Ctrl Pts',(-5.81236407741674,16.5333721116317,-12.3087717555613));
#2533=CARTESIAN_POINT('Ctrl Pts',(-5.83242320250464,16.5400212324368,-12.3346349486152));
#2534=CARTESIAN_POINT('Ctrl Pts',(-5.85123006618465,16.5462552584985,-12.3588835409124));
#2535=CARTESIAN_POINT('Ctrl Pts',(-5.86883326409597,16.5520371621886,-12.3841395084778));
#2536=CARTESIAN_POINT('Ctrl Pts',(-5.88515073504853,16.557354642993,-12.4102956033943));
#2537=CARTESIAN_POINT('Ctrl Pts',(-5.89583479306379,16.56083632674,-12.4274216173675));
#2538=CARTESIAN_POINT('Ctrl Pts',(-5.90596841345006,16.5641190476892,-12.4449339803107));
#2539=CARTESIAN_POINT('Ctrl Pts',(-5.91553580796949,16.5671989504551,-12.4628126180929));
#2540=CARTESIAN_POINT('Ctrl Pts',(-5.92651226303239,16.570732453149,-12.4833243743296));
#2541=CARTESIAN_POINT('Ctrl Pts',(-5.93669608892736,16.5740985633253,-12.504416830073));
#2542=CARTESIAN_POINT('Ctrl Pts',(-5.94606611145452,16.5772012775729,-12.525930884145));
#2543=CARTESIAN_POINT('Ctrl Pts',(-5.9554246981347,16.5803002050456,-12.5474186809235));
#2544=CARTESIAN_POINT('Ctrl Pts',(-5.96397173263461,16.5831366396861,-12.5693263832692));
#2545=CARTESIAN_POINT('Ctrl Pts',(-5.9716914418962,16.5856609907184,-12.5915192682857));
#2546=CARTESIAN_POINT('Ctrl Pts',(-5.97947325979704,16.588205651325,-12.613890705349));
#2547=CARTESIAN_POINT('Ctrl Pts',(-5.98641470103479,16.5904337527083,-12.6365513229033));
#2548=CARTESIAN_POINT('Ctrl Pts',(-5.99250064771855,16.5923351746723,-12.6593971258567));
#2549=CARTESIAN_POINT('Ctrl Pts',(-5.99875212595347,16.594288313377,-12.6828643113815));
#2550=CARTESIAN_POINT('Ctrl Pts',(-6.00410134517318,16.5958976204196,-12.706526356518));
#2551=CARTESIAN_POINT('Ctrl Pts',(-6.00852748836228,16.5971841107576,-12.7303154653451));
#2552=CARTESIAN_POINT('Ctrl Pts',(-6.01303519209932,16.5984943072551,-12.7545429361203));
#2553=CARTESIAN_POINT('Ctrl Pts',(-6.01658596929054,16.599470928605,-12.7789021271809));
#2554=CARTESIAN_POINT('Ctrl Pts',(-6.01914646786348,16.600152519303,-12.8033722187741));
#2555=CARTESIAN_POINT('Ctrl Pts',(-6.02177197358277,16.6008514145474,-12.8284635686027));
#2556=CARTESIAN_POINT('Ctrl Pts',(-6.02335685934447,16.6012415605368,-12.8536720184285));
#2557=CARTESIAN_POINT('Ctrl Pts',(-6.02384510539506,16.6013605494898,-12.8790251127659));
#2558=CARTESIAN_POINT('Ctrl Pts',(-6.02395282232903,16.6013868008546,-12.8846185171273));
#2559=CARTESIAN_POINT('Ctrl Pts',(-6.02400706703477,16.6013997908134,-12.8902191289407));
#2560=CARTESIAN_POINT('Ctrl Pts',(-6.02400706703597,16.6013997908138,-12.8958275051701));
#2561=CARTESIAN_POINT('Origin',(-12.7038758947762,-2.02906493705253,-10.0458275053682));
#2562=CARTESIAN_POINT('',(4.9919931294904,5.54844913261462,-25.4958275053682));
#2563=CARTESIAN_POINT('',(-12.7038758947762,-21.2790649370525,-25.4958275053682));
#2564=CARTESIAN_POINT('Origin',(-12.7038758947762,-2.02906493705252,-25.4958275053682));
#2565=CARTESIAN_POINT('',(4.9919931294904,5.54844913261462,-10.0458275053682));
#2566=CARTESIAN_POINT('',(-7.01759423532334,16.3619301662411,-25.4958275053682));
#2567=CARTESIAN_POINT('',(-7.01759423532334,16.3619301662411,-10.0458275053682));
#2568=CARTESIAN_POINT('Origin',(-12.7038758947762,-2.02906493705252,-25.4958275053682));
#2569=CARTESIAN_POINT('',(-12.7038758947762,-21.2790649370525,5.40417249463183));
#2570=CARTESIAN_POINT('',(-12.7038758947762,-21.2790649370525,-10.0458275053682));
#2571=CARTESIAN_POINT('Origin',(-12.7038758947762,-2.02906493705253,5.40417249463183));
#2572=CARTESIAN_POINT('Origin',(2.2945507668132,9.02408835406417,-12.8958275053682));
#2573=CARTESIAN_POINT('',(5.0104571026899,7.92430803491309,-12.8958275053682));
#2574=CARTESIAN_POINT('Origin',(4.341326496331,7.18116320943569,-12.8958275053682));
#2575=CARTESIAN_POINT('',(4.727702346155,8.17890156124157,-12.8958275053682));
#2576=CARTESIAN_POINT('',(2.963681373172,9.76723317954157,-12.8958275053682));
#2577=CARTESIAN_POINT('Origin',(4.0585717397961,7.43575673576414,-12.8958275053682));
#2578=CARTESIAN_POINT('Ctrl Pts',(0.176888277631801,12.2764729533873,-11.8958275053682));
#2579=CARTESIAN_POINT('Ctrl Pts',(0.181095248199201,12.2726849800742,-11.8962051265727));
#2580=CARTESIAN_POINT('Ctrl Pts',(0.185301475961701,12.2688962198022,-11.8965831851001));
#2581=CARTESIAN_POINT('Ctrl Pts',(1.1191608440162,11.4271989496438,-11.9803039397457));
#2582=CARTESIAN_POINT('Ctrl Pts',(2.3181232862178,10.2354308975651,-12.0944517596223));
#2583=CARTESIAN_POINT('Ctrl Pts',(3.6453025679107,8.69867371159497,-12.0881287696829));
#2584=CARTESIAN_POINT('Ctrl Pts',(4.1321077734405,8.07818658144177,-12.0412279105384));
#2585=CARTESIAN_POINT('Ctrl Pts',(4.3585596417685,7.76892705399205,-12.0019568224827));
#2586=CARTESIAN_POINT('Ctrl Pts',(0.176888277631801,12.2764729533873,-11.8958275053682));
#2587=CARTESIAN_POINT('Ctrl Pts',(0.181039074408653,12.2727355591824,-11.8964982637595));
#2588=CARTESIAN_POINT('Ctrl Pts',(0.185205797234,12.2689911281379,-11.8971884843193));
#2589=CARTESIAN_POINT('Ctrl Pts',(1.1071259663035,11.4378750168006,-12.0469331863887));
#2590=CARTESIAN_POINT('Ctrl Pts',(2.330881132291,10.3024164576503,-12.2522003460584));
#2591=CARTESIAN_POINT('Ctrl Pts',(3.7730881393195,8.87056609637157,-12.2806821926252));
#2592=CARTESIAN_POINT('Ctrl Pts',(4.3201225844647,8.29758218090017,-12.2221058628662));
#2593=CARTESIAN_POINT('Ctrl Pts',(4.579046392854,8.01380239910167,-12.167225196707));
#2594=CARTESIAN_POINT('Ctrl Pts',(0.176888277631801,12.2764729533873,-11.8958275053682));
#2595=CARTESIAN_POINT('Ctrl Pts',(0.180986546956232,12.272782855113,-11.8968026800245));
#2596=CARTESIAN_POINT('Ctrl Pts',(0.1850981013866,12.2690807948755,-11.8977826832028));
#2597=CARTESIAN_POINT('Ctrl Pts',(1.0960252232131,11.4488783303227,-12.1142702615427));
#2598=CARTESIAN_POINT('Ctrl Pts',(2.3197550572739,10.3470270386061,-12.4090314150217));
#2599=CARTESIAN_POINT('Ctrl Pts',(3.8332540746562,8.98426640231437,-12.5624555700441));
#2600=CARTESIAN_POINT('Ctrl Pts',(4.4323698413843,8.44482014294967,-12.5564170624431));
#2601=CARTESIAN_POINT('Ctrl Pts',(4.727702346155,8.17890156124157,-12.5271922146465));
#2602=CARTESIAN_POINT('Ctrl Pts',(0.176888277631801,12.2764729533873,-11.8958275053682));
#2603=CARTESIAN_POINT('Ctrl Pts',(0.180938981682601,12.2728256830778,-11.8971034317614));
#2604=CARTESIAN_POINT('Ctrl Pts',(0.184989323003002,12.2691787393721,-11.8983802145107));
#2605=CARTESIAN_POINT('Ctrl Pts',(1.0846763805539,11.4590968741512,-12.1814609165529));
#2606=CARTESIAN_POINT('Ctrl Pts',(2.2915834229564,10.37239289208,-12.5651679661387));
#2607=CARTESIAN_POINT('Ctrl Pts',(3.8097533819858,9.00542652103857,-12.8460538399485));
#2608=CARTESIAN_POINT('Ctrl Pts',(4.4211262958971,8.45494387677867,-12.8958275053682));
#2609=CARTESIAN_POINT('Ctrl Pts',(4.727702346155,8.17890156124157,-12.8958275053682));
#2610=CARTESIAN_POINT('Ctrl Pts',(4.727702346155,8.17890156124157,-12.8958275053682));
#2611=CARTESIAN_POINT('Ctrl Pts',(4.4211262958971,8.45494387677867,-12.8958275053682));
#2612=CARTESIAN_POINT('Ctrl Pts',(3.8097533819858,9.00542652103857,-12.8460538399485));
#2613=CARTESIAN_POINT('Ctrl Pts',(2.2915834229564,10.37239289208,-12.5651679661387));
#2614=CARTESIAN_POINT('Ctrl Pts',(1.0846763805539,11.4590968741512,-12.1814609165529));
#2615=CARTESIAN_POINT('Ctrl Pts',(0.184989323003002,12.2691787393721,-11.8983802145107));
#2616=CARTESIAN_POINT('Ctrl Pts',(0.180938981682601,12.2728256830778,-11.8971034317614));
#2617=CARTESIAN_POINT('Ctrl Pts',(0.176888277631801,12.2764729533873,-11.8958275053682));
#2618=CARTESIAN_POINT('Origin',(4.341326496331,7.18116320943569,-12.8958275053682));
#2619=CARTESIAN_POINT('Origin',(4.341326496331,7.18116320943569,-12.8958275053682));
#2620=CARTESIAN_POINT('Origin',(2.2945507668132,9.02408835406417,-12.8958275053682));
#2621=CARTESIAN_POINT('',(-4.37392579089138,16.3740443455331,-12.8958275053682));
#2622=CARTESIAN_POINT('Origin',(-5.04305639725024,15.6308995200557,-12.8958275053682));
#2623=CARTESIAN_POINT('',(-4.65668054742625,16.6286378718616,-12.8958275053682));
#2624=CARTESIAN_POINT('',(2.963681373172,9.76723317954157,-12.8958275053682));
#2625=CARTESIAN_POINT('Origin',(-5.32581115378511,15.8854930463842,-12.8958275053682));
#2626=CARTESIAN_POINT('Origin',(-5.32581115378511,15.8854930463842,-12.8958275053682));
#2627=CARTESIAN_POINT('Origin',(-5.32581115378511,15.8854930463842,-12.8958275053682));
#2628=CARTESIAN_POINT('Ctrl Pts',(-4.74306849542343,15.9640698381219,-12.0019568223736));
#2629=CARTESIAN_POINT('Ctrl Pts',(-4.08059537229535,15.5782993912031,-12.0804991227969));
#2630=CARTESIAN_POINT('Ctrl Pts',(-3.07395814551871,14.905661139442,-12.1057838728179));
#2631=CARTESIAN_POINT('Ctrl Pts',(-1.4221555450578,13.6595232569366,-12.0373353257674));
#2632=CARTESIAN_POINT('Ctrl Pts',(-0.456051922103999,12.8458897655396,-11.9526234699027));
#2633=CARTESIAN_POINT('Ctrl Pts',(0.168478523559801,12.284043295117,-11.8965822681442));
#2634=CARTESIAN_POINT('Ctrl Pts',(0.172683766631201,12.2802587120966,-11.8962049057998));
#2635=CARTESIAN_POINT('Ctrl Pts',(0.176888277631801,12.2764729533873,-11.8958275053682));
#2636=CARTESIAN_POINT('Ctrl Pts',(-4.63282511984295,16.0865075107186,-12.0845910094638));
#2637=CARTESIAN_POINT('Ctrl Pts',(-3.99248146837842,15.6659005000225,-12.1792188554915));
#2638=CARTESIAN_POINT('Ctrl Pts',(-3.01495799186279,14.9488471652815,-12.1993346888391));
#2639=CARTESIAN_POINT('Ctrl Pts',(-1.4030697065744,13.6616809788383,-12.0937127083842));
#2640=CARTESIAN_POINT('Ctrl Pts',(-0.452073632457499,12.8424454857576,-11.9751727568258));
#2641=CARTESIAN_POINT('Ctrl Pts',(0.1685309722735,12.2839967936261,-11.896881370394));
#2642=CARTESIAN_POINT('Ctrl Pts',(0.172709795824015,12.2802352753061,-11.8963545358003));
#2643=CARTESIAN_POINT('Ctrl Pts',(0.176888277631801,12.2764729533873,-11.8958275053682));
#2644=CARTESIAN_POINT('Ctrl Pts',(-4.44405373697419,16.2961593709743,-12.3433347890141));
#2645=CARTESIAN_POINT('Ctrl Pts',(-3.84230753060544,15.8003389419455,-12.4305107349548));
#2646=CARTESIAN_POINT('Ctrl Pts',(-2.91520067905719,15.0091545355044,-12.4075478442043));
#2647=CARTESIAN_POINT('Ctrl Pts',(-1.369476956698,13.659844376437,-12.205864869505));
#2648=CARTESIAN_POINT('Ctrl Pts',(-0.4441017583303,12.8355459703538,-12.0201873053912));
#2649=CARTESIAN_POINT('Ctrl Pts',(0.1686354615718,12.2839034625755,-11.8974799636418));
#2650=CARTESIAN_POINT('Ctrl Pts',(0.172761854209702,12.2801884017251,-11.8966537958013));
#2651=CARTESIAN_POINT('Ctrl Pts',(0.176888277631801,12.2764729533873,-11.8958275053682));
#2652=CARTESIAN_POINT('Ctrl Pts',(-4.37392579089138,16.3740443455331,-12.7115098599668));
#2653=CARTESIAN_POINT('Ctrl Pts',(-3.77242860815636,15.8320214650067,-12.7407628215388));
#2654=CARTESIAN_POINT('Ctrl Pts',(-2.86165279975475,15.0121364739542,-12.6385162885655));
#2655=CARTESIAN_POINT('Ctrl Pts',(-1.3450390298981,13.6465377143218,-12.3177331099367));
#2656=CARTESIAN_POINT('Ctrl Pts',(-0.436233735945,12.8284854870501,-12.0652340256883));
#2657=CARTESIAN_POINT('Ctrl Pts',(0.168739756917302,12.2838101221529,-11.8980784077344));
#2658=CARTESIAN_POINT('Ctrl Pts',(0.172813912595284,12.2801415281442,-11.8969530558024));
#2659=CARTESIAN_POINT('Ctrl Pts',(0.176888277631801,12.2764729533873,-11.8958275053682));
#2660=CARTESIAN_POINT('Ctrl Pts',(-4.37392579089138,16.3740443455331,-12.8958275053682));
#2661=CARTESIAN_POINT('Ctrl Pts',(-3.76077271975116,15.8219588405048,-12.8958275053682));
#2662=CARTESIAN_POINT('Ctrl Pts',(-2.84748099146316,14.9996272747306,-12.7539577737821));
#2663=CARTESIAN_POINT('Ctrl Pts',(-1.3348377447823,13.6376371778393,-12.373603166755));
#2664=CARTESIAN_POINT('Ctrl Pts',(-0.432283086230099,12.8249733130793,-12.0877485235548));
#2665=CARTESIAN_POINT('Ctrl Pts',(0.168791659242302,12.2837631813304,-11.8983776706543));
#2666=CARTESIAN_POINT('Ctrl Pts',(0.172839941788101,12.2801180913537,-11.8971026858029));
#2667=CARTESIAN_POINT('Ctrl Pts',(0.176888277631801,12.2764729533873,-11.8958275053682));
#2668=CARTESIAN_POINT('Ctrl Pts',(0.176888277631801,12.2764729533873,-11.8958275053682));
#2669=CARTESIAN_POINT('Ctrl Pts',(0.172839941788101,12.2801180913537,-11.8971026858029));
#2670=CARTESIAN_POINT('Ctrl Pts',(0.168791659242302,12.2837631813304,-11.8983776706543));
#2671=CARTESIAN_POINT('Ctrl Pts',(-0.432283086230099,12.8249733130793,-12.0877485235548));
#2672=CARTESIAN_POINT('Ctrl Pts',(-1.3348377447823,13.6376371778393,-12.373603166755));
#2673=CARTESIAN_POINT('Ctrl Pts',(-2.84748099146316,14.9996272747306,-12.7539577737821));
#2674=CARTESIAN_POINT('Ctrl Pts',(-3.76077271975116,15.8219588405048,-12.8958275053682));
#2675=CARTESIAN_POINT('Ctrl Pts',(-4.37392579089138,16.3740443455331,-12.8958275053682));
#2676=CARTESIAN_POINT('Origin',(-6.72220298028683,17.3173065352434,-10.0458275053682));
#2677=CARTESIAN_POINT('',(-6.02400706703597,16.6013997908138,-24.8958275053682));
#2678=CARTESIAN_POINT('',(-6.02400706703597,16.6013997908138,-10.0458275053682));
#2679=CARTESIAN_POINT('',(-6.09952214979105,16.5348306037713,-25.4958275053682));
#2680=CARTESIAN_POINT('Ctrl Pts',(-6.09952214979105,16.5348306037713,-25.4958275053682));
#2681=CARTESIAN_POINT('Ctrl Pts',(-6.04867406326256,16.5752946327276,-25.324908452814));
#2682=CARTESIAN_POINT('Ctrl Pts',(-6.02400706703597,16.6013997908138,-25.110547752895));
#2683=CARTESIAN_POINT('Ctrl Pts',(-6.02400706703597,16.6013997908138,-24.8958275053682));
#2684=CARTESIAN_POINT('Origin',(-6.72220298028683,17.3173065352434,-25.4958275053682));
#2685=CARTESIAN_POINT('Origin',(-5.32581115378511,15.8854930463842,-10.0458275053682));
#2686=CARTESIAN_POINT('',(-4.65668054742625,16.6286378718616,-24.8958275053682));
#2687=CARTESIAN_POINT('',(-4.65668054742625,16.6286378718616,-10.0458275053682));
#2688=CARTESIAN_POINT('Origin',(-5.32581115378511,15.8854930463842,-24.8958275053682));
#2689=CARTESIAN_POINT('Ctrl Pts',(-8.5177606022712,15.3231377691706,-26.8958275053682));
#2690=CARTESIAN_POINT('Ctrl Pts',(-8.51481832075502,15.3247689148309,-26.8958275053682));
#2691=CARTESIAN_POINT('Ctrl Pts',(-8.5118718905012,15.3264060794878,-26.8958172073435));
#2692=CARTESIAN_POINT('Ctrl Pts',(-8.18288190617663,15.5087213628192,-26.8953932123497));
#2693=CARTESIAN_POINT('Ctrl Pts',(-7.67361940823555,15.7981525612312,-26.7869471641644));
#2694=CARTESIAN_POINT('Ctrl Pts',(-6.91540473103245,16.1598825832937,-26.3156554501853));
#2695=CARTESIAN_POINT('Ctrl Pts',(-6.61425180133448,16.2315384582937,-26.0884638851275));
#2696=CARTESIAN_POINT('Ctrl Pts',(-6.42352944396949,16.3227022480962,-26.0146873310979));
#2697=CARTESIAN_POINT('Ctrl Pts',(-8.5177606022712,15.3231377691706,-26.8958275053682));
#2698=CARTESIAN_POINT('Ctrl Pts',(-8.51486508956553,15.3241626811299,-26.8958275053682));
#2699=CARTESIAN_POINT('Ctrl Pts',(-8.51200578565981,15.3251145375672,-26.8958429429174));
#2700=CARTESIAN_POINT('Ctrl Pts',(-8.18866546547664,15.4390814143653,-26.89286738468));
#2701=CARTESIAN_POINT('Ctrl Pts',(-7.69597560695236,15.6114852355565,-26.866262072562));
#2702=CARTESIAN_POINT('Ctrl Pts',(-6.90904396077231,15.9684684226891,-26.6712987589384));
#2703=CARTESIAN_POINT('Ctrl Pts',(-6.58211478092938,16.1511492527312,-26.5463351835905));
#2704=CARTESIAN_POINT('Ctrl Pts',(-6.40524676728295,16.2680496427634,-26.4935519397902));
#2705=CARTESIAN_POINT('Ctrl Pts',(-8.5177606022712,15.3231377691706,-26.8958275053682));
#2706=CARTESIAN_POINT('Ctrl Pts',(-8.51494089059828,15.3235076896781,-26.8958275053682));
#2707=CARTESIAN_POINT('Ctrl Pts',(-8.51210682762665,15.3238791980989,-26.8958275046276));
#2708=CARTESIAN_POINT('Ctrl Pts',(-8.19714219529349,15.3647629214399,-26.8958276473731));
#2709=CARTESIAN_POINT('Ctrl Pts',(-7.71932101913583,15.426395879606,-26.8958289237604));
#2710=CARTESIAN_POINT('Ctrl Pts',(-6.91308596150905,15.583524635883,-26.8958382769215));
#2711=CARTESIAN_POINT('Ctrl Pts',(-6.48730189789669,15.7182319176497,-26.8958442718753));
#2712=CARTESIAN_POINT('Ctrl Pts',(-6.23397450099887,15.849268551416,-26.8958468040653));
#2713=CARTESIAN_POINT('Ctrl Pts',(-8.5177606022712,15.3231377691706,-26.8958275053682));
#2714=CARTESIAN_POINT('Ctrl Pts',(-8.51499635824129,15.3228768537516,-26.8958275053682));
#2715=CARTESIAN_POINT('Ctrl Pts',(-8.51223264224308,15.322614706339,-26.8958275053682));
#2716=CARTESIAN_POINT('Ctrl Pts',(-8.20297013882072,15.2934892274907,-26.8958275053632));
#2717=CARTESIAN_POINT('Ctrl Pts',(-7.74296161093522,15.2417963442462,-26.8958275053171));
#2718=CARTESIAN_POINT('Ctrl Pts',(-6.9169903385354,15.1942652109203,-26.8958275049806));
#2719=CARTESIAN_POINT('Ctrl Pts',(-6.39037996591014,15.2616376708926,-26.8958275047649));
#2720=CARTESIAN_POINT('Ctrl Pts',(-6.05021670755139,15.4021890474092,-26.8958275046738));
#2721=CARTESIAN_POINT('',(-6.51598066929073,16.2774853053478,-26.080747852686));
#2722=CARTESIAN_POINT('',(-6.21620060306247,15.3415705779073,-26.8958275053682));
#2723=CARTESIAN_POINT('Origin',(-6.21620060306247,15.3415705779073,-25.8958275053682));
#2724=CARTESIAN_POINT('',(-8.51776060224997,15.3231377691762,-26.8958275053682));
#2725=CARTESIAN_POINT('Ctrl Pts',(-6.21620060306247,15.3415705779073,-26.8958275053682));
#2726=CARTESIAN_POINT('Ctrl Pts',(-6.50931695661581,15.2476833493976,-26.8958275053682));
#2727=CARTESIAN_POINT('Ctrl Pts',(-6.97564922437079,15.1976677663654,-26.8958275053682));
#2728=CARTESIAN_POINT('Ctrl Pts',(-7.74295990982684,15.2418096274979,-26.8958275053682));
#2729=CARTESIAN_POINT('Ctrl Pts',(-8.20296971945412,15.2934943561457,-26.8958275053683));
#2730=CARTESIAN_POINT('Ctrl Pts',(-8.51223263318987,15.3226147973282,-26.8958275053682));
#2731=CARTESIAN_POINT('Ctrl Pts',(-8.51499635424996,15.3228768991448,-26.8958275053682));
#2732=CARTESIAN_POINT('Ctrl Pts',(-8.5177606022712,15.3231377691706,-26.8958275053682));
#2733=CARTESIAN_POINT('Ctrl Pts',(-8.51776060225247,15.3231377691808,-26.8958275053682));
#2734=CARTESIAN_POINT('Ctrl Pts',(-8.51482077968694,15.3247373336818,-26.8958275053681));
#2735=CARTESIAN_POINT('Ctrl Pts',(-8.51187882434739,15.3263389657374,-26.8958221585219));
#2736=CARTESIAN_POINT('Ctrl Pts',(-8.50894019605631,15.3279370627765,-26.8958114937128));
#2737=CARTESIAN_POINT('Ctrl Pts',(-8.45859455502862,15.3553162383267,-26.8956287803529));
#2738=CARTESIAN_POINT('Ctrl Pts',(-8.40789939589366,15.3829987068826,-26.8938757776333));
#2739=CARTESIAN_POINT('Ctrl Pts',(-8.35706060952284,15.4107747950637,-26.8904713303385));
#2740=CARTESIAN_POINT('Ctrl Pts',(-8.30513239752099,15.4391460977366,-26.886993929057));
#2741=CARTESIAN_POINT('Ctrl Pts',(-8.25305514099815,15.4676143210079,-26.881793759037));
#2742=CARTESIAN_POINT('Ctrl Pts',(-8.20105542834366,15.4959637881418,-26.8748382188316));
#2743=CARTESIAN_POINT('Ctrl Pts',(-8.14850182235779,15.5246152296519,-26.8678085892297));
#2744=CARTESIAN_POINT('Ctrl Pts',(-8.09602831520792,15.5531446962567,-26.8589864749927));
#2745=CARTESIAN_POINT('Ctrl Pts',(-8.04386303643,15.5813483479583,-26.8483872573662));
#2746=CARTESIAN_POINT('Ctrl Pts',(-7.99205961532953,15.6093563578817,-26.8378615638991));
#2747=CARTESIAN_POINT('Ctrl Pts',(-7.94056096069172,15.6370426125546,-26.8255840387523));
#2748=CARTESIAN_POINT('Ctrl Pts',(-7.8895721086026,15.6642342468563,-26.8116087072212));
#2749=CARTESIAN_POINT('Ctrl Pts',(-7.83925888086728,15.6910655802373,-26.7978185548802));
#2750=CARTESIAN_POINT('Ctrl Pts',(-7.78944265049369,15.717415085724,-26.7823760025748));
#2751=CARTESIAN_POINT('Ctrl Pts',(-7.7402920025578,15.7431477192372,-26.7653604347201));
#2752=CARTESIAN_POINT('Ctrl Pts',(-7.69216437800104,15.7683447527778,-26.7486990295155));
#2753=CARTESIAN_POINT('Ctrl Pts',(-7.64467529243189,15.7929502813227,-26.7305300140417));
#2754=CARTESIAN_POINT('Ctrl Pts',(-7.5979484190581,15.8168693466509,-26.7109446891529));
#2755=CARTESIAN_POINT('Ctrl Pts',(-7.57957848646612,15.8262727495756,-26.7032450278655));
#2756=CARTESIAN_POINT('Ctrl Pts',(-7.56132594562479,15.835570411181,-26.6953266071524));
#2757=CARTESIAN_POINT('Ctrl Pts',(-7.54319663612729,15.8447579593901,-26.6871954205139));
#2758=CARTESIAN_POINT('Ctrl Pts',(-7.52105542959117,15.8559786516336,-26.6772648557137));
#2759=CARTESIAN_POINT('Ctrl Pts',(-7.49909367955827,15.8670387053323,-26.6670131560775));
#2760=CARTESIAN_POINT('Ctrl Pts',(-7.47734708913099,15.8779067685073,-26.6564757434683));
#2761=CARTESIAN_POINT('Ctrl Pts',(-7.44480001388799,15.8941724755883,-26.640704905175));
#2762=CARTESIAN_POINT('Ctrl Pts',(-7.4127365481901,15.9100069578495,-26.6242927304689));
#2763=CARTESIAN_POINT('Ctrl Pts',(-7.3812592789609,15.9253118665241,-26.6074331937624));
#2764=CARTESIAN_POINT('Ctrl Pts',(-7.34986599564115,15.9405759394876,-26.5906186407396));
#2765=CARTESIAN_POINT('Ctrl Pts',(-7.3190559227671,15.9553130688294,-26.5733593615057));
#2766=CARTESIAN_POINT('Ctrl Pts',(-7.28889598080811,15.969450335043,-26.5558769700789));
#2767=CARTESIAN_POINT('Ctrl Pts',(-7.25861490932213,15.9836443798926,-26.5383243651945));
#2768=CARTESIAN_POINT('Ctrl Pts',(-7.22898922950603,15.9972335637174,-26.5205470117166));
#2769=CARTESIAN_POINT('Ctrl Pts',(-7.20005015988672,16.0101717395313,-26.5027956044832));
#2770=CARTESIAN_POINT('Ctrl Pts',(-7.17466322476701,16.0215218151998,-26.4872230988827));
#2771=CARTESIAN_POINT('Ctrl Pts',(-7.14980405860725,16.0323712735049,-26.4716709855545));
#2772=CARTESIAN_POINT('Ctrl Pts',(-7.12547127447239,16.0427076071667,-26.4563239914696));
#2773=CARTESIAN_POINT('Ctrl Pts',(-7.08954837767091,16.057967309689,-26.4336669670343));
#2774=CARTESIAN_POINT('Ctrl Pts',(-7.05497115245983,16.0721429489766,-26.4114207358371));
#2775=CARTESIAN_POINT('Ctrl Pts',(-7.02155825625249,16.085471797377,-26.3897428727031));
#2776=CARTESIAN_POINT('Ctrl Pts',(-6.98690325120292,16.0992961395038,-26.3672591451115));
#2777=CARTESIAN_POINT('Ctrl Pts',(-6.95350008881369,16.1122097328449,-26.3453858748236));
#2778=CARTESIAN_POINT('Ctrl Pts',(-6.92116937564541,16.1244560295311,-26.3242508969655));
#2779=CARTESIAN_POINT('Ctrl Pts',(-6.88781300276857,16.1370908277956,-26.3024454329626));
#2780=CARTESIAN_POINT('Ctrl Pts',(-6.85559769779164,16.1490154795697,-26.2814250069317));
#2781=CARTESIAN_POINT('Ctrl Pts',(-6.82435956100527,16.1604726190781,-26.2612940258645));
#2782=CARTESIAN_POINT('Ctrl Pts',(-6.81483616757136,16.1639654921617,-26.2551568079433));
#2783=CARTESIAN_POINT('Ctrl Pts',(-6.80540384814174,16.1674147349631,-26.2491020572755));
#2784=CARTESIAN_POINT('Ctrl Pts',(-6.7960586378247,16.1708267482291,-26.2431322592652));
#2785=CARTESIAN_POINT('Ctrl Pts',(-6.76725337974931,16.1813437852298,-26.2247312210314));
#2786=CARTESIAN_POINT('Ctrl Pts',(-6.73927283461347,16.1915093458709,-26.2071395486575));
#2787=CARTESIAN_POINT('Ctrl Pts',(-6.71201036714521,16.2015078892116,-26.1904391756485));
#2788=CARTESIAN_POINT('Ctrl Pts',(-6.69141241161253,16.2090622146359,-26.177821332417));
#2789=CARTESIAN_POINT('Ctrl Pts',(-6.67122519664996,16.2165205981832,-26.1657115740224));
#2790=CARTESIAN_POINT('Ctrl Pts',(-6.65141640942816,16.2239517879428,-26.1541362948414));
#2791=CARTESIAN_POINT('Ctrl Pts',(-6.62393199181435,16.2342624606979,-26.1380757554734));
#2792=CARTESIAN_POINT('Ctrl Pts',(-6.59717475497015,16.2445223575664,-26.1230445138133));
#2793=CARTESIAN_POINT('Ctrl Pts',(-6.57108771100659,16.2548665364506,-26.1090909034833));
#2794=CARTESIAN_POINT('Ctrl Pts',(-6.55235740264709,16.2622935818643,-26.0990723124703));
#2795=CARTESIAN_POINT('Ctrl Pts',(-6.53397343707563,16.2697633042432,-26.0896088696864));
#2796=CARTESIAN_POINT('Ctrl Pts',(-6.51592565431887,16.2773141935419,-26.0807140722965));
#2797=CARTESIAN_POINT('Ctrl Pts',(-6.51687200411974,16.2771582759522,-26.0809596633866));
#2798=CARTESIAN_POINT('Ctrl Pts',(-6.42836065785656,16.3140318219601,-26.0375210228503));
#2799=CARTESIAN_POINT('Ctrl Pts',(-6.25502492406876,16.413757250956,-25.8889647865167));
#2800=CARTESIAN_POINT('Ctrl Pts',(-6.13773557670126,16.5044260192667,-25.6356673262376));
#2801=CARTESIAN_POINT('Ctrl Pts',(-6.09928466588318,16.5350194577745,-25.4942830644654));
#2802=CARTESIAN_POINT('Ctrl Pts',(-6.50231009727453,16.2305256330298,-26.3402983677594));
#2803=CARTESIAN_POINT('Ctrl Pts',(-6.38331986059144,16.2900934397306,-26.2939059877099));
#2804=CARTESIAN_POINT('Ctrl Pts',(-6.14837423332447,16.4503616846513,-26.1340751306029));
#2805=CARTESIAN_POINT('Ctrl Pts',(-5.98390012779598,16.6105957147561,-25.8340364693741));
#2806=CARTESIAN_POINT('Ctrl Pts',(-5.92844085651017,16.6712241749187,-25.6598584576051));
#2807=CARTESIAN_POINT('Ctrl Pts',(-6.41934266916474,15.969040099627,-26.7554051849531));
#2808=CARTESIAN_POINT('Ctrl Pts',(-6.23679661699737,16.0780229106823,-26.7144873104092));
#2809=CARTESIAN_POINT('Ctrl Pts',(-5.87405891304238,16.353280236721,-26.5499513804172));
#2810=CARTESIAN_POINT('Ctrl Pts',(-5.60056095786606,16.6331817279933,-26.1760590546781));
#2811=CARTESIAN_POINT('Ctrl Pts',(-5.50166188895659,16.7444195796426,-25.9474121063503));
#2812=CARTESIAN_POINT('Ctrl Pts',(-6.278864148285,15.5285295664579,-26.8959651696874));
#2813=CARTESIAN_POINT('Ctrl Pts',(-6.04543919132258,15.6736423592896,-26.8822844327823));
#2814=CARTESIAN_POINT('Ctrl Pts',(-5.57766576624375,16.0249789105207,-26.7429103256592));
#2815=CARTESIAN_POINT('Ctrl Pts',(-5.21712742346054,16.36278591816,-26.3321720257714));
#2816=CARTESIAN_POINT('Ctrl Pts',(-5.08393921351209,16.4941427836236,-26.0768907801369));
#2817=CARTESIAN_POINT('Ctrl Pts',(-6.21867713187795,15.3400390460592,-26.8958254394825));
#2818=CARTESIAN_POINT('Ctrl Pts',(-5.9692354953856,15.4941965686388,-26.8962415704291));
#2819=CARTESIAN_POINT('Ctrl Pts',(-5.4674472144755,15.86590870549,-26.7713651872382));
#2820=CARTESIAN_POINT('Ctrl Pts',(-5.08210043598845,16.2147203118339,-26.353075673558));
#2821=CARTESIAN_POINT('Ctrl Pts',(-4.94012531115679,16.3481973454095,-26.093249012169));
#2822=CARTESIAN_POINT('',(-4.94153683420818,16.3468705326812,-26.0958275053682));
#2823=CARTESIAN_POINT('Origin',(-5.47684131929527,15.7523546722992,-25.4958275053682));
#2824=CARTESIAN_POINT('Ctrl Pts',(-4.94153683420818,16.3468705326812,-26.0958275053682));
#2825=CARTESIAN_POINT('Ctrl Pts',(-5.08337629339747,16.2135656459229,-26.3544594522191));
#2826=CARTESIAN_POINT('Ctrl Pts',(-5.46763975480503,15.8658707377288,-26.7708805311466));
#2827=CARTESIAN_POINT('Ctrl Pts',(-5.96757521293879,15.4954266375821,-26.8958275053682));
#2828=CARTESIAN_POINT('Ctrl Pts',(-6.21620060306247,15.3415705779073,-26.8958275053682));
#2829=CARTESIAN_POINT('Ctrl Pts',(-6.51592564029881,16.2773141994076,-26.0807140653868));
#2830=CARTESIAN_POINT('Ctrl Pts',(-6.49382062681787,16.2865625660642,-26.0698196738564));
#2831=CARTESIAN_POINT('Ctrl Pts',(-6.47181782606192,16.2965952505217,-26.0570669922297));
#2832=CARTESIAN_POINT('Ctrl Pts',(-6.45012285115415,16.3072022735774,-26.0424526915659));
#2833=CARTESIAN_POINT('Ctrl Pts',(-6.42886067991118,16.3175976919426,-26.0281299387336));
#2834=CARTESIAN_POINT('Ctrl Pts',(-6.40789453250729,16.3285440249499,-26.0120186070371));
#2835=CARTESIAN_POINT('Ctrl Pts',(-6.38741189151925,16.3398231690932,-25.994159326772));
#2836=CARTESIAN_POINT('Ctrl Pts',(-6.36639521475032,16.3513963898916,-25.9758344085703));
#2837=CARTESIAN_POINT('Ctrl Pts',(-6.3458880474884,16.3633192814913,-25.9556685446003));
#2838=CARTESIAN_POINT('Ctrl Pts',(-6.32608019791847,16.3753453472831,-25.9337614969628));
#2839=CARTESIAN_POINT('Ctrl Pts',(-6.30742018731023,16.3866745182997,-25.9131239340679));
#2840=CARTESIAN_POINT('Ctrl Pts',(-6.28938098316733,16.3980945962824,-25.890941515605));
#2841=CARTESIAN_POINT('Ctrl Pts',(-6.27210573900534,16.4094001581386,-25.8673471768934));
#2842=CARTESIAN_POINT('Ctrl Pts',(-6.27104308160721,16.4100956006362,-25.8658958110921));
#2843=CARTESIAN_POINT('Ctrl Pts',(-6.26998330928835,16.4107906117727,-25.8644391180549));
#2844=CARTESIAN_POINT('Ctrl Pts',(-6.26892645307304,16.4114851446356,-25.8629771347405));
#2845=CARTESIAN_POINT('Ctrl Pts',(-6.25026379600949,16.4237496593845,-25.8371604788558));
#2846=CARTESIAN_POINT('Ctrl Pts',(-6.23249854873945,16.4358734579734,-25.8096664033497));
#2847=CARTESIAN_POINT('Ctrl Pts',(-6.21576431587933,16.4476264263441,-25.7806231961533));
#2848=CARTESIAN_POINT('Ctrl Pts',(-6.1990581854159,16.4593596575341,-25.7516287622552));
#2849=CARTESIAN_POINT('Ctrl Pts',(-6.18337986427745,16.470722802963,-25.7210905882748));
#2850=CARTESIAN_POINT('Ctrl Pts',(-6.16884562564983,16.4814988393117,-25.6891839949558));
#2851=CARTESIAN_POINT('Ctrl Pts',(-6.15431638511656,16.4922711699523,-25.6572883738086));
#2852=CARTESIAN_POINT('Ctrl Pts',(-6.14093069619521,16.5024563314326,-25.6240255894571));
#2853=CARTESIAN_POINT('Ctrl Pts',(-6.12878420403184,16.5118566983291,-25.5896146526445));
#2854=CARTESIAN_POINT('Ctrl Pts',(-6.11804486091081,16.5201680498046,-25.5591901603238));
#2855=CARTESIAN_POINT('Ctrl Pts',(-6.10827404203623,16.5278659990947,-25.5278689504126));
#2856=CARTESIAN_POINT('Ctrl Pts',(-6.09952214979104,16.5348306037713,-25.4958275053682));
#2857=CARTESIAN_POINT('Ctrl Pts',(-6.09952214979105,16.5348306037713,-25.4958275053682));
#2858=CARTESIAN_POINT('Ctrl Pts',(-6.04867406326256,16.5752946327276,-25.324908452814));
#2859=CARTESIAN_POINT('Ctrl Pts',(-6.02400706703597,16.6013997908138,-25.110547752895));
#2860=CARTESIAN_POINT('Ctrl Pts',(-6.02400706703597,16.6013997908138,-24.8958275053682));
#2861=CARTESIAN_POINT('Ctrl Pts',(-5.92885447034419,16.6706449951186,-25.6616805473138));
#2862=CARTESIAN_POINT('Ctrl Pts',(-5.85483077143101,16.7479594901808,-25.4462583735751));
#2863=CARTESIAN_POINT('Ctrl Pts',(-5.81865601196105,16.801670662056,-25.1724939633594));
#2864=CARTESIAN_POINT('Ctrl Pts',(-5.81865601196105,16.801670662056,-24.8958275053682));
#2865=CARTESIAN_POINT('Ctrl Pts',(-5.50257768500977,16.7432734748477,-25.949702267593));
#2866=CARTESIAN_POINT('Ctrl Pts',(-5.37177143185908,16.8849938253705,-25.6570949172477));
#2867=CARTESIAN_POINT('Ctrl Pts',(-5.30218613988145,16.9844503722848,-25.2792076112012));
#2868=CARTESIAN_POINT('Ctrl Pts',(-5.30218613988145,16.9844503722848,-24.8958275053682));
#2869=CARTESIAN_POINT('Ctrl Pts',(-5.08526336089798,16.4928371359615,-26.0794241614129));
#2870=CARTESIAN_POINT('Ctrl Pts',(-4.90968147866942,16.6643198406712,-25.7456605712085));
#2871=CARTESIAN_POINT('Ctrl Pts',(-4.81655357750942,16.7725881947226,-25.3224134665377));
#2872=CARTESIAN_POINT('Ctrl Pts',(-4.81655357750942,16.7725881947226,-24.8958275053682));
#2873=CARTESIAN_POINT('Ctrl Pts',(-4.94153683420818,16.3468705326812,-26.0958275053682));
#2874=CARTESIAN_POINT('Ctrl Pts',(-4.75406528419549,16.5230617977049,-25.7539894002592));
#2875=CARTESIAN_POINT('Ctrl Pts',(-4.65668054742625,16.6286378718616,-25.3252680004223));
#2876=CARTESIAN_POINT('Ctrl Pts',(-4.65668054742625,16.6286378718616,-24.8958275053682));
#2877=CARTESIAN_POINT('Ctrl Pts',(-4.65668054742625,16.6286378718616,-24.8958275053682));
#2878=CARTESIAN_POINT('Ctrl Pts',(-4.65668054742625,16.6286378718616,-25.3252680004223));
#2879=CARTESIAN_POINT('Ctrl Pts',(-4.75406528419549,16.5230617977049,-25.7539894002592));
#2880=CARTESIAN_POINT('Ctrl Pts',(-4.94153683420818,16.3468705326812,-26.0958275053682));
#2881=CARTESIAN_POINT('Ctrl Pts',(-7.01759423532334,16.3619301662411,-25.4958275053682));
#2882=CARTESIAN_POINT('Ctrl Pts',(-7.01759423532334,16.3619301662411,-25.7180518210133));
#2883=CARTESIAN_POINT('Ctrl Pts',(-7.12837885213521,16.281692554689,-26.1613192609204));
#2884=CARTESIAN_POINT('Ctrl Pts',(-7.64399908375659,15.9146006905353,-26.7395715929405));
#2885=CARTESIAN_POINT('Ctrl Pts',(-8.18449715752041,15.5442656270975,-26.8958275053682));
#2886=CARTESIAN_POINT('Ctrl Pts',(-8.51776060227121,15.3231377691706,-26.8958275053682));
#2887=CARTESIAN_POINT('Ctrl Pts',(-6.8628186201896,16.3140753472538,-25.4958275053682));
#2888=CARTESIAN_POINT('Ctrl Pts',(-6.8628186201896,16.3140753472538,-25.729899348558));
#2889=CARTESIAN_POINT('Ctrl Pts',(-6.97537378563474,16.2224513251199,-26.1969014450492));
#2890=CARTESIAN_POINT('Ctrl Pts',(-7.49462923437496,15.8085118680848,-26.7874764257091));
#2891=CARTESIAN_POINT('Ctrl Pts',(-8.02891969125125,15.4039077367676,-26.9184362820349));
#2892=CARTESIAN_POINT('Ctrl Pts',(-8.35152540202138,15.173458922561,-26.8958275053682));
#2893=CARTESIAN_POINT('Ctrl Pts',(-6.5297102670618,16.2952027788581,-25.4958275053682));
#2894=CARTESIAN_POINT('Ctrl Pts',(-6.52971026706179,16.2952027788581,-25.7664914341634));
#2895=CARTESIAN_POINT('Ctrl Pts',(-6.64631613499602,16.1798208089141,-26.3058168159354));
#2896=CARTESIAN_POINT('Ctrl Pts',(-7.1785213886812,15.6598763716565,-26.9751848443707));
#2897=CARTESIAN_POINT('Ctrl Pts',(-7.71016999375562,15.1559770728107,-27.0979956424512));
#2898=CARTESIAN_POINT('Ctrl Pts',(-8.01980865713056,14.8747798239,-27.0519276937775));
#2899=CARTESIAN_POINT('Ctrl Pts',(-6.22628705370782,16.4339532828547,-25.4958275053682));
#2900=CARTESIAN_POINT('Ctrl Pts',(-6.22628705370782,16.4339532828547,-25.8199959055208));
#2901=CARTESIAN_POINT('Ctrl Pts',(-6.35196336875361,16.2979526958485,-26.4665015446666));
#2902=CARTESIAN_POINT('Ctrl Pts',(-6.92441452170647,15.6783687213414,-27.2897242077687));
#2903=CARTESIAN_POINT('Ctrl Pts',(-7.49709502596393,15.0628253925661,-27.4786730276479));
#2904=CARTESIAN_POINT('Ctrl Pts',(-7.83163581292873,14.7053482339536,-27.451297683477));
#2905=CARTESIAN_POINT('Ctrl Pts',(-6.09952214979104,16.5348306037713,-25.4958275053682));
#2906=CARTESIAN_POINT('Ctrl Pts',(-6.09952214979104,16.5348306037713,-25.847955880097));
#2907=CARTESIAN_POINT('Ctrl Pts',(-6.23110726860876,16.3898112662315,-26.5502166718812));
#2908=CARTESIAN_POINT('Ctrl Pts',(-6.8325953311976,15.7273865308967,-27.4560160908353));
#2909=CARTESIAN_POINT('Ctrl Pts',(-7.43707116915406,15.0628678908657,-27.6833020973394));
#2910=CARTESIAN_POINT('Ctrl Pts',(-7.79395692425154,14.671422010204,-27.6691673959536));
#2911=CARTESIAN_POINT('Ctrl Pts',(-8.51776060227121,15.3231377691706,-26.8958275053682));
#2912=CARTESIAN_POINT('Ctrl Pts',(-8.18449715752041,15.5442656270975,-26.8958275053682));
#2913=CARTESIAN_POINT('Ctrl Pts',(-7.64399908375659,15.9146006905353,-26.7395715929405));
#2914=CARTESIAN_POINT('Ctrl Pts',(-7.12837885213521,16.281692554689,-26.1613192609204));
#2915=CARTESIAN_POINT('Ctrl Pts',(-7.01759423532334,16.3619301662411,-25.7180518210133));
#2916=CARTESIAN_POINT('Ctrl Pts',(-7.01759423532334,16.3619301662411,-25.4958275053682));
#2917=CARTESIAN_POINT('Ctrl Pts',(3.89219101872689,6.23617413897752,-26.8958254413108));
#2918=CARTESIAN_POINT('Ctrl Pts',(4.01943020468145,6.50036278347993,-26.8962413878052));
#2919=CARTESIAN_POINT('Ctrl Pts',(4.33665444035232,7.03825580633573,-26.7713647941077));
#2920=CARTESIAN_POINT('Ctrl Pts',(4.64327506327869,7.45795185834894,-26.3530762883804));
#2921=CARTESIAN_POINT('Ctrl Pts',(4.76118038494805,7.61310131050398,-26.0932501567844));
#2922=CARTESIAN_POINT('Ctrl Pts',(4.15052308310542,6.18263376207919,-26.8960133162675));
#2923=CARTESIAN_POINT('Ctrl Pts',(4.26801828601929,6.42439447107212,-26.877466397199));
#2924=CARTESIAN_POINT('Ctrl Pts',(4.56271811627284,6.91426662069263,-26.7333808525207));
#2925=CARTESIAN_POINT('Ctrl Pts',(4.85820152006965,7.29947499197756,-26.325321525527));
#2926=CARTESIAN_POINT('Ctrl Pts',(4.97475414770016,7.44274116467982,-26.0714379898235));
#2927=CARTESIAN_POINT('Ctrl Pts',(4.59988443797315,6.08974446775373,-26.7036595059623));
#2928=CARTESIAN_POINT('Ctrl Pts',(4.68219269994395,6.27182930907917,-26.6604823191182));
#2929=CARTESIAN_POINT('Ctrl Pts',(4.90332805074543,6.63947929192586,-26.4945500092557));
#2930=CARTESIAN_POINT('Ctrl Pts',(5.13925349074336,6.92089916207768,-26.1299908990474));
#2931=CARTESIAN_POINT('Ctrl Pts',(5.23382620212282,7.02259816837904,-25.9085886661634));
#2932=CARTESIAN_POINT('Ctrl Pts',(4.81941717971447,6.04477483772947,-26.2754795904777));
#2933=CARTESIAN_POINT('Ctrl Pts',(4.86137926383431,6.16113180366585,-26.2299489647427));
#2934=CARTESIAN_POINT('Ctrl Pts',(4.9829474280052,6.39467897008198,-26.0728510822567));
#2935=CARTESIAN_POINT('Ctrl Pts',(5.1090407093658,6.56148703346588,-25.7843773746275));
#2936=CARTESIAN_POINT('Ctrl Pts',(5.15635000271983,6.61794233577102,-25.6184772547649));
#2937=CARTESIAN_POINT('Ctrl Pts',(4.85534600635304,6.03756768710522,-26.0809595719328));
#2938=CARTESIAN_POINT('Ctrl Pts',(4.88276560227126,6.12944841451377,-26.0375207637529));
#2939=CARTESIAN_POINT('Ctrl Pts',(4.96382590069323,6.31225839494972,-25.8889647217231));
#2940=CARTESIAN_POINT('Ctrl Pts',(5.04173783287657,6.43838255434525,-25.6356678647882));
#2941=CARTESIAN_POINT('Ctrl Pts',(5.06814466245493,6.47982075093789,-25.4942837491662));
#2942=CARTESIAN_POINT('',(4.7600089043847,7.61155951371159,-26.0958275053682));
#2943=CARTESIAN_POINT('',(5.0679817360633,6.47956494023623,-25.4958275053682));
#2944=CARTESIAN_POINT('Origin',(4.2247044192976,7.01704365332967,-25.4958275053682));
#2945=CARTESIAN_POINT('',(4.85557797122133,6.0384879154969,-26.0807478524021));
#2946=CARTESIAN_POINT('Ctrl Pts',(5.0679817360633,6.47956494023623,-25.4958275053682));
#2947=CARTESIAN_POINT('Ctrl Pts',(5.06118202038467,6.46889652518545,-25.5320693759367));
#2948=CARTESIAN_POINT('Ctrl Pts',(5.0535850318341,6.45683307996557,-25.5673891351366));
#2949=CARTESIAN_POINT('Ctrl Pts',(5.04535721066739,6.44346691627197,-25.601533502628));
#2950=CARTESIAN_POINT('Ctrl Pts',(5.03712964560234,6.43010116861762,-25.6356768073314));
#2951=CARTESIAN_POINT('Ctrl Pts',(5.02827168111978,6.41543306828879,-25.6686443837687));
#2952=CARTESIAN_POINT('Ctrl Pts',(5.01897217031943,6.39958123263112,-25.7002220371299));
#2953=CARTESIAN_POINT('Ctrl Pts',(5.00965387441146,6.38369737610212,-25.7318634776763));
#2954=CARTESIAN_POINT('Ctrl Pts',(4.99989268437761,6.36662529743588,-25.7621090588773));
#2955=CARTESIAN_POINT('Ctrl Pts',(4.989894874204,6.34850635624406,-25.7907880003702));
#2956=CARTESIAN_POINT('Ctrl Pts',(4.98107098017493,6.33251489269161,-25.8160995372174));
#2957=CARTESIAN_POINT('Ctrl Pts',(4.97206321914456,6.31570842792393,-25.840191318165));
#2958=CARTESIAN_POINT('Ctrl Pts',(4.96301961813127,6.29819549545019,-25.8629771206778));
#2959=CARTESIAN_POINT('Ctrl Pts',(4.95358715389587,6.27992952938507,-25.8867426834178));
#2960=CARTESIAN_POINT('Ctrl Pts',(4.94410914709595,6.26088243116699,-25.9091062589175));
#2961=CARTESIAN_POINT('Ctrl Pts',(4.93477466819507,6.24121689520753,-25.9299319369661));
#2962=CARTESIAN_POINT('Ctrl Pts',(4.92523487817903,6.22111881736102,-25.9512156741339));
#2963=CARTESIAN_POINT('Ctrl Pts',(4.91584561383118,6.20037514777368,-25.9708930446797));
#2964=CARTESIAN_POINT('Ctrl Pts',(4.9068083565106,6.17917624656978,-25.9888709595558));
#2965=CARTESIAN_POINT('Ctrl Pts',(4.8976208475336,6.15762489661874,-26.007147771696));
#2966=CARTESIAN_POINT('Ctrl Pts',(4.8887978344894,6.13560346483326,-26.0236683738882));
#2967=CARTESIAN_POINT('Ctrl Pts',(4.88054065822361,6.11332315203085,-26.0383869506273));
#2968=CARTESIAN_POINT('Ctrl Pts',(4.87206154601746,6.09044399017715,-26.0535011324817));
#2969=CARTESIAN_POINT('Ctrl Pts',(4.86417987934661,6.06729230806554,-26.066715580462));
#2970=CARTESIAN_POINT('Ctrl Pts',(4.85709144490698,6.04410176942068,-26.0780299743332));
#2971=CARTESIAN_POINT('Ctrl Pts',(4.8565232795686,6.04224295837451,-26.0789368666064));
#2972=CARTESIAN_POINT('Ctrl Pts',(4.85596019521053,6.04038389800465,-26.0798315747009));
#2973=CARTESIAN_POINT('Ctrl Pts',(4.85540228433626,6.03852470854019,-26.0807141100046));
#2974=CARTESIAN_POINT('',(3.8934547328907,6.23879602695782,-26.8958275053682));
#2975=CARTESIAN_POINT('Origin',(3.8934547328907,6.23879602695782,-25.8958275053682));
#2976=CARTESIAN_POINT('Ctrl Pts',(3.8934547328907,6.23879602695782,-26.8958275053682));
#2977=CARTESIAN_POINT('Ctrl Pts',(4.0204795230133,6.50214175866209,-26.8958275053682));
#2978=CARTESIAN_POINT('Ctrl Pts',(4.3366368144822,7.03806043920625,-26.7708803537676));
#2979=CARTESIAN_POINT('Ctrl Pts',(4.6422605364438,7.45656291096174,-26.3544594522191));
#2980=CARTESIAN_POINT('Ctrl Pts',(4.7600089043847,7.61155951371159,-26.0958275053682));
#2981=CARTESIAN_POINT('Ctrl Pts',(4.1157014308445,3.94791746106998,-26.8958275053682));
#2982=CARTESIAN_POINT('Ctrl Pts',(4.11515300256679,3.9506392891937,-26.8958275053682));
#2983=CARTESIAN_POINT('Ctrl Pts',(4.11460340333472,3.95336046174785,-26.8958275053682));
#2984=CARTESIAN_POINT('Ctrl Pts',(4.05331089153398,4.25788462389554,-26.8958275053631));
#2985=CARTESIAN_POINT('Ctrl Pts',(3.95381757112458,4.70997046859527,-26.8958275053171));
#2986=CARTESIAN_POINT('Ctrl Pts',(3.82018967320106,5.52657154639402,-26.8958275049806));
#2987=CARTESIAN_POINT('Ctrl Pts',(3.83217187630739,6.05746878565059,-26.8958275047648));
#2988=CARTESIAN_POINT('Ctrl Pts',(3.93649723140236,6.41056622962075,-26.8958275046737));
#2989=CARTESIAN_POINT('Ctrl Pts',(4.1157014308445,3.94791746106998,-26.8958275053682));
#2990=CARTESIAN_POINT('Ctrl Pts',(4.11577460754249,3.9507603977278,-26.8958275053682));
#2991=CARTESIAN_POINT('Ctrl Pts',(4.11584786247744,3.95361777194961,-26.8958275046278));
#2992=CARTESIAN_POINT('Ctrl Pts',(4.12358753034992,4.27113125650995,-26.8958276473418));
#2993=CARTESIAN_POINT('Ctrl Pts',(4.13494137426375,4.75277902939,-26.8958289236844));
#2994=CARTESIAN_POINT('Ctrl Pts',(4.20695361205045,5.5711451228167,-26.8958382785024));
#2995=CARTESIAN_POINT('Ctrl Pts',(4.29644999157878,6.0087585654002,-26.8958442754157));
#2996=CARTESIAN_POINT('Ctrl Pts',(4.40035209550407,6.27445374387894,-26.8958468073344));
#2997=CARTESIAN_POINT('Ctrl Pts',(4.1157014308445,3.94791746106998,-26.8958275053682));
#2998=CARTESIAN_POINT('Ctrl Pts',(4.11641811190399,3.9509042548706,-26.8958275053682));
#2999=CARTESIAN_POINT('Ctrl Pts',(4.11706591476404,3.95384739430128,-26.8958429394098));
#3000=CARTESIAN_POINT('Ctrl Pts',(4.19661590713055,4.28733091710639,-26.8928679271435));
#3001=CARTESIAN_POINT('Ctrl Pts',(4.31658411097035,4.79534602357004,-26.8662625789695));
#3002=CARTESIAN_POINT('Ctrl Pts',(4.58941049096209,5.61540469289381,-26.6712576163756));
#3003=CARTESIAN_POINT('Ctrl Pts',(4.73694929915217,5.95967079393274,-26.5462486348001));
#3004=CARTESIAN_POINT('Ctrl Pts',(4.83475057126357,6.14781112758283,-26.4934691214016));
#3005=CARTESIAN_POINT('Ctrl Pts',(4.1157014308445,3.94791746106998,-26.8958275053682));
#3006=CARTESIAN_POINT('Ctrl Pts',(4.11701615450766,3.95101413769095,-26.8958275053682));
#3007=CARTESIAN_POINT('Ctrl Pts',(4.11833643610071,3.95411557157259,-26.8958172000383));
#3008=CARTESIAN_POINT('Ctrl Pts',(4.26527199959764,4.30036238620941,-26.8953942226923));
#3009=CARTESIAN_POINT('Ctrl Pts',(4.49989880348538,4.83709324261163,-26.78694102224));
#3010=CARTESIAN_POINT('Ctrl Pts',(4.78043506260851,5.62908103351528,-26.315550020161));
#3011=CARTESIAN_POINT('Ctrl Pts',(4.82018275753996,5.9360960005113,-26.0883038211777));
#3012=CARTESIAN_POINT('Ctrl Pts',(4.89096168626633,6.13536056476369,-26.014559997179));
#3013=CARTESIAN_POINT('',(4.1157014308445,3.94791746106998,-26.8958275053682));
#3014=CARTESIAN_POINT('Ctrl Pts',(4.85540227997463,6.03852469400543,-26.0807141169041));
#3015=CARTESIAN_POINT('Ctrl Pts',(4.84757058571655,6.01242625353672,-26.0931027389784));
#3016=CARTESIAN_POINT('Ctrl Pts',(4.83996494620029,5.98569718563831,-26.106595027048));
#3017=CARTESIAN_POINT('Ctrl Pts',(4.83248024012111,5.95829420413669,-26.1211527191865));
#3018=CARTESIAN_POINT('Ctrl Pts',(4.82710640276573,5.93861952832653,-26.131604788913));
#3019=CARTESIAN_POINT('Ctrl Pts',(4.8217942360286,5.91859678565575,-26.1426058691504));
#3020=CARTESIAN_POINT('Ctrl Pts',(4.81649453341412,5.89819765965016,-26.1541372397997));
#3021=CARTESIAN_POINT('Ctrl Pts',(4.80945317813896,5.87109472502217,-26.1694581895695));
#3022=CARTESIAN_POINT('Ctrl Pts',(4.80243459696892,5.84332885153739,-26.1857162422266));
#3023=CARTESIAN_POINT('Ctrl Pts',(4.79528508995241,5.81480423072745,-26.2028476104324));
#3024=CARTESIAN_POINT('Ctrl Pts',(4.7898837397868,5.79325428819575,-26.2157901137802));
#3025=CARTESIAN_POINT('Ctrl Pts',(4.78440716939324,5.77127057405992,-26.229230802681));
#3026=CARTESIAN_POINT('Ctrl Pts',(4.77877977388731,5.74879691223337,-26.2431329002273));
#3027=CARTESIAN_POINT('Ctrl Pts',(4.77087804631736,5.71724043942714,-26.2626535803262));
#3028=CARTESIAN_POINT('Ctrl Pts',(4.76267939877999,5.68471901711488,-26.2830844041492));
#3029=CARTESIAN_POINT('Ctrl Pts',(4.75396832143189,5.6510578298093,-26.3043301890699));
#3030=CARTESIAN_POINT('Ctrl Pts',(4.74544506446644,5.61812241462436,-26.3251178915635));
#3031=CARTESIAN_POINT('Ctrl Pts',(4.73643115123127,5.58409547545057,-26.3466865492118));
#3032=CARTESIAN_POINT('Ctrl Pts',(4.72670504991032,5.54877893476685,-26.3689178059798));
#3033=CARTESIAN_POINT('Ctrl Pts',(4.71748881613188,5.51531377905376,-26.3899836424133));
#3034=CARTESIAN_POINT('Ctrl Pts',(4.70763297116401,5.48069006774842,-26.4116450990455));
#3035=CARTESIAN_POINT('Ctrl Pts',(4.69693285318245,5.44471554536238,-26.4337649937069));
#3036=CARTESIAN_POINT('Ctrl Pts',(4.69331914573523,5.43256601582629,-26.4412354560147));
#3037=CARTESIAN_POINT('Ctrl Pts',(4.6896090080492,5.42026224752173,-26.4487578409632));
#3038=CARTESIAN_POINT('Ctrl Pts',(4.68579414845899,5.40779638114421,-26.4563256195334));
#3039=CARTESIAN_POINT('Ctrl Pts',(4.67697688228457,5.3789840856072,-26.473816988855));
#3040=CARTESIAN_POINT('Ctrl Pts',(4.66756771955971,5.34942137656247,-26.4915743246724));
#3041=CARTESIAN_POINT('Ctrl Pts',(4.65758688604356,5.31911044416138,-26.5093256159189));
#3042=CARTESIAN_POINT('Ctrl Pts',(4.64764381606813,5.2889141963834,-26.5270097432748));
#3043=CARTESIAN_POINT('Ctrl Pts',(4.63713351145345,5.25797526136489,-26.544687781534));
#3044=CARTESIAN_POINT('Ctrl Pts',(4.62610104014693,5.22633376812899,-26.5621150234176));
#3045=CARTESIAN_POINT('Ctrl Pts',(4.61503823896618,5.19460528780893,-26.5795901753332));
#3046=CARTESIAN_POINT('Ctrl Pts',(4.6034505403096,5.16217040306683,-26.5968129529187));
#3047=CARTESIAN_POINT('Ctrl Pts',(4.59140669384008,5.12910855754588,-26.6135632402669));
#3048=CARTESIAN_POINT('Ctrl Pts',(4.58082848573959,5.10007007029914,-26.628275153588));
#3049=CARTESIAN_POINT('Ctrl Pts',(4.56989882161901,5.07054859860164,-26.6426228567747));
#3050=CARTESIAN_POINT('Ctrl Pts',(4.5586775409757,5.04062175931636,-26.6564761581171));
#3051=CARTESIAN_POINT('Ctrl Pts',(4.55014222052703,5.01785830018585,-26.6670134907076));
#3052=CARTESIAN_POINT('Ctrl Pts',(4.54143845465811,4.99486079070264,-26.6772651160983));
#3053=CARTESIAN_POINT('Ctrl Pts',(4.53259368910784,4.97166801460315,-26.6871956137696));
#3054=CARTESIAN_POINT('Ctrl Pts',(4.51412898366204,4.92324979744256,-26.7079269393642));
#3055=CARTESIAN_POINT('Ctrl Pts',(4.49503407606294,4.87395696784627,-26.7272745112636));
#3056=CARTESIAN_POINT('Ctrl Pts',(4.47537975681602,4.82390675833617,-26.7451418998718));
#3057=CARTESIAN_POINT('Ctrl Pts',(4.45539667501925,4.77301934687098,-26.7633081606089));
#3058=CARTESIAN_POINT('Ctrl Pts',(4.43483530808412,4.72134935955527,-26.7799437399203));
#3059=CARTESIAN_POINT('Ctrl Pts',(4.41380029544668,4.6690629018168,-26.794961840723));
#3060=CARTESIAN_POINT('Ctrl Pts',(4.39244835262854,4.61598865484402,-26.8102062161414));
#3061=CARTESIAN_POINT('Ctrl Pts',(4.37060849152352,4.56227979902382,-26.8237832897006));
#3062=CARTESIAN_POINT('Ctrl Pts',(4.34842030659577,4.50814677163584,-26.835626999215));
#3063=CARTESIAN_POINT('Ctrl Pts',(4.32605447879974,4.45358034483797,-26.8475655317415));
#3064=CARTESIAN_POINT('Ctrl Pts',(4.30333502513408,4.39858373093528,-26.8577420983161));
#3065=CARTESIAN_POINT('Ctrl Pts',(4.28043225036153,4.34339891306754,-26.8661250262422));
#3066=CARTESIAN_POINT('Ctrl Pts',(4.25773433883231,4.28870771839103,-26.8744329696381));
#3067=CARTESIAN_POINT('Ctrl Pts',(4.23485688429945,4.23383260369415,-26.8809786842832));
#3068=CARTESIAN_POINT('Ctrl Pts',(4.21198621150076,4.17902185644428,-26.8857759357932));
#3069=CARTESIAN_POINT('Ctrl Pts',(4.18972231246211,4.12566527381349,-26.890445913114));
#3070=CARTESIAN_POINT('Ctrl Pts',(4.16746545270728,4.07237053928239,-26.8934587586968));
#3071=CARTESIAN_POINT('Ctrl Pts',(4.14539870136497,4.0193657013155,-26.8948748595104));
#3072=CARTESIAN_POINT('Ctrl Pts',(4.13675028179108,3.99859200105157,-26.8954298589213));
#3073=CARTESIAN_POINT('Ctrl Pts',(4.12813113733669,3.97786275092096,-26.8957401380627));
#3074=CARTESIAN_POINT('Ctrl Pts',(4.11955245113675,3.95719121249056,-26.8958114936773));
#3075=CARTESIAN_POINT('Ctrl Pts',(4.11827027512343,3.95410163092571,-26.8958221585339));
#3076=CARTESIAN_POINT('Ctrl Pts',(4.1169849376319,3.95100837900555,-26.8958275053682));
#3077=CARTESIAN_POINT('Ctrl Pts',(4.1157014308445,3.94791746106998,-26.8958275053682));
#3078=CARTESIAN_POINT('Ctrl Pts',(4.1157014308445,3.94791746106998,-26.8958275053682));
#3079=CARTESIAN_POINT('Ctrl Pts',(4.1151530472941,3.95063929790804,-26.8958275053682));
#3080=CARTESIAN_POINT('Ctrl Pts',(4.1146034928791,3.95336048026243,-26.8958275053682));
#3081=CARTESIAN_POINT('Ctrl Pts',(4.0533159482588,4.2578855770554,-26.8958275053682));
#3082=CARTESIAN_POINT('Ctrl Pts',(3.9538306037973,4.70997354886324,-26.8958275053682));
#3083=CARTESIAN_POINT('Ctrl Pts',(3.8297251376253,5.46846708196954,-26.8958275053682));
#3084=CARTESIAN_POINT('Ctrl Pts',(3.830720830438,5.93747150774236,-26.8958275053682));
#3085=CARTESIAN_POINT('Ctrl Pts',(3.8934547328907,6.23879602695782,-26.8958275053682));
#3086=CARTESIAN_POINT('Ctrl Pts',(5.1262927745799,6.56162471828924,-24.8958275053682));
#3087=CARTESIAN_POINT('Ctrl Pts',(5.1262927745799,6.56162471828924,-25.1105477528951));
#3088=CARTESIAN_POINT('Ctrl Pts',(5.1029090264902,6.53436411839086,-25.3249084528139));
#3089=CARTESIAN_POINT('Ctrl Pts',(5.0679817360633,6.47956494023623,-25.4958275053682));
#3090=CARTESIAN_POINT('Ctrl Pts',(5.3040015108174,6.78678484520644,-24.8958275053682));
#3091=CARTESIAN_POINT('Ctrl Pts',(5.3040015108174,6.78678484520644,-25.1724939633593));
#3092=CARTESIAN_POINT('Ctrl Pts',(5.254365866378,6.74519390859738,-25.4462583735752));
#3093=CARTESIAN_POINT('Ctrl Pts',(5.1852124917022,6.66349415389499,-25.6616805473138));
#3094=CARTESIAN_POINT('Ctrl Pts',(5.4317915097159,7.31953066994097,-24.8958275053682));
#3095=CARTESIAN_POINT('Ctrl Pts',(5.4317915097159,7.31953066994097,-25.2792076112005));
#3096=CARTESIAN_POINT('Ctrl Pts',(5.3401540649376,7.23993074504405,-25.6570939455872));
#3097=CARTESIAN_POINT('Ctrl Pts',(5.2128830499512,7.095027251781,-25.949701295932));
#3098=CARTESIAN_POINT('Ctrl Pts',(5.170330132773,7.78035771205205,-24.8958275053682));
#3099=CARTESIAN_POINT('Ctrl Pts',(5.170330132773,7.78035771205205,-25.3224134665368));
#3100=CARTESIAN_POINT('Ctrl Pts',(5.0723894004888,7.67642285060884,-25.7456605712091));
#3101=CARTESIAN_POINT('Ctrl Pts',(4.9201994003052,7.48387800070264,-26.0794241614129));
#3102=CARTESIAN_POINT('Ctrl Pts',(5.0104571026899,7.92430803491309,-24.8958275053682));
#3103=CARTESIAN_POINT('Ctrl Pts',(5.0104571026899,7.92430803491309,-25.3252680004215));
#3104=CARTESIAN_POINT('Ctrl Pts',(4.915638862194,7.81642107713158,-25.7539894002598));
#3105=CARTESIAN_POINT('Ctrl Pts',(4.7600089043847,7.61155951371159,-26.0958275053682));
#3106=CARTESIAN_POINT('',(5.0104571026899,7.92430803491309,-24.8958275053682));
#3107=CARTESIAN_POINT('Ctrl Pts',(4.7600089043847,7.61155951371159,-26.0958275053682));
#3108=CARTESIAN_POINT('Ctrl Pts',(4.915638862194,7.81642107713158,-25.7539894002598));
#3109=CARTESIAN_POINT('Ctrl Pts',(5.0104571026899,7.92430803491309,-25.3252680004215));
#3110=CARTESIAN_POINT('Ctrl Pts',(5.0104571026899,7.92430803491309,-24.8958275053682));
#3111=CARTESIAN_POINT('',(5.1262927745799,6.56162471828924,-24.8958275053682));
#3112=CARTESIAN_POINT('Origin',(4.341326496331,7.18116320943569,-24.8958275053682));
#3113=CARTESIAN_POINT('Ctrl Pts',(5.1262927745799,6.56162471828924,-24.8958275053682));
#3114=CARTESIAN_POINT('Ctrl Pts',(5.1262927745799,6.56162471828924,-25.1105477528951));
#3115=CARTESIAN_POINT('Ctrl Pts',(5.1029090264902,6.53436411839086,-25.3249084528139));
#3116=CARTESIAN_POINT('Ctrl Pts',(5.0679817360633,6.47956494023623,-25.4958275053682));
#3117=CARTESIAN_POINT('Origin',(4.341326496331,7.18116320943569,-10.0458275053682));
#3118=CARTESIAN_POINT('',(5.1262927745799,6.56162471828924,-10.0458275053682));
#3119=CARTESIAN_POINT('',(5.0104571026899,7.92430803491309,-10.0458275053682));
#3120=CARTESIAN_POINT('Origin',(0.176888277631801,12.2764729533873,-19.3958275053682));
#3121=CARTESIAN_POINT('',(-2.6099048179084,14.7857127272331,-24.8958275053682));
#3122=CARTESIAN_POINT('Origin',(-3.94816603062613,13.2994230762783,-24.8958275053682));
#3123=CARTESIAN_POINT('',(-3.94816603062613,13.2994230762783,-26.8958275053682));
#3124=CARTESIAN_POINT('Ctrl Pts',(4.1157014308445,3.94791746106998,-26.8958275053682));
#3125=CARTESIAN_POINT('Ctrl Pts',(4.3007824114856,4.30246940897527,-26.8958275053682));
#3126=CARTESIAN_POINT('Ctrl Pts',(4.6125912703026,4.87871696680071,-26.7395713257559));
#3127=CARTESIAN_POINT('Ctrl Pts',(4.9237750779382,5.4298840270415,-26.1613191120139));
#3128=CARTESIAN_POINT('Ctrl Pts',(4.9919931294904,5.54844913261462,-25.7180518210133));
#3129=CARTESIAN_POINT('Ctrl Pts',(4.9919931294904,5.54844913261462,-25.4958275053682));
#3130=CARTESIAN_POINT('Ctrl Pts',(3.9494662305947,4.09759630767958,-26.8958275053682));
#3131=CARTESIAN_POINT('Ctrl Pts',(4.1449311428966,4.44252321102219,-26.918436282035));
#3132=CARTESIAN_POINT('Ctrl Pts',(4.4914700478445,5.01617915990617,-26.7874761197599));
#3133=CARTESIAN_POINT('Ctrl Pts',(4.8488648718951,5.57585844210118,-26.1969013113957));
#3134=CARTESIAN_POINT('Ctrl Pts',(4.9282220070073,5.69737468004551,-25.729899348558));
#3135=CARTESIAN_POINT('Ctrl Pts',(4.9282220070073,5.69737468004551,-25.4958275053682));
#3136=CARTESIAN_POINT('Ctrl Pts',(3.617750550574,4.39627444752721,-27.0519294984571));
#3137=CARTESIAN_POINT('Ctrl Pts',(3.8650413178822,4.73360999420988,-27.0979974471308));
#3138=CARTESIAN_POINT('Ctrl Pts',(4.310607398701,5.315018591955,-26.9751846621496));
#3139=CARTESIAN_POINT('Ctrl Pts',(4.7720727861648,5.89865716839578,-26.3058169615665));
#3140=CARTESIAN_POINT('Ctrl Pts',(4.8746341754149,6.02668545672166,-25.7664914341635));
#3141=CARTESIAN_POINT('Ctrl Pts',(4.8746341754149,6.02668545672166,-25.4958275053682));
#3142=CARTESIAN_POINT('Ctrl Pts',(3.429576641502,4.56570699628695,-27.451297683477));
#3143=CARTESIAN_POINT('Ctrl Pts',(3.7501264684743,4.93578167186022,-27.4786730276479));
#3144=CARTESIAN_POINT('Ctrl Pts',(4.3024363273702,5.56966646200539,-27.2897237305362));
#3145=CARTESIAN_POINT('Ctrl Pts',(4.8587885658306,6.20374569932565,-26.4665012952362));
#3146=CARTESIAN_POINT('Ctrl Pts',(4.9809075722683,6.34294991639277,-25.819995905521));
#3147=CARTESIAN_POINT('Ctrl Pts',(4.9809075722683,6.34294991639277,-25.4958275053682));
#3148=CARTESIAN_POINT('Ctrl Pts',(3.3918977528248,4.59963322003654,-27.6691673959536));
#3149=CARTESIAN_POINT('Ctrl Pts',(3.7438945324521,4.99548115398402,-27.6833020973394));
#3150=CARTESIAN_POINT('Ctrl Pts',(4.3415878228136,5.66610659030741,-27.4560155856008));
#3151=CARTESIAN_POINT('Ctrl Pts',(4.937510939604,6.33354169652876,-26.5502163903208));
#3152=CARTESIAN_POINT('Ctrl Pts',(5.0679817360633,6.47956494023623,-25.8479558800972));
#3153=CARTESIAN_POINT('Ctrl Pts',(5.0679817360633,6.47956494023623,-25.4958275053682));
#3154=CARTESIAN_POINT('Origin',(5.9112590528289,5.94208622714278,-25.4958275053682));
#3155=CARTESIAN_POINT('Ctrl Pts',(4.9919931294904,5.54844913261462,-25.4958275053682));
#3156=CARTESIAN_POINT('Ctrl Pts',(4.9919931294904,5.54844913261462,-25.5885614485666));
#3157=CARTESIAN_POINT('Ctrl Pts',(4.98601123889003,5.53822265426488,-25.6811951549681));
#3158=CARTESIAN_POINT('Ctrl Pts',(4.97459194528294,5.51838297756177,-25.7717121663602));
#3159=CARTESIAN_POINT('Ctrl Pts',(4.9656133502587,5.50278372697252,-25.8428825571092));
#3160=CARTESIAN_POINT('Ctrl Pts',(4.95327258150048,5.48124154387189,-25.9127428529705));
#3161=CARTESIAN_POINT('Ctrl Pts',(4.93784673881965,5.45406098166719,-25.9802944700723));
#3162=CARTESIAN_POINT('Ctrl Pts',(4.92587247768967,5.43296215703682,-26.0327311971715));
#3163=CARTESIAN_POINT('Ctrl Pts',(4.91199017568509,5.40852050093702,-26.0838404897796));
#3164=CARTESIAN_POINT('Ctrl Pts',(4.89631655575147,5.38089473676397,-26.1331329761637));
#3165=CARTESIAN_POINT('Ctrl Pts',(4.8756090482006,5.34439642159269,-26.19825670242));
#3166=CARTESIAN_POINT('Ctrl Pts',(4.85177379931918,5.30233907236628,-26.2602077687529));
#3167=CARTESIAN_POINT('Ctrl Pts',(4.82534902476656,5.25549859208584,-26.3184321911026));
#3168=CARTESIAN_POINT('Ctrl Pts',(4.8105166006245,5.22920667920105,-26.3511139960504));
#3169=CARTESIAN_POINT('Ctrl Pts',(4.7948688431259,5.20140854312117,-26.3826219973897));
#3170=CARTESIAN_POINT('Ctrl Pts',(4.77850459621718,5.17224624308961,-26.4128619762313));
#3171=CARTESIAN_POINT('Ctrl Pts',(4.73739108747074,5.0989789253755,-26.4888368525291));
#3172=CARTESIAN_POINT('Ctrl Pts',(4.69165559278271,5.01696247513999,-26.556979680605));
#3173=CARTESIAN_POINT('Ctrl Pts',(4.64265441559007,4.92832672392886,-26.6159023337591));
#3174=CARTESIAN_POINT('Ctrl Pts',(4.60285101430929,4.85632836439128,-26.663764898342));
#3175=CARTESIAN_POINT('Ctrl Pts',(4.56089263931838,4.77996246703217,-26.7055436994935));
#3176=CARTESIAN_POINT('Ctrl Pts',(4.51733219770606,4.70020193610029,-26.7412032483099));
#3177=CARTESIAN_POINT('Ctrl Pts',(4.47088516703669,4.61515597032774,-26.7792258232936));
#3178=CARTESIAN_POINT('Ctrl Pts',(4.42276206544686,4.52634064920313,-26.8102089540652));
#3179=CARTESIAN_POINT('Ctrl Pts',(4.37363144093601,4.43490379940617,-26.8341939371545));
#3180=CARTESIAN_POINT('Ctrl Pts',(4.32460406918226,4.34365911298867,-26.8581285134831));
#3181=CARTESIAN_POINT('Ctrl Pts',(4.27457262145107,4.24980262691019,-26.8750947692231));
#3182=CARTESIAN_POINT('Ctrl Pts',(4.22418145756334,4.15445244277238,-26.8850915138719));
#3183=CARTESIAN_POINT('Ctrl Pts',(4.2062284150481,4.12048168723524,-26.8886530903041));
#3184=CARTESIAN_POINT('Ctrl Pts',(4.1882295872823,4.08632122011322,-26.8913295988618));
#3185=CARTESIAN_POINT('Ctrl Pts',(4.17021382150327,4.05202139922011,-26.8931195361785));
#3186=CARTESIAN_POINT('Ctrl Pts',(4.152054637306,4.01744852714955,-26.8949237226802));
#3187=CARTESIAN_POINT('Ctrl Pts',(4.133874467222,3.98273079210229,-26.8958275053616));
#3188=CARTESIAN_POINT('Ctrl Pts',(4.11570143104148,3.94791746144733,-26.8958275053682));
#3189=CARTESIAN_POINT('Origin',(5.9112590528289,5.94208622714278,-10.0458275053682));
#3190=CARTESIAN_POINT('Origin',(-5.39669791344864,17.2949525010788,-26.8958275053682));
#3191=CARTESIAN_POINT('Origin',(-12.7038758947762,-2.02906493705252,-26.8958275053682));
#3192=CARTESIAN_POINT('Origin',(-12.7038758947762,-2.02906493705252,-25.4958275053682));
#3193=CARTESIAN_POINT('Origin',(-12.7038758947762,15.9709350629475,0.404172494631829));
#3194=CARTESIAN_POINT('',(-12.7038758947762,-20.0290649370525,0.404172494631819));
#3195=CARTESIAN_POINT('Origin',(-12.7038758947762,-2.02906493705253,0.404172494631829));
#3196=CARTESIAN_POINT('Origin',(-12.7038758947762,-2.02906493705253,2.90417249463183));
#3197=CARTESIAN_POINT('',(-12.7038758947762,-20.0290649370525,5.40417249463183));
#3198=CARTESIAN_POINT('Origin',(-12.7038758947762,-2.02906493705253,5.40417249463183));
#3199=CARTESIAN_POINT('',(-12.7038758947762,-20.0290649370525,2.90417249463183));
#3200=CARTESIAN_POINT('Origin',(-12.7038758947762,17.2209350629475,5.40417249463183));
#3201=CARTESIAN_POINT('Origin',(-25.7538758947762,-9.56348594997715,7.09392249463183));
#3202=CARTESIAN_POINT('',(-26.9833758947762,-9.56348594997715,6.78367249463183));
#3203=CARTESIAN_POINT('Origin',(-25.7538758947762,-9.56348594997715,6.78367249463183));
#3204=CARTESIAN_POINT('',(-27.6038758947762,-9.56348594997715,7.40417249463183));
#3205=CARTESIAN_POINT('',(-27.2936258947762,-9.56348594997715,7.09392249463183));
#3206=CARTESIAN_POINT('Origin',(-25.7538758947762,-9.56348594997715,7.40417249463183));
#3207=CARTESIAN_POINT('Origin',(-25.7538758947762,-9.56348594997715,2.90417249463183));
#3208=CARTESIAN_POINT('',(-26.9833758947762,-9.56348594997715,0.404172494631819));
#3209=CARTESIAN_POINT('Origin',(-25.7538758947762,-9.56348594997715,0.404172494631819));
#3210=CARTESIAN_POINT('',(-26.9833758947762,-9.56348594997715,2.90417249463183));
#3211=CARTESIAN_POINT('Origin',(-12.7038758947762,13.0397770887967,7.09392249463183));
#3212=CARTESIAN_POINT('',(-13.9333758947762,13.0397770887967,6.78367249463183));
#3213=CARTESIAN_POINT('Origin',(-12.7038758947762,13.0397770887967,6.78367249463183));
#3214=CARTESIAN_POINT('',(-14.5538758947762,13.0397770887967,7.40417249463183));
#3215=CARTESIAN_POINT('',(-14.2436258947762,13.0397770887967,7.09392249463183));
#3216=CARTESIAN_POINT('Origin',(-12.7038758947762,13.0397770887967,7.40417249463183));
#3217=CARTESIAN_POINT('Origin',(-12.7038758947762,13.0397770887967,2.90417249463183));
#3218=CARTESIAN_POINT('',(-13.9333758947762,13.0397770887967,0.404172494631829));
#3219=CARTESIAN_POINT('Origin',(-12.7038758947762,13.0397770887967,0.404172494631829));
#3220=CARTESIAN_POINT('',(-13.9333758947762,13.0397770887967,2.90417249463183));
#3221=CARTESIAN_POINT('Origin',(0.346124105223802,-9.56348594997715,7.09392249463183));
#3222=CARTESIAN_POINT('',(-0.883375894776199,-9.56348594997715,6.78367249463182));
#3223=CARTESIAN_POINT('Origin',(0.346124105223802,-9.56348594997715,6.78367249463183));
#3224=CARTESIAN_POINT('',(-1.5038758947762,-9.56348594997715,7.40417249463183));
#3225=CARTESIAN_POINT('',(-1.1936258947762,-9.56348594997715,7.09392249463183));
#3226=CARTESIAN_POINT('Origin',(0.346124105223802,-9.56348594997715,7.40417249463183));
#3227=CARTESIAN_POINT('Origin',(0.346124105223802,-9.56348594997714,2.90417249463183));
#3228=CARTESIAN_POINT('',(-0.883375894776199,-9.56348594997714,0.404172494631819));
#3229=CARTESIAN_POINT('Origin',(0.346124105223802,-9.56348594997714,0.404172494631819));
#3230=CARTESIAN_POINT('',(-0.883375894776198,-9.56348594997714,2.90417249463183));
#3231=CARTESIAN_POINT('Origin',(-12.7038758947762,-2.02906493705253,7.20417249463183));
#3232=CARTESIAN_POINT('',(-12.7038758947762,-21.2790649370525,7.20417249463183));
#3233=CARTESIAN_POINT('',(6.5461241052238,-2.02906493705253,7.20417249463183));
#3234=CARTESIAN_POINT('Origin',(-12.7038758947762,-2.02906493705253,7.20417249463183));
#3235=CARTESIAN_POINT('',(6.3461241052238,-2.02906493705253,7.40417249463183));
#3236=CARTESIAN_POINT('Origin',(6.3461241052238,-2.02906493705253,7.20417249463183));
#3237=CARTESIAN_POINT('Origin',(-12.7038758947762,-2.02906493705253,7.40417249463183));
#3238=CARTESIAN_POINT('Origin',(-12.7038758947762,-2.02906493705253,7.20417249463183));
#3239=CARTESIAN_POINT('Origin',(-12.7038758947762,17.2209350629475,7.40417249463183));
#3240=CARTESIAN_POINT('',(-12.7038758947762,-12.0290649370525,7.40417249463183));
#3241=CARTESIAN_POINT('Origin',(-12.7038758947762,-2.02906493705253,7.40417249463183));
#3242=CARTESIAN_POINT('Origin',(-12.7038758947762,-2.02906493705253,6.40417249463183));
#3243=CARTESIAN_POINT('',(-12.7038758947762,-21.2790649370525,5.40417249463183));
#3244=CARTESIAN_POINT('Origin',(-12.7038758947762,-2.02906493705253,5.40417249463183));
#3245=CARTESIAN_POINT('',(-12.7038758947762,-21.2790649370525,6.40417249463183));
#3246=CARTESIAN_POINT('Origin',(-12.7038758947762,-2.02906493705253,12.0041724946318));
#3247=CARTESIAN_POINT('',(-12.7038758947762,-12.0290649370525,12.0041724946318));
#3248=CARTESIAN_POINT('',(-2.7038758947762,-2.02906493705253,12.0041724946318));
#3249=CARTESIAN_POINT('Origin',(-12.7038758947762,-2.02906493705253,12.0041724946318));
#3250=CARTESIAN_POINT('',(-2.9038758947762,-2.02906493705253,12.2041724946318));
#3251=CARTESIAN_POINT('Origin',(-2.9038758947762,-2.02906493705253,12.0041724946318));
#3252=CARTESIAN_POINT('Origin',(-12.7038758947762,-2.02906493705253,12.2041724946318));
#3253=CARTESIAN_POINT('Origin',(-12.7038758947762,-2.02906493705253,12.0041724946318));
#3254=CARTESIAN_POINT('Origin',(-12.7038758947762,7.97093506294747,12.2041724946318));
#3255=CARTESIAN_POINT('',(-12.7038758947762,6.07093506294747,12.2041724946318));
#3256=CARTESIAN_POINT('Origin',(-12.7038758947762,-2.02906493705253,12.2041724946318));
#3257=CARTESIAN_POINT('Origin',(-12.7038758947762,-2.02906493705253,9.80417249463183));
#3258=CARTESIAN_POINT('',(-12.7038758947762,-12.0290649370525,9.80417249463183));
#3259=CARTESIAN_POINT('Origin',(-12.7038758947762,-2.02906493705253,11.9041724946318));
#3260=CARTESIAN_POINT('',(-12.7038758947762,-9.52906493705252,11.6041724946318));
#3261=CARTESIAN_POINT('',(-12.7038758947762,5.47093506294747,11.6041724946318));
#3262=CARTESIAN_POINT('Origin',(-12.7038758947762,-2.02906493705253,11.6041724946318));
#3263=CARTESIAN_POINT('',(-12.7038758947762,5.77093506294747,11.9041724946318));
#3264=CARTESIAN_POINT('Origin',(-12.7038758947762,-2.02906493705253,11.6041724946318));
#3265=CARTESIAN_POINT('Origin',(-12.7038758947762,-2.02906493705253,8.80417249463183));
#3266=CARTESIAN_POINT('',(-12.7038758947762,-9.52906493705252,5.40417249463183));
#3267=CARTESIAN_POINT('',(-12.7038758947762,-9.52906493705253,8.80417249463183));
#3268=CARTESIAN_POINT('Origin',(-12.7038758947762,-2.02906493705253,5.40417249463183));
#3269=CARTESIAN_POINT('Origin',(-12.7038758947762,15.9709350629475,5.40417249463183));
#3270=CARTESIAN_POINT('',(-12.7038758947762,-20.0290649370525,5.40417249463183));
#3271=CARTESIAN_POINT('Origin',(-12.7038758947762,-2.02906493705253,5.40417249463183));
#3272=CARTESIAN_POINT('Origin',(-12.7038758947762,-2.02906493705253,2.90417249463183));
#3273=CARTESIAN_POINT('',(-12.7038758947762,-20.0290649370525,0.404172494631829));
#3274=CARTESIAN_POINT('Origin',(-12.7038758947762,-2.02906493705253,0.404172494631829));
#3275=CARTESIAN_POINT('',(-12.7038758947762,-20.0290649370525,2.90417249463183));
#3276=CARTESIAN_POINT('Origin',(-12.7038758947762,-2.02906493705253,0.404172494631829));
#3277=CARTESIAN_POINT('Origin',(-12.7038758947762,5.47093506294747,5.40417249463183));
#3278=CARTESIAN_POINT('Origin',(-12.7038758947762,-2.02906493705253,27.7041724946318));
#3279=CARTESIAN_POINT('',(-14.8994917213786,-3.42164209540788,27.9041724946318));
#3280=CARTESIAN_POINT('',(-14.6322387238358,-4.32719826640941,27.5041724946318));
#3281=CARTESIAN_POINT('Ctrl Pts',(-14.8994917213786,-3.42164209540788,27.9041724946318));
#3282=CARTESIAN_POINT('Ctrl Pts',(-14.7754099725195,-3.84207888908717,27.7837667931617));
#3283=CARTESIAN_POINT('Ctrl Pts',(-14.6322387238358,-4.32719826640941,27.5041724946318));
#3284=CARTESIAN_POINT('',(-15.5710297648792,-1.14621235300836,27.5041724946318));
#3285=CARTESIAN_POINT('Origin',(-12.7038758947762,-2.02906493705253,27.5041724946318));
#3286=CARTESIAN_POINT('',(-15.3037767673364,-2.05176852400989,27.9041724946318));
#3287=CARTESIAN_POINT('Ctrl Pts',(-15.5710297648791,-1.14621235300836,27.5041724946318));
#3288=CARTESIAN_POINT('Ctrl Pts',(-15.4278585162038,-1.63133173030248,27.7837667931395));
#3289=CARTESIAN_POINT('Ctrl Pts',(-15.3037767673364,-2.05176852400989,27.9041724946318));
#3290=CARTESIAN_POINT('Origin',(-12.7038758947762,-2.02906493705253,27.9041724946318));
#3291=CARTESIAN_POINT('Origin',(-12.7038758947762,-2.02906493705253,16.6541724946318));
#3292=CARTESIAN_POINT('',(-14.6322387238358,-4.32719826640943,5.40417249463183));
#3293=CARTESIAN_POINT('Origin',(-12.7038758947762,-2.02906493705253,5.40417249463183));
#3294=CARTESIAN_POINT('',(-14.6322387238358,-4.32719826640946,17.9041724946318));
#3295=CARTESIAN_POINT('',(-14.6322387238358,-4.32719826640944,16.6541724946318));
#3296=CARTESIAN_POINT('',(-15.5710297648792,-1.14621235300831,17.9041724946318));
#3297=CARTESIAN_POINT('Origin',(-12.7038758947762,-2.02906493705253,17.9041724946318));
#3298=CARTESIAN_POINT('',(-15.5710297648792,-1.14621235300836,16.6541724946318));
#3299=CARTESIAN_POINT('',(-14.6322387238358,-4.3271982664094,16.6541724946318));
#3300=CARTESIAN_POINT('Origin',(-15.5710297648792,-1.14621235300831,27.9041724946318));
#3301=CARTESIAN_POINT('',(-14.6322387238358,-4.32719826640946,17.9041724946318));
#3302=CARTESIAN_POINT('',(-15.5710297648792,-1.14621235300831,27.9041724946318));
#3303=CARTESIAN_POINT('Origin',(-15.1016342443575,-2.73670530970888,17.9041724946318));
#3304=CARTESIAN_POINT('Origin',(-10.7755130657166,0.269068392304405,27.9041724946318));
#3305=CARTESIAN_POINT('Origin',(-12.7038758947762,-2.02906493705253,5.40417249463183));
#3306=CARTESIAN_POINT('Origin',(1.5151494903495,13.7627626043421,-18.3958275053682));
#3307=CARTESIAN_POINT('',(0.401182910706401,18.1298644418813,-18.3958275053682));
#3308=CARTESIAN_POINT('Origin',(3.1879760062467,15.6206246680356,-18.3958275053682));
#3309=CARTESIAN_POINT('',(-1.2716436051907,16.2720023781879,-18.3958275053682));
#3310=CARTESIAN_POINT('',(-1.27164360519073,16.2720023781878,-18.3958275053682));
#3311=CARTESIAN_POINT('Origin',(1.5151494903495,13.7627626043421,-18.3958275053682));
#3312=CARTESIAN_POINT('Origin',(3.1879760062467,15.6206246680356,-18.3958275053682));
#3313=CARTESIAN_POINT('Origin',(0.176888277631801,12.2764729533873,-18.3958275053682));
#3314=CARTESIAN_POINT('',(-2.94371946251484,17.7775462424953,-18.3958275053682));
#3315=CARTESIAN_POINT('Origin',(1.5151494903495,13.7627626043421,-18.3958275053682));
#3316=CARTESIAN_POINT('',(-4.28198067523256,16.2912565915405,-18.3958275053682));
#3317=CARTESIAN_POINT('',(-4.28198067523257,16.2912565915404,-18.3958275053682));
#3318=CARTESIAN_POINT('Origin',(0.176888277631801,12.2764729533873,-18.3958275053682));
#3319=CARTESIAN_POINT('Origin',(1.5151494903495,13.7627626043421,-18.3958275053682));
#3320=CARTESIAN_POINT('Origin',(0.176888277631801,12.2764729533873,-18.3958275053682));
#3321=CARTESIAN_POINT('Origin',(3.1879760062467,15.6206246680356,-18.3958275053682));
#3322=CARTESIAN_POINT('',(6.6831587934241,23.2386097877519,-18.3958275053682));
#3323=CARTESIAN_POINT('Origin',(8.5410208571175,21.5657832718548,-18.3958275053682));
#3324=CARTESIAN_POINT('',(1.3301139425532,17.2934511839328,-18.3958275053682));
#3325=CARTESIAN_POINT('',(1.33011394255321,17.2934511839327,-18.3958275053682));
#3326=CARTESIAN_POINT('Origin',(3.1879760062467,15.6206246680356,-18.3958275053682));
#3327=CARTESIAN_POINT('Origin',(8.5410208571175,21.5657832718548,-18.3958275053682));
#3328=CARTESIAN_POINT('Origin',(3.1879760062467,15.6206246680356,-18.3958275053682));
#3329=CARTESIAN_POINT('Origin',(-7.71082918422664,-3.651404157521,9.1041724946318));
#3330=CARTESIAN_POINT('',(-7.71082918422664,-5.001404157521,9.1041724946318));
#3331=CARTESIAN_POINT('',(-7.71082918422664,-2.301404157521,9.1041724946318));
#3332=CARTESIAN_POINT('Origin',(-7.71082918422664,-3.651404157521,9.1041724946318));
#3333=CARTESIAN_POINT('Origin',(-9.61800332024072,2.21827428341595,9.1041724946318));
#3334=CARTESIAN_POINT('',(-9.61800332024072,0.868274283415951,9.1041724946318));
#3335=CARTESIAN_POINT('',(-9.61800332024072,3.56827428341595,9.1041724946318));
#3336=CARTESIAN_POINT('Origin',(-9.61800332024072,2.21827428341595,9.1041724946318));
#3337=CARTESIAN_POINT('Origin',(-15.7897484693117,2.21827428341594,9.1041724946318));
#3338=CARTESIAN_POINT('',(-15.7897484693117,0.868274283415941,9.1041724946318));
#3339=CARTESIAN_POINT('',(-15.7897484693117,3.56827428341594,9.1041724946318));
#3340=CARTESIAN_POINT('Origin',(-15.7897484693117,2.21827428341594,9.1041724946318));
#3341=CARTESIAN_POINT('Origin',(-17.6969226053258,-3.651404157521,9.1041724946318));
#3342=CARTESIAN_POINT('',(-17.6969226053258,-5.001404157521,9.1041724946318));
#3343=CARTESIAN_POINT('',(-17.6969226053258,-2.301404157521,9.1041724946318));
#3344=CARTESIAN_POINT('Origin',(-17.6969226053258,-3.651404157521,9.1041724946318));
#3345=CARTESIAN_POINT('Origin',(-12.7038758947762,-7.27906493705253,9.1041724946318));
#3346=CARTESIAN_POINT('',(-12.7038758947762,-8.62906493705253,9.1041724946318));
#3347=CARTESIAN_POINT('',(-12.7038758947762,-5.92906493705253,9.1041724946318));
#3348=CARTESIAN_POINT('Origin',(-12.7038758947762,-7.27906493705253,9.1041724946318));
#3349=CARTESIAN_POINT('Origin',(-15.7897484693117,-6.276404157521,9.1041724946318));
#3350=CARTESIAN_POINT('',(-15.7897484693117,-7.626404157521,9.1041724946318));
#3351=CARTESIAN_POINT('',(-15.7897484693117,-4.926404157521,9.1041724946318));
#3352=CARTESIAN_POINT('Origin',(-15.7897484693117,-6.276404157521,9.1041724946318));
#3353=CARTESIAN_POINT('Origin',(-17.6969226053258,-0.406725716584059,9.1041724946318));
#3354=CARTESIAN_POINT('',(-17.6969226053258,-1.75672571658406,9.1041724946318));
#3355=CARTESIAN_POINT('',(-17.6969226053258,0.943274283415941,9.1041724946318));
#3356=CARTESIAN_POINT('Origin',(-17.6969226053258,-0.406725716584059,9.1041724946318));
#3357=CARTESIAN_POINT('Origin',(-12.7038758947762,3.22093506294747,9.1041724946318));
#3358=CARTESIAN_POINT('',(-12.7038758947762,1.87093506294747,9.1041724946318));
#3359=CARTESIAN_POINT('',(-12.7038758947762,4.57093506294747,9.1041724946318));
#3360=CARTESIAN_POINT('Origin',(-12.7038758947762,3.22093506294747,9.1041724946318));
#3361=CARTESIAN_POINT('Origin',(-7.71082918422664,-0.406725716584061,9.1041724946318));
#3362=CARTESIAN_POINT('',(-7.71082918422664,-1.75672571658406,9.1041724946318));
#3363=CARTESIAN_POINT('',(-7.71082918422664,0.943274283415939,9.1041724946318));
#3364=CARTESIAN_POINT('Origin',(-7.71082918422664,-0.406725716584061,9.1041724946318));
#3365=CARTESIAN_POINT('Origin',(-9.61800332024071,-6.276404157521,9.1041724946318));
#3366=CARTESIAN_POINT('',(-9.61800332024071,-7.626404157521,9.1041724946318));
#3367=CARTESIAN_POINT('',(-9.61800332024071,-4.926404157521,9.1041724946318));
#3368=CARTESIAN_POINT('Origin',(-9.61800332024071,-6.276404157521,9.1041724946318));
#3369=CARTESIAN_POINT('Origin',(-12.7038758947762,-2.02906493705253,9.1041724946318));
#3370=CARTESIAN_POINT('',(-12.7038758947762,2.54593506294747,10.2733067897408));
#3371=CARTESIAN_POINT('Origin',(-12.7038758947762,-2.02906493705253,10.2733067897408));
#3372=CARTESIAN_POINT('',(-12.7038758947762,2.54593506294747,7.93503819952281));
#3373=CARTESIAN_POINT('Origin',(-12.7038758947762,3.22093506294747,9.1041724946318));
#3374=CARTESIAN_POINT('Origin',(-12.7038758947762,-2.02906493705253,7.93503819952281));
#3375=CARTESIAN_POINT('Origin',(-12.7038758947762,-2.02906493705253,10.6887396421863));
#3376=CARTESIAN_POINT('',(-12.7038758947762,2.54593506294747,11.1041724946318));
#3377=CARTESIAN_POINT('',(-12.7038758947762,2.54593506294747,10.6887396421863));
#3378=CARTESIAN_POINT('Origin',(-12.7038758947762,-2.02906493705253,11.1041724946318));
#3379=CARTESIAN_POINT('Origin',(-12.7038758947762,-2.02906493705253,7.5196053470773));
#3380=CARTESIAN_POINT('',(-12.7038758947762,2.54593506294747,7.1041724946318));
#3381=CARTESIAN_POINT('Origin',(-12.7038758947762,-2.02906493705253,7.1041724946318));
#3382=CARTESIAN_POINT('',(-12.7038758947762,2.54593506294747,7.5196053470773));
#3383=CARTESIAN_POINT('Origin',(-12.7038758947762,-2.02906493705253,11.3541724946318));
#3384=CARTESIAN_POINT('',(-12.7038758947762,2.45443506294747,11.1041724946318));
#3385=CARTESIAN_POINT('Origin',(-12.7038758947762,-2.02906493705253,11.1041724946318));
#3386=CARTESIAN_POINT('',(-12.7038758947762,2.45443506294747,11.6041724946318));
#3387=CARTESIAN_POINT('',(-12.7038758947762,2.45443506294747,11.3541724946318));
#3388=CARTESIAN_POINT('Origin',(-12.7038758947762,-2.02906493705253,11.6041724946318));
#3389=CARTESIAN_POINT('Origin',(-12.7038758947762,-2.02906493705253,6.8541724946318));
#3390=CARTESIAN_POINT('',(-12.7038758947762,2.45443506294747,6.6041724946318));
#3391=CARTESIAN_POINT('Origin',(-12.7038758947762,-2.02906493705253,6.6041724946318));
#3392=CARTESIAN_POINT('',(-12.7038758947762,2.45443506294747,7.1041724946318));
#3393=CARTESIAN_POINT('',(-12.7038758947762,2.45443506294747,6.8541724946318));
#3394=CARTESIAN_POINT('Origin',(-12.7038758947762,-2.02906493705253,7.1041724946318));
#3395=CARTESIAN_POINT('Origin',(-12.7038758947762,-2.02906493705253,11.4041724946318));
#3396=CARTESIAN_POINT('',(-12.7038758947762,0.97093506294747,11.4041724946318));
#3397=CARTESIAN_POINT('Origin',(-12.7038758947762,-2.02906493705253,11.4041724946318));
#3398=CARTESIAN_POINT('',(-12.7038758947762,1.17093506294747,11.6041724946318));
#3399=CARTESIAN_POINT('Origin',(-12.7038758947762,1.17093506294747,11.4041724946318));
#3400=CARTESIAN_POINT('Origin',(-12.7038758947762,-2.02906493705253,11.6041724946318));
#3401=CARTESIAN_POINT('Origin',(-12.7038758947762,-2.02906493705253,6.8041724946318));
#3402=CARTESIAN_POINT('',(-12.7038758947762,1.17093506294747,6.6041724946318));
#3403=CARTESIAN_POINT('Origin',(-12.7038758947762,-2.02906493705253,6.6041724946318));
#3404=CARTESIAN_POINT('',(-12.7038758947762,0.970935062947471,6.8041724946318));
#3405=CARTESIAN_POINT('Origin',(-12.7038758947762,1.17093506294747,6.8041724946318));
#3406=CARTESIAN_POINT('Origin',(-12.7038758947762,-2.02906493705253,6.8041724946318));
#3407=CARTESIAN_POINT('Origin',(-12.7038758947762,-2.02906493705253,9.1041724946318));
#3408=CARTESIAN_POINT('',(-12.7038758947762,0.97093506294747,9.1041724946318));
#3409=CARTESIAN_POINT('Origin',(-12.7038758947762,-5.87081493705253,6.6041724946318));
#3410=CARTESIAN_POINT('Origin',(-12.7038758947762,-5.87081493705253,11.6041724946318));
#3411=CARTESIAN_POINT('Origin',(-12.7038758947762,-6.55831493705253,7.1041724946318));
#3412=CARTESIAN_POINT('Origin',(-12.7038758947762,-6.55831493705253,11.1041724946318));
#3413=CARTESIAN_POINT('Origin',(-12.7038758947762,-2.02906493705253,9.1041724946318));
#3414=CARTESIAN_POINT('',(-12.7038758947762,3.89593506294747,7.93503819952281));
#3415=CARTESIAN_POINT('Origin',(-12.7038758947762,-2.02906493705253,7.93503819952281));
#3416=CARTESIAN_POINT('',(-12.7038758947762,3.89593506294747,10.2733067897408));
#3417=CARTESIAN_POINT('Origin',(-12.7038758947762,3.22093506294747,9.1041724946318));
#3418=CARTESIAN_POINT('Origin',(-12.7038758947762,-2.02906493705253,10.2733067897408));
#3419=CARTESIAN_POINT('Origin',(-12.7038758947762,-2.02906493705253,10.6887396421863));
#3420=CARTESIAN_POINT('',(-12.7038758947762,3.89593506294747,11.1041724946318));
#3421=CARTESIAN_POINT('Origin',(-12.7038758947762,-2.02906493705253,11.1041724946318));
#3422=CARTESIAN_POINT('',(-12.7038758947762,3.89593506294747,10.6887396421863));
#3423=CARTESIAN_POINT('Origin',(-12.7038758947762,-2.02906493705253,7.5196053470773));
#3424=CARTESIAN_POINT('',(-12.7038758947762,3.89593506294747,7.1041724946318));
#3425=CARTESIAN_POINT('',(-12.7038758947762,3.89593506294747,7.5196053470773));
#3426=CARTESIAN_POINT('Origin',(-12.7038758947762,-2.02906493705253,7.1041724946318));
#3427=CARTESIAN_POINT('Origin',(-12.7038758947762,-2.02906493705253,11.3541724946318));
#3428=CARTESIAN_POINT('',(-12.7038758947762,4.01443506294747,11.1141724946318));
#3429=CARTESIAN_POINT('Origin',(-12.7038758947762,-2.02906493705253,11.1141724946318));
#3430=CARTESIAN_POINT('',(-12.7038758947762,4.01443506294747,11.1041724946318));
#3431=CARTESIAN_POINT('',(-12.7038758947762,4.01443506294747,11.3541724946318));
#3432=CARTESIAN_POINT('Origin',(-12.7038758947762,-2.02906493705253,11.1041724946318));
#3433=CARTESIAN_POINT('Origin',(-12.7038758947762,-2.02906493705253,6.8541724946318));
#3434=CARTESIAN_POINT('',(-12.7038758947762,4.01443506294747,7.1041724946318));
#3435=CARTESIAN_POINT('Origin',(-12.7038758947762,-2.02906493705253,7.1041724946318));
#3436=CARTESIAN_POINT('',(-12.7038758947762,4.01443506294747,7.0941724946318));
#3437=CARTESIAN_POINT('',(-12.7038758947762,4.01443506294747,6.8541724946318));
#3438=CARTESIAN_POINT('Origin',(-12.7038758947762,-2.02906493705253,7.0941724946318));
#3439=CARTESIAN_POINT('Origin',(-12.7038758947762,-2.02906493705253,11.3591724946318));
#3440=CARTESIAN_POINT('',(-12.7038758947762,2.46443506294747,11.6041724946318));
#3441=CARTESIAN_POINT('Origin',(-12.7038758947762,-2.02906493705253,11.6041724946318));
#3442=CARTESIAN_POINT('',(-12.7038758947762,2.46443506294747,11.1141724946318));
#3443=CARTESIAN_POINT('',(-12.7038758947762,2.46443506294747,11.3591724946318));
#3444=CARTESIAN_POINT('Origin',(-12.7038758947762,-2.02906493705253,11.1141724946318));
#3445=CARTESIAN_POINT('Origin',(-12.7038758947762,-2.02906493705253,6.8491724946318));
#3446=CARTESIAN_POINT('',(-12.7038758947762,2.46443506294747,6.6041724946318));
#3447=CARTESIAN_POINT('Origin',(-12.7038758947762,-2.02906493705253,6.6041724946318));
#3448=CARTESIAN_POINT('',(-12.7038758947762,2.46443506294747,7.0941724946318));
#3449=CARTESIAN_POINT('',(-12.7038758947762,2.46443506294747,6.8491724946318));
#3450=CARTESIAN_POINT('Origin',(-12.7038758947762,-2.02906493705253,7.0941724946318));
#3451=CARTESIAN_POINT('Origin',(-12.7038758947762,-2.02906493705253,11.4841724946318));
#3452=CARTESIAN_POINT('',(-12.7038758947762,4.01443506294747,11.3641724946318));
#3453=CARTESIAN_POINT('Origin',(-12.7038758947762,-2.02906493705253,11.3641724946318));
#3454=CARTESIAN_POINT('',(-12.7038758947762,3.77443506294747,11.6041724946318));
#3455=CARTESIAN_POINT('',(-12.7038758947762,3.89443506294747,11.4841724946318));
#3456=CARTESIAN_POINT('Origin',(-12.7038758947762,-2.02906493705253,11.6041724946318));
#3457=CARTESIAN_POINT('Origin',(-12.7038758947762,-2.02906493705253,6.7241724946318));
#3458=CARTESIAN_POINT('',(-12.7038758947762,4.01443506294747,6.8441724946318));
#3459=CARTESIAN_POINT('Origin',(-12.7038758947762,-2.02906493705253,6.8441724946318));
#3460=CARTESIAN_POINT('',(-12.7038758947762,3.77443506294747,6.6041724946318));
#3461=CARTESIAN_POINT('',(-12.7038758947762,3.89443506294747,6.7241724946318));
#3462=CARTESIAN_POINT('Origin',(-12.7038758947762,-2.02906493705253,6.6041724946318));
#3463=CARTESIAN_POINT('Origin',(-12.7038758947762,-2.02906493705253,11.3541724946318));
#3464=CARTESIAN_POINT('',(-12.7038758947762,4.01443506294747,11.6041724946318));
#3465=CARTESIAN_POINT('Origin',(-12.7038758947762,-2.02906493705253,11.6041724946318));
#3466=CARTESIAN_POINT('',(-12.7038758947762,4.01443506294747,11.3541724946318));
#3467=CARTESIAN_POINT('Origin',(-12.7038758947762,-2.02906493705253,6.8541724946318));
#3468=CARTESIAN_POINT('',(-12.7038758947762,4.01443506294747,6.6041724946318));
#3469=CARTESIAN_POINT('',(-12.7038758947762,4.01443506294747,6.8541724946318));
#3470=CARTESIAN_POINT('Origin',(-12.7038758947762,-2.02906493705253,6.6041724946318));
#3471=CARTESIAN_POINT('Origin',(-12.7038758947762,-2.02906493705253,11.4041724946318));
#3472=CARTESIAN_POINT('',(-12.7038758947762,5.27093506294747,11.6041724946318));
#3473=CARTESIAN_POINT('Origin',(-12.7038758947762,-2.02906493705253,11.6041724946318));
#3474=CARTESIAN_POINT('',(-12.7038758947762,5.47093506294747,11.4041724946318));
#3475=CARTESIAN_POINT('Origin',(-12.7038758947762,5.27093506294747,11.4041724946318));
#3476=CARTESIAN_POINT('Origin',(-12.7038758947762,-2.02906493705253,11.4041724946318));
#3477=CARTESIAN_POINT('Origin',(-12.7038758947762,-2.02906493705253,6.8041724946318));
#3478=CARTESIAN_POINT('',(-12.7038758947762,5.47093506294747,6.8041724946318));
#3479=CARTESIAN_POINT('Origin',(-12.7038758947762,-2.02906493705253,6.8041724946318));
#3480=CARTESIAN_POINT('',(-12.7038758947762,5.27093506294747,6.6041724946318));
#3481=CARTESIAN_POINT('Origin',(-12.7038758947762,5.27093506294747,6.8041724946318));
#3482=CARTESIAN_POINT('Origin',(-12.7038758947762,-2.02906493705253,6.6041724946318));
#3483=CARTESIAN_POINT('Origin',(-12.7038758947762,-2.02906493705253,9.1041724946318));
#3484=CARTESIAN_POINT('',(-12.7038758947762,5.47093506294747,9.1041724946318));
#3485=CARTESIAN_POINT('Origin',(-12.7038758947762,-8.70081493705253,6.6041724946318));
#3486=CARTESIAN_POINT('Origin',(-12.7038758947762,-8.70081493705253,11.6041724946318));
#3487=CARTESIAN_POINT('Origin',(-12.7038758947762,-7.17756493705253,6.6041724946318));
#3488=CARTESIAN_POINT('Origin',(-12.7038758947762,-7.17756493705253,11.6041724946318));
#3489=CARTESIAN_POINT('Origin',(-12.7038758947762,-7.29756493705253,7.0941724946318));
#3490=CARTESIAN_POINT('Origin',(-12.7038758947762,-7.29756493705253,11.1141724946318));
#3491=CARTESIAN_POINT('Origin',(-12.7038758947762,-8.01331493705253,7.1041724946318));
#3492=CARTESIAN_POINT('Origin',(-12.7038758947762,-8.01331493705253,11.1041724946318));
#3493=UNCERTAINTY_MEASURE_WITH_UNIT(LENGTH_MEASURE(0.01),#3497,
'DISTANCE_ACCURACY_VALUE',
'Maximum model space distance between geometric entities at asserted c
onnectivities');
#3494=UNCERTAINTY_MEASURE_WITH_UNIT(LENGTH_MEASURE(0.01),#3497,
'DISTANCE_ACCURACY_VALUE',
'Maximum model space distance between geometric entities at asserted c
onnectivities');
#3495=(
GEOMETRIC_REPRESENTATION_CONTEXT(3)
GLOBAL_UNCERTAINTY_ASSIGNED_CONTEXT((#3493))
GLOBAL_UNIT_ASSIGNED_CONTEXT((#3497,#3499,#3500))
REPRESENTATION_CONTEXT('','3D')
);
#3496=(
GEOMETRIC_REPRESENTATION_CONTEXT(3)
GLOBAL_UNCERTAINTY_ASSIGNED_CONTEXT((#3494))
GLOBAL_UNIT_ASSIGNED_CONTEXT((#3497,#3499,#3500))
REPRESENTATION_CONTEXT('','3D')
);
#3497=(
LENGTH_UNIT()
NAMED_UNIT(*)
SI_UNIT(.MILLI.,.METRE.)
);
#3498=(
LENGTH_UNIT()
NAMED_UNIT(*)
SI_UNIT(.CENTI.,.METRE.)
);
#3499=(
NAMED_UNIT(*)
PLANE_ANGLE_UNIT()
SI_UNIT($,.RADIAN.)
);
#3500=(
NAMED_UNIT(*)
SI_UNIT($,.STERADIAN.)
SOLID_ANGLE_UNIT()
);
#3501=SHAPE_DEFINITION_REPRESENTATION(#3502,#3503);
#3502=PRODUCT_DEFINITION_SHAPE('',$,#3505);
#3503=SHAPE_REPRESENTATION('',(#1517),#3495);
#3504=PRODUCT_DEFINITION_CONTEXT('part definition',#3509,'design');
#3505=PRODUCT_DEFINITION('Encoder','Encoder',#3506,#3504);
#3506=PRODUCT_DEFINITION_FORMATION('',$,#3511);
#3507=PRODUCT_RELATED_PRODUCT_CATEGORY('Encoder','Encoder',(#3511));
#3508=APPLICATION_PROTOCOL_DEFINITION('international standard',
'automotive_design',2009,#3509);
#3509=APPLICATION_CONTEXT(
'Core Data for Automotive Mechanical Design Process');
#3510=PRODUCT_CONTEXT('part definition',#3509,'mechanical');
#3511=PRODUCT('Encoder','Encoder',$,(#3510));
#3512=PRESENTATION_STYLE_ASSIGNMENT((#3519));
#3513=PRESENTATION_STYLE_ASSIGNMENT((#3520));
#3514=PRESENTATION_STYLE_ASSIGNMENT((#3521));
#3515=PRESENTATION_STYLE_ASSIGNMENT((#3522));
#3516=PRESENTATION_STYLE_ASSIGNMENT((#3523));
#3517=PRESENTATION_STYLE_ASSIGNMENT((#3524));
#3518=PRESENTATION_STYLE_ASSIGNMENT((#3525));
#3519=SURFACE_STYLE_USAGE(.BOTH.,#3540);
#3520=SURFACE_STYLE_USAGE(.BOTH.,#3541);
#3521=SURFACE_STYLE_USAGE(.BOTH.,#3542);
#3522=SURFACE_STYLE_USAGE(.BOTH.,#3543);
#3523=SURFACE_STYLE_USAGE(.BOTH.,#3544);
#3524=SURFACE_STYLE_USAGE(.BOTH.,#3545);
#3525=SURFACE_STYLE_USAGE(.BOTH.,#3546);
#3526=SURFACE_STYLE_RENDERING_WITH_PROPERTIES($,#3568,(#3533));
#3527=SURFACE_STYLE_RENDERING_WITH_PROPERTIES($,#3569,(#3534));
#3528=SURFACE_STYLE_RENDERING_WITH_PROPERTIES($,#3570,(#3535));
#3529=SURFACE_STYLE_RENDERING_WITH_PROPERTIES($,#3571,(#3536));
#3530=SURFACE_STYLE_RENDERING_WITH_PROPERTIES($,#3572,(#3537));
#3531=SURFACE_STYLE_RENDERING_WITH_PROPERTIES($,#3573,(#3538));
#3532=SURFACE_STYLE_RENDERING_WITH_PROPERTIES($,#3574,(#3539));
#3533=SURFACE_STYLE_TRANSPARENT(0.);
#3534=SURFACE_STYLE_TRANSPARENT(0.);
#3535=SURFACE_STYLE_TRANSPARENT(0.);
#3536=SURFACE_STYLE_TRANSPARENT(0.);
#3537=SURFACE_STYLE_TRANSPARENT(0.);
#3538=SURFACE_STYLE_TRANSPARENT(0.);
#3539=SURFACE_STYLE_TRANSPARENT(0.);
#3540=SURFACE_SIDE_STYLE('',(#3547,#3526));
#3541=SURFACE_SIDE_STYLE('',(#3548,#3527));
#3542=SURFACE_SIDE_STYLE('',(#3549,#3528));
#3543=SURFACE_SIDE_STYLE('',(#3550,#3529));
#3544=SURFACE_SIDE_STYLE('',(#3551,#3530));
#3545=SURFACE_SIDE_STYLE('',(#3552,#3531));
#3546=SURFACE_SIDE_STYLE('',(#3553,#3532));
#3547=SURFACE_STYLE_FILL_AREA(#3554);
#3548=SURFACE_STYLE_FILL_AREA(#3555);
#3549=SURFACE_STYLE_FILL_AREA(#3556);
#3550=SURFACE_STYLE_FILL_AREA(#3557);
#3551=SURFACE_STYLE_FILL_AREA(#3558);
#3552=SURFACE_STYLE_FILL_AREA(#3559);
#3553=SURFACE_STYLE_FILL_AREA(#3560);
#3554=FILL_AREA_STYLE('',(#3561));
#3555=FILL_AREA_STYLE('',(#3562));
#3556=FILL_AREA_STYLE('',(#3563));
#3557=FILL_AREA_STYLE('',(#3564));
#3558=FILL_AREA_STYLE('',(#3565));
#3559=FILL_AREA_STYLE('',(#3566));
#3560=FILL_AREA_STYLE('',(#3567));
#3561=FILL_AREA_STYLE_COLOUR('',#3568);
#3562=FILL_AREA_STYLE_COLOUR('',#3569);
#3563=FILL_AREA_STYLE_COLOUR('',#3570);
#3564=FILL_AREA_STYLE_COLOUR('',#3571);
#3565=FILL_AREA_STYLE_COLOUR('',#3572);
#3566=FILL_AREA_STYLE_COLOUR('',#3573);
#3567=FILL_AREA_STYLE_COLOUR('',#3574);
#3568=COLOUR_RGB('',0.996078431372549,0.996078431372549,1.);
#3569=COLOUR_RGB('',0.0196078431372549,0.0196078431372549,0.0196078431372549);
#3570=COLOUR_RGB('',0.956862745098039,0.956862745098039,0.956862745098039);
#3571=COLOUR_RGB('',0.745098039215686,0.737254901960784,0.729411764705882);
#3572=COLOUR_RGB('',0.250980392156863,0.250980392156863,0.250980392156863);
#3573=COLOUR_RGB('',0.501960784313725,0.501960784313725,0.501960784313725);
#3574=COLOUR_RGB('',0.749019607843137,0.749019607843137,0.749019607843137);
ENDSEC;
END-ISO-10303-21;
