ISO-10303-21;
HEADER;
/* Generated by software containing ST-Developer
 * from STEP Tools, Inc. (www.steptools.com) 
 */

FILE_DESCRIPTION(
/* description */ (''),
/* implementation_level */ '2;1');

FILE_NAME(
/* name */ 
'I:\\ASU_FOE\\graduation project\\quadcopter\\matlab xml\\231123\\\\Ho
lder Tube-R8_ipt_e7239e0e.STEP',
/* time_stamp */ '2023-11-23T19:53:38+02:00',
/* author */ ('M'),
/* organization */ (''),
/* preprocessor_version */ 'ST-DEVELOPER v18.1',
/* originating_system */ 'Autodesk Inventor 2021',
/* authorisation */ '');

FILE_SCHEMA (('AUTOMOTIVE_DESIGN { 1 0 10303 214 3 1 1 }'));
ENDSEC;

DATA;
#10=MECHANICAL_DESIGN_GEOMETRIC_PRESENTATION_REPRESENTATION('',(#13),#3527);
#11=SHAPE_REPRESENTATION_RELATIONSHIP('SRR','None',#3534,#12);
#12=ADVANCED_BREP_SHAPE_REPRESENTATION('',(#14),#3526);
#13=STYLED_ITEM('',(#3543),#14);
#14=MANIFOLD_SOLID_BREP('Solid3',#1308);
#15=B_SPLINE_SURFACE_WITH_KNOTS('',3,1,((#2251,#2252),(#2253,#2254),(#2255,
#2256),(#2257,#2258),(#2259,#2260),(#2261,#2262),(#2263,#2264)),
 .UNSPECIFIED.,.F.,.F.,.F.,(4,1,1,1,4),(2,2),(0.,0.177494657081847,0.405225623101375,
0.678388108334857,1.),(0.,0.0600000000000006),.UNSPECIFIED.);
#16=B_SPLINE_SURFACE_WITH_KNOTS('',3,1,((#2266,#2267),(#2268,#2269),(#2270,
#2271),(#2272,#2273),(#2274,#2275),(#2276,#2277),(#2278,#2279),(#2280,#2281),
(#2282,#2283),(#2284,#2285),(#2286,#2287),(#2288,#2289),(#2290,#2291),(#2292,
#2293),(#2294,#2295),(#2296,#2297),(#2298,#2299)),.UNSPECIFIED.,.F.,.F.,
 .F.,(4,1,1,1,1,1,1,1,1,1,1,1,1,1,4),(2,2),(0.,0.0807814705861225,0.15654122579559,
0.227934986843486,0.294310317304602,0.356867863554812,0.414758559259276,
0.467641396834016,0.516748421530014,0.604729741894053,0.681570652939389,
0.748109541621984,0.804941099535282,0.905406049500004,1.),(0.,0.0600000000000009),
 .UNSPECIFIED.);
#17=B_SPLINE_SURFACE_WITH_KNOTS('',3,1,((#2307,#2308),(#2309,#2310),(#2311,
#2312),(#2313,#2314),(#2315,#2316),(#2317,#2318),(#2319,#2320)),
 .UNSPECIFIED.,.F.,.F.,.F.,(4,1,1,1,4),(2,2),(0.,0.229527569700857,0.471465934303229,
0.728186348499871,1.),(0.,0.0600000000000009),.UNSPECIFIED.);
#18=B_SPLINE_SURFACE_WITH_KNOTS('',3,1,((#2322,#2323),(#2324,#2325),(#2326,
#2327),(#2328,#2329),(#2330,#2331),(#2332,#2333),(#2334,#2335)),
 .UNSPECIFIED.,.F.,.F.,.F.,(4,1,1,1,4),(2,2),(0.,0.293076243319217,0.556562337118192,
0.791913609209814,1.),(0.,0.0600000000000003),.UNSPECIFIED.);
#19=B_SPLINE_SURFACE_WITH_KNOTS('',3,1,((#2337,#2338),(#2339,#2340),(#2341,
#2342),(#2343,#2344),(#2345,#2346),(#2347,#2348),(#2349,#2350),(#2351,#2352),
(#2353,#2354),(#2355,#2356),(#2357,#2358),(#2359,#2360),(#2361,#2362),(#2363,
#2364),(#2365,#2366),(#2367,#2368),(#2369,#2370),(#2371,#2372),(#2373,#2374)),
 .UNSPECIFIED.,.F.,.F.,.F.,(4,1,1,1,1,1,1,1,1,1,1,1,1,1,1,1,4),(2,2),(0.,
0.0614130692946595,0.121295023384547,0.17922404230872,0.235938094734832,
0.292216833267362,0.348196639434208,0.404444738963359,0.462025533922998,
0.520334211868149,0.580382901650839,0.641825904813989,0.706363209796629,
0.77385139382756,0.845266257356883,0.920154675768406,1.),(0.,0.0600000000000006),
 .UNSPECIFIED.);
#20=B_SPLINE_SURFACE_WITH_KNOTS('',3,1,((#2376,#2377),(#2378,#2379),(#2380,
#2381),(#2382,#2383),(#2384,#2385),(#2386,#2387),(#2388,#2389),(#2390,#2391),
(#2392,#2393),(#2394,#2395),(#2396,#2397),(#2398,#2399),(#2400,#2401),(#2402,
#2403),(#2404,#2405),(#2406,#2407),(#2408,#2409),(#2410,#2411),(#2412,#2413),
(#2414,#2415),(#2416,#2417),(#2418,#2419),(#2420,#2421)),.UNSPECIFIED.,
 .F.,.F.,.F.,(4,1,1,1,1,1,1,1,1,1,1,1,1,1,1,1,1,1,1,1,4),(2,2),(0.,0.0621127506505292,
0.120211958878554,0.174385121388474,0.225443755778487,0.272358212636177,
0.316388162963441,0.356869479058229,0.393978323506367,0.429589371877092,
0.464683040954987,0.50003634614284,0.535482747753064,0.571363467148444,
0.60790853220526,0.645662298533116,0.684517339703578,0.762578622376347,
0.840497288654181,0.919072992693523,1.),(0.,0.0600000000000009),
 .UNSPECIFIED.);
#21=B_SPLINE_SURFACE_WITH_KNOTS('',3,1,((#2436,#2437),(#2438,#2439),(#2440,
#2441),(#2442,#2443),(#2444,#2445),(#2446,#2447),(#2448,#2449),(#2450,#2451),
(#2452,#2453),(#2454,#2455),(#2456,#2457),(#2458,#2459),(#2460,#2461),(#2462,
#2463),(#2464,#2465)),.UNSPECIFIED.,.F.,.F.,.F.,(4,1,1,1,1,1,1,1,1,1,1,
1,4),(2,2),(0.,0.128860268041732,0.240892184809228,0.338044201557512,0.420120485213609,
0.494058456868551,0.56609478358332,0.63680495435101,0.709148449360719,0.781941805594126,
0.854285300603836,0.926170407216559,1.),(0.,0.0600000000000006),
 .UNSPECIFIED.);
#22=B_SPLINE_SURFACE_WITH_KNOTS('',3,1,((#2483,#2484),(#2485,#2486),(#2487,
#2488),(#2489,#2490),(#2491,#2492),(#2493,#2494),(#2495,#2496),(#2497,#2498),
(#2499,#2500),(#2501,#2502),(#2503,#2504),(#2505,#2506),(#2507,#2508),(#2509,
#2510),(#2511,#2512),(#2513,#2514),(#2515,#2516),(#2517,#2518),(#2519,#2520)),
 .UNSPECIFIED.,.F.,.F.,.F.,(4,1,1,1,1,1,1,1,1,1,1,1,1,1,1,1,4),(2,2),(0.,
0.0603255293380421,0.118159990507998,0.17418667629638,0.2295388181458,0.283449814638636,
0.337826511950591,0.392632102533483,0.448465576415192,0.505965409157305,
0.565058532229005,0.626654478622843,0.692232033037362,0.761131078125762,
0.83530987733942,0.915325559832201,1.),(0.,0.0600000000000011),
 .UNSPECIFIED.);
#23=B_SPLINE_SURFACE_WITH_KNOTS('',3,1,((#2830,#2831),(#2832,#2833),(#2834,
#2835),(#2836,#2837),(#2838,#2839),(#2840,#2841),(#2842,#2843),(#2844,#2845),
(#2846,#2847),(#2848,#2849),(#2850,#2851),(#2852,#2853),(#2854,#2855),(#2856,
#2857),(#2858,#2859),(#2860,#2861),(#2862,#2863),(#2864,#2865),(#2866,#2867)),
 .UNSPECIFIED.,.F.,.F.,.F.,(4,1,1,1,1,1,1,1,1,1,1,1,1,1,1,1,4),(2,2),(0.,
0.0698340680322547,0.137026523956476,0.201482296865062,0.264539949243756,
0.32597259328845,0.386386309529216,0.445760766791018,0.505611907074505,
0.5651144217391,0.62475039166376,0.684178951264581,0.744219141656993,0.805179145466624,
0.868394860822568,0.933203933413324,1.),(0.,0.0600000000000006),
 .UNSPECIFIED.);
#24=B_SPLINE_SURFACE_WITH_KNOTS('',3,1,((#2870,#2871),(#2872,#2873),(#2874,
#2875),(#2876,#2877),(#2878,#2879),(#2880,#2881),(#2882,#2883),(#2884,#2885),
(#2886,#2887),(#2888,#2889),(#2890,#2891),(#2892,#2893),(#2894,#2895),(#2896,
#2897),(#2898,#2899),(#2900,#2901),(#2902,#2903),(#2904,#2905),(#2906,#2907)),
 .UNSPECIFIED.,.F.,.F.,.F.,(4,1,1,1,1,1,1,1,1,1,1,1,1,1,1,1,4),(2,2),(0.,
0.0704416310595481,0.138089324720028,0.203177733523531,0.266138723805254,
0.32792878136746,0.389190360761296,0.450253575103118,0.512346578127928,
0.57384272055865,0.633932556807091,0.693459807597558,0.752479435483305,
0.812385930842927,0.873070465231997,0.935184306583771,1.),(0.,0.0600000000000006),
 .UNSPECIFIED.);
#25=B_SPLINE_SURFACE_WITH_KNOTS('',3,1,((#2909,#2910),(#2911,#2912),(#2913,
#2914),(#2915,#2916),(#2917,#2918),(#2919,#2920),(#2921,#2922),(#2923,#2924),
(#2925,#2926),(#2927,#2928),(#2929,#2930),(#2931,#2932),(#2933,#2934),(#2935,
#2936),(#2937,#2938),(#2939,#2940),(#2941,#2942),(#2943,#2944),(#2945,#2946)),
 .UNSPECIFIED.,.F.,.F.,.F.,(4,1,1,1,1,1,1,1,1,1,1,1,1,1,1,1,4),(2,2),(0.,
0.0635999003471699,0.125296650793553,0.185568720194588,0.244698211000662,
0.303716806189988,0.362919650948143,0.423300313868877,0.485177309545075,
0.547083413224356,0.608524799634247,0.669964853244726,0.732299377978299,
0.795650293490115,0.861055470946715,0.929122115173218,1.),(0.,0.0600000000000011),
 .UNSPECIFIED.);
#26=B_SPLINE_SURFACE_WITH_KNOTS('',3,1,((#2948,#2949),(#2950,#2951),(#2952,
#2953),(#2954,#2955),(#2956,#2957),(#2958,#2959),(#2960,#2961),(#2962,#2963),
(#2964,#2965),(#2966,#2967),(#2968,#2969),(#2970,#2971),(#2972,#2973),(#2974,
#2975),(#2976,#2977),(#2978,#2979),(#2980,#2981),(#2982,#2983),(#2984,#2985)),
 .UNSPECIFIED.,.F.,.F.,.F.,(4,1,1,1,1,1,1,1,1,1,1,1,1,1,1,1,4),(2,2),(0.,
0.0690130029109948,0.135235544056051,0.199611185115715,0.262418519503289,
0.323723497210299,0.383765365604244,0.443773035095628,0.503794956497789,
0.563822577716821,0.623484312883468,0.683469172274438,0.743590762455918,
0.805727219973841,0.868616210735297,0.933278202847215,1.),(0.,0.0600000000000006),
 .UNSPECIFIED.);
#27=B_SPLINE_SURFACE_WITH_KNOTS('',3,1,((#2987,#2988),(#2989,#2990),(#2991,
#2992),(#2993,#2994),(#2995,#2996),(#2997,#2998),(#2999,#3000),(#3001,#3002),
(#3003,#3004),(#3005,#3006),(#3007,#3008)),.UNSPECIFIED.,.F.,.F.,.F.,(4,
1,1,1,1,1,1,1,4),(2,2),(0.,0.124835092166887,0.244778133283329,0.360988977841059,
0.477964172247278,0.596922117558297,0.721590756696671,0.855097865757418,
1.),(0.,0.0600000000000009),.UNSPECIFIED.);
#28=B_SPLINE_SURFACE_WITH_KNOTS('',3,1,((#3010,#3011),(#3012,#3013),(#3014,
#3015),(#3016,#3017),(#3018,#3019),(#3020,#3021),(#3022,#3023),(#3024,#3025),
(#3026,#3027),(#3028,#3029),(#3030,#3031),(#3032,#3033),(#3034,#3035),(#3036,
#3037),(#3038,#3039),(#3040,#3041),(#3042,#3043),(#3044,#3045),(#3046,#3047)),
 .UNSPECIFIED.,.F.,.F.,.F.,(4,1,1,1,1,1,1,1,1,1,1,1,1,1,1,1,4),(2,2),(0.,
0.0732007449685413,0.142586791322412,0.209624781468087,0.274882926768207,
0.337930609531576,0.400461822188201,0.462500620685735,0.525005458137253,
0.586688852710845,0.646812765770533,0.705215315750564,0.762881021007559,
0.820727541693011,0.879295495724583,0.938511165413607,1.),(0.,0.0600000000000009),
 .UNSPECIFIED.);
#29=B_SPLINE_SURFACE_WITH_KNOTS('',3,1,((#3049,#3050),(#3051,#3052),(#3053,
#3054),(#3055,#3056),(#3057,#3058),(#3059,#3060),(#3061,#3062),(#3063,#3064),
(#3065,#3066),(#3067,#3068),(#3069,#3070),(#3071,#3072),(#3073,#3074),(#3075,
#3076),(#3077,#3078),(#3079,#3080),(#3081,#3082),(#3083,#3084),(#3085,#3086)),
 .UNSPECIFIED.,.F.,.F.,.F.,(4,1,1,1,1,1,1,1,1,1,1,1,1,1,1,1,4),(2,2),(0.,
0.0621313717366119,0.121965824785349,0.18057023664876,0.238575970588822,
0.296000242090649,0.354358996443594,0.413781228052437,0.475097965352069,
0.537279897385603,0.598917953677044,0.661235112978733,0.724321980573749,
0.789217182508634,0.856396662088134,0.926507768736106,1.),(0.,0.0600000000000011),
 .UNSPECIFIED.);
#30=B_SPLINE_SURFACE_WITH_KNOTS('',3,1,((#3088,#3089),(#3090,#3091),(#3092,
#3093),(#3094,#3095),(#3096,#3097),(#3098,#3099),(#3100,#3101),(#3102,#3103),
(#3104,#3105),(#3106,#3107),(#3108,#3109)),.UNSPECIFIED.,.F.,.F.,.F.,(4,
1,1,1,1,1,1,1,4),(2,2),(0.,0.145359195055501,0.278701778935017,0.403602234418054,
0.521668791180425,0.637520693607742,0.753704150763097,0.873212770364061,
1.),(0.,0.0600000000000009),.UNSPECIFIED.);
#31=B_SPLINE_SURFACE_WITH_KNOTS('',3,1,((#3110,#3111),(#3112,#3113),(#3114,
#3115),(#3116,#3117),(#3118,#3119),(#3120,#3121),(#3122,#3123),(#3124,#3125),
(#3126,#3127),(#3128,#3129),(#3130,#3131),(#3132,#3133),(#3134,#3135),(#3136,
#3137),(#3138,#3139)),.UNSPECIFIED.,.F.,.F.,.F.,(4,1,1,1,1,1,1,1,1,1,1,
1,4),(2,2),(0.,0.0762358674075222,0.148618099954363,0.218239428141452,0.284251690268608,
0.348257520785055,0.410656204250065,0.472862372999513,0.534194748022127,
0.653476101422414,0.767766789522197,0.881712609467421,1.),(0.,0.0600000000000009),
 .UNSPECIFIED.);
#32=B_SPLINE_SURFACE_WITH_KNOTS('',3,1,((#3159,#3160),(#3161,#3162),(#3163,
#3164),(#3165,#3166),(#3167,#3168),(#3169,#3170),(#3171,#3172),(#3173,#3174),
(#3175,#3176),(#3177,#3178),(#3179,#3180),(#3181,#3182),(#3183,#3184),(#3185,
#3186),(#3187,#3188)),.UNSPECIFIED.,.F.,.F.,.F.,(4,1,1,1,1,1,1,1,1,1,1,
1,4),(2,2),(0.,0.127393941339473,0.246181611292813,0.361268004353787,0.477140268037227,
0.536326583435773,0.595671915043651,0.656618953205755,0.71883562149608,
0.783581552706376,0.851587816688947,0.923926527480993,1.),(0.,0.0600000000000009),
 .UNSPECIFIED.);
#33=B_SPLINE_SURFACE_WITH_KNOTS('',3,1,((#3206,#3207),(#3208,#3209),(#3210,
#3211),(#3212,#3213),(#3214,#3215),(#3216,#3217),(#3218,#3219),(#3220,#3221),
(#3222,#3223),(#3224,#3225),(#3226,#3227),(#3228,#3229),(#3230,#3231),(#3232,
#3233),(#3234,#3235)),.UNSPECIFIED.,.F.,.F.,.F.,(4,1,1,1,1,1,1,1,1,1,1,
1,4),(2,2),(0.,0.0768426979287824,0.149839053285221,0.218379396445471,0.284997020700564,
0.347657670814267,0.409847159114513,0.469935761507696,0.530419606656606,
0.648751736026404,0.763774893077164,0.87874948777847,1.),(0.,0.0600000000000006),
 .UNSPECIFIED.);
#34=B_SPLINE_SURFACE_WITH_KNOTS('',3,1,((#3253,#3254),(#3255,#3256),(#3257,
#3258),(#3259,#3260),(#3261,#3262),(#3263,#3264),(#3265,#3266),(#3267,#3268),
(#3269,#3270),(#3271,#3272),(#3273,#3274),(#3275,#3276),(#3277,#3278),(#3279,
#3280),(#3281,#3282)),.UNSPECIFIED.,.F.,.F.,.F.,(4,1,1,1,1,1,1,1,1,1,1,
1,4),(2,2),(0.,0.123386121362609,0.241434686423354,0.357448546150967,0.476713920452831,
0.537889586873992,0.599270393830123,0.66035205225656,0.723006936299081,
0.787875537201203,0.855360105861051,0.925373213756332,1.),(0.,0.0600000000000009),
 .UNSPECIFIED.);
#35=B_SPLINE_SURFACE_WITH_KNOTS('',3,1,((#3298,#3299),(#3300,#3301),(#3302,
#3303),(#3304,#3305),(#3306,#3307),(#3308,#3309),(#3310,#3311),(#3312,#3313),
(#3314,#3315),(#3316,#3317),(#3318,#3319),(#3320,#3321),(#3322,#3323),(#3324,
#3325),(#3326,#3327),(#3328,#3329),(#3330,#3331),(#3332,#3333),(#3334,#3335)),
 .UNSPECIFIED.,.F.,.F.,.F.,(4,1,1,1,1,1,1,1,1,1,1,1,1,1,1,1,4),(2,2),(0.,
0.0709524654154255,0.139088927141658,0.203559823919065,0.266423781129518,
0.327516566198478,0.387860871760897,0.447898785010718,0.508818828588585,
0.56948245681883,0.629035711667098,0.688378458552911,0.748067961557582,
0.808630169750907,0.870231145607026,0.933682580472202,1.),(0.,0.0600000000000006),
 .UNSPECIFIED.);
#36=B_SPLINE_SURFACE_WITH_KNOTS('',3,1,((#3359,#3360),(#3361,#3362),(#3363,
#3364),(#3365,#3366),(#3367,#3368),(#3369,#3370),(#3371,#3372),(#3373,#3374),
(#3375,#3376),(#3377,#3378),(#3379,#3380),(#3381,#3382),(#3383,#3384),(#3385,
#3386),(#3387,#3388)),.UNSPECIFIED.,.F.,.F.,.F.,(4,1,1,1,1,1,1,1,1,1,1,
1,4),(2,2),(0.,0.0798232712797874,0.159856811666113,0.239732702115279,0.321364602325447,
0.402583696348938,0.483265588546351,0.566017011660975,0.653071359660256,
0.74185568650737,0.828590905073939,0.914280745200854,1.),(0.,0.0600000000000006),
 .UNSPECIFIED.);
#37=B_SPLINE_SURFACE_WITH_KNOTS('',3,1,((#3406,#3407),(#3408,#3409),(#3410,
#3411),(#3412,#3413),(#3414,#3415),(#3416,#3417),(#3418,#3419),(#3420,#3421),
(#3422,#3423),(#3424,#3425),(#3426,#3427),(#3428,#3429),(#3430,#3431),(#3432,
#3433),(#3434,#3435),(#3436,#3437),(#3438,#3439),(#3440,#3441),(#3442,#3443)),
 .UNSPECIFIED.,.F.,.F.,.F.,(4,1,1,1,1,1,1,1,1,1,1,1,1,1,1,1,4),(2,2),(0.,
0.0718367171319484,0.139558262917817,0.204923352653725,0.26782655860392,
0.328547320093665,0.388755146328984,0.448029967979788,0.508600527697423,
0.569321289187165,0.628511895401923,0.68749327553924,0.747078295388978,
0.807702541316564,0.86970981262066,0.933428331305088,1.),(0.,0.0600000000000009),
 .UNSPECIFIED.);
#38=B_SPLINE_SURFACE_WITH_KNOTS('',3,1,((#3465,#3466),(#3467,#3468),(#3469,
#3470),(#3471,#3472),(#3473,#3474),(#3475,#3476),(#3477,#3478),(#3479,#3480),
(#3481,#3482),(#3483,#3484),(#3485,#3486),(#3487,#3488),(#3489,#3490),(#3491,
#3492),(#3493,#3494),(#3495,#3496),(#3497,#3498),(#3499,#3500),(#3501,#3502)),
 .UNSPECIFIED.,.F.,.F.,.F.,(4,1,1,1,1,1,1,1,1,1,1,1,1,1,1,1,4),(2,2),(0.,
0.0666161804351806,0.130423869924063,0.192670957570017,0.252968504796066,
0.312880382805783,0.372200255918086,0.431927107145904,0.492421745254599,
0.552771220907577,0.613262406815618,0.67355649055637,0.7343197960333,0.796858080140323,
0.861769004750704,0.928863107315025,1.),(0.,0.0600000000000009),
 .UNSPECIFIED.);
#39=TOROIDAL_SURFACE('',#1362,3.5,0.5);
#40=TOROIDAL_SURFACE('',#1367,3.5,0.5);
#41=TOROIDAL_SURFACE('',#1372,2.5,0.5);
#42=FACE_BOUND('',#208,.T.);
#43=FACE_BOUND('',#209,.T.);
#44=FACE_BOUND('',#213,.T.);
#45=FACE_BOUND('',#214,.T.);
#46=FACE_BOUND('',#219,.T.);
#47=FACE_BOUND('',#221,.T.);
#48=FACE_BOUND('',#232,.T.);
#49=FACE_BOUND('',#236,.T.);
#50=FACE_BOUND('',#238,.T.);
#51=FACE_BOUND('',#240,.T.);
#52=FACE_BOUND('',#245,.T.);
#53=FACE_BOUND('',#248,.T.);
#54=FACE_BOUND('',#270,.T.);
#55=FACE_BOUND('',#271,.T.);
#56=B_SPLINE_CURVE_WITH_KNOTS('',3,(#1745,#1746,#1747,#1748,#1749,#1750,
#1751,#1752,#1753,#1754,#1755,#1756,#1757,#1758,#1759,#1760,#1761,#1762,
#1763,#1764,#1765,#1766,#1767),.UNSPECIFIED.,.F.,.F.,(4,1,1,1,1,1,1,1,1,
1,1,1,1,1,1,1,1,1,1,1,4),(0.,0.0621127506505292,0.120211958878554,0.174385121388474,
0.225443755778487,0.272358212636177,0.316388162963441,0.356869479058229,
0.393978323506367,0.429589371877092,0.464683040954987,0.50003634614284,
0.535482747753064,0.571363467148444,0.60790853220526,0.645662298533116,
0.684517339703578,0.762578622376347,0.840497288654181,0.919072992693523,
1.),.UNSPECIFIED.);
#57=B_SPLINE_CURVE_WITH_KNOTS('',3,(#1769,#1770,#1771,#1772,#1773,#1774,
#1775,#1776,#1777,#1778,#1779,#1780,#1781,#1782,#1783,#1784,#1785,#1786,
#1787),.UNSPECIFIED.,.F.,.F.,(4,1,1,1,1,1,1,1,1,1,1,1,1,1,1,1,4),(0.,0.0614130692946595,
0.121295023384547,0.17922404230872,0.235938094734832,0.292216833267362,
0.348196639434208,0.404444738963359,0.462025533922998,0.520334211868149,
0.580382901650839,0.641825904813989,0.706363209796629,0.77385139382756,
0.845266257356883,0.920154675768406,1.),.UNSPECIFIED.);
#58=B_SPLINE_CURVE_WITH_KNOTS('',3,(#1789,#1790,#1791,#1792,#1793,#1794,
#1795),.UNSPECIFIED.,.F.,.F.,(4,1,1,1,4),(0.,0.293076243319217,0.556562337118192,
0.791913609209814,1.),.UNSPECIFIED.);
#59=B_SPLINE_CURVE_WITH_KNOTS('',3,(#1797,#1798,#1799,#1800,#1801,#1802,
#1803),.UNSPECIFIED.,.F.,.F.,(4,1,1,1,4),(0.,0.229527569700857,0.471465934303229,
0.728186348499871,1.),.UNSPECIFIED.);
#60=B_SPLINE_CURVE_WITH_KNOTS('',3,(#1811,#1812,#1813,#1814,#1815,#1816,
#1817,#1818,#1819,#1820,#1821,#1822,#1823,#1824,#1825,#1826,#1827),
 .UNSPECIFIED.,.F.,.F.,(4,1,1,1,1,1,1,1,1,1,1,1,1,1,4),(0.,0.0807814705861225,
0.15654122579559,0.227934986843486,0.294310317304602,0.356867863554812,
0.414758559259276,0.467641396834016,0.516748421530014,0.604729741894053,
0.681570652939389,0.748109541621984,0.804941099535282,0.905406049500004,
1.),.UNSPECIFIED.);
#61=B_SPLINE_CURVE_WITH_KNOTS('',3,(#1829,#1830,#1831,#1832,#1833,#1834,
#1835),.UNSPECIFIED.,.F.,.F.,(4,1,1,1,4),(0.,0.177494657081847,0.405225623101375,
0.678388108334857,1.),.UNSPECIFIED.);
#62=B_SPLINE_CURVE_WITH_KNOTS('',3,(#1839,#1840,#1841,#1842,#1843,#1844,
#1845,#1846,#1847,#1848,#1849,#1850,#1851,#1852,#1853,#1854,#1855,#1856,
#1857),.UNSPECIFIED.,.F.,.F.,(4,1,1,1,1,1,1,1,1,1,1,1,1,1,1,1,4),(0.,0.0704416310595481,
0.138089324720028,0.203177733523531,0.266138723805254,0.32792878136746,
0.389190360761296,0.450253575103118,0.512346578127928,0.57384272055865,
0.633932556807091,0.693459807597558,0.752479435483305,0.812385930842927,
0.873070465231997,0.935184306583771,1.),.UNSPECIFIED.);
#63=B_SPLINE_CURVE_WITH_KNOTS('',3,(#1859,#1860,#1861,#1862,#1863,#1864,
#1865,#1866,#1867,#1868,#1869,#1870,#1871,#1872,#1873,#1874,#1875,#1876,
#1877),.UNSPECIFIED.,.F.,.F.,(4,1,1,1,1,1,1,1,1,1,1,1,1,1,1,1,4),(0.,0.0698340680322547,
0.137026523956476,0.201482296865062,0.264539949243756,0.32597259328845,
0.386386309529216,0.445760766791018,0.505611907074505,0.5651144217391,0.62475039166376,
0.684178951264581,0.744219141656993,0.805179145466624,0.868394860822568,
0.933203933413324,1.),.UNSPECIFIED.);
#64=B_SPLINE_CURVE_WITH_KNOTS('',3,(#1879,#1880,#1881,#1882,#1883,#1884,
#1885,#1886,#1887,#1888,#1889),.UNSPECIFIED.,.F.,.F.,(4,1,1,1,1,1,1,1,4),
(0.,0.145359195055501,0.278701778935017,0.403602234418054,0.521668791180425,
0.637520693607742,0.753704150763097,0.873212770364061,1.),.UNSPECIFIED.);
#65=B_SPLINE_CURVE_WITH_KNOTS('',3,(#1891,#1892,#1893,#1894,#1895,#1896,
#1897,#1898,#1899,#1900,#1901,#1902,#1903,#1904,#1905,#1906,#1907,#1908,
#1909),.UNSPECIFIED.,.F.,.F.,(4,1,1,1,1,1,1,1,1,1,1,1,1,1,1,1,4),(0.,0.0621313717366119,
0.121965824785349,0.18057023664876,0.238575970588822,0.296000242090649,
0.354358996443594,0.413781228052437,0.475097965352069,0.537279897385603,
0.598917953677044,0.661235112978733,0.724321980573749,0.789217182508634,
0.856396662088134,0.926507768736106,1.),.UNSPECIFIED.);
#66=B_SPLINE_CURVE_WITH_KNOTS('',3,(#1911,#1912,#1913,#1914,#1915,#1916,
#1917,#1918,#1919,#1920,#1921,#1922,#1923,#1924,#1925,#1926,#1927,#1928,
#1929),.UNSPECIFIED.,.F.,.F.,(4,1,1,1,1,1,1,1,1,1,1,1,1,1,1,1,4),(0.,0.0732007449685413,
0.142586791322412,0.209624781468087,0.274882926768207,0.337930609531576,
0.400461822188201,0.462500620685735,0.525005458137253,0.586688852710845,
0.646812765770533,0.705215315750564,0.762881021007559,0.820727541693011,
0.879295495724583,0.938511165413607,1.),.UNSPECIFIED.);
#67=B_SPLINE_CURVE_WITH_KNOTS('',3,(#1931,#1932,#1933,#1934,#1935,#1936,
#1937,#1938,#1939,#1940,#1941),.UNSPECIFIED.,.F.,.F.,(4,1,1,1,1,1,1,1,4),
(0.,0.124835092166887,0.244778133283329,0.360988977841059,0.477964172247278,
0.596922117558297,0.721590756696671,0.855097865757418,1.),.UNSPECIFIED.);
#68=B_SPLINE_CURVE_WITH_KNOTS('',3,(#1943,#1944,#1945,#1946,#1947,#1948,
#1949,#1950,#1951,#1952,#1953,#1954,#1955,#1956,#1957,#1958,#1959,#1960,
#1961),.UNSPECIFIED.,.F.,.F.,(4,1,1,1,1,1,1,1,1,1,1,1,1,1,1,1,4),(0.,0.0690130029109948,
0.135235544056051,0.199611185115715,0.262418519503289,0.323723497210299,
0.383765365604244,0.443773035095628,0.503794956497789,0.563822577716821,
0.623484312883468,0.683469172274438,0.743590762455918,0.805727219973841,
0.868616210735297,0.933278202847215,1.),.UNSPECIFIED.);
#69=B_SPLINE_CURVE_WITH_KNOTS('',3,(#1962,#1963,#1964,#1965,#1966,#1967,
#1968,#1969,#1970,#1971,#1972,#1973,#1974,#1975,#1976,#1977,#1978,#1979,
#1980),.UNSPECIFIED.,.F.,.F.,(4,1,1,1,1,1,1,1,1,1,1,1,1,1,1,1,4),(0.,0.0635999003471699,
0.125296650793553,0.185568720194588,0.244698211000662,0.303716806189988,
0.362919650948143,0.423300313868877,0.485177309545075,0.547083413224356,
0.608524799634247,0.669964853244726,0.732299377978299,0.795650293490115,
0.861055470946715,0.929122115173218,1.),.UNSPECIFIED.);
#70=B_SPLINE_CURVE_WITH_KNOTS('',3,(#2108,#2109,#2110,#2111,#2112,#2113,
#2114),.UNSPECIFIED.,.F.,.F.,(4,1,1,1,4),(0.,0.177494657081847,0.405225623101375,
0.678388108334857,1.),.UNSPECIFIED.);
#71=B_SPLINE_CURVE_WITH_KNOTS('',3,(#2116,#2117,#2118,#2119,#2120,#2121,
#2122,#2123,#2124,#2125,#2126,#2127,#2128,#2129,#2130,#2131,#2132),
 .UNSPECIFIED.,.F.,.F.,(4,1,1,1,1,1,1,1,1,1,1,1,1,1,4),(0.,0.0807814705861225,
0.15654122579559,0.227934986843486,0.294310317304602,0.356867863554812,
0.414758559259276,0.467641396834016,0.516748421530014,0.604729741894053,
0.681570652939389,0.748109541621984,0.804941099535282,0.905406049500004,
1.),.UNSPECIFIED.);
#72=B_SPLINE_CURVE_WITH_KNOTS('',3,(#2140,#2141,#2142,#2143,#2144,#2145,
#2146),.UNSPECIFIED.,.F.,.F.,(4,1,1,1,4),(0.,0.229527569700857,0.471465934303229,
0.728186348499871,1.),.UNSPECIFIED.);
#73=B_SPLINE_CURVE_WITH_KNOTS('',3,(#2148,#2149,#2150,#2151,#2152,#2153,
#2154),.UNSPECIFIED.,.F.,.F.,(4,1,1,1,4),(0.,0.293076243319217,0.556562337118192,
0.791913609209814,1.),.UNSPECIFIED.);
#74=B_SPLINE_CURVE_WITH_KNOTS('',3,(#2156,#2157,#2158,#2159,#2160,#2161,
#2162,#2163,#2164,#2165,#2166,#2167,#2168,#2169,#2170,#2171,#2172,#2173,
#2174),.UNSPECIFIED.,.F.,.F.,(4,1,1,1,1,1,1,1,1,1,1,1,1,1,1,1,4),(0.,0.0614130692946595,
0.121295023384547,0.17922404230872,0.235938094734832,0.292216833267362,
0.348196639434208,0.404444738963359,0.462025533922998,0.520334211868149,
0.580382901650839,0.641825904813989,0.706363209796629,0.77385139382756,
0.845266257356883,0.920154675768406,1.),.UNSPECIFIED.);
#75=B_SPLINE_CURVE_WITH_KNOTS('',3,(#2176,#2177,#2178,#2179,#2180,#2181,
#2182,#2183,#2184,#2185,#2186,#2187,#2188,#2189,#2190,#2191,#2192,#2193,
#2194,#2195,#2196,#2197,#2198),.UNSPECIFIED.,.F.,.F.,(4,1,1,1,1,1,1,1,1,
1,1,1,1,1,1,1,1,1,1,1,4),(0.,0.0621127506505292,0.120211958878554,0.174385121388474,
0.225443755778487,0.272358212636177,0.316388162963441,0.356869479058229,
0.393978323506367,0.429589371877092,0.464683040954987,0.50003634614284,
0.535482747753064,0.571363467148444,0.60790853220526,0.645662298533116,
0.684517339703578,0.762578622376347,0.840497288654181,0.919072992693523,
1.),.UNSPECIFIED.);
#76=B_SPLINE_CURVE_WITH_KNOTS('',3,(#2210,#2211,#2212,#2213,#2214,#2215,
#2216,#2217,#2218,#2219,#2220,#2221,#2222,#2223,#2224,#2225,#2226,#2227,
#2228),.UNSPECIFIED.,.F.,.F.,(4,1,1,1,1,1,1,1,1,1,1,1,1,1,1,1,4),(0.,0.0603255293380421,
0.118159990507998,0.17418667629638,0.2295388181458,0.283449814638636,0.337826511950591,
0.392632102533483,0.448465576415192,0.505965409157305,0.565058532229005,
0.626654478622843,0.692232033037362,0.761131078125762,0.83530987733942,
0.915325559832201,1.),.UNSPECIFIED.);
#77=B_SPLINE_CURVE_WITH_KNOTS('',3,(#2229,#2230,#2231,#2232,#2233,#2234,
#2235,#2236,#2237,#2238,#2239,#2240,#2241,#2242,#2243),.UNSPECIFIED.,.F.,
 .F.,(4,1,1,1,1,1,1,1,1,1,1,1,4),(0.,0.128860268041732,0.240892184809228,
0.338044201557512,0.420120485213609,0.494058456868551,0.56609478358332,
0.63680495435101,0.709148449360719,0.781941805594126,0.854285300603836,
0.926170407216559,1.),.UNSPECIFIED.);
#78=B_SPLINE_CURVE_WITH_KNOTS('',3,(#2467,#2468,#2469,#2470,#2471,#2472,
#2473,#2474,#2475,#2476,#2477,#2478,#2479,#2480,#2481),.UNSPECIFIED.,.F.,
 .F.,(4,1,1,1,1,1,1,1,1,1,1,1,4),(0.,0.128860268041732,0.240892184809228,
0.338044201557512,0.420120485213609,0.494058456868551,0.56609478358332,
0.63680495435101,0.709148449360719,0.781941805594126,0.854285300603836,
0.926170407216559,1.),.UNSPECIFIED.);
#79=B_SPLINE_CURVE_WITH_KNOTS('',3,(#2522,#2523,#2524,#2525,#2526,#2527,
#2528,#2529,#2530,#2531,#2532,#2533,#2534,#2535,#2536,#2537,#2538,#2539,
#2540),.UNSPECIFIED.,.F.,.F.,(4,1,1,1,1,1,1,1,1,1,1,1,1,1,1,1,4),(0.,0.0603255293380421,
0.118159990507998,0.17418667629638,0.2295388181458,0.283449814638636,0.337826511950591,
0.392632102533483,0.448465576415192,0.505965409157305,0.565058532229005,
0.626654478622843,0.692232033037362,0.761131078125762,0.83530987733942,
0.915325559832201,1.),.UNSPECIFIED.);
#80=B_SPLINE_CURVE_WITH_KNOTS('',3,(#2548,#2549,#2550,#2551,#2552,#2553,
#2554,#2555,#2556,#2557,#2558,#2559,#2560,#2561,#2562,#2563,#2564,#2565,
#2566),.UNSPECIFIED.,.F.,.F.,(4,1,1,1,1,1,1,1,1,1,1,1,1,1,1,1,4),(0.,0.0698340680322547,
0.137026523956476,0.201482296865062,0.264539949243756,0.32597259328845,
0.386386309529216,0.445760766791018,0.505611907074505,0.5651144217391,0.62475039166376,
0.684178951264581,0.744219141656993,0.805179145466624,0.868394860822568,
0.933203933413324,1.),.UNSPECIFIED.);
#81=B_SPLINE_CURVE_WITH_KNOTS('',3,(#2568,#2569,#2570,#2571,#2572,#2573,
#2574,#2575,#2576,#2577,#2578,#2579,#2580,#2581,#2582,#2583,#2584,#2585,
#2586),.UNSPECIFIED.,.F.,.F.,(4,1,1,1,1,1,1,1,1,1,1,1,1,1,1,1,4),(0.,0.0704416310595481,
0.138089324720028,0.203177733523531,0.266138723805254,0.32792878136746,
0.389190360761296,0.450253575103118,0.512346578127928,0.57384272055865,
0.633932556807091,0.693459807597558,0.752479435483305,0.812385930842927,
0.873070465231997,0.935184306583771,1.),.UNSPECIFIED.);
#82=B_SPLINE_CURVE_WITH_KNOTS('',3,(#2588,#2589,#2590,#2591,#2592,#2593,
#2594,#2595,#2596,#2597,#2598,#2599,#2600,#2601,#2602,#2603,#2604,#2605,
#2606),.UNSPECIFIED.,.F.,.F.,(4,1,1,1,1,1,1,1,1,1,1,1,1,1,1,1,4),(0.,0.0635999003471699,
0.125296650793553,0.185568720194588,0.244698211000662,0.303716806189988,
0.362919650948143,0.423300313868877,0.485177309545075,0.547083413224356,
0.608524799634247,0.669964853244726,0.732299377978299,0.795650293490115,
0.861055470946715,0.929122115173218,1.),.UNSPECIFIED.);
#83=B_SPLINE_CURVE_WITH_KNOTS('',3,(#2608,#2609,#2610,#2611,#2612,#2613,
#2614,#2615,#2616,#2617,#2618,#2619,#2620,#2621,#2622,#2623,#2624,#2625,
#2626),.UNSPECIFIED.,.F.,.F.,(4,1,1,1,1,1,1,1,1,1,1,1,1,1,1,1,4),(0.,0.0690130029109948,
0.135235544056051,0.199611185115715,0.262418519503289,0.323723497210299,
0.383765365604244,0.443773035095628,0.503794956497789,0.563822577716821,
0.623484312883468,0.683469172274438,0.743590762455918,0.805727219973841,
0.868616210735297,0.933278202847215,1.),.UNSPECIFIED.);
#84=B_SPLINE_CURVE_WITH_KNOTS('',3,(#2628,#2629,#2630,#2631,#2632,#2633,
#2634,#2635,#2636,#2637,#2638),.UNSPECIFIED.,.F.,.F.,(4,1,1,1,1,1,1,1,4),
(0.,0.124835092166887,0.244778133283329,0.360988977841059,0.477964172247278,
0.596922117558297,0.721590756696671,0.855097865757418,1.),.UNSPECIFIED.);
#85=B_SPLINE_CURVE_WITH_KNOTS('',3,(#2640,#2641,#2642,#2643,#2644,#2645,
#2646,#2647,#2648,#2649,#2650,#2651,#2652,#2653,#2654,#2655,#2656,#2657,
#2658),.UNSPECIFIED.,.F.,.F.,(4,1,1,1,1,1,1,1,1,1,1,1,1,1,1,1,4),(0.,0.0732007449685413,
0.142586791322412,0.209624781468087,0.274882926768207,0.337930609531576,
0.400461822188201,0.462500620685735,0.525005458137253,0.586688852710845,
0.646812765770533,0.705215315750564,0.762881021007559,0.820727541693011,
0.879295495724583,0.938511165413607,1.),.UNSPECIFIED.);
#86=B_SPLINE_CURVE_WITH_KNOTS('',3,(#2660,#2661,#2662,#2663,#2664,#2665,
#2666,#2667,#2668,#2669,#2670,#2671,#2672,#2673,#2674,#2675,#2676,#2677,
#2678),.UNSPECIFIED.,.F.,.F.,(4,1,1,1,1,1,1,1,1,1,1,1,1,1,1,1,4),(0.,0.0621313717366119,
0.121965824785349,0.18057023664876,0.238575970588822,0.296000242090649,
0.354358996443594,0.413781228052437,0.475097965352069,0.537279897385603,
0.598917953677044,0.661235112978733,0.724321980573749,0.789217182508634,
0.856396662088134,0.926507768736106,1.),.UNSPECIFIED.);
#87=B_SPLINE_CURVE_WITH_KNOTS('',3,(#2679,#2680,#2681,#2682,#2683,#2684,
#2685,#2686,#2687,#2688,#2689),.UNSPECIFIED.,.F.,.F.,(4,1,1,1,1,1,1,1,4),
(0.,0.145359195055501,0.278701778935017,0.403602234418054,0.521668791180425,
0.637520693607742,0.753704150763097,0.873212770364061,1.),.UNSPECIFIED.);
#88=B_SPLINE_CURVE_WITH_KNOTS('',3,(#2692,#2693,#2694,#2695,#2696,#2697,
#2698,#2699,#2700,#2701,#2702,#2703,#2704,#2705,#2706),.UNSPECIFIED.,.F.,
 .F.,(4,1,1,1,1,1,1,1,1,1,1,1,4),(0.,0.127393941339473,0.246181611292813,
0.361268004353787,0.477140268037227,0.536326583435773,0.595671915043651,
0.656618953205755,0.71883562149608,0.783581552706376,0.851587816688947,
0.923926527480993,1.),.UNSPECIFIED.);
#89=B_SPLINE_CURVE_WITH_KNOTS('',3,(#2708,#2709,#2710,#2711,#2712,#2713,
#2714,#2715,#2716,#2717,#2718,#2719,#2720,#2721,#2722),.UNSPECIFIED.,.F.,
 .F.,(4,1,1,1,1,1,1,1,1,1,1,1,4),(0.,0.0762358674075222,0.148618099954363,
0.218239428141452,0.284251690268608,0.348257520785055,0.410656204250065,
0.472862372999513,0.534194748022127,0.653476101422414,0.767766789522197,
0.881712609467421,1.),.UNSPECIFIED.);
#90=B_SPLINE_CURVE_WITH_KNOTS('',3,(#2724,#2725,#2726,#2727,#2728,#2729,
#2730,#2731,#2732,#2733,#2734,#2735,#2736,#2737,#2738),.UNSPECIFIED.,.F.,
 .F.,(4,1,1,1,1,1,1,1,1,1,1,1,4),(0.,0.123386121362609,0.241434686423354,
0.357448546150967,0.476713920452831,0.537889586873992,0.599270393830123,
0.66035205225656,0.723006936299081,0.787875537201203,0.855360105861051,
0.925373213756332,1.),.UNSPECIFIED.);
#91=B_SPLINE_CURVE_WITH_KNOTS('',3,(#2739,#2740,#2741,#2742,#2743,#2744,
#2745,#2746,#2747,#2748,#2749,#2750,#2751,#2752,#2753),.UNSPECIFIED.,.F.,
 .F.,(4,1,1,1,1,1,1,1,1,1,1,1,4),(0.,0.0768426979287824,0.149839053285221,
0.218379396445471,0.284997020700564,0.347657670814267,0.409847159114513,
0.469935761507696,0.530419606656606,0.648751736026404,0.763774893077164,
0.87874948777847,1.),.UNSPECIFIED.);
#92=B_SPLINE_CURVE_WITH_KNOTS('',3,(#2756,#2757,#2758,#2759,#2760,#2761,
#2762,#2763,#2764,#2765,#2766,#2767,#2768,#2769,#2770),.UNSPECIFIED.,.F.,
 .F.,(4,1,1,1,1,1,1,1,1,1,1,1,4),(0.,0.0798232712797874,0.159856811666113,
0.239732702115279,0.321364602325447,0.402583696348938,0.483265588546351,
0.566017011660975,0.653071359660256,0.74185568650737,0.828590905073939,
0.914280745200854,1.),.UNSPECIFIED.);
#93=B_SPLINE_CURVE_WITH_KNOTS('',3,(#2772,#2773,#2774,#2775,#2776,#2777,
#2778,#2779,#2780,#2781,#2782,#2783,#2784,#2785,#2786,#2787,#2788,#2789,
#2790),.UNSPECIFIED.,.F.,.F.,(4,1,1,1,1,1,1,1,1,1,1,1,1,1,1,1,4),(0.,0.0709524654154255,
0.139088927141658,0.203559823919065,0.266423781129518,0.327516566198478,
0.387860871760897,0.447898785010718,0.508818828588585,0.56948245681883,
0.629035711667098,0.688378458552911,0.748067961557582,0.808630169750907,
0.870231145607026,0.933682580472202,1.),.UNSPECIFIED.);
#94=B_SPLINE_CURVE_WITH_KNOTS('',3,(#2792,#2793,#2794,#2795,#2796,#2797,
#2798,#2799,#2800,#2801,#2802,#2803,#2804,#2805,#2806,#2807,#2808,#2809,
#2810),.UNSPECIFIED.,.F.,.F.,(4,1,1,1,1,1,1,1,1,1,1,1,1,1,1,1,4),(0.,0.0666161804351806,
0.130423869924063,0.192670957570017,0.252968504796066,0.312880382805783,
0.372200255918086,0.431927107145904,0.492421745254599,0.552771220907577,
0.613262406815618,0.67355649055637,0.7343197960333,0.796858080140323,0.861769004750704,
0.928863107315025,1.),.UNSPECIFIED.);
#95=B_SPLINE_CURVE_WITH_KNOTS('',3,(#2811,#2812,#2813,#2814,#2815,#2816,
#2817,#2818,#2819,#2820,#2821,#2822,#2823,#2824,#2825,#2826,#2827,#2828,
#2829),.UNSPECIFIED.,.F.,.F.,(4,1,1,1,1,1,1,1,1,1,1,1,1,1,1,1,4),(0.,0.0718367171319484,
0.139558262917817,0.204923352653725,0.26782655860392,0.328547320093665,
0.388755146328984,0.448029967979788,0.508600527697423,0.569321289187165,
0.628511895401923,0.68749327553924,0.747078295388978,0.807702541316564,
0.86970981262066,0.933428331305088,1.),.UNSPECIFIED.);
#96=B_SPLINE_CURVE_WITH_KNOTS('',3,(#3142,#3143,#3144,#3145,#3146,#3147,
#3148,#3149,#3150,#3151,#3152,#3153,#3154,#3155,#3156),.UNSPECIFIED.,.F.,
 .F.,(4,1,1,1,1,1,1,1,1,1,1,1,4),(0.,0.0762358674075222,0.148618099954363,
0.218239428141452,0.284251690268608,0.348257520785055,0.410656204250065,
0.472862372999513,0.534194748022127,0.653476101422414,0.767766789522197,
0.881712609467421,1.),.UNSPECIFIED.);
#97=B_SPLINE_CURVE_WITH_KNOTS('',3,(#3190,#3191,#3192,#3193,#3194,#3195,
#3196,#3197,#3198,#3199,#3200,#3201,#3202,#3203,#3204),.UNSPECIFIED.,.F.,
 .F.,(4,1,1,1,1,1,1,1,1,1,1,1,4),(0.,0.127393941339473,0.246181611292813,
0.361268004353787,0.477140268037227,0.536326583435773,0.595671915043651,
0.656618953205755,0.71883562149608,0.783581552706376,0.851587816688947,
0.923926527480993,1.),.UNSPECIFIED.);
#98=B_SPLINE_CURVE_WITH_KNOTS('',3,(#3237,#3238,#3239,#3240,#3241,#3242,
#3243,#3244,#3245,#3246,#3247,#3248,#3249,#3250,#3251),.UNSPECIFIED.,.F.,
 .F.,(4,1,1,1,1,1,1,1,1,1,1,1,4),(0.,0.0768426979287824,0.149839053285221,
0.218379396445471,0.284997020700564,0.347657670814267,0.409847159114513,
0.469935761507696,0.530419606656606,0.648751736026404,0.763774893077164,
0.87874948777847,1.),.UNSPECIFIED.);
#99=B_SPLINE_CURVE_WITH_KNOTS('',3,(#3283,#3284,#3285,#3286,#3287,#3288,
#3289,#3290,#3291,#3292,#3293,#3294,#3295,#3296,#3297),.UNSPECIFIED.,.F.,
 .F.,(4,1,1,1,1,1,1,1,1,1,1,1,4),(0.,0.123386121362609,0.241434686423354,
0.357448546150967,0.476713920452831,0.537889586873992,0.599270393830123,
0.66035205225656,0.723006936299081,0.787875537201203,0.855360105861051,
0.925373213756332,1.),.UNSPECIFIED.);
#100=B_SPLINE_CURVE_WITH_KNOTS('',3,(#3338,#3339,#3340,#3341,#3342,#3343,
#3344,#3345,#3346,#3347,#3348,#3349,#3350,#3351,#3352,#3353,#3354,#3355,
#3356),.UNSPECIFIED.,.F.,.F.,(4,1,1,1,1,1,1,1,1,1,1,1,1,1,1,1,4),(0.,0.0709524654154255,
0.139088927141658,0.203559823919065,0.266423781129518,0.327516566198478,
0.387860871760897,0.447898785010718,0.508818828588585,0.56948245681883,
0.629035711667098,0.688378458552911,0.748067961557582,0.808630169750907,
0.870231145607026,0.933682580472202,1.),.UNSPECIFIED.);
#101=B_SPLINE_CURVE_WITH_KNOTS('',3,(#3390,#3391,#3392,#3393,#3394,#3395,
#3396,#3397,#3398,#3399,#3400,#3401,#3402,#3403,#3404),.UNSPECIFIED.,.F.,
 .F.,(4,1,1,1,1,1,1,1,1,1,1,1,4),(0.,0.0798232712797874,0.159856811666113,
0.239732702115279,0.321364602325447,0.402583696348938,0.483265588546351,
0.566017011660975,0.653071359660256,0.74185568650737,0.828590905073939,
0.914280745200854,1.),.UNSPECIFIED.);
#102=B_SPLINE_CURVE_WITH_KNOTS('',3,(#3445,#3446,#3447,#3448,#3449,#3450,
#3451,#3452,#3453,#3454,#3455,#3456,#3457,#3458,#3459,#3460,#3461,#3462,
#3463),.UNSPECIFIED.,.F.,.F.,(4,1,1,1,1,1,1,1,1,1,1,1,1,1,1,1,4),(0.,0.0718367171319484,
0.139558262917817,0.204923352653725,0.26782655860392,0.328547320093665,
0.388755146328984,0.448029967979788,0.508600527697423,0.569321289187165,
0.628511895401923,0.68749327553924,0.747078295388978,0.807702541316564,
0.86970981262066,0.933428331305088,1.),.UNSPECIFIED.);
#103=B_SPLINE_CURVE_WITH_KNOTS('',3,(#3503,#3504,#3505,#3506,#3507,#3508,
#3509,#3510,#3511,#3512,#3513,#3514,#3515,#3516,#3517,#3518,#3519,#3520,
#3521),.UNSPECIFIED.,.F.,.F.,(4,1,1,1,1,1,1,1,1,1,1,1,1,1,1,1,4),(0.,0.0666161804351806,
0.130423869924063,0.192670957570017,0.252968504796066,0.312880382805783,
0.372200255918086,0.431927107145904,0.492421745254599,0.552771220907577,
0.613262406815618,0.67355649055637,0.7343197960333,0.796858080140323,0.861769004750704,
0.928863107315025,1.),.UNSPECIFIED.);
#104=PLANE('',#1331);
#105=PLANE('',#1332);
#106=PLANE('',#1343);
#107=PLANE('',#1344);
#108=PLANE('',#1349);
#109=PLANE('',#1352);
#110=PLANE('',#1354);
#111=PLANE('',#1356);
#112=PLANE('',#1378);
#113=PLANE('',#1382);
#114=PLANE('',#1385);
#115=PLANE('',#1386);
#116=PLANE('',#1387);
#117=PLANE('',#1392);
#118=PLANE('',#1395);
#119=PLANE('',#1396);
#120=PLANE('',#1397);
#121=PLANE('',#1398);
#122=PLANE('',#1399);
#123=PLANE('',#1400);
#124=PLANE('',#1401);
#125=PLANE('',#1402);
#126=PLANE('',#1403);
#127=PLANE('',#1404);
#128=PLANE('',#1405);
#129=PLANE('',#1406);
#130=PLANE('',#1407);
#131=PLANE('',#1408);
#132=PLANE('',#1409);
#133=PLANE('',#1410);
#134=FACE_OUTER_BOUND('',#205,.T.);
#135=FACE_OUTER_BOUND('',#206,.T.);
#136=FACE_OUTER_BOUND('',#207,.T.);
#137=FACE_OUTER_BOUND('',#210,.T.);
#138=FACE_OUTER_BOUND('',#211,.T.);
#139=FACE_OUTER_BOUND('',#212,.T.);
#140=FACE_OUTER_BOUND('',#215,.T.);
#141=FACE_OUTER_BOUND('',#216,.T.);
#142=FACE_OUTER_BOUND('',#217,.T.);
#143=FACE_OUTER_BOUND('',#218,.T.);
#144=FACE_OUTER_BOUND('',#220,.T.);
#145=FACE_OUTER_BOUND('',#222,.T.);
#146=FACE_OUTER_BOUND('',#223,.T.);
#147=FACE_OUTER_BOUND('',#224,.T.);
#148=FACE_OUTER_BOUND('',#225,.T.);
#149=FACE_OUTER_BOUND('',#226,.T.);
#150=FACE_OUTER_BOUND('',#227,.T.);
#151=FACE_OUTER_BOUND('',#228,.T.);
#152=FACE_OUTER_BOUND('',#229,.T.);
#153=FACE_OUTER_BOUND('',#230,.T.);
#154=FACE_OUTER_BOUND('',#231,.T.);
#155=FACE_OUTER_BOUND('',#233,.T.);
#156=FACE_OUTER_BOUND('',#234,.T.);
#157=FACE_OUTER_BOUND('',#235,.T.);
#158=FACE_OUTER_BOUND('',#237,.T.);
#159=FACE_OUTER_BOUND('',#239,.T.);
#160=FACE_OUTER_BOUND('',#241,.T.);
#161=FACE_OUTER_BOUND('',#242,.T.);
#162=FACE_OUTER_BOUND('',#243,.T.);
#163=FACE_OUTER_BOUND('',#244,.T.);
#164=FACE_OUTER_BOUND('',#246,.T.);
#165=FACE_OUTER_BOUND('',#247,.T.);
#166=FACE_OUTER_BOUND('',#249,.T.);
#167=FACE_OUTER_BOUND('',#250,.T.);
#168=FACE_OUTER_BOUND('',#251,.T.);
#169=FACE_OUTER_BOUND('',#252,.T.);
#170=FACE_OUTER_BOUND('',#253,.T.);
#171=FACE_OUTER_BOUND('',#254,.T.);
#172=FACE_OUTER_BOUND('',#255,.T.);
#173=FACE_OUTER_BOUND('',#256,.T.);
#174=FACE_OUTER_BOUND('',#257,.T.);
#175=FACE_OUTER_BOUND('',#258,.T.);
#176=FACE_OUTER_BOUND('',#259,.T.);
#177=FACE_OUTER_BOUND('',#260,.T.);
#178=FACE_OUTER_BOUND('',#261,.T.);
#179=FACE_OUTER_BOUND('',#262,.T.);
#180=FACE_OUTER_BOUND('',#263,.T.);
#181=FACE_OUTER_BOUND('',#264,.T.);
#182=FACE_OUTER_BOUND('',#265,.T.);
#183=FACE_OUTER_BOUND('',#266,.T.);
#184=FACE_OUTER_BOUND('',#267,.T.);
#185=FACE_OUTER_BOUND('',#268,.T.);
#186=FACE_OUTER_BOUND('',#269,.T.);
#187=FACE_OUTER_BOUND('',#272,.T.);
#188=FACE_OUTER_BOUND('',#273,.T.);
#189=FACE_OUTER_BOUND('',#274,.T.);
#190=FACE_OUTER_BOUND('',#275,.T.);
#191=FACE_OUTER_BOUND('',#276,.T.);
#192=FACE_OUTER_BOUND('',#277,.T.);
#193=FACE_OUTER_BOUND('',#278,.T.);
#194=FACE_OUTER_BOUND('',#279,.T.);
#195=FACE_OUTER_BOUND('',#280,.T.);
#196=FACE_OUTER_BOUND('',#281,.T.);
#197=FACE_OUTER_BOUND('',#282,.T.);
#198=FACE_OUTER_BOUND('',#283,.T.);
#199=FACE_OUTER_BOUND('',#284,.T.);
#200=FACE_OUTER_BOUND('',#285,.T.);
#201=FACE_OUTER_BOUND('',#286,.T.);
#202=FACE_OUTER_BOUND('',#287,.T.);
#203=FACE_OUTER_BOUND('',#288,.T.);
#204=FACE_OUTER_BOUND('',#289,.T.);
#205=EDGE_LOOP('',(#847,#848,#849,#850));
#206=EDGE_LOOP('',(#851,#852,#853,#854));
#207=EDGE_LOOP('',(#855,#856,#857,#858,#859,#860,#861,#862,#863,#864,#865,
#866,#867,#868,#869,#870,#871,#872,#873,#874));
#208=EDGE_LOOP('',(#875,#876,#877,#878,#879,#880,#881,#882,#883,#884,#885,
#886,#887,#888));
#209=EDGE_LOOP('',(#889,#890,#891,#892,#893,#894,#895,#896));
#210=EDGE_LOOP('',(#897,#898,#899,#900));
#211=EDGE_LOOP('',(#901,#902,#903,#904));
#212=EDGE_LOOP('',(#905,#906,#907,#908));
#213=EDGE_LOOP('',(#909));
#214=EDGE_LOOP('',(#910));
#215=EDGE_LOOP('',(#911,#912,#913,#914));
#216=EDGE_LOOP('',(#915,#916,#917,#918));
#217=EDGE_LOOP('',(#919,#920,#921,#922));
#218=EDGE_LOOP('',(#923,#924,#925,#926));
#219=EDGE_LOOP('',(#927));
#220=EDGE_LOOP('',(#928,#929,#930,#931));
#221=EDGE_LOOP('',(#932));
#222=EDGE_LOOP('',(#933,#934,#935,#936,#937,#938,#939,#940,#941,#942,#943,
#944,#945,#946,#947,#948,#949,#950,#951,#952));
#223=EDGE_LOOP('',(#953,#954,#955,#956,#957));
#224=EDGE_LOOP('',(#958,#959,#960,#961,#962));
#225=EDGE_LOOP('',(#963,#964,#965,#966));
#226=EDGE_LOOP('',(#967,#968,#969,#970));
#227=EDGE_LOOP('',(#971,#972,#973,#974));
#228=EDGE_LOOP('',(#975,#976,#977,#978));
#229=EDGE_LOOP('',(#979,#980,#981,#982));
#230=EDGE_LOOP('',(#983,#984,#985,#986));
#231=EDGE_LOOP('',(#987,#988,#989,#990));
#232=EDGE_LOOP('',(#991));
#233=EDGE_LOOP('',(#992,#993,#994,#995));
#234=EDGE_LOOP('',(#996,#997,#998,#999));
#235=EDGE_LOOP('',(#1000,#1001,#1002,#1003));
#236=EDGE_LOOP('',(#1004));
#237=EDGE_LOOP('',(#1005,#1006,#1007,#1008));
#238=EDGE_LOOP('',(#1009));
#239=EDGE_LOOP('',(#1010,#1011,#1012,#1013));
#240=EDGE_LOOP('',(#1014));
#241=EDGE_LOOP('',(#1015,#1016,#1017,#1018,#1019));
#242=EDGE_LOOP('',(#1020,#1021,#1022,#1023,#1024));
#243=EDGE_LOOP('',(#1025,#1026,#1027,#1028));
#244=EDGE_LOOP('',(#1029));
#245=EDGE_LOOP('',(#1030));
#246=EDGE_LOOP('',(#1031,#1032,#1033,#1034));
#247=EDGE_LOOP('',(#1035,#1036,#1037,#1038,#1039,#1040,#1041,#1042,#1043,
#1044,#1045,#1046,#1047,#1048));
#248=EDGE_LOOP('',(#1049,#1050,#1051,#1052,#1053));
#249=EDGE_LOOP('',(#1054,#1055,#1056,#1057));
#250=EDGE_LOOP('',(#1058,#1059,#1060,#1061));
#251=EDGE_LOOP('',(#1062,#1063,#1064,#1065));
#252=EDGE_LOOP('',(#1066,#1067,#1068,#1069));
#253=EDGE_LOOP('',(#1070,#1071,#1072,#1073));
#254=EDGE_LOOP('',(#1074,#1075,#1076,#1077));
#255=EDGE_LOOP('',(#1078,#1079,#1080,#1081));
#256=EDGE_LOOP('',(#1082,#1083,#1084,#1085));
#257=EDGE_LOOP('',(#1086,#1087,#1088,#1089));
#258=EDGE_LOOP('',(#1090,#1091,#1092,#1093));
#259=EDGE_LOOP('',(#1094,#1095,#1096,#1097));
#260=EDGE_LOOP('',(#1098,#1099,#1100,#1101));
#261=EDGE_LOOP('',(#1102,#1103,#1104,#1105));
#262=EDGE_LOOP('',(#1106,#1107,#1108,#1109));
#263=EDGE_LOOP('',(#1110,#1111,#1112,#1113));
#264=EDGE_LOOP('',(#1114,#1115,#1116,#1117));
#265=EDGE_LOOP('',(#1118,#1119,#1120,#1121));
#266=EDGE_LOOP('',(#1122,#1123,#1124,#1125));
#267=EDGE_LOOP('',(#1126,#1127,#1128,#1129));
#268=EDGE_LOOP('',(#1130,#1131,#1132,#1133,#1134));
#269=EDGE_LOOP('',(#1135,#1136,#1137,#1138,#1139,#1140,#1141,#1142));
#270=EDGE_LOOP('',(#1143,#1144,#1145,#1146));
#271=EDGE_LOOP('',(#1147,#1148,#1149,#1150));
#272=EDGE_LOOP('',(#1151,#1152,#1153,#1154));
#273=EDGE_LOOP('',(#1155,#1156,#1157,#1158));
#274=EDGE_LOOP('',(#1159,#1160,#1161,#1162));
#275=EDGE_LOOP('',(#1163,#1164,#1165,#1166));
#276=EDGE_LOOP('',(#1167,#1168,#1169,#1170));
#277=EDGE_LOOP('',(#1171,#1172,#1173,#1174));
#278=EDGE_LOOP('',(#1175,#1176,#1177,#1178));
#279=EDGE_LOOP('',(#1179,#1180,#1181,#1182));
#280=EDGE_LOOP('',(#1183,#1184,#1185,#1186));
#281=EDGE_LOOP('',(#1187,#1188,#1189,#1190));
#282=EDGE_LOOP('',(#1191,#1192,#1193,#1194));
#283=EDGE_LOOP('',(#1195,#1196,#1197,#1198));
#284=EDGE_LOOP('',(#1199,#1200,#1201,#1202));
#285=EDGE_LOOP('',(#1203,#1204,#1205,#1206));
#286=EDGE_LOOP('',(#1207,#1208,#1209,#1210));
#287=EDGE_LOOP('',(#1211,#1212,#1213,#1214));
#288=EDGE_LOOP('',(#1215,#1216,#1217,#1218));
#289=EDGE_LOOP('',(#1219,#1220,#1221,#1222));
#290=LINE('',#1689,#394);
#291=LINE('',#1692,#395);
#292=LINE('',#1695,#396);
#293=LINE('',#1697,#397);
#294=LINE('',#1698,#398);
#295=LINE('',#1701,#399);
#296=LINE('',#1705,#400);
#297=LINE('',#1709,#401);
#298=LINE('',#1713,#402);
#299=LINE('',#1717,#403);
#300=LINE('',#1719,#404);
#301=LINE('',#1723,#405);
#302=LINE('',#1725,#406);
#303=LINE('',#1729,#407);
#304=LINE('',#1733,#408);
#305=LINE('',#1737,#409);
#306=LINE('',#1739,#410);
#307=LINE('',#1741,#411);
#308=LINE('',#1743,#412);
#309=LINE('',#1805,#413);
#310=LINE('',#1807,#414);
#311=LINE('',#1809,#415);
#312=LINE('',#1836,#416);
#313=LINE('',#1985,#417);
#314=LINE('',#1986,#418);
#315=LINE('',#1989,#419);
#316=LINE('',#1990,#420);
#317=LINE('',#1992,#421);
#318=LINE('',#1999,#422);
#319=LINE('',#2002,#423);
#320=LINE('',#2005,#424);
#321=LINE('',#2006,#425);
#322=LINE('',#2011,#426);
#323=LINE('',#2012,#427);
#324=LINE('',#2015,#428);
#325=LINE('',#2016,#429);
#326=LINE('',#2021,#430);
#327=LINE('',#2022,#431);
#328=LINE('',#2029,#432);
#329=LINE('',#2032,#433);
#330=LINE('',#2036,#434);
#331=LINE('',#2037,#435);
#332=LINE('',#2041,#436);
#333=LINE('',#2067,#437);
#334=LINE('',#2070,#438);
#335=LINE('',#2072,#439);
#336=LINE('',#2073,#440);
#337=LINE('',#2075,#441);
#338=LINE('',#2077,#442);
#339=LINE('',#2079,#443);
#340=LINE('',#2082,#444);
#341=LINE('',#2089,#445);
#342=LINE('',#2091,#446);
#343=LINE('',#2093,#447);
#344=LINE('',#2098,#448);
#345=LINE('',#2102,#449);
#346=LINE('',#2104,#450);
#347=LINE('',#2106,#451);
#348=LINE('',#2134,#452);
#349=LINE('',#2136,#453);
#350=LINE('',#2138,#454);
#351=LINE('',#2200,#455);
#352=LINE('',#2201,#456);
#353=LINE('',#2204,#457);
#354=LINE('',#2206,#458);
#355=LINE('',#2208,#459);
#356=LINE('',#2245,#460);
#357=LINE('',#2246,#461);
#358=LINE('',#2248,#462);
#359=LINE('',#2250,#463);
#360=LINE('',#2265,#464);
#361=LINE('',#2300,#465);
#362=LINE('',#2302,#466);
#363=LINE('',#2304,#467);
#364=LINE('',#2306,#468);
#365=LINE('',#2321,#469);
#366=LINE('',#2336,#470);
#367=LINE('',#2375,#471);
#368=LINE('',#2422,#472);
#369=LINE('',#2424,#473);
#370=LINE('',#2429,#474);
#371=LINE('',#2430,#475);
#372=LINE('',#2431,#476);
#373=LINE('',#2434,#477);
#374=LINE('',#2435,#478);
#375=LINE('',#2482,#479);
#376=LINE('',#2541,#480);
#377=LINE('',#2543,#481);
#378=LINE('',#2868,#482);
#379=LINE('',#2869,#483);
#380=LINE('',#2908,#484);
#381=LINE('',#2947,#485);
#382=LINE('',#2986,#486);
#383=LINE('',#3009,#487);
#384=LINE('',#3048,#488);
#385=LINE('',#3087,#489);
#386=LINE('',#3157,#490);
#387=LINE('',#3158,#491);
#388=LINE('',#3205,#492);
#389=LINE('',#3252,#493);
#390=LINE('',#3357,#494);
#391=LINE('',#3358,#495);
#392=LINE('',#3405,#496);
#393=LINE('',#3464,#497);
#394=VECTOR('',#1417,10.);
#395=VECTOR('',#1420,10.);
#396=VECTOR('',#1423,6.39999999999999);
#397=VECTOR('',#1424,14.);
#398=VECTOR('',#1425,6.39999999999999);
#399=VECTOR('',#1428,41.4);
#400=VECTOR('',#1431,6.39999999999999);
#401=VECTOR('',#1434,11.4);
#402=VECTOR('',#1437,26.4);
#403=VECTOR('',#1440,8.1);
#404=VECTOR('',#1441,9.04525601334296);
#405=VECTOR('',#1444,9.04525601334296);
#406=VECTOR('',#1445,8.09999999999999);
#407=VECTOR('',#1448,26.4);
#408=VECTOR('',#1451,11.4);
#409=VECTOR('',#1454,1.7948717948718);
#410=VECTOR('',#1455,0.564102564102564);
#411=VECTOR('',#1456,4.);
#412=VECTOR('',#1457,1.73557692307692);
#413=VECTOR('',#1458,1.28446412572628);
#414=VECTOR('',#1459,0.646634615384616);
#415=VECTOR('',#1460,0.980646150312947);
#416=VECTOR('',#1461,0.577724358974359);
#417=VECTOR('',#1466,10.);
#418=VECTOR('',#1467,10.);
#419=VECTOR('',#1470,6.39999999999999);
#420=VECTOR('',#1471,14.);
#421=VECTOR('',#1474,41.4);
#422=VECTOR('',#1481,10.);
#423=VECTOR('',#1484,10.);
#424=VECTOR('',#1487,14.);
#425=VECTOR('',#1488,8.09999999999999);
#426=VECTOR('',#1493,10.);
#427=VECTOR('',#1494,10.);
#428=VECTOR('',#1497,14.);
#429=VECTOR('',#1498,26.4);
#430=VECTOR('',#1503,26.4);
#431=VECTOR('',#1504,14.);
#432=VECTOR('',#1511,11.4);
#433=VECTOR('',#1514,9.04525601334296);
#434=VECTOR('',#1517,9.04525601334296);
#435=VECTOR('',#1518,8.1);
#436=VECTOR('',#1521,11.4);
#437=VECTOR('',#1554,2.);
#438=VECTOR('',#1559,14.);
#439=VECTOR('',#1562,14.);
#440=VECTOR('',#1563,14.);
#441=VECTOR('',#1566,14.);
#442=VECTOR('',#1569,14.);
#443=VECTOR('',#1572,14.);
#444=VECTOR('',#1577,14.);
#445=VECTOR('',#1588,3.);
#446=VECTOR('',#1591,3.);
#447=VECTOR('',#1594,2.);
#448=VECTOR('',#1601,3.);
#449=VECTOR('',#1604,0.564102564102564);
#450=VECTOR('',#1605,1.7948717948718);
#451=VECTOR('',#1606,0.577724358974359);
#452=VECTOR('',#1607,0.980646150312947);
#453=VECTOR('',#1608,0.646634615384616);
#454=VECTOR('',#1609,1.28446412572628);
#455=VECTOR('',#1610,1.73557692307692);
#456=VECTOR('',#1611,4.);
#457=VECTOR('',#1612,1.0713141025641);
#458=VECTOR('',#1613,1.28205128205128);
#459=VECTOR('',#1614,1.1923076923077);
#460=VECTOR('',#1617,0.5);
#461=VECTOR('',#1618,0.5);
#462=VECTOR('',#1621,0.5);
#463=VECTOR('',#1624,0.5);
#464=VECTOR('',#1625,0.5);
#465=VECTOR('',#1626,0.5);
#466=VECTOR('',#1629,0.5);
#467=VECTOR('',#1632,0.5);
#468=VECTOR('',#1635,0.5);
#469=VECTOR('',#1636,0.5);
#470=VECTOR('',#1637,0.5);
#471=VECTOR('',#1638,0.5);
#472=VECTOR('',#1639,0.5);
#473=VECTOR('',#1642,0.5);
#474=VECTOR('',#1647,1.28205128205128);
#475=VECTOR('',#1648,0.5);
#476=VECTOR('',#1649,0.5);
#477=VECTOR('',#1652,1.0713141025641);
#478=VECTOR('',#1653,0.5);
#479=VECTOR('',#1654,0.5);
#480=VECTOR('',#1655,0.499999999999479);
#481=VECTOR('',#1658,1.1923076923077);
#482=VECTOR('',#1663,0.5);
#483=VECTOR('',#1664,0.5);
#484=VECTOR('',#1665,0.5);
#485=VECTOR('',#1666,0.5);
#486=VECTOR('',#1667,0.5);
#487=VECTOR('',#1668,0.5);
#488=VECTOR('',#1669,0.5);
#489=VECTOR('',#1670,0.500000000000003);
#490=VECTOR('',#1671,0.5);
#491=VECTOR('',#1672,0.5);
#492=VECTOR('',#1673,0.5);
#493=VECTOR('',#1674,0.5);
#494=VECTOR('',#1675,0.5);
#495=VECTOR('',#1676,0.5);
#496=VECTOR('',#1677,0.5);
#497=VECTOR('',#1678,0.499999999999998);
#498=CIRCLE('',#1329,0.3);
#499=CIRCLE('',#1330,0.3);
#500=CIRCLE('',#1333,0.300000000000001);
#501=CIRCLE('',#1334,0.300000000000001);
#502=CIRCLE('',#1335,0.300000000000001);
#503=CIRCLE('',#1336,0.300000000000002);
#504=CIRCLE('',#1337,4.);
#505=CIRCLE('',#1338,0.300000000000001);
#506=CIRCLE('',#1339,0.3);
#507=CIRCLE('',#1340,0.3);
#508=CIRCLE('',#1342,0.300000000000001);
#509=CIRCLE('',#1345,3.);
#510=CIRCLE('',#1346,3.);
#511=CIRCLE('',#1348,0.300000000000001);
#512=CIRCLE('',#1351,0.300000000000002);
#513=CIRCLE('',#1353,2.5);
#514=CIRCLE('',#1355,3.);
#515=CIRCLE('',#1357,0.3);
#516=CIRCLE('',#1358,0.3);
#517=CIRCLE('',#1359,4.);
#518=CIRCLE('',#1360,0.300000000000001);
#519=CIRCLE('',#1361,0.300000000000001);
#520=CIRCLE('',#1363,3.5);
#521=CIRCLE('',#1364,0.5);
#522=CIRCLE('',#1365,3.);
#523=CIRCLE('',#1366,3.);
#524=CIRCLE('',#1368,3.5);
#525=CIRCLE('',#1369,0.5);
#526=CIRCLE('',#1370,3.);
#527=CIRCLE('',#1371,3.);
#528=CIRCLE('',#1373,0.5);
#529=CIRCLE('',#1374,2.);
#530=CIRCLE('',#1376,2.);
#531=CIRCLE('',#1377,2.);
#532=CIRCLE('',#1388,2.);
#533=CIRCLE('',#1393,3.);
#534=VERTEX_POINT('',#1685);
#535=VERTEX_POINT('',#1686);
#536=VERTEX_POINT('',#1688);
#537=VERTEX_POINT('',#1690);
#538=VERTEX_POINT('',#1694);
#539=VERTEX_POINT('',#1696);
#540=VERTEX_POINT('',#1700);
#541=VERTEX_POINT('',#1702);
#542=VERTEX_POINT('',#1704);
#543=VERTEX_POINT('',#1706);
#544=VERTEX_POINT('',#1708);
#545=VERTEX_POINT('',#1710);
#546=VERTEX_POINT('',#1712);
#547=VERTEX_POINT('',#1714);
#548=VERTEX_POINT('',#1716);
#549=VERTEX_POINT('',#1718);
#550=VERTEX_POINT('',#1720);
#551=VERTEX_POINT('',#1722);
#552=VERTEX_POINT('',#1724);
#553=VERTEX_POINT('',#1726);
#554=VERTEX_POINT('',#1728);
#555=VERTEX_POINT('',#1730);
#556=VERTEX_POINT('',#1732);
#557=VERTEX_POINT('',#1735);
#558=VERTEX_POINT('',#1736);
#559=VERTEX_POINT('',#1738);
#560=VERTEX_POINT('',#1740);
#561=VERTEX_POINT('',#1742);
#562=VERTEX_POINT('',#1744);
#563=VERTEX_POINT('',#1768);
#564=VERTEX_POINT('',#1788);
#565=VERTEX_POINT('',#1796);
#566=VERTEX_POINT('',#1804);
#567=VERTEX_POINT('',#1806);
#568=VERTEX_POINT('',#1808);
#569=VERTEX_POINT('',#1810);
#570=VERTEX_POINT('',#1828);
#571=VERTEX_POINT('',#1837);
#572=VERTEX_POINT('',#1838);
#573=VERTEX_POINT('',#1858);
#574=VERTEX_POINT('',#1878);
#575=VERTEX_POINT('',#1890);
#576=VERTEX_POINT('',#1910);
#577=VERTEX_POINT('',#1930);
#578=VERTEX_POINT('',#1942);
#579=VERTEX_POINT('',#1982);
#580=VERTEX_POINT('',#1983);
#581=VERTEX_POINT('',#1988);
#582=VERTEX_POINT('',#1993);
#583=VERTEX_POINT('',#1995);
#584=VERTEX_POINT('',#1998);
#585=VERTEX_POINT('',#2000);
#586=VERTEX_POINT('',#2004);
#587=VERTEX_POINT('',#2008);
#588=VERTEX_POINT('',#2009);
#589=VERTEX_POINT('',#2014);
#590=VERTEX_POINT('',#2017);
#591=VERTEX_POINT('',#2020);
#592=VERTEX_POINT('',#2023);
#593=VERTEX_POINT('',#2026);
#594=VERTEX_POINT('',#2028);
#595=VERTEX_POINT('',#2031);
#596=VERTEX_POINT('',#2033);
#597=VERTEX_POINT('',#2035);
#598=VERTEX_POINT('',#2038);
#599=VERTEX_POINT('',#2040);
#600=VERTEX_POINT('',#2044);
#601=VERTEX_POINT('',#2046);
#602=VERTEX_POINT('',#2048);
#603=VERTEX_POINT('',#2052);
#604=VERTEX_POINT('',#2054);
#605=VERTEX_POINT('',#2056);
#606=VERTEX_POINT('',#2060);
#607=VERTEX_POINT('',#2064);
#608=VERTEX_POINT('',#2066);
#609=VERTEX_POINT('',#2086);
#610=VERTEX_POINT('',#2095);
#611=VERTEX_POINT('',#2100);
#612=VERTEX_POINT('',#2101);
#613=VERTEX_POINT('',#2103);
#614=VERTEX_POINT('',#2105);
#615=VERTEX_POINT('',#2107);
#616=VERTEX_POINT('',#2115);
#617=VERTEX_POINT('',#2133);
#618=VERTEX_POINT('',#2135);
#619=VERTEX_POINT('',#2137);
#620=VERTEX_POINT('',#2139);
#621=VERTEX_POINT('',#2147);
#622=VERTEX_POINT('',#2155);
#623=VERTEX_POINT('',#2175);
#624=VERTEX_POINT('',#2199);
#625=VERTEX_POINT('',#2202);
#626=VERTEX_POINT('',#2203);
#627=VERTEX_POINT('',#2205);
#628=VERTEX_POINT('',#2207);
#629=VERTEX_POINT('',#2209);
#630=VERTEX_POINT('',#2427);
#631=VERTEX_POINT('',#2428);
#632=VERTEX_POINT('',#2433);
#633=VERTEX_POINT('',#2466);
#634=VERTEX_POINT('',#2521);
#635=VERTEX_POINT('',#2546);
#636=VERTEX_POINT('',#2547);
#637=VERTEX_POINT('',#2567);
#638=VERTEX_POINT('',#2587);
#639=VERTEX_POINT('',#2607);
#640=VERTEX_POINT('',#2627);
#641=VERTEX_POINT('',#2639);
#642=VERTEX_POINT('',#2659);
#643=VERTEX_POINT('',#2690);
#644=VERTEX_POINT('',#2691);
#645=VERTEX_POINT('',#2707);
#646=VERTEX_POINT('',#2723);
#647=VERTEX_POINT('',#2754);
#648=VERTEX_POINT('',#2755);
#649=VERTEX_POINT('',#2771);
#650=VERTEX_POINT('',#2791);
#651=VERTEX_POINT('',#3140);
#652=VERTEX_POINT('',#3141);
#653=VERTEX_POINT('',#3189);
#654=VERTEX_POINT('',#3236);
#655=VERTEX_POINT('',#3336);
#656=VERTEX_POINT('',#3337);
#657=VERTEX_POINT('',#3389);
#658=VERTEX_POINT('',#3444);
#659=EDGE_CURVE('',#534,#535,#498,.T.);
#660=EDGE_CURVE('',#535,#536,#290,.T.);
#661=EDGE_CURVE('',#536,#537,#499,.T.);
#662=EDGE_CURVE('',#537,#534,#291,.T.);
#663=EDGE_CURVE('',#538,#537,#292,.T.);
#664=EDGE_CURVE('',#538,#539,#293,.T.);
#665=EDGE_CURVE('',#539,#534,#294,.T.);
#666=EDGE_CURVE('',#536,#540,#295,.T.);
#667=EDGE_CURVE('',#541,#540,#500,.T.);
#668=EDGE_CURVE('',#541,#542,#296,.T.);
#669=EDGE_CURVE('',#542,#543,#501,.T.);
#670=EDGE_CURVE('',#543,#544,#297,.T.);
#671=EDGE_CURVE('',#544,#545,#502,.T.);
#672=EDGE_CURVE('',#545,#546,#298,.T.);
#673=EDGE_CURVE('',#547,#546,#503,.T.);
#674=EDGE_CURVE('',#547,#548,#299,.T.);
#675=EDGE_CURVE('',#549,#548,#300,.T.);
#676=EDGE_CURVE('',#550,#549,#504,.T.);
#677=EDGE_CURVE('',#550,#551,#301,.T.);
#678=EDGE_CURVE('',#551,#552,#302,.T.);
#679=EDGE_CURVE('',#553,#552,#505,.T.);
#680=EDGE_CURVE('',#553,#554,#303,.T.);
#681=EDGE_CURVE('',#554,#555,#506,.T.);
#682=EDGE_CURVE('',#555,#556,#304,.T.);
#683=EDGE_CURVE('',#556,#538,#507,.T.);
#684=EDGE_CURVE('',#557,#558,#305,.T.);
#685=EDGE_CURVE('',#558,#559,#306,.T.);
#686=EDGE_CURVE('',#559,#560,#307,.T.);
#687=EDGE_CURVE('',#560,#561,#308,.T.);
#688=EDGE_CURVE('',#561,#562,#56,.T.);
#689=EDGE_CURVE('',#562,#563,#57,.T.);
#690=EDGE_CURVE('',#563,#564,#58,.T.);
#691=EDGE_CURVE('',#564,#565,#59,.T.);
#692=EDGE_CURVE('',#565,#566,#309,.T.);
#693=EDGE_CURVE('',#566,#567,#310,.T.);
#694=EDGE_CURVE('',#567,#568,#311,.T.);
#695=EDGE_CURVE('',#568,#569,#60,.T.);
#696=EDGE_CURVE('',#569,#570,#61,.T.);
#697=EDGE_CURVE('',#570,#557,#312,.T.);
#698=EDGE_CURVE('',#571,#572,#62,.T.);
#699=EDGE_CURVE('',#572,#573,#63,.T.);
#700=EDGE_CURVE('',#573,#574,#64,.T.);
#701=EDGE_CURVE('',#574,#575,#65,.T.);
#702=EDGE_CURVE('',#575,#576,#66,.T.);
#703=EDGE_CURVE('',#576,#577,#67,.T.);
#704=EDGE_CURVE('',#577,#578,#68,.T.);
#705=EDGE_CURVE('',#578,#571,#69,.T.);
#706=EDGE_CURVE('',#579,#580,#508,.T.);
#707=EDGE_CURVE('',#580,#541,#313,.T.);
#708=EDGE_CURVE('',#540,#579,#314,.T.);
#709=EDGE_CURVE('',#580,#581,#315,.T.);
#710=EDGE_CURVE('',#542,#581,#316,.T.);
#711=EDGE_CURVE('',#535,#579,#317,.T.);
#712=EDGE_CURVE('',#582,#582,#509,.T.);
#713=EDGE_CURVE('',#583,#583,#510,.T.);
#714=EDGE_CURVE('',#552,#584,#318,.T.);
#715=EDGE_CURVE('',#584,#585,#511,.T.);
#716=EDGE_CURVE('',#585,#553,#319,.T.);
#717=EDGE_CURVE('',#551,#586,#320,.T.);
#718=EDGE_CURVE('',#586,#584,#321,.T.);
#719=EDGE_CURVE('',#587,#588,#512,.T.);
#720=EDGE_CURVE('',#588,#547,#322,.T.);
#721=EDGE_CURVE('',#546,#587,#323,.T.);
#722=EDGE_CURVE('',#545,#589,#324,.T.);
#723=EDGE_CURVE('',#589,#587,#325,.T.);
#724=EDGE_CURVE('',#590,#590,#513,.T.);
#725=EDGE_CURVE('',#585,#591,#326,.T.);
#726=EDGE_CURVE('',#554,#591,#327,.T.);
#727=EDGE_CURVE('',#592,#592,#514,.T.);
#728=EDGE_CURVE('',#593,#539,#515,.T.);
#729=EDGE_CURVE('',#594,#593,#328,.T.);
#730=EDGE_CURVE('',#591,#594,#516,.T.);
#731=EDGE_CURVE('',#595,#586,#329,.T.);
#732=EDGE_CURVE('',#595,#596,#517,.T.);
#733=EDGE_CURVE('',#596,#597,#330,.T.);
#734=EDGE_CURVE('',#588,#597,#331,.T.);
#735=EDGE_CURVE('',#598,#589,#518,.T.);
#736=EDGE_CURVE('',#599,#598,#332,.T.);
#737=EDGE_CURVE('',#581,#599,#519,.T.);
#738=EDGE_CURVE('',#600,#600,#520,.T.);
#739=EDGE_CURVE('',#600,#601,#521,.T.);
#740=EDGE_CURVE('',#602,#601,#522,.F.);
#741=EDGE_CURVE('',#601,#602,#523,.F.);
#742=EDGE_CURVE('',#603,#603,#524,.T.);
#743=EDGE_CURVE('',#603,#604,#525,.T.);
#744=EDGE_CURVE('',#605,#604,#526,.F.);
#745=EDGE_CURVE('',#604,#605,#527,.F.);
#746=EDGE_CURVE('',#590,#606,#528,.T.);
#747=EDGE_CURVE('',#606,#606,#529,.F.);
#748=EDGE_CURVE('',#607,#607,#530,.T.);
#749=EDGE_CURVE('',#607,#608,#333,.T.);
#750=EDGE_CURVE('',#608,#608,#531,.F.);
#751=EDGE_CURVE('',#548,#597,#334,.T.);
#752=EDGE_CURVE('',#549,#596,#335,.T.);
#753=EDGE_CURVE('',#550,#595,#336,.T.);
#754=EDGE_CURVE('',#544,#598,#337,.T.);
#755=EDGE_CURVE('',#555,#594,#338,.T.);
#756=EDGE_CURVE('',#556,#593,#339,.T.);
#757=EDGE_CURVE('',#543,#599,#340,.T.);
#758=EDGE_CURVE('',#609,#609,#532,.T.);
#759=EDGE_CURVE('',#582,#602,#341,.T.);
#760=EDGE_CURVE('',#583,#605,#342,.T.);
#761=EDGE_CURVE('',#606,#609,#343,.T.);
#762=EDGE_CURVE('',#610,#610,#533,.T.);
#763=EDGE_CURVE('',#610,#592,#344,.T.);
#764=EDGE_CURVE('',#611,#612,#345,.T.);
#765=EDGE_CURVE('',#613,#611,#346,.T.);
#766=EDGE_CURVE('',#614,#613,#347,.T.);
#767=EDGE_CURVE('',#615,#614,#70,.T.);
#768=EDGE_CURVE('',#616,#615,#71,.T.);
#769=EDGE_CURVE('',#617,#616,#348,.T.);
#770=EDGE_CURVE('',#618,#617,#349,.T.);
#771=EDGE_CURVE('',#619,#618,#350,.T.);
#772=EDGE_CURVE('',#620,#619,#72,.T.);
#773=EDGE_CURVE('',#621,#620,#73,.T.);
#774=EDGE_CURVE('',#622,#621,#74,.T.);
#775=EDGE_CURVE('',#623,#622,#75,.T.);
#776=EDGE_CURVE('',#624,#623,#351,.T.);
#777=EDGE_CURVE('',#612,#624,#352,.T.);
#778=EDGE_CURVE('',#625,#626,#353,.T.);
#779=EDGE_CURVE('',#627,#625,#354,.T.);
#780=EDGE_CURVE('',#628,#627,#355,.T.);
#781=EDGE_CURVE('',#629,#628,#76,.T.);
#782=EDGE_CURVE('',#626,#629,#77,.T.);
#783=EDGE_CURVE('',#611,#558,#356,.T.);
#784=EDGE_CURVE('',#612,#559,#357,.T.);
#785=EDGE_CURVE('',#613,#557,#358,.T.);
#786=EDGE_CURVE('',#614,#570,#359,.T.);
#787=EDGE_CURVE('',#615,#569,#360,.T.);
#788=EDGE_CURVE('',#616,#568,#361,.T.);
#789=EDGE_CURVE('',#617,#567,#362,.T.);
#790=EDGE_CURVE('',#618,#566,#363,.T.);
#791=EDGE_CURVE('',#619,#565,#364,.T.);
#792=EDGE_CURVE('',#620,#564,#365,.T.);
#793=EDGE_CURVE('',#621,#563,#366,.T.);
#794=EDGE_CURVE('',#622,#562,#367,.T.);
#795=EDGE_CURVE('',#623,#561,#368,.T.);
#796=EDGE_CURVE('',#624,#560,#369,.T.);
#797=EDGE_CURVE('',#630,#631,#370,.T.);
#798=EDGE_CURVE('',#627,#630,#371,.T.);
#799=EDGE_CURVE('',#625,#631,#372,.T.);
#800=EDGE_CURVE('',#631,#632,#373,.T.);
#801=EDGE_CURVE('',#626,#632,#374,.T.);
#802=EDGE_CURVE('',#632,#633,#78,.T.);
#803=EDGE_CURVE('',#629,#633,#375,.T.);
#804=EDGE_CURVE('',#633,#634,#79,.T.);
#805=EDGE_CURVE('',#628,#634,#376,.T.);
#806=EDGE_CURVE('',#634,#630,#377,.T.);
#807=EDGE_CURVE('',#635,#636,#80,.T.);
#808=EDGE_CURVE('',#637,#635,#81,.T.);
#809=EDGE_CURVE('',#638,#637,#82,.T.);
#810=EDGE_CURVE('',#639,#638,#83,.T.);
#811=EDGE_CURVE('',#640,#639,#84,.T.);
#812=EDGE_CURVE('',#641,#640,#85,.T.);
#813=EDGE_CURVE('',#642,#641,#86,.T.);
#814=EDGE_CURVE('',#636,#642,#87,.T.);
#815=EDGE_CURVE('',#643,#644,#88,.T.);
#816=EDGE_CURVE('',#645,#643,#89,.T.);
#817=EDGE_CURVE('',#646,#645,#90,.T.);
#818=EDGE_CURVE('',#644,#646,#91,.T.);
#819=EDGE_CURVE('',#647,#648,#92,.T.);
#820=EDGE_CURVE('',#649,#647,#93,.T.);
#821=EDGE_CURVE('',#650,#649,#94,.T.);
#822=EDGE_CURVE('',#648,#650,#95,.T.);
#823=EDGE_CURVE('',#635,#572,#378,.T.);
#824=EDGE_CURVE('',#636,#573,#379,.T.);
#825=EDGE_CURVE('',#637,#571,#380,.T.);
#826=EDGE_CURVE('',#638,#578,#381,.T.);
#827=EDGE_CURVE('',#639,#577,#382,.T.);
#828=EDGE_CURVE('',#640,#576,#383,.T.);
#829=EDGE_CURVE('',#641,#575,#384,.T.);
#830=EDGE_CURVE('',#642,#574,#385,.T.);
#831=EDGE_CURVE('',#651,#652,#96,.T.);
#832=EDGE_CURVE('',#645,#651,#386,.T.);
#833=EDGE_CURVE('',#643,#652,#387,.T.);
#834=EDGE_CURVE('',#652,#653,#97,.T.);
#835=EDGE_CURVE('',#644,#653,#388,.T.);
#836=EDGE_CURVE('',#653,#654,#98,.T.);
#837=EDGE_CURVE('',#646,#654,#389,.T.);
#838=EDGE_CURVE('',#654,#651,#99,.T.);
#839=EDGE_CURVE('',#655,#656,#100,.T.);
#840=EDGE_CURVE('',#649,#655,#390,.T.);
#841=EDGE_CURVE('',#647,#656,#391,.T.);
#842=EDGE_CURVE('',#656,#657,#101,.T.);
#843=EDGE_CURVE('',#648,#657,#392,.T.);
#844=EDGE_CURVE('',#657,#658,#102,.T.);
#845=EDGE_CURVE('',#650,#658,#393,.T.);
#846=EDGE_CURVE('',#658,#655,#103,.T.);
#847=ORIENTED_EDGE('',*,*,#659,.T.);
#848=ORIENTED_EDGE('',*,*,#660,.T.);
#849=ORIENTED_EDGE('',*,*,#661,.T.);
#850=ORIENTED_EDGE('',*,*,#662,.T.);
#851=ORIENTED_EDGE('',*,*,#662,.F.);
#852=ORIENTED_EDGE('',*,*,#663,.F.);
#853=ORIENTED_EDGE('',*,*,#664,.T.);
#854=ORIENTED_EDGE('',*,*,#665,.T.);
#855=ORIENTED_EDGE('',*,*,#661,.F.);
#856=ORIENTED_EDGE('',*,*,#666,.T.);
#857=ORIENTED_EDGE('',*,*,#667,.F.);
#858=ORIENTED_EDGE('',*,*,#668,.T.);
#859=ORIENTED_EDGE('',*,*,#669,.T.);
#860=ORIENTED_EDGE('',*,*,#670,.T.);
#861=ORIENTED_EDGE('',*,*,#671,.T.);
#862=ORIENTED_EDGE('',*,*,#672,.T.);
#863=ORIENTED_EDGE('',*,*,#673,.F.);
#864=ORIENTED_EDGE('',*,*,#674,.T.);
#865=ORIENTED_EDGE('',*,*,#675,.F.);
#866=ORIENTED_EDGE('',*,*,#676,.F.);
#867=ORIENTED_EDGE('',*,*,#677,.T.);
#868=ORIENTED_EDGE('',*,*,#678,.T.);
#869=ORIENTED_EDGE('',*,*,#679,.F.);
#870=ORIENTED_EDGE('',*,*,#680,.T.);
#871=ORIENTED_EDGE('',*,*,#681,.T.);
#872=ORIENTED_EDGE('',*,*,#682,.T.);
#873=ORIENTED_EDGE('',*,*,#683,.T.);
#874=ORIENTED_EDGE('',*,*,#663,.T.);
#875=ORIENTED_EDGE('',*,*,#684,.T.);
#876=ORIENTED_EDGE('',*,*,#685,.T.);
#877=ORIENTED_EDGE('',*,*,#686,.T.);
#878=ORIENTED_EDGE('',*,*,#687,.T.);
#879=ORIENTED_EDGE('',*,*,#688,.T.);
#880=ORIENTED_EDGE('',*,*,#689,.T.);
#881=ORIENTED_EDGE('',*,*,#690,.T.);
#882=ORIENTED_EDGE('',*,*,#691,.T.);
#883=ORIENTED_EDGE('',*,*,#692,.T.);
#884=ORIENTED_EDGE('',*,*,#693,.T.);
#885=ORIENTED_EDGE('',*,*,#694,.T.);
#886=ORIENTED_EDGE('',*,*,#695,.T.);
#887=ORIENTED_EDGE('',*,*,#696,.T.);
#888=ORIENTED_EDGE('',*,*,#697,.T.);
#889=ORIENTED_EDGE('',*,*,#698,.T.);
#890=ORIENTED_EDGE('',*,*,#699,.T.);
#891=ORIENTED_EDGE('',*,*,#700,.T.);
#892=ORIENTED_EDGE('',*,*,#701,.T.);
#893=ORIENTED_EDGE('',*,*,#702,.T.);
#894=ORIENTED_EDGE('',*,*,#703,.T.);
#895=ORIENTED_EDGE('',*,*,#704,.T.);
#896=ORIENTED_EDGE('',*,*,#705,.T.);
#897=ORIENTED_EDGE('',*,*,#706,.T.);
#898=ORIENTED_EDGE('',*,*,#707,.T.);
#899=ORIENTED_EDGE('',*,*,#667,.T.);
#900=ORIENTED_EDGE('',*,*,#708,.T.);
#901=ORIENTED_EDGE('',*,*,#707,.F.);
#902=ORIENTED_EDGE('',*,*,#709,.T.);
#903=ORIENTED_EDGE('',*,*,#710,.F.);
#904=ORIENTED_EDGE('',*,*,#668,.F.);
#905=ORIENTED_EDGE('',*,*,#660,.F.);
#906=ORIENTED_EDGE('',*,*,#711,.T.);
#907=ORIENTED_EDGE('',*,*,#708,.F.);
#908=ORIENTED_EDGE('',*,*,#666,.F.);
#909=ORIENTED_EDGE('',*,*,#712,.T.);
#910=ORIENTED_EDGE('',*,*,#713,.T.);
#911=ORIENTED_EDGE('',*,*,#679,.T.);
#912=ORIENTED_EDGE('',*,*,#714,.T.);
#913=ORIENTED_EDGE('',*,*,#715,.T.);
#914=ORIENTED_EDGE('',*,*,#716,.T.);
#915=ORIENTED_EDGE('',*,*,#714,.F.);
#916=ORIENTED_EDGE('',*,*,#678,.F.);
#917=ORIENTED_EDGE('',*,*,#717,.T.);
#918=ORIENTED_EDGE('',*,*,#718,.T.);
#919=ORIENTED_EDGE('',*,*,#719,.T.);
#920=ORIENTED_EDGE('',*,*,#720,.T.);
#921=ORIENTED_EDGE('',*,*,#673,.T.);
#922=ORIENTED_EDGE('',*,*,#721,.T.);
#923=ORIENTED_EDGE('',*,*,#721,.F.);
#924=ORIENTED_EDGE('',*,*,#672,.F.);
#925=ORIENTED_EDGE('',*,*,#722,.T.);
#926=ORIENTED_EDGE('',*,*,#723,.T.);
#927=ORIENTED_EDGE('',*,*,#724,.T.);
#928=ORIENTED_EDGE('',*,*,#716,.F.);
#929=ORIENTED_EDGE('',*,*,#725,.T.);
#930=ORIENTED_EDGE('',*,*,#726,.F.);
#931=ORIENTED_EDGE('',*,*,#680,.F.);
#932=ORIENTED_EDGE('',*,*,#727,.F.);
#933=ORIENTED_EDGE('',*,*,#659,.F.);
#934=ORIENTED_EDGE('',*,*,#665,.F.);
#935=ORIENTED_EDGE('',*,*,#728,.F.);
#936=ORIENTED_EDGE('',*,*,#729,.F.);
#937=ORIENTED_EDGE('',*,*,#730,.F.);
#938=ORIENTED_EDGE('',*,*,#725,.F.);
#939=ORIENTED_EDGE('',*,*,#715,.F.);
#940=ORIENTED_EDGE('',*,*,#718,.F.);
#941=ORIENTED_EDGE('',*,*,#731,.F.);
#942=ORIENTED_EDGE('',*,*,#732,.T.);
#943=ORIENTED_EDGE('',*,*,#733,.T.);
#944=ORIENTED_EDGE('',*,*,#734,.F.);
#945=ORIENTED_EDGE('',*,*,#719,.F.);
#946=ORIENTED_EDGE('',*,*,#723,.F.);
#947=ORIENTED_EDGE('',*,*,#735,.F.);
#948=ORIENTED_EDGE('',*,*,#736,.F.);
#949=ORIENTED_EDGE('',*,*,#737,.F.);
#950=ORIENTED_EDGE('',*,*,#709,.F.);
#951=ORIENTED_EDGE('',*,*,#706,.F.);
#952=ORIENTED_EDGE('',*,*,#711,.F.);
#953=ORIENTED_EDGE('',*,*,#738,.F.);
#954=ORIENTED_EDGE('',*,*,#739,.T.);
#955=ORIENTED_EDGE('',*,*,#740,.F.);
#956=ORIENTED_EDGE('',*,*,#741,.F.);
#957=ORIENTED_EDGE('',*,*,#739,.F.);
#958=ORIENTED_EDGE('',*,*,#742,.F.);
#959=ORIENTED_EDGE('',*,*,#743,.T.);
#960=ORIENTED_EDGE('',*,*,#744,.F.);
#961=ORIENTED_EDGE('',*,*,#745,.F.);
#962=ORIENTED_EDGE('',*,*,#743,.F.);
#963=ORIENTED_EDGE('',*,*,#724,.F.);
#964=ORIENTED_EDGE('',*,*,#746,.T.);
#965=ORIENTED_EDGE('',*,*,#747,.F.);
#966=ORIENTED_EDGE('',*,*,#746,.F.);
#967=ORIENTED_EDGE('',*,*,#748,.F.);
#968=ORIENTED_EDGE('',*,*,#749,.T.);
#969=ORIENTED_EDGE('',*,*,#750,.F.);
#970=ORIENTED_EDGE('',*,*,#749,.F.);
#971=ORIENTED_EDGE('',*,*,#720,.F.);
#972=ORIENTED_EDGE('',*,*,#734,.T.);
#973=ORIENTED_EDGE('',*,*,#751,.F.);
#974=ORIENTED_EDGE('',*,*,#674,.F.);
#975=ORIENTED_EDGE('',*,*,#676,.T.);
#976=ORIENTED_EDGE('',*,*,#752,.T.);
#977=ORIENTED_EDGE('',*,*,#732,.F.);
#978=ORIENTED_EDGE('',*,*,#753,.F.);
#979=ORIENTED_EDGE('',*,*,#735,.T.);
#980=ORIENTED_EDGE('',*,*,#722,.F.);
#981=ORIENTED_EDGE('',*,*,#671,.F.);
#982=ORIENTED_EDGE('',*,*,#754,.T.);
#983=ORIENTED_EDGE('',*,*,#730,.T.);
#984=ORIENTED_EDGE('',*,*,#755,.F.);
#985=ORIENTED_EDGE('',*,*,#681,.F.);
#986=ORIENTED_EDGE('',*,*,#726,.T.);
#987=ORIENTED_EDGE('',*,*,#729,.T.);
#988=ORIENTED_EDGE('',*,*,#756,.F.);
#989=ORIENTED_EDGE('',*,*,#682,.F.);
#990=ORIENTED_EDGE('',*,*,#755,.T.);
#991=ORIENTED_EDGE('',*,*,#742,.T.);
#992=ORIENTED_EDGE('',*,*,#728,.T.);
#993=ORIENTED_EDGE('',*,*,#664,.F.);
#994=ORIENTED_EDGE('',*,*,#683,.F.);
#995=ORIENTED_EDGE('',*,*,#756,.T.);
#996=ORIENTED_EDGE('',*,*,#737,.T.);
#997=ORIENTED_EDGE('',*,*,#757,.F.);
#998=ORIENTED_EDGE('',*,*,#669,.F.);
#999=ORIENTED_EDGE('',*,*,#710,.T.);
#1000=ORIENTED_EDGE('',*,*,#736,.T.);
#1001=ORIENTED_EDGE('',*,*,#754,.F.);
#1002=ORIENTED_EDGE('',*,*,#670,.F.);
#1003=ORIENTED_EDGE('',*,*,#757,.T.);
#1004=ORIENTED_EDGE('',*,*,#738,.T.);
#1005=ORIENTED_EDGE('',*,*,#753,.T.);
#1006=ORIENTED_EDGE('',*,*,#731,.T.);
#1007=ORIENTED_EDGE('',*,*,#717,.F.);
#1008=ORIENTED_EDGE('',*,*,#677,.F.);
#1009=ORIENTED_EDGE('',*,*,#748,.T.);
#1010=ORIENTED_EDGE('',*,*,#675,.T.);
#1011=ORIENTED_EDGE('',*,*,#751,.T.);
#1012=ORIENTED_EDGE('',*,*,#733,.F.);
#1013=ORIENTED_EDGE('',*,*,#752,.F.);
#1014=ORIENTED_EDGE('',*,*,#758,.F.);
#1015=ORIENTED_EDGE('',*,*,#712,.F.);
#1016=ORIENTED_EDGE('',*,*,#759,.T.);
#1017=ORIENTED_EDGE('',*,*,#740,.T.);
#1018=ORIENTED_EDGE('',*,*,#741,.T.);
#1019=ORIENTED_EDGE('',*,*,#759,.F.);
#1020=ORIENTED_EDGE('',*,*,#713,.F.);
#1021=ORIENTED_EDGE('',*,*,#760,.T.);
#1022=ORIENTED_EDGE('',*,*,#744,.T.);
#1023=ORIENTED_EDGE('',*,*,#745,.T.);
#1024=ORIENTED_EDGE('',*,*,#760,.F.);
#1025=ORIENTED_EDGE('',*,*,#747,.T.);
#1026=ORIENTED_EDGE('',*,*,#761,.T.);
#1027=ORIENTED_EDGE('',*,*,#758,.T.);
#1028=ORIENTED_EDGE('',*,*,#761,.F.);
#1029=ORIENTED_EDGE('',*,*,#762,.T.);
#1030=ORIENTED_EDGE('',*,*,#750,.T.);
#1031=ORIENTED_EDGE('',*,*,#762,.F.);
#1032=ORIENTED_EDGE('',*,*,#763,.T.);
#1033=ORIENTED_EDGE('',*,*,#727,.T.);
#1034=ORIENTED_EDGE('',*,*,#763,.F.);
#1035=ORIENTED_EDGE('',*,*,#764,.F.);
#1036=ORIENTED_EDGE('',*,*,#765,.F.);
#1037=ORIENTED_EDGE('',*,*,#766,.F.);
#1038=ORIENTED_EDGE('',*,*,#767,.F.);
#1039=ORIENTED_EDGE('',*,*,#768,.F.);
#1040=ORIENTED_EDGE('',*,*,#769,.F.);
#1041=ORIENTED_EDGE('',*,*,#770,.F.);
#1042=ORIENTED_EDGE('',*,*,#771,.F.);
#1043=ORIENTED_EDGE('',*,*,#772,.F.);
#1044=ORIENTED_EDGE('',*,*,#773,.F.);
#1045=ORIENTED_EDGE('',*,*,#774,.F.);
#1046=ORIENTED_EDGE('',*,*,#775,.F.);
#1047=ORIENTED_EDGE('',*,*,#776,.F.);
#1048=ORIENTED_EDGE('',*,*,#777,.F.);
#1049=ORIENTED_EDGE('',*,*,#778,.F.);
#1050=ORIENTED_EDGE('',*,*,#779,.F.);
#1051=ORIENTED_EDGE('',*,*,#780,.F.);
#1052=ORIENTED_EDGE('',*,*,#781,.F.);
#1053=ORIENTED_EDGE('',*,*,#782,.F.);
#1054=ORIENTED_EDGE('',*,*,#685,.F.);
#1055=ORIENTED_EDGE('',*,*,#783,.F.);
#1056=ORIENTED_EDGE('',*,*,#764,.T.);
#1057=ORIENTED_EDGE('',*,*,#784,.T.);
#1058=ORIENTED_EDGE('',*,*,#684,.F.);
#1059=ORIENTED_EDGE('',*,*,#785,.F.);
#1060=ORIENTED_EDGE('',*,*,#765,.T.);
#1061=ORIENTED_EDGE('',*,*,#783,.T.);
#1062=ORIENTED_EDGE('',*,*,#697,.F.);
#1063=ORIENTED_EDGE('',*,*,#786,.F.);
#1064=ORIENTED_EDGE('',*,*,#766,.T.);
#1065=ORIENTED_EDGE('',*,*,#785,.T.);
#1066=ORIENTED_EDGE('',*,*,#696,.F.);
#1067=ORIENTED_EDGE('',*,*,#787,.F.);
#1068=ORIENTED_EDGE('',*,*,#767,.T.);
#1069=ORIENTED_EDGE('',*,*,#786,.T.);
#1070=ORIENTED_EDGE('',*,*,#695,.F.);
#1071=ORIENTED_EDGE('',*,*,#788,.F.);
#1072=ORIENTED_EDGE('',*,*,#768,.T.);
#1073=ORIENTED_EDGE('',*,*,#787,.T.);
#1074=ORIENTED_EDGE('',*,*,#694,.F.);
#1075=ORIENTED_EDGE('',*,*,#789,.F.);
#1076=ORIENTED_EDGE('',*,*,#769,.T.);
#1077=ORIENTED_EDGE('',*,*,#788,.T.);
#1078=ORIENTED_EDGE('',*,*,#693,.F.);
#1079=ORIENTED_EDGE('',*,*,#790,.F.);
#1080=ORIENTED_EDGE('',*,*,#770,.T.);
#1081=ORIENTED_EDGE('',*,*,#789,.T.);
#1082=ORIENTED_EDGE('',*,*,#692,.F.);
#1083=ORIENTED_EDGE('',*,*,#791,.F.);
#1084=ORIENTED_EDGE('',*,*,#771,.T.);
#1085=ORIENTED_EDGE('',*,*,#790,.T.);
#1086=ORIENTED_EDGE('',*,*,#691,.F.);
#1087=ORIENTED_EDGE('',*,*,#792,.F.);
#1088=ORIENTED_EDGE('',*,*,#772,.T.);
#1089=ORIENTED_EDGE('',*,*,#791,.T.);
#1090=ORIENTED_EDGE('',*,*,#690,.F.);
#1091=ORIENTED_EDGE('',*,*,#793,.F.);
#1092=ORIENTED_EDGE('',*,*,#773,.T.);
#1093=ORIENTED_EDGE('',*,*,#792,.T.);
#1094=ORIENTED_EDGE('',*,*,#689,.F.);
#1095=ORIENTED_EDGE('',*,*,#794,.F.);
#1096=ORIENTED_EDGE('',*,*,#774,.T.);
#1097=ORIENTED_EDGE('',*,*,#793,.T.);
#1098=ORIENTED_EDGE('',*,*,#688,.F.);
#1099=ORIENTED_EDGE('',*,*,#795,.F.);
#1100=ORIENTED_EDGE('',*,*,#775,.T.);
#1101=ORIENTED_EDGE('',*,*,#794,.T.);
#1102=ORIENTED_EDGE('',*,*,#687,.F.);
#1103=ORIENTED_EDGE('',*,*,#796,.F.);
#1104=ORIENTED_EDGE('',*,*,#776,.T.);
#1105=ORIENTED_EDGE('',*,*,#795,.T.);
#1106=ORIENTED_EDGE('',*,*,#686,.F.);
#1107=ORIENTED_EDGE('',*,*,#784,.F.);
#1108=ORIENTED_EDGE('',*,*,#777,.T.);
#1109=ORIENTED_EDGE('',*,*,#796,.T.);
#1110=ORIENTED_EDGE('',*,*,#797,.F.);
#1111=ORIENTED_EDGE('',*,*,#798,.F.);
#1112=ORIENTED_EDGE('',*,*,#779,.T.);
#1113=ORIENTED_EDGE('',*,*,#799,.T.);
#1114=ORIENTED_EDGE('',*,*,#800,.F.);
#1115=ORIENTED_EDGE('',*,*,#799,.F.);
#1116=ORIENTED_EDGE('',*,*,#778,.T.);
#1117=ORIENTED_EDGE('',*,*,#801,.T.);
#1118=ORIENTED_EDGE('',*,*,#802,.F.);
#1119=ORIENTED_EDGE('',*,*,#801,.F.);
#1120=ORIENTED_EDGE('',*,*,#782,.T.);
#1121=ORIENTED_EDGE('',*,*,#803,.T.);
#1122=ORIENTED_EDGE('',*,*,#804,.F.);
#1123=ORIENTED_EDGE('',*,*,#803,.F.);
#1124=ORIENTED_EDGE('',*,*,#781,.T.);
#1125=ORIENTED_EDGE('',*,*,#805,.T.);
#1126=ORIENTED_EDGE('',*,*,#806,.F.);
#1127=ORIENTED_EDGE('',*,*,#805,.F.);
#1128=ORIENTED_EDGE('',*,*,#780,.T.);
#1129=ORIENTED_EDGE('',*,*,#798,.T.);
#1130=ORIENTED_EDGE('',*,*,#806,.T.);
#1131=ORIENTED_EDGE('',*,*,#797,.T.);
#1132=ORIENTED_EDGE('',*,*,#800,.T.);
#1133=ORIENTED_EDGE('',*,*,#802,.T.);
#1134=ORIENTED_EDGE('',*,*,#804,.T.);
#1135=ORIENTED_EDGE('',*,*,#807,.F.);
#1136=ORIENTED_EDGE('',*,*,#808,.F.);
#1137=ORIENTED_EDGE('',*,*,#809,.F.);
#1138=ORIENTED_EDGE('',*,*,#810,.F.);
#1139=ORIENTED_EDGE('',*,*,#811,.F.);
#1140=ORIENTED_EDGE('',*,*,#812,.F.);
#1141=ORIENTED_EDGE('',*,*,#813,.F.);
#1142=ORIENTED_EDGE('',*,*,#814,.F.);
#1143=ORIENTED_EDGE('',*,*,#815,.F.);
#1144=ORIENTED_EDGE('',*,*,#816,.F.);
#1145=ORIENTED_EDGE('',*,*,#817,.F.);
#1146=ORIENTED_EDGE('',*,*,#818,.F.);
#1147=ORIENTED_EDGE('',*,*,#819,.F.);
#1148=ORIENTED_EDGE('',*,*,#820,.F.);
#1149=ORIENTED_EDGE('',*,*,#821,.F.);
#1150=ORIENTED_EDGE('',*,*,#822,.F.);
#1151=ORIENTED_EDGE('',*,*,#699,.F.);
#1152=ORIENTED_EDGE('',*,*,#823,.F.);
#1153=ORIENTED_EDGE('',*,*,#807,.T.);
#1154=ORIENTED_EDGE('',*,*,#824,.T.);
#1155=ORIENTED_EDGE('',*,*,#698,.F.);
#1156=ORIENTED_EDGE('',*,*,#825,.F.);
#1157=ORIENTED_EDGE('',*,*,#808,.T.);
#1158=ORIENTED_EDGE('',*,*,#823,.T.);
#1159=ORIENTED_EDGE('',*,*,#705,.F.);
#1160=ORIENTED_EDGE('',*,*,#826,.F.);
#1161=ORIENTED_EDGE('',*,*,#809,.T.);
#1162=ORIENTED_EDGE('',*,*,#825,.T.);
#1163=ORIENTED_EDGE('',*,*,#704,.F.);
#1164=ORIENTED_EDGE('',*,*,#827,.F.);
#1165=ORIENTED_EDGE('',*,*,#810,.T.);
#1166=ORIENTED_EDGE('',*,*,#826,.T.);
#1167=ORIENTED_EDGE('',*,*,#703,.F.);
#1168=ORIENTED_EDGE('',*,*,#828,.F.);
#1169=ORIENTED_EDGE('',*,*,#811,.T.);
#1170=ORIENTED_EDGE('',*,*,#827,.T.);
#1171=ORIENTED_EDGE('',*,*,#702,.F.);
#1172=ORIENTED_EDGE('',*,*,#829,.F.);
#1173=ORIENTED_EDGE('',*,*,#812,.T.);
#1174=ORIENTED_EDGE('',*,*,#828,.T.);
#1175=ORIENTED_EDGE('',*,*,#701,.F.);
#1176=ORIENTED_EDGE('',*,*,#830,.F.);
#1177=ORIENTED_EDGE('',*,*,#813,.T.);
#1178=ORIENTED_EDGE('',*,*,#829,.T.);
#1179=ORIENTED_EDGE('',*,*,#700,.F.);
#1180=ORIENTED_EDGE('',*,*,#824,.F.);
#1181=ORIENTED_EDGE('',*,*,#814,.T.);
#1182=ORIENTED_EDGE('',*,*,#830,.T.);
#1183=ORIENTED_EDGE('',*,*,#831,.F.);
#1184=ORIENTED_EDGE('',*,*,#832,.F.);
#1185=ORIENTED_EDGE('',*,*,#816,.T.);
#1186=ORIENTED_EDGE('',*,*,#833,.T.);
#1187=ORIENTED_EDGE('',*,*,#834,.F.);
#1188=ORIENTED_EDGE('',*,*,#833,.F.);
#1189=ORIENTED_EDGE('',*,*,#815,.T.);
#1190=ORIENTED_EDGE('',*,*,#835,.T.);
#1191=ORIENTED_EDGE('',*,*,#836,.F.);
#1192=ORIENTED_EDGE('',*,*,#835,.F.);
#1193=ORIENTED_EDGE('',*,*,#818,.T.);
#1194=ORIENTED_EDGE('',*,*,#837,.T.);
#1195=ORIENTED_EDGE('',*,*,#838,.F.);
#1196=ORIENTED_EDGE('',*,*,#837,.F.);
#1197=ORIENTED_EDGE('',*,*,#817,.T.);
#1198=ORIENTED_EDGE('',*,*,#832,.T.);
#1199=ORIENTED_EDGE('',*,*,#839,.F.);
#1200=ORIENTED_EDGE('',*,*,#840,.F.);
#1201=ORIENTED_EDGE('',*,*,#820,.T.);
#1202=ORIENTED_EDGE('',*,*,#841,.T.);
#1203=ORIENTED_EDGE('',*,*,#842,.F.);
#1204=ORIENTED_EDGE('',*,*,#841,.F.);
#1205=ORIENTED_EDGE('',*,*,#819,.T.);
#1206=ORIENTED_EDGE('',*,*,#843,.T.);
#1207=ORIENTED_EDGE('',*,*,#844,.F.);
#1208=ORIENTED_EDGE('',*,*,#843,.F.);
#1209=ORIENTED_EDGE('',*,*,#822,.T.);
#1210=ORIENTED_EDGE('',*,*,#845,.T.);
#1211=ORIENTED_EDGE('',*,*,#846,.F.);
#1212=ORIENTED_EDGE('',*,*,#845,.F.);
#1213=ORIENTED_EDGE('',*,*,#821,.T.);
#1214=ORIENTED_EDGE('',*,*,#840,.T.);
#1215=ORIENTED_EDGE('',*,*,#838,.T.);
#1216=ORIENTED_EDGE('',*,*,#831,.T.);
#1217=ORIENTED_EDGE('',*,*,#834,.T.);
#1218=ORIENTED_EDGE('',*,*,#836,.T.);
#1219=ORIENTED_EDGE('',*,*,#846,.T.);
#1220=ORIENTED_EDGE('',*,*,#839,.T.);
#1221=ORIENTED_EDGE('',*,*,#842,.T.);
#1222=ORIENTED_EDGE('',*,*,#844,.T.);
#1223=CYLINDRICAL_SURFACE('',#1328,0.3);
#1224=CYLINDRICAL_SURFACE('',#1341,0.300000000000001);
#1225=CYLINDRICAL_SURFACE('',#1347,0.300000000000001);
#1226=CYLINDRICAL_SURFACE('',#1350,0.300000000000002);
#1227=CYLINDRICAL_SURFACE('',#1375,2.);
#1228=CYLINDRICAL_SURFACE('',#1379,4.);
#1229=CYLINDRICAL_SURFACE('',#1380,0.300000000000001);
#1230=CYLINDRICAL_SURFACE('',#1381,0.3);
#1231=CYLINDRICAL_SURFACE('',#1383,0.3);
#1232=CYLINDRICAL_SURFACE('',#1384,0.300000000000001);
#1233=CYLINDRICAL_SURFACE('',#1389,3.);
#1234=CYLINDRICAL_SURFACE('',#1390,3.);
#1235=CYLINDRICAL_SURFACE('',#1391,2.);
#1236=CYLINDRICAL_SURFACE('',#1394,3.);
#1237=ADVANCED_FACE('',(#134),#1223,.T.);
#1238=ADVANCED_FACE('',(#135),#104,.F.);
#1239=ADVANCED_FACE('',(#136,#42,#43),#105,.F.);
#1240=ADVANCED_FACE('',(#137),#1224,.T.);
#1241=ADVANCED_FACE('',(#138),#106,.F.);
#1242=ADVANCED_FACE('',(#139,#44,#45),#107,.F.);
#1243=ADVANCED_FACE('',(#140),#1225,.T.);
#1244=ADVANCED_FACE('',(#141),#108,.F.);
#1245=ADVANCED_FACE('',(#142),#1226,.T.);
#1246=ADVANCED_FACE('',(#143,#46),#109,.F.);
#1247=ADVANCED_FACE('',(#144,#47),#110,.F.);
#1248=ADVANCED_FACE('',(#145),#111,.T.);
#1249=ADVANCED_FACE('',(#146),#39,.T.);
#1250=ADVANCED_FACE('',(#147),#40,.T.);
#1251=ADVANCED_FACE('',(#148),#41,.T.);
#1252=ADVANCED_FACE('',(#149),#1227,.F.);
#1253=ADVANCED_FACE('',(#150),#112,.F.);
#1254=ADVANCED_FACE('',(#151),#1228,.F.);
#1255=ADVANCED_FACE('',(#152),#1229,.F.);
#1256=ADVANCED_FACE('',(#153),#1230,.F.);
#1257=ADVANCED_FACE('',(#154,#48),#113,.F.);
#1258=ADVANCED_FACE('',(#155),#1231,.T.);
#1259=ADVANCED_FACE('',(#156),#1232,.T.);
#1260=ADVANCED_FACE('',(#157,#49),#114,.F.);
#1261=ADVANCED_FACE('',(#158,#50),#115,.F.);
#1262=ADVANCED_FACE('',(#159,#51),#116,.T.);
#1263=ADVANCED_FACE('',(#160),#1233,.F.);
#1264=ADVANCED_FACE('',(#161),#1234,.F.);
#1265=ADVANCED_FACE('',(#162),#1235,.F.);
#1266=ADVANCED_FACE('',(#163,#52),#117,.T.);
#1267=ADVANCED_FACE('',(#164),#1236,.F.);
#1268=ADVANCED_FACE('',(#165,#53),#118,.T.);
#1269=ADVANCED_FACE('',(#166),#119,.T.);
#1270=ADVANCED_FACE('',(#167),#120,.T.);
#1271=ADVANCED_FACE('',(#168),#121,.T.);
#1272=ADVANCED_FACE('',(#169),#15,.T.);
#1273=ADVANCED_FACE('',(#170),#16,.T.);
#1274=ADVANCED_FACE('',(#171),#122,.T.);
#1275=ADVANCED_FACE('',(#172),#123,.T.);
#1276=ADVANCED_FACE('',(#173),#124,.T.);
#1277=ADVANCED_FACE('',(#174),#17,.T.);
#1278=ADVANCED_FACE('',(#175),#18,.T.);
#1279=ADVANCED_FACE('',(#176),#19,.T.);
#1280=ADVANCED_FACE('',(#177),#20,.T.);
#1281=ADVANCED_FACE('',(#178),#125,.T.);
#1282=ADVANCED_FACE('',(#179),#126,.T.);
#1283=ADVANCED_FACE('',(#180),#127,.T.);
#1284=ADVANCED_FACE('',(#181),#128,.T.);
#1285=ADVANCED_FACE('',(#182),#21,.T.);
#1286=ADVANCED_FACE('',(#183),#22,.T.);
#1287=ADVANCED_FACE('',(#184),#129,.T.);
#1288=ADVANCED_FACE('',(#185),#130,.F.);
#1289=ADVANCED_FACE('',(#186,#54,#55),#131,.T.);
#1290=ADVANCED_FACE('',(#187),#23,.T.);
#1291=ADVANCED_FACE('',(#188),#24,.T.);
#1292=ADVANCED_FACE('',(#189),#25,.T.);
#1293=ADVANCED_FACE('',(#190),#26,.T.);
#1294=ADVANCED_FACE('',(#191),#27,.T.);
#1295=ADVANCED_FACE('',(#192),#28,.T.);
#1296=ADVANCED_FACE('',(#193),#29,.T.);
#1297=ADVANCED_FACE('',(#194),#30,.T.);
#1298=ADVANCED_FACE('',(#195),#31,.T.);
#1299=ADVANCED_FACE('',(#196),#32,.T.);
#1300=ADVANCED_FACE('',(#197),#33,.T.);
#1301=ADVANCED_FACE('',(#198),#34,.T.);
#1302=ADVANCED_FACE('',(#199),#35,.T.);
#1303=ADVANCED_FACE('',(#200),#36,.T.);
#1304=ADVANCED_FACE('',(#201),#37,.T.);
#1305=ADVANCED_FACE('',(#202),#38,.T.);
#1306=ADVANCED_FACE('',(#203),#132,.F.);
#1307=ADVANCED_FACE('',(#204),#133,.F.);
#1308=CLOSED_SHELL('',(#1237,#1238,#1239,#1240,#1241,#1242,#1243,#1244,
#1245,#1246,#1247,#1248,#1249,#1250,#1251,#1252,#1253,#1254,#1255,#1256,
#1257,#1258,#1259,#1260,#1261,#1262,#1263,#1264,#1265,#1266,#1267,#1268,
#1269,#1270,#1271,#1272,#1273,#1274,#1275,#1276,#1277,#1278,#1279,#1280,
#1281,#1282,#1283,#1284,#1285,#1286,#1287,#1288,#1289,#1290,#1291,#1292,
#1293,#1294,#1295,#1296,#1297,#1298,#1299,#1300,#1301,#1302,#1303,#1304,
#1305,#1306,#1307));
#1309=DERIVED_UNIT_ELEMENT(#1311,1.);
#1310=DERIVED_UNIT_ELEMENT(#3529,3.);
#1311=(
MASS_UNIT()
NAMED_UNIT(*)
SI_UNIT($,.GRAM.)
);
#1312=DERIVED_UNIT((#1309,#1310));
#1313=MEASURE_REPRESENTATION_ITEM('density measure',
POSITIVE_RATIO_MEASURE(2.7),#1312);
#1314=PROPERTY_DEFINITION_REPRESENTATION(#1319,#1316);
#1315=PROPERTY_DEFINITION_REPRESENTATION(#1320,#1317);
#1316=REPRESENTATION('material name',(#1318),#3526);
#1317=REPRESENTATION('density',(#1313),#3526);
#1318=DESCRIPTIVE_REPRESENTATION_ITEM('Aluminum 6061','Aluminum 6061');
#1319=PROPERTY_DEFINITION('material property','material name',#3536);
#1320=PROPERTY_DEFINITION('material property','density of part',#3536);
#1321=DATE_TIME_ROLE('creation_date');
#1322=APPLIED_DATE_AND_TIME_ASSIGNMENT(#1323,#1321,(#3536));
#1323=DATE_AND_TIME(#1324,#1325);
#1324=CALENDAR_DATE(2023,21,3);
#1325=LOCAL_TIME(6,31,13.,#1326);
#1326=COORDINATED_UNIVERSAL_TIME_OFFSET(0,0,.BEHIND.);
#1327=AXIS2_PLACEMENT_3D('placement',#1683,#1411,#1412);
#1328=AXIS2_PLACEMENT_3D('',#1684,#1413,#1414);
#1329=AXIS2_PLACEMENT_3D('',#1687,#1415,#1416);
#1330=AXIS2_PLACEMENT_3D('',#1691,#1418,#1419);
#1331=AXIS2_PLACEMENT_3D('',#1693,#1421,#1422);
#1332=AXIS2_PLACEMENT_3D('',#1699,#1426,#1427);
#1333=AXIS2_PLACEMENT_3D('',#1703,#1429,#1430);
#1334=AXIS2_PLACEMENT_3D('',#1707,#1432,#1433);
#1335=AXIS2_PLACEMENT_3D('',#1711,#1435,#1436);
#1336=AXIS2_PLACEMENT_3D('',#1715,#1438,#1439);
#1337=AXIS2_PLACEMENT_3D('',#1721,#1442,#1443);
#1338=AXIS2_PLACEMENT_3D('',#1727,#1446,#1447);
#1339=AXIS2_PLACEMENT_3D('',#1731,#1449,#1450);
#1340=AXIS2_PLACEMENT_3D('',#1734,#1452,#1453);
#1341=AXIS2_PLACEMENT_3D('',#1981,#1462,#1463);
#1342=AXIS2_PLACEMENT_3D('',#1984,#1464,#1465);
#1343=AXIS2_PLACEMENT_3D('',#1987,#1468,#1469);
#1344=AXIS2_PLACEMENT_3D('',#1991,#1472,#1473);
#1345=AXIS2_PLACEMENT_3D('',#1994,#1475,#1476);
#1346=AXIS2_PLACEMENT_3D('',#1996,#1477,#1478);
#1347=AXIS2_PLACEMENT_3D('',#1997,#1479,#1480);
#1348=AXIS2_PLACEMENT_3D('',#2001,#1482,#1483);
#1349=AXIS2_PLACEMENT_3D('',#2003,#1485,#1486);
#1350=AXIS2_PLACEMENT_3D('',#2007,#1489,#1490);
#1351=AXIS2_PLACEMENT_3D('',#2010,#1491,#1492);
#1352=AXIS2_PLACEMENT_3D('',#2013,#1495,#1496);
#1353=AXIS2_PLACEMENT_3D('',#2018,#1499,#1500);
#1354=AXIS2_PLACEMENT_3D('',#2019,#1501,#1502);
#1355=AXIS2_PLACEMENT_3D('',#2024,#1505,#1506);
#1356=AXIS2_PLACEMENT_3D('',#2025,#1507,#1508);
#1357=AXIS2_PLACEMENT_3D('',#2027,#1509,#1510);
#1358=AXIS2_PLACEMENT_3D('',#2030,#1512,#1513);
#1359=AXIS2_PLACEMENT_3D('',#2034,#1515,#1516);
#1360=AXIS2_PLACEMENT_3D('',#2039,#1519,#1520);
#1361=AXIS2_PLACEMENT_3D('',#2042,#1522,#1523);
#1362=AXIS2_PLACEMENT_3D('',#2043,#1524,#1525);
#1363=AXIS2_PLACEMENT_3D('',#2045,#1526,#1527);
#1364=AXIS2_PLACEMENT_3D('',#2047,#1528,#1529);
#1365=AXIS2_PLACEMENT_3D('',#2049,#1530,#1531);
#1366=AXIS2_PLACEMENT_3D('',#2050,#1532,#1533);
#1367=AXIS2_PLACEMENT_3D('',#2051,#1534,#1535);
#1368=AXIS2_PLACEMENT_3D('',#2053,#1536,#1537);
#1369=AXIS2_PLACEMENT_3D('',#2055,#1538,#1539);
#1370=AXIS2_PLACEMENT_3D('',#2057,#1540,#1541);
#1371=AXIS2_PLACEMENT_3D('',#2058,#1542,#1543);
#1372=AXIS2_PLACEMENT_3D('',#2059,#1544,#1545);
#1373=AXIS2_PLACEMENT_3D('',#2061,#1546,#1547);
#1374=AXIS2_PLACEMENT_3D('',#2062,#1548,#1549);
#1375=AXIS2_PLACEMENT_3D('',#2063,#1550,#1551);
#1376=AXIS2_PLACEMENT_3D('',#2065,#1552,#1553);
#1377=AXIS2_PLACEMENT_3D('',#2068,#1555,#1556);
#1378=AXIS2_PLACEMENT_3D('',#2069,#1557,#1558);
#1379=AXIS2_PLACEMENT_3D('',#2071,#1560,#1561);
#1380=AXIS2_PLACEMENT_3D('',#2074,#1564,#1565);
#1381=AXIS2_PLACEMENT_3D('',#2076,#1567,#1568);
#1382=AXIS2_PLACEMENT_3D('',#2078,#1570,#1571);
#1383=AXIS2_PLACEMENT_3D('',#2080,#1573,#1574);
#1384=AXIS2_PLACEMENT_3D('',#2081,#1575,#1576);
#1385=AXIS2_PLACEMENT_3D('',#2083,#1578,#1579);
#1386=AXIS2_PLACEMENT_3D('',#2084,#1580,#1581);
#1387=AXIS2_PLACEMENT_3D('',#2085,#1582,#1583);
#1388=AXIS2_PLACEMENT_3D('',#2087,#1584,#1585);
#1389=AXIS2_PLACEMENT_3D('',#2088,#1586,#1587);
#1390=AXIS2_PLACEMENT_3D('',#2090,#1589,#1590);
#1391=AXIS2_PLACEMENT_3D('',#2092,#1592,#1593);
#1392=AXIS2_PLACEMENT_3D('',#2094,#1595,#1596);
#1393=AXIS2_PLACEMENT_3D('',#2096,#1597,#1598);
#1394=AXIS2_PLACEMENT_3D('',#2097,#1599,#1600);
#1395=AXIS2_PLACEMENT_3D('',#2099,#1602,#1603);
#1396=AXIS2_PLACEMENT_3D('',#2244,#1615,#1616);
#1397=AXIS2_PLACEMENT_3D('',#2247,#1619,#1620);
#1398=AXIS2_PLACEMENT_3D('',#2249,#1622,#1623);
#1399=AXIS2_PLACEMENT_3D('',#2301,#1627,#1628);
#1400=AXIS2_PLACEMENT_3D('',#2303,#1630,#1631);
#1401=AXIS2_PLACEMENT_3D('',#2305,#1633,#1634);
#1402=AXIS2_PLACEMENT_3D('',#2423,#1640,#1641);
#1403=AXIS2_PLACEMENT_3D('',#2425,#1643,#1644);
#1404=AXIS2_PLACEMENT_3D('',#2426,#1645,#1646);
#1405=AXIS2_PLACEMENT_3D('',#2432,#1650,#1651);
#1406=AXIS2_PLACEMENT_3D('',#2542,#1656,#1657);
#1407=AXIS2_PLACEMENT_3D('',#2544,#1659,#1660);
#1408=AXIS2_PLACEMENT_3D('',#2545,#1661,#1662);
#1409=AXIS2_PLACEMENT_3D('',#3522,#1679,#1680);
#1410=AXIS2_PLACEMENT_3D('',#3523,#1681,#1682);
#1411=DIRECTION('axis',(0.,0.,1.));
#1412=DIRECTION('refdir',(1.,0.,0.));
#1413=DIRECTION('center_axis',(-1.,0.,0.));
#1414=DIRECTION('ref_axis',(0.,-0.707106781186548,0.707106781186548));
#1415=DIRECTION('center_axis',(1.,0.,0.));
#1416=DIRECTION('ref_axis',(0.,-0.707106781186548,0.707106781186548));
#1417=DIRECTION('',(1.,0.,0.));
#1418=DIRECTION('center_axis',(-1.,0.,0.));
#1419=DIRECTION('ref_axis',(0.,-0.707106781186548,0.707106781186548));
#1420=DIRECTION('',(-1.,0.,0.));
#1421=DIRECTION('center_axis',(0.,0.,-1.));
#1422=DIRECTION('ref_axis',(-1.,0.,0.));
#1423=DIRECTION('',(0.,-1.,0.));
#1424=DIRECTION('',(-1.,0.,0.));
#1425=DIRECTION('',(0.,-1.,0.));
#1426=DIRECTION('center_axis',(-1.,0.,0.));
#1427=DIRECTION('ref_axis',(0.,0.,1.));
#1428=DIRECTION('',(0.,0.,-1.));
#1429=DIRECTION('center_axis',(-1.,0.,0.));
#1430=DIRECTION('ref_axis',(0.,-0.707106781186535,-0.70710678118656));
#1431=DIRECTION('',(0.,1.,0.));
#1432=DIRECTION('center_axis',(1.,0.,0.));
#1433=DIRECTION('ref_axis',(0.,0.,-1.));
#1434=DIRECTION('',(0.,0.,1.));
#1435=DIRECTION('center_axis',(-1.,0.,0.));
#1436=DIRECTION('ref_axis',(0.,0.,1.));
#1437=DIRECTION('',(0.,1.,0.));
#1438=DIRECTION('center_axis',(-1.,0.,0.));
#1439=DIRECTION('ref_axis',(0.,0.707106781186537,-0.707106781186558));
#1440=DIRECTION('',(0.,0.,1.));
#1441=DIRECTION('',(0.,1.,4.90963671116629E-16));
#1442=DIRECTION('center_axis',(1.,0.,0.));
#1443=DIRECTION('ref_axis',(0.,0.,-1.));
#1444=DIRECTION('',(0.,1.,0.));
#1445=DIRECTION('',(0.,0.,1.));
#1446=DIRECTION('center_axis',(-1.,0.,0.));
#1447=DIRECTION('ref_axis',(0.,0.707106781186558,0.707106781186537));
#1448=DIRECTION('',(0.,-1.,0.));
#1449=DIRECTION('center_axis',(-1.,0.,0.));
#1450=DIRECTION('ref_axis',(0.,0.,-1.));
#1451=DIRECTION('',(0.,0.,1.));
#1452=DIRECTION('center_axis',(1.,0.,0.));
#1453=DIRECTION('ref_axis',(0.,0.,1.));
#1454=DIRECTION('',(0.,-1.,0.));
#1455=DIRECTION('',(0.,0.,1.));
#1456=DIRECTION('',(0.,1.,0.));
#1457=DIRECTION('',(0.,0.,-1.));
#1458=DIRECTION('',(0.,-0.859632156750453,-0.51091345165357));
#1459=DIRECTION('',(0.,0.,1.));
#1460=DIRECTION('',(0.,0.861219188778507,0.508233714819953));
#1461=DIRECTION('',(0.,0.,1.));
#1462=DIRECTION('center_axis',(-1.,0.,0.));
#1463=DIRECTION('ref_axis',(0.,-0.707106781186535,-0.70710678118656));
#1464=DIRECTION('center_axis',(1.,0.,0.));
#1465=DIRECTION('ref_axis',(0.,-0.707106781186535,-0.70710678118656));
#1466=DIRECTION('',(1.,0.,0.));
#1467=DIRECTION('',(-1.,0.,0.));
#1468=DIRECTION('center_axis',(0.,0.,1.));
#1469=DIRECTION('ref_axis',(1.,0.,0.));
#1470=DIRECTION('',(0.,1.,0.));
#1471=DIRECTION('',(-1.,0.,0.));
#1472=DIRECTION('center_axis',(0.,1.,0.));
#1473=DIRECTION('ref_axis',(0.,0.,1.));
#1474=DIRECTION('',(0.,0.,-1.));
#1475=DIRECTION('center_axis',(0.,1.,0.));
#1476=DIRECTION('ref_axis',(0.,0.,1.));
#1477=DIRECTION('center_axis',(0.,1.,0.));
#1478=DIRECTION('ref_axis',(0.,0.,1.));
#1479=DIRECTION('center_axis',(1.,0.,0.));
#1480=DIRECTION('ref_axis',(0.,0.707106781186558,0.707106781186537));
#1481=DIRECTION('',(-1.,0.,0.));
#1482=DIRECTION('center_axis',(1.,0.,0.));
#1483=DIRECTION('ref_axis',(0.,0.707106781186558,0.707106781186537));
#1484=DIRECTION('',(1.,0.,0.));
#1485=DIRECTION('center_axis',(0.,-1.,0.));
#1486=DIRECTION('ref_axis',(0.,0.,-1.));
#1487=DIRECTION('',(-1.,0.,0.));
#1488=DIRECTION('',(0.,0.,1.));
#1489=DIRECTION('center_axis',(-1.,0.,0.));
#1490=DIRECTION('ref_axis',(0.,0.707106781186537,-0.707106781186558));
#1491=DIRECTION('center_axis',(1.,0.,0.));
#1492=DIRECTION('ref_axis',(0.,0.707106781186537,-0.707106781186558));
#1493=DIRECTION('',(1.,0.,0.));
#1494=DIRECTION('',(-1.,0.,0.));
#1495=DIRECTION('center_axis',(0.,0.,1.));
#1496=DIRECTION('ref_axis',(1.,0.,0.));
#1497=DIRECTION('',(-1.,0.,0.));
#1498=DIRECTION('',(0.,1.,0.));
#1499=DIRECTION('center_axis',(0.,0.,1.));
#1500=DIRECTION('ref_axis',(1.,0.,0.));
#1501=DIRECTION('center_axis',(0.,0.,-1.));
#1502=DIRECTION('ref_axis',(-1.,0.,0.));
#1503=DIRECTION('',(0.,-1.,0.));
#1504=DIRECTION('',(-1.,0.,0.));
#1505=DIRECTION('center_axis',(0.,0.,1.));
#1506=DIRECTION('ref_axis',(1.,0.,0.));
#1507=DIRECTION('center_axis',(-1.,0.,0.));
#1508=DIRECTION('ref_axis',(0.,0.,1.));
#1509=DIRECTION('center_axis',(1.,0.,0.));
#1510=DIRECTION('ref_axis',(0.,0.,1.));
#1511=DIRECTION('',(0.,0.,1.));
#1512=DIRECTION('center_axis',(-1.,0.,0.));
#1513=DIRECTION('ref_axis',(0.,0.,-1.));
#1514=DIRECTION('',(0.,1.,0.));
#1515=DIRECTION('center_axis',(1.,0.,0.));
#1516=DIRECTION('ref_axis',(0.,0.,-1.));
#1517=DIRECTION('',(0.,1.,4.90963671116629E-16));
#1518=DIRECTION('',(0.,0.,1.));
#1519=DIRECTION('center_axis',(-1.,0.,0.));
#1520=DIRECTION('ref_axis',(0.,0.,1.));
#1521=DIRECTION('',(0.,0.,1.));
#1522=DIRECTION('center_axis',(1.,0.,0.));
#1523=DIRECTION('ref_axis',(0.,0.,-1.));
#1524=DIRECTION('center_axis',(0.,-1.,0.));
#1525=DIRECTION('ref_axis',(0.,0.,-1.));
#1526=DIRECTION('center_axis',(0.,-1.,0.));
#1527=DIRECTION('ref_axis',(0.,0.,-1.));
#1528=DIRECTION('center_axis',(-1.,0.,0.));
#1529=DIRECTION('ref_axis',(0.,0.,1.));
#1530=DIRECTION('center_axis',(0.,-1.,0.));
#1531=DIRECTION('ref_axis',(0.,0.,-1.));
#1532=DIRECTION('center_axis',(0.,-1.,0.));
#1533=DIRECTION('ref_axis',(0.,0.,-1.));
#1534=DIRECTION('center_axis',(0.,-1.,0.));
#1535=DIRECTION('ref_axis',(0.,0.,-1.));
#1536=DIRECTION('center_axis',(0.,-1.,0.));
#1537=DIRECTION('ref_axis',(0.,0.,-1.));
#1538=DIRECTION('center_axis',(-1.,0.,0.));
#1539=DIRECTION('ref_axis',(0.,0.,1.));
#1540=DIRECTION('center_axis',(0.,-1.,0.));
#1541=DIRECTION('ref_axis',(0.,0.,-1.));
#1542=DIRECTION('center_axis',(0.,-1.,0.));
#1543=DIRECTION('ref_axis',(0.,0.,-1.));
#1544=DIRECTION('center_axis',(0.,0.,1.));
#1545=DIRECTION('ref_axis',(1.,0.,0.));
#1546=DIRECTION('center_axis',(0.,-1.,0.));
#1547=DIRECTION('ref_axis',(-1.,0.,0.));
#1548=DIRECTION('center_axis',(0.,0.,1.));
#1549=DIRECTION('ref_axis',(1.,0.,0.));
#1550=DIRECTION('center_axis',(0.,0.,1.));
#1551=DIRECTION('ref_axis',(1.,0.,0.));
#1552=DIRECTION('center_axis',(0.,-5.33761069531325E-16,1.));
#1553=DIRECTION('ref_axis',(0.,-1.,-5.33761069531325E-16));
#1554=DIRECTION('',(0.,0.,1.));
#1555=DIRECTION('center_axis',(0.,0.,1.));
#1556=DIRECTION('ref_axis',(1.,0.,0.));
#1557=DIRECTION('center_axis',(0.,-1.,0.));
#1558=DIRECTION('ref_axis',(0.,0.,-1.));
#1559=DIRECTION('',(-1.,0.,0.));
#1560=DIRECTION('center_axis',(-1.,0.,0.));
#1561=DIRECTION('ref_axis',(0.,-1.,-1.07187543957223E-15));
#1562=DIRECTION('',(-1.,0.,0.));
#1563=DIRECTION('',(-1.,0.,0.));
#1564=DIRECTION('center_axis',(-1.,0.,0.));
#1565=DIRECTION('ref_axis',(0.,0.,1.));
#1566=DIRECTION('',(-1.,0.,0.));
#1567=DIRECTION('center_axis',(-1.,0.,0.));
#1568=DIRECTION('ref_axis',(0.,0.,1.));
#1569=DIRECTION('',(-1.,0.,0.));
#1570=DIRECTION('center_axis',(0.,-1.,0.));
#1571=DIRECTION('ref_axis',(0.,0.,-1.));
#1572=DIRECTION('',(-1.,0.,0.));
#1573=DIRECTION('center_axis',(-1.,0.,0.));
#1574=DIRECTION('ref_axis',(0.,0.,1.));
#1575=DIRECTION('center_axis',(-1.,0.,0.));
#1576=DIRECTION('ref_axis',(0.,0.,1.));
#1577=DIRECTION('',(-1.,0.,0.));
#1578=DIRECTION('center_axis',(0.,-1.,0.));
#1579=DIRECTION('ref_axis',(0.,0.,-1.));
#1580=DIRECTION('center_axis',(0.,-5.33761069531325E-16,1.));
#1581=DIRECTION('ref_axis',(1.,0.,0.));
#1582=DIRECTION('center_axis',(0.,-5.33761069531325E-16,1.));
#1583=DIRECTION('ref_axis',(1.,0.,0.));
#1584=DIRECTION('center_axis',(0.,-5.33761069531325E-16,1.));
#1585=DIRECTION('ref_axis',(0.,-1.,-5.33761069531325E-16));
#1586=DIRECTION('center_axis',(0.,1.,0.));
#1587=DIRECTION('ref_axis',(0.,0.,1.));
#1588=DIRECTION('',(0.,1.,0.));
#1589=DIRECTION('center_axis',(0.,1.,0.));
#1590=DIRECTION('ref_axis',(0.,0.,1.));
#1591=DIRECTION('',(0.,1.,0.));
#1592=DIRECTION('center_axis',(0.,0.,1.));
#1593=DIRECTION('ref_axis',(1.,0.,0.));
#1594=DIRECTION('',(0.,0.,1.));
#1595=DIRECTION('center_axis',(0.,0.,1.));
#1596=DIRECTION('ref_axis',(1.,0.,0.));
#1597=DIRECTION('center_axis',(0.,0.,1.));
#1598=DIRECTION('ref_axis',(1.,0.,0.));
#1599=DIRECTION('center_axis',(0.,0.,1.));
#1600=DIRECTION('ref_axis',(1.,0.,0.));
#1601=DIRECTION('',(0.,0.,1.));
#1602=DIRECTION('center_axis',(1.,-1.86093939287054E-12,5.70287137427178E-14));
#1603=DIRECTION('ref_axis',(5.70287137427178E-14,0.,-1.));
#1604=DIRECTION('',(0.,0.,1.));
#1605=DIRECTION('',(0.,-1.,0.));
#1606=DIRECTION('',(0.,0.,1.));
#1607=DIRECTION('',(0.,0.861219188778507,0.508233714819953));
#1608=DIRECTION('',(0.,0.,1.));
#1609=DIRECTION('',(0.,-0.859632156750453,-0.51091345165357));
#1610=DIRECTION('',(0.,0.,-1.));
#1611=DIRECTION('',(0.,1.,0.));
#1612=DIRECTION('',(0.,0.,-1.));
#1613=DIRECTION('',(0.,-1.,0.));
#1614=DIRECTION('',(0.,0.,1.));
#1615=DIRECTION('center_axis',(0.,-1.,0.));
#1616=DIRECTION('ref_axis',(0.,0.,-1.));
#1617=DIRECTION('',(-1.,0.,0.));
#1618=DIRECTION('',(-1.,0.,0.));
#1619=DIRECTION('center_axis',(0.,0.,-1.));
#1620=DIRECTION('ref_axis',(-1.,0.,0.));
#1621=DIRECTION('',(-1.,0.,0.));
#1622=DIRECTION('center_axis',(0.,-1.,0.));
#1623=DIRECTION('ref_axis',(0.,0.,-1.));
#1624=DIRECTION('',(-1.,0.,0.));
#1625=DIRECTION('',(-1.,0.,0.));
#1626=DIRECTION('',(-1.,0.,0.));
#1627=DIRECTION('center_axis',(0.,-0.508233714819955,0.861219188778507));
#1628=DIRECTION('ref_axis',(1.,0.,0.));
#1629=DIRECTION('',(-1.,0.,0.));
#1630=DIRECTION('center_axis',(0.,-1.,0.));
#1631=DIRECTION('ref_axis',(0.,0.,-1.));
#1632=DIRECTION('',(-1.,0.,0.));
#1633=DIRECTION('center_axis',(0.,0.510913451653571,-0.859632156750452));
#1634=DIRECTION('ref_axis',(-1.,0.,0.));
#1635=DIRECTION('',(-1.,0.,0.));
#1636=DIRECTION('',(-1.,0.,0.));
#1637=DIRECTION('',(-1.,0.,0.));
#1638=DIRECTION('',(-1.,0.,0.));
#1639=DIRECTION('',(-1.,0.,0.));
#1640=DIRECTION('center_axis',(0.,1.,0.));
#1641=DIRECTION('ref_axis',(0.,0.,1.));
#1642=DIRECTION('',(-1.,0.,0.));
#1643=DIRECTION('center_axis',(0.,0.,1.));
#1644=DIRECTION('ref_axis',(1.,0.,0.));
#1645=DIRECTION('center_axis',(0.,0.,-1.));
#1646=DIRECTION('ref_axis',(-1.,0.,0.));
#1647=DIRECTION('',(0.,-1.,0.));
#1648=DIRECTION('',(-1.,0.,0.));
#1649=DIRECTION('',(-1.,0.,0.));
#1650=DIRECTION('center_axis',(0.,1.,0.));
#1651=DIRECTION('ref_axis',(0.,0.,1.));
#1652=DIRECTION('',(0.,0.,-1.));
#1653=DIRECTION('',(-1.,0.,0.));
#1654=DIRECTION('',(-1.,0.,0.));
#1655=DIRECTION('',(-1.,0.,0.));
#1656=DIRECTION('center_axis',(0.,-1.,0.));
#1657=DIRECTION('ref_axis',(0.,0.,-1.));
#1658=DIRECTION('',(0.,0.,1.));
#1659=DIRECTION('center_axis',(-1.,0.,0.));
#1660=DIRECTION('ref_axis',(0.,0.,1.));
#1661=DIRECTION('center_axis',(1.,0.,0.));
#1662=DIRECTION('ref_axis',(0.,0.,-1.));
#1663=DIRECTION('',(-1.,0.,0.));
#1664=DIRECTION('',(-1.,0.,0.));
#1665=DIRECTION('',(-1.,0.,0.));
#1666=DIRECTION('',(-1.,0.,0.));
#1667=DIRECTION('',(-1.,0.,0.));
#1668=DIRECTION('',(-1.,0.,0.));
#1669=DIRECTION('',(-1.,0.,0.));
#1670=DIRECTION('',(-1.,0.,0.));
#1671=DIRECTION('',(-1.,0.,0.));
#1672=DIRECTION('',(-1.,0.,0.));
#1673=DIRECTION('',(-1.,0.,0.));
#1674=DIRECTION('',(-1.,0.,0.));
#1675=DIRECTION('',(-1.,0.,0.));
#1676=DIRECTION('',(-1.,0.,0.));
#1677=DIRECTION('',(-1.,0.,0.));
#1678=DIRECTION('',(-1.,0.,0.));
#1679=DIRECTION('center_axis',(-1.,0.,0.));
#1680=DIRECTION('ref_axis',(0.,0.,1.));
#1681=DIRECTION('center_axis',(-1.,0.,0.));
#1682=DIRECTION('ref_axis',(0.,0.,1.));
#1683=CARTESIAN_POINT('',(0.,0.,0.));
#1684=CARTESIAN_POINT('Origin',(14.,1.3,-0.3));
#1685=CARTESIAN_POINT('',(0.,1.3,0.));
#1686=CARTESIAN_POINT('',(0.,1.,-0.3));
#1687=CARTESIAN_POINT('Origin',(0.,1.3,-0.3));
#1688=CARTESIAN_POINT('',(14.,1.,-0.3));
#1689=CARTESIAN_POINT('',(14.,1.,-0.3));
#1690=CARTESIAN_POINT('',(14.,1.3,0.));
#1691=CARTESIAN_POINT('Origin',(14.,1.3,-0.3));
#1692=CARTESIAN_POINT('',(14.,1.3,0.));
#1693=CARTESIAN_POINT('Origin',(14.,0.300000000000002,0.));
#1694=CARTESIAN_POINT('',(14.,6.7,0.));
#1695=CARTESIAN_POINT('',(14.,6.7,0.));
#1696=CARTESIAN_POINT('',(0.,6.7,0.));
#1697=CARTESIAN_POINT('',(14.,6.7,0.));
#1698=CARTESIAN_POINT('',(0.,6.7,0.));
#1699=CARTESIAN_POINT('Origin',(14.,7.3,-30.3));
#1700=CARTESIAN_POINT('',(14.,1.,-41.7));
#1701=CARTESIAN_POINT('',(14.,1.,-0.300000000000002));
#1702=CARTESIAN_POINT('',(14.,1.3,-42.));
#1703=CARTESIAN_POINT('Origin',(14.,1.3,-41.7));
#1704=CARTESIAN_POINT('',(14.,6.7,-42.));
#1705=CARTESIAN_POINT('',(14.,0.300000000000002,-42.));
#1706=CARTESIAN_POINT('',(14.,7.,-41.7));
#1707=CARTESIAN_POINT('Origin',(14.,6.7,-41.7));
#1708=CARTESIAN_POINT('',(14.,7.,-30.3));
#1709=CARTESIAN_POINT('',(14.,7.,-41.7));
#1710=CARTESIAN_POINT('',(14.,7.3,-30.));
#1711=CARTESIAN_POINT('Origin',(14.,7.3,-30.3));
#1712=CARTESIAN_POINT('',(14.,33.5,-30.));
#1713=CARTESIAN_POINT('',(14.,7.3,-30.));
#1714=CARTESIAN_POINT('',(14.,33.8,-29.7));
#1715=CARTESIAN_POINT('Origin',(14.,33.5,-29.7));
#1716=CARTESIAN_POINT('',(14.,33.8,-21.6));
#1717=CARTESIAN_POINT('',(14.,33.8,-29.7));
#1718=CARTESIAN_POINT('',(14.,24.954743986657,-21.6));
#1719=CARTESIAN_POINT('',(14.,24.954743986657,-21.6));
#1720=CARTESIAN_POINT('',(14.,24.954743986657,-20.4));
#1721=CARTESIAN_POINT('Origin',(14.,21.,-21.));
#1722=CARTESIAN_POINT('',(14.,33.8,-20.4));
#1723=CARTESIAN_POINT('',(14.,24.954743986657,-20.4));
#1724=CARTESIAN_POINT('',(14.,33.8,-12.3));
#1725=CARTESIAN_POINT('',(14.,33.8,-20.4));
#1726=CARTESIAN_POINT('',(14.,33.5,-12.));
#1727=CARTESIAN_POINT('Origin',(14.,33.5,-12.3));
#1728=CARTESIAN_POINT('',(14.,7.3,-12.));
#1729=CARTESIAN_POINT('',(14.,33.7,-12.));
#1730=CARTESIAN_POINT('',(14.,7.,-11.7));
#1731=CARTESIAN_POINT('Origin',(14.,7.3,-11.7));
#1732=CARTESIAN_POINT('',(14.,7.,-0.300000000000002));
#1733=CARTESIAN_POINT('',(14.,7.,-11.7));
#1734=CARTESIAN_POINT('Origin',(14.,6.7,-0.3));
#1735=CARTESIAN_POINT('',(14.,9.09487179487179,-18.4871794871795));
#1736=CARTESIAN_POINT('',(14.,7.3,-18.4871794871795));
#1737=CARTESIAN_POINT('',(14.,9.09487179487179,-18.4871794871795));
#1738=CARTESIAN_POINT('',(14.,7.3,-17.9230769230769));
#1739=CARTESIAN_POINT('',(14.,7.3,-18.4871794871795));
#1740=CARTESIAN_POINT('',(14.,11.3,-17.9230769230769));
#1741=CARTESIAN_POINT('',(14.,7.3,-17.9230769230769));
#1742=CARTESIAN_POINT('',(14.,11.3,-19.6586538461538));
#1743=CARTESIAN_POINT('',(14.,11.3,-17.9230769230769));
#1744=CARTESIAN_POINT('',(14.,10.2214743589744,-21.));
#1745=CARTESIAN_POINT('Ctrl Pts',(14.,11.3,-19.6586538461538));
#1746=CARTESIAN_POINT('Ctrl Pts',(14.,11.2996797860518,-19.6995213683777));
#1747=CARTESIAN_POINT('Ctrl Pts',(14.,11.2990600494347,-19.7786156742904));
#1748=CARTESIAN_POINT('Ctrl Pts',(14.,11.2946730180145,-19.8933187490686));
#1749=CARTESIAN_POINT('Ctrl Pts',(14.,11.2852157291181,-20.0003825704692));
#1750=CARTESIAN_POINT('Ctrl Pts',(14.,11.2749889892437,-20.1000039930382));
#1751=CARTESIAN_POINT('Ctrl Pts',(14.,11.259292309431,-20.1921653169047));
#1752=CARTESIAN_POINT('Ctrl Pts',(14.,11.2412885722826,-20.2767714617407));
#1753=CARTESIAN_POINT('Ctrl Pts',(14.,11.2198638528817,-20.3539530551557));
#1754=CARTESIAN_POINT('Ctrl Pts',(14.,11.1945596076363,-20.4240551455566));
#1755=CARTESIAN_POINT('Ctrl Pts',(14.,11.1659316449652,-20.489094599615));
#1756=CARTESIAN_POINT('Ctrl Pts',(14.,11.1306093610389,-20.549381260759));
#1757=CARTESIAN_POINT('Ctrl Pts',(14.,11.0919036693934,-20.6074211677914));
#1758=CARTESIAN_POINT('Ctrl Pts',(14.,11.0464302579941,-20.6610602572809));
#1759=CARTESIAN_POINT('Ctrl Pts',(14.,10.996641081499,-20.7117132654602));
#1760=CARTESIAN_POINT('Ctrl Pts',(14.,10.9418596106307,-20.7593332455295));
#1761=CARTESIAN_POINT('Ctrl Pts',(14.,10.8816104537126,-20.8032152215771));
#1762=CARTESIAN_POINT('Ctrl Pts',(14.,10.7953814155628,-20.8573383838383));
#1763=CARTESIAN_POINT('Ctrl Pts',(14.,10.6805424952545,-20.9154015021469));
#1764=CARTESIAN_POINT('Ctrl Pts',(14.,10.5335735602621,-20.9637771998212));
#1765=CARTESIAN_POINT('Ctrl Pts',(14.,10.3798386898242,-20.9949689842881));
#1766=CARTESIAN_POINT('Ctrl Pts',(14.,10.2747787151563,-20.9983065943447));
#1767=CARTESIAN_POINT('Ctrl Pts',(14.,10.2214743589744,-21.));
#1768=CARTESIAN_POINT('',(14.,9.14615384615385,-19.9391025641026));
#1769=CARTESIAN_POINT('Ctrl Pts',(14.,10.2214743589744,-21.));
#1770=CARTESIAN_POINT('Ctrl Pts',(14.,10.1872577161398,-20.9992172694959));
#1771=CARTESIAN_POINT('Ctrl Pts',(14.,10.1196775000648,-20.9976713230729));
#1772=CARTESIAN_POINT('Ctrl Pts',(14.,10.0203164932563,-20.9858292179644));
#1773=CARTESIAN_POINT('Ctrl Pts',(14.,9.92538104675969,-20.9644018848931));
#1774=CARTESIAN_POINT('Ctrl Pts',(14.,9.83403973295445,-20.9369255536259));
#1775=CARTESIAN_POINT('Ctrl Pts',(14.,9.74758671225698,-20.8993188383032));
#1776=CARTESIAN_POINT('Ctrl Pts',(14.,9.66425615537376,-20.8557530909123));
#1777=CARTESIAN_POINT('Ctrl Pts',(14.,9.58633737502513,-20.8017813238381));
#1778=CARTESIAN_POINT('Ctrl Pts',(14.,9.5117555190207,-20.7413539622909));
#1779=CARTESIAN_POINT('Ctrl Pts',(14.,9.44210793159662,-20.6720599830593));
#1780=CARTESIAN_POINT('Ctrl Pts',(14.,9.37990732647048,-20.5932898084874));
#1781=CARTESIAN_POINT('Ctrl Pts',(14.,9.32395775765007,-20.5058242692406));
#1782=CARTESIAN_POINT('Ctrl Pts',(14.,9.27580289547794,-20.4092514377405));
#1783=CARTESIAN_POINT('Ctrl Pts',(14.,9.23178706527147,-20.3046829643682));
#1784=CARTESIAN_POINT('Ctrl Pts',(14.,9.19634339798947,-20.1908068020286));
#1785=CARTESIAN_POINT('Ctrl Pts',(14.,9.16740092580409,-20.068082545417));
#1786=CARTESIAN_POINT('Ctrl Pts',(14.,9.15338586385368,-19.9830043860539));
#1787=CARTESIAN_POINT('Ctrl Pts',(14.,9.14615384615385,-19.9391025641026));
#1788=CARTESIAN_POINT('',(14.,8.94903846153846,-20.25));
#1789=CARTESIAN_POINT('Ctrl Pts',(14.,9.14615384615385,-19.9391025641026));
#1790=CARTESIAN_POINT('Ctrl Pts',(14.,9.12988527270099,-19.9713062137201));
#1791=CARTESIAN_POINT('Ctrl Pts',(14.,9.09899066602815,-20.0324621037092));
#1792=CARTESIAN_POINT('Ctrl Pts',(14.,9.05054819108776,-20.117133191206));
#1793=CARTESIAN_POINT('Ctrl Pts',(14.,9.00105191893769,-20.1889059411014));
#1794=CARTESIAN_POINT('Ctrl Pts',(14.,8.96565073020564,-20.2304875320515));
#1795=CARTESIAN_POINT('Ctrl Pts',(14.,8.94903846153846,-20.25));
#1796=CARTESIAN_POINT('',(14.,8.40416666666667,-20.6714743589744));
#1797=CARTESIAN_POINT('Ctrl Pts',(14.,8.94903846153846,-20.25));
#1798=CARTESIAN_POINT('Ctrl Pts',(14.,8.9119961622502,-20.287786996579));
#1799=CARTESIAN_POINT('Ctrl Pts',(14.,8.83590864794661,-20.3654041720225));
#1800=CARTESIAN_POINT('Ctrl Pts',(14.,8.70630932229974,-20.4723640111795));
#1801=CARTESIAN_POINT('Ctrl Pts',(14.,8.56204538611609,-20.5760652486505));
#1802=CARTESIAN_POINT('Ctrl Pts',(14.,8.45778535052824,-20.6390715694039));
#1803=CARTESIAN_POINT('Ctrl Pts',(14.,8.40416666666667,-20.6714743589744));
#1804=CARTESIAN_POINT('',(14.,7.3,-21.3277243589744));
#1805=CARTESIAN_POINT('',(14.,8.40416666666667,-20.6714743589744));
#1806=CARTESIAN_POINT('',(14.,7.3,-20.6810897435897));
#1807=CARTESIAN_POINT('',(14.,7.3,-21.3277243589744));
#1808=CARTESIAN_POINT('',(14.,8.14455128205128,-20.1826923076923));
#1809=CARTESIAN_POINT('',(14.,7.3,-20.6810897435897));
#1810=CARTESIAN_POINT('',(14.,9.07644230769231,-19.3429487179487));
#1811=CARTESIAN_POINT('Ctrl Pts',(14.,8.14455128205128,-20.1826923076923));
#1812=CARTESIAN_POINT('Ctrl Pts',(14.,8.17418337892352,-20.1647724393269));
#1813=CARTESIAN_POINT('Ctrl Pts',(14.,8.2316055171146,-20.1300466768511));
#1814=CARTESIAN_POINT('Ctrl Pts',(14.,8.31546778565765,-20.0798865570301));
#1815=CARTESIAN_POINT('Ctrl Pts',(14.,8.39267636591124,-20.0307062087144));
#1816=CARTESIAN_POINT('Ctrl Pts',(14.,8.46543792111624,-19.9850922768681));
#1817=CARTESIAN_POINT('Ctrl Pts',(14.,8.53243150112215,-19.9411936717035));
#1818=CARTESIAN_POINT('Ctrl Pts',(14.,8.59388982857384,-19.8994345564885));
#1819=CARTESIAN_POINT('Ctrl Pts',(14.,8.65061915643971,-19.8609641606171));
#1820=CARTESIAN_POINT('Ctrl Pts',(14.,8.7166668573121,-19.8133136017124));
#1821=CARTESIAN_POINT('Ctrl Pts',(14.,8.78974925121902,-19.7578562653871));
#1822=CARTESIAN_POINT('Ctrl Pts',(14.,8.86501031644747,-19.6931413589624));
#1823=CARTESIAN_POINT('Ctrl Pts',(14.,8.92501496122374,-19.6315135807859));
#1824=CARTESIAN_POINT('Ctrl Pts',(14.,8.98385589837233,-19.5556178346186));
#1825=CARTESIAN_POINT('Ctrl Pts',(14.,9.03889170449754,-19.4616094708728));
#1826=CARTESIAN_POINT('Ctrl Pts',(14.,9.0641791454689,-19.3817005871294));
#1827=CARTESIAN_POINT('Ctrl Pts',(14.,9.07644230769231,-19.3429487179487));
#1828=CARTESIAN_POINT('',(14.,9.09487179487179,-19.0649038461538));
#1829=CARTESIAN_POINT('Ctrl Pts',(14.,9.07644230769231,-19.3429487179487));
#1830=CARTESIAN_POINT('Ctrl Pts',(14.,9.07937433057181,-19.3266898698919));
#1831=CARTESIAN_POINT('Ctrl Pts',(14.,9.0860682267027,-19.289570432366));
#1832=CARTESIAN_POINT('Ctrl Pts',(14.,9.09044002093803,-19.2265417200736));
#1833=CARTESIAN_POINT('Ctrl Pts',(14.,9.09508009563019,-19.1501747026628));
#1834=CARTESIAN_POINT('Ctrl Pts',(14.,9.09494489941651,-19.0948302237159));
#1835=CARTESIAN_POINT('Ctrl Pts',(14.,9.09487179487179,-19.0649038461538));
#1836=CARTESIAN_POINT('',(14.,9.09487179487179,-19.0649038461538));
#1837=CARTESIAN_POINT('',(14.,7.24871794871795,-23.));
#1838=CARTESIAN_POINT('',(14.,8.47788461538462,-21.7179487179487));
#1839=CARTESIAN_POINT('Ctrl Pts',(14.,7.24871794871795,-23.));
#1840=CARTESIAN_POINT('Ctrl Pts',(14.,7.24984974532885,-22.9532186196601));
#1841=CARTESIAN_POINT('Ctrl Pts',(14.,7.25206844792516,-22.8615113561649));
#1842=CARTESIAN_POINT('Ctrl Pts',(14.,7.26784916566271,-22.7272551516832));
#1843=CARTESIAN_POINT('Ctrl Pts',(14.,7.29613064354995,-22.6001984534723));
#1844=CARTESIAN_POINT('Ctrl Pts',(14.,7.3348082187197,-22.4800533777747));
#1845=CARTESIAN_POINT('Ctrl Pts',(14.,7.38331446808755,-22.366168178379));
#1846=CARTESIAN_POINT('Ctrl Pts',(14.,7.44488417289602,-22.2602246934235));
#1847=CARTESIAN_POINT('Ctrl Pts',(14.,7.51667822010793,-22.1607633719465));
#1848=CARTESIAN_POINT('Ctrl Pts',(14.,7.59875726674487,-22.0693571806808));
#1849=CARTESIAN_POINT('Ctrl Pts',(14.,7.6889892266157,-21.9869766220748));
#1850=CARTESIAN_POINT('Ctrl Pts',(14.,7.78579585432318,-21.9152665202043));
#1851=CARTESIAN_POINT('Ctrl Pts',(14.,7.88768732608041,-21.8541409867092));
#1852=CARTESIAN_POINT('Ctrl Pts',(14.,7.99523802877569,-21.8038359991059));
#1853=CARTESIAN_POINT('Ctrl Pts',(14.,8.10844894233389,-21.7654921275322));
#1854=CARTESIAN_POINT('Ctrl Pts',(14.,8.22689503267491,-21.7385819436592));
#1855=CARTESIAN_POINT('Ctrl Pts',(14.,8.35048578903328,-21.7209093204874));
#1856=CARTESIAN_POINT('Ctrl Pts',(14.,8.43481995427899,-21.7189494912576));
#1857=CARTESIAN_POINT('Ctrl Pts',(14.,8.47788461538462,-21.7179487179487));
#1858=CARTESIAN_POINT('',(14.,9.49391025641026,-22.4775641025641));
#1859=CARTESIAN_POINT('Ctrl Pts',(14.,8.47788461538462,-21.7179487179487));
#1860=CARTESIAN_POINT('Ctrl Pts',(14.,8.50994946039782,-21.7186443308184));
#1861=CARTESIAN_POINT('Ctrl Pts',(14.,8.5728662340753,-21.7200092436215));
#1862=CARTESIAN_POINT('Ctrl Pts',(14.,8.66514802048933,-21.7283470334733));
#1863=CARTESIAN_POINT('Ctrl Pts',(14.,8.75310226268411,-21.7449640884884));
#1864=CARTESIAN_POINT('Ctrl Pts',(14.,8.83724727447051,-21.7663679137345));
#1865=CARTESIAN_POINT('Ctrl Pts',(14.,8.91779356393333,-21.7935440746713));
#1866=CARTESIAN_POINT('Ctrl Pts',(14.,8.99410860064523,-21.8270710418877));
#1867=CARTESIAN_POINT('Ctrl Pts',(14.,9.06600793937053,-21.8677478908085));
#1868=CARTESIAN_POINT('Ctrl Pts',(14.,9.13395942609664,-21.9139594584474));
#1869=CARTESIAN_POINT('Ctrl Pts',(14.,9.19748601624229,-21.9662888818563));
#1870=CARTESIAN_POINT('Ctrl Pts',(14.,9.25603139388641,-22.0238880221766));
#1871=CARTESIAN_POINT('Ctrl Pts',(14.,9.3089296446678,-22.086966105768));
#1872=CARTESIAN_POINT('Ctrl Pts',(14.,9.35772576715297,-22.1541056560545));
#1873=CARTESIAN_POINT('Ctrl Pts',(14.,9.39896806413517,-22.2281209223595));
#1874=CARTESIAN_POINT('Ctrl Pts',(14.,9.43681555600317,-22.3062593004035));
#1875=CARTESIAN_POINT('Ctrl Pts',(14.,9.46909244887856,-22.3898641959385));
#1876=CARTESIAN_POINT('Ctrl Pts',(14.,9.4855548035387,-22.4480380279616));
#1877=CARTESIAN_POINT('Ctrl Pts',(14.,9.49391025641026,-22.4775641025641));
#1878=CARTESIAN_POINT('',(14.,10.2911858974359,-21.8717948717949));
#1879=CARTESIAN_POINT('Ctrl Pts',(14.,9.49391025641026,-22.4775641025641));
#1880=CARTESIAN_POINT('Ctrl Pts',(14.,9.51294538948727,-22.428906491338));
#1881=CARTESIAN_POINT('Ctrl Pts',(14.,9.5494420517645,-22.335613715451));
#1882=CARTESIAN_POINT('Ctrl Pts',(14.,9.62248214609834,-22.2097858128044));
#1883=CARTESIAN_POINT('Ctrl Pts',(14.,9.70650515580432,-22.1032926061168));
#1884=CARTESIAN_POINT('Ctrl Pts',(14.,9.80353724079933,-22.0174416911945));
#1885=CARTESIAN_POINT('Ctrl Pts',(14.,9.91157248255222,-21.9520076859438));
#1886=CARTESIAN_POINT('Ctrl Pts',(14.,10.0292334356859,-21.9048926151859));
#1887=CARTESIAN_POINT('Ctrl Pts',(14.,10.1571756020642,-21.8772964919085));
#1888=CARTESIAN_POINT('Ctrl Pts',(14.,10.2456443141933,-21.8736645228517));
#1889=CARTESIAN_POINT('Ctrl Pts',(14.,10.2911858974359,-21.8717948717949));
#1890=CARTESIAN_POINT('',(14.,11.3,-22.9935897435897));
#1891=CARTESIAN_POINT('Ctrl Pts',(14.,10.2911858974359,-21.8717948717949));
#1892=CARTESIAN_POINT('Ctrl Pts',(14.,10.3262281376945,-21.8726748294111));
#1893=CARTESIAN_POINT('Ctrl Pts',(14.,10.3950171506521,-21.8744022137169));
#1894=CARTESIAN_POINT('Ctrl Pts',(14.,10.4959533814236,-21.8893272072293));
#1895=CARTESIAN_POINT('Ctrl Pts',(14.,10.5926755429103,-21.9132317346289));
#1896=CARTESIAN_POINT('Ctrl Pts',(14.,10.6849106466726,-21.9471578520351));
#1897=CARTESIAN_POINT('Ctrl Pts',(14.,10.773417872119,-21.9896617168198));
#1898=CARTESIAN_POINT('Ctrl Pts',(14.,10.8565757275607,-22.0432944262951));
#1899=CARTESIAN_POINT('Ctrl Pts',(14.,10.9367344222944,-22.1049418946295));
#1900=CARTESIAN_POINT('Ctrl Pts',(14.,11.0106536979031,-22.1771589743346));
#1901=CARTESIAN_POINT('Ctrl Pts',(14.,11.0783566000547,-22.2567409477026));
#1902=CARTESIAN_POINT('Ctrl Pts',(14.,11.1386055335136,-22.3429406443168));
#1903=CARTESIAN_POINT('Ctrl Pts',(14.,11.1878745140843,-22.4364176654235));
#1904=CARTESIAN_POINT('Ctrl Pts',(14.,11.2290675335744,-22.5356134828071));
#1905=CARTESIAN_POINT('Ctrl Pts',(14.,11.2613173123131,-22.6410185707973));
#1906=CARTESIAN_POINT('Ctrl Pts',(14.,11.2832812082766,-22.7530042228776));
#1907=CARTESIAN_POINT('Ctrl Pts',(14.,11.2972518755457,-22.8711756651269));
#1908=CARTESIAN_POINT('Ctrl Pts',(14.,11.2990696917551,-22.9521495437805));
#1909=CARTESIAN_POINT('Ctrl Pts',(14.,11.3,-22.9935897435897));
#1910=CARTESIAN_POINT('',(14.,10.2783653846154,-24.1282051282051));
#1911=CARTESIAN_POINT('Ctrl Pts',(14.,11.3,-22.9935897435897));
#1912=CARTESIAN_POINT('Ctrl Pts',(14.,11.2990602462528,-23.0352940044368));
#1913=CARTESIAN_POINT('Ctrl Pts',(14.,11.2972297119939,-23.1165291987126));
#1914=CARTESIAN_POINT('Ctrl Pts',(14.,11.2834467562933,-23.2353284621837));
#1915=CARTESIAN_POINT('Ctrl Pts',(14.,11.2603456638929,-23.3480208164377));
#1916=CARTESIAN_POINT('Ctrl Pts',(14.,11.2275710294642,-23.4545399141355));
#1917=CARTESIAN_POINT('Ctrl Pts',(14.,11.1856666859133,-23.5550536862215));
#1918=CARTESIAN_POINT('Ctrl Pts',(14.,11.1341607469418,-23.6489016575141));
#1919=CARTESIAN_POINT('Ctrl Pts',(14.,11.0739027093802,-23.7370499359047));
#1920=CARTESIAN_POINT('Ctrl Pts',(14.,11.0041739747006,-23.8172454817574));
#1921=CARTESIAN_POINT('Ctrl Pts',(14.,10.9284712443455,-23.8902138694694));
#1922=CARTESIAN_POINT('Ctrl Pts',(14.,10.8473679964855,-23.9534340851108));
#1923=CARTESIAN_POINT('Ctrl Pts',(14.,10.7627567205544,-24.0076560518803));
#1924=CARTESIAN_POINT('Ctrl Pts',(14.,10.6741233835698,-24.0524623607135));
#1925=CARTESIAN_POINT('Ctrl Pts',(14.,10.5804586891489,-24.0856102374024));
#1926=CARTESIAN_POINT('Ctrl Pts',(14.,10.4835273234997,-24.1108763601811));
#1927=CARTESIAN_POINT('Ctrl Pts',(14.,10.3821775530738,-24.1255318826161));
#1928=CARTESIAN_POINT('Ctrl Pts',(14.,10.3134011839167,-24.127302928614));
#1929=CARTESIAN_POINT('Ctrl Pts',(14.,10.2783653846154,-24.1282051282051));
#1930=CARTESIAN_POINT('',(14.,9.49391025641026,-23.5352564102564));
#1931=CARTESIAN_POINT('Ctrl Pts',(14.,10.2783653846154,-24.1282051282051));
#1932=CARTESIAN_POINT('Ctrl Pts',(14.,10.2343934231494,-24.1267395327615));
#1933=CARTESIAN_POINT('Ctrl Pts',(14.,10.148172678184,-24.1238657757864));
#1934=CARTESIAN_POINT('Ctrl Pts',(14.,10.0238847576425,-24.0945809070233));
#1935=CARTESIAN_POINT('Ctrl Pts',(14.,9.90785575448043,-24.048937934043));
#1936=CARTESIAN_POINT('Ctrl Pts',(14.,9.80229697981689,-23.9829700650991));
#1937=CARTESIAN_POINT('Ctrl Pts',(14.,9.70611824802174,-23.8994242125497));
#1938=CARTESIAN_POINT('Ctrl Pts',(14.,9.62250902177168,-23.7957504725681));
#1939=CARTESIAN_POINT('Ctrl Pts',(14.,9.54958307786247,-23.6735233185037));
#1940=CARTESIAN_POINT('Ctrl Pts',(14.,9.5129674116762,-23.5825860384282));
#1941=CARTESIAN_POINT('Ctrl Pts',(14.,9.49391025641026,-23.5352564102564));
#1942=CARTESIAN_POINT('',(14.,8.46426282051282,-24.2820512820513));
#1943=CARTESIAN_POINT('Ctrl Pts',(14.,9.49391025641026,-23.5352564102564));
#1944=CARTESIAN_POINT('Ctrl Pts',(14.,9.48377354861736,-23.5651183330019));
#1945=CARTESIAN_POINT('Ctrl Pts',(14.,9.46390999920657,-23.6236347458329));
#1946=CARTESIAN_POINT('Ctrl Pts',(14.,9.42528913755463,-23.7063594948908));
#1947=CARTESIAN_POINT('Ctrl Pts',(14.,9.38364668142676,-23.7842423596614));
#1948=CARTESIAN_POINT('Ctrl Pts',(14.,9.33856869740055,-23.8577225302133));
#1949=CARTESIAN_POINT('Ctrl Pts',(14.,9.28670284319113,-23.9240876724053));
#1950=CARTESIAN_POINT('Ctrl Pts',(14.,9.23111573184412,-23.9855519223392));
#1951=CARTESIAN_POINT('Ctrl Pts',(14.,9.17102403165543,-24.0418568571468));
#1952=CARTESIAN_POINT('Ctrl Pts',(14.,9.10591665638502,-24.0922334111982));
#1953=CARTESIAN_POINT('Ctrl Pts',(14.,9.03716009861192,-24.1372094130862));
#1954=CARTESIAN_POINT('Ctrl Pts',(14.,8.9645867267372,-24.1757124408171));
#1955=CARTESIAN_POINT('Ctrl Pts',(14.,8.88922952778305,-24.2084123228579));
#1956=CARTESIAN_POINT('Ctrl Pts',(14.,8.8107390561149,-24.2363587681205));
#1957=CARTESIAN_POINT('Ctrl Pts',(14.,8.72856243424569,-24.2567714373182));
#1958=CARTESIAN_POINT('Ctrl Pts',(14.,8.64307730717396,-24.2710539084465));
#1959=CARTESIAN_POINT('Ctrl Pts',(14.,8.5547342114816,-24.2801157337052));
#1960=CARTESIAN_POINT('Ctrl Pts',(14.,8.49473350993411,-24.2813993909741));
#1961=CARTESIAN_POINT('Ctrl Pts',(14.,8.46426282051282,-24.2820512820513));
#1962=CARTESIAN_POINT('Ctrl Pts',(14.,8.46426282051282,-24.2820512820513));
#1963=CARTESIAN_POINT('Ctrl Pts',(14.,8.42226595690884,-24.2810321607618));
#1964=CARTESIAN_POINT('Ctrl Pts',(14.,8.33952893492155,-24.2790244141517));
#1965=CARTESIAN_POINT('Ctrl Pts',(14.,8.21808069622401,-24.2613837208897));
#1966=CARTESIAN_POINT('Ctrl Pts',(14.,8.10141309097466,-24.2346925710686));
#1967=CARTESIAN_POINT('Ctrl Pts',(14.,7.99001896632452,-24.1957737932554));
#1968=CARTESIAN_POINT('Ctrl Pts',(14.,7.88381957664096,-24.1460648445631));
#1969=CARTESIAN_POINT('Ctrl Pts',(14.,7.78296913504234,-24.0845742740625));
#1970=CARTESIAN_POINT('Ctrl Pts',(14.,7.68757138452532,-24.0119062471322));
#1971=CARTESIAN_POINT('Ctrl Pts',(14.,7.59732979871274,-23.9302043446131));
#1972=CARTESIAN_POINT('Ctrl Pts',(14.,7.51575531354564,-23.8388616663901));
#1973=CARTESIAN_POINT('Ctrl Pts',(14.,7.4438701929241,-23.7400458084588));
#1974=CARTESIAN_POINT('Ctrl Pts',(14.,7.38365723900374,-23.6333860010373));
#1975=CARTESIAN_POINT('Ctrl Pts',(14.,7.33380112963426,-23.520176392332));
#1976=CARTESIAN_POINT('Ctrl Pts',(14.,7.29516282970527,-23.3998748957487));
#1977=CARTESIAN_POINT('Ctrl Pts',(14.,7.26810782739297,-23.2726361505031));
#1978=CARTESIAN_POINT('Ctrl Pts',(14.,7.25199776413801,-23.1385024974509));
#1979=CARTESIAN_POINT('Ctrl Pts',(14.,7.2498258683882,-23.046786060083));
#1980=CARTESIAN_POINT('Ctrl Pts',(14.,7.24871794871795,-23.));
#1981=CARTESIAN_POINT('Origin',(14.,1.3,-41.7));
#1982=CARTESIAN_POINT('',(0.,1.,-41.7));
#1983=CARTESIAN_POINT('',(0.,1.3,-42.));
#1984=CARTESIAN_POINT('Origin',(0.,1.3,-41.7));
#1985=CARTESIAN_POINT('',(14.,1.3,-42.));
#1986=CARTESIAN_POINT('',(14.,1.,-41.7));
#1987=CARTESIAN_POINT('Origin',(14.,0.300000000000002,-42.));
#1988=CARTESIAN_POINT('',(0.,6.7,-42.));
#1989=CARTESIAN_POINT('',(0.,0.300000000000002,-42.));
#1990=CARTESIAN_POINT('',(14.,6.7,-42.));
#1991=CARTESIAN_POINT('Origin',(14.,1.,-0.300000000000002));
#1992=CARTESIAN_POINT('',(0.,1.,-0.300000000000002));
#1993=CARTESIAN_POINT('',(6.99999999999998,1.,-40.));
#1994=CARTESIAN_POINT('Origin',(6.99999999999998,1.,-37.));
#1995=CARTESIAN_POINT('',(7.,1.,-8.));
#1996=CARTESIAN_POINT('Origin',(7.,1.,-5.));
#1997=CARTESIAN_POINT('Origin',(14.,33.5,-12.3));
#1998=CARTESIAN_POINT('',(0.,33.8,-12.3));
#1999=CARTESIAN_POINT('',(14.,33.8,-12.3));
#2000=CARTESIAN_POINT('',(0.,33.5,-12.));
#2001=CARTESIAN_POINT('Origin',(0.,33.5,-12.3));
#2002=CARTESIAN_POINT('',(14.,33.5,-12.));
#2003=CARTESIAN_POINT('Origin',(14.,33.8,-12.3));
#2004=CARTESIAN_POINT('',(0.,33.8,-20.4));
#2005=CARTESIAN_POINT('',(14.,33.8,-20.4));
#2006=CARTESIAN_POINT('',(0.,33.8,-20.4));
#2007=CARTESIAN_POINT('Origin',(14.,33.5,-29.7));
#2008=CARTESIAN_POINT('',(0.,33.5,-30.));
#2009=CARTESIAN_POINT('',(0.,33.8,-29.7));
#2010=CARTESIAN_POINT('Origin',(0.,33.5,-29.7));
#2011=CARTESIAN_POINT('',(14.,33.8,-29.7));
#2012=CARTESIAN_POINT('',(14.,33.5,-30.));
#2013=CARTESIAN_POINT('Origin',(14.,33.7,-30.));
#2014=CARTESIAN_POINT('',(0.,7.3,-30.));
#2015=CARTESIAN_POINT('',(14.,7.3,-30.));
#2016=CARTESIAN_POINT('',(0.,7.3,-30.));
#2017=CARTESIAN_POINT('',(4.5,29.,-30.));
#2018=CARTESIAN_POINT('Origin',(7.,29.,-30.));
#2019=CARTESIAN_POINT('Origin',(14.,7.3,-12.));
#2020=CARTESIAN_POINT('',(0.,7.3,-12.));
#2021=CARTESIAN_POINT('',(0.,33.7,-12.));
#2022=CARTESIAN_POINT('',(14.,7.3,-12.));
#2023=CARTESIAN_POINT('',(4.,29.,-12.));
#2024=CARTESIAN_POINT('Origin',(7.,29.,-12.));
#2025=CARTESIAN_POINT('Origin',(0.,7.3,-30.3));
#2026=CARTESIAN_POINT('',(0.,7.,-0.300000000000002));
#2027=CARTESIAN_POINT('Origin',(0.,6.7,-0.3));
#2028=CARTESIAN_POINT('',(0.,7.,-11.7));
#2029=CARTESIAN_POINT('',(0.,7.,-11.7));
#2030=CARTESIAN_POINT('Origin',(0.,7.3,-11.7));
#2031=CARTESIAN_POINT('',(0.,24.954743986657,-20.4));
#2032=CARTESIAN_POINT('',(0.,24.954743986657,-20.4));
#2033=CARTESIAN_POINT('',(0.,24.954743986657,-21.6));
#2034=CARTESIAN_POINT('Origin',(0.,21.,-21.));
#2035=CARTESIAN_POINT('',(0.,33.8,-21.6));
#2036=CARTESIAN_POINT('',(0.,24.954743986657,-21.6));
#2037=CARTESIAN_POINT('',(0.,33.8,-29.7));
#2038=CARTESIAN_POINT('',(0.,7.,-30.3));
#2039=CARTESIAN_POINT('Origin',(0.,7.3,-30.3));
#2040=CARTESIAN_POINT('',(0.,7.,-41.7));
#2041=CARTESIAN_POINT('',(0.,7.,-41.7));
#2042=CARTESIAN_POINT('Origin',(0.,6.7,-41.7));
#2043=CARTESIAN_POINT('Origin',(6.99999999999998,6.5,-37.));
#2044=CARTESIAN_POINT('',(6.99999999999998,7.,-33.5));
#2045=CARTESIAN_POINT('Origin',(6.99999999999998,7.,-37.));
#2046=CARTESIAN_POINT('',(6.99999999999998,6.5,-34.));
#2047=CARTESIAN_POINT('Origin',(6.99999999999998,6.5,-33.5));
#2048=CARTESIAN_POINT('',(6.99999999999998,6.5,-40.));
#2049=CARTESIAN_POINT('Origin',(6.99999999999998,6.5,-37.));
#2050=CARTESIAN_POINT('Origin',(6.99999999999998,6.5,-37.));
#2051=CARTESIAN_POINT('Origin',(7.,6.5,-5.));
#2052=CARTESIAN_POINT('',(7.,7.,-1.5));
#2053=CARTESIAN_POINT('Origin',(7.,7.,-5.));
#2054=CARTESIAN_POINT('',(7.,6.5,-2.));
#2055=CARTESIAN_POINT('Origin',(7.,6.5,-1.5));
#2056=CARTESIAN_POINT('',(7.,6.5,-8.));
#2057=CARTESIAN_POINT('Origin',(7.,6.5,-5.));
#2058=CARTESIAN_POINT('Origin',(7.,6.5,-5.));
#2059=CARTESIAN_POINT('Origin',(7.,29.,-29.5));
#2060=CARTESIAN_POINT('',(5.,29.,-29.5));
#2061=CARTESIAN_POINT('Origin',(4.5,29.,-29.5));
#2062=CARTESIAN_POINT('Origin',(7.,29.,-29.5));
#2063=CARTESIAN_POINT('Origin',(7.,29.,-36.));
#2064=CARTESIAN_POINT('',(5.,29.,-20.4));
#2065=CARTESIAN_POINT('Origin',(7.,29.,-20.4));
#2066=CARTESIAN_POINT('',(5.,29.,-17.));
#2067=CARTESIAN_POINT('',(5.,29.,-36.));
#2068=CARTESIAN_POINT('Origin',(7.,29.,-17.));
#2069=CARTESIAN_POINT('Origin',(14.,33.8,-12.3));
#2070=CARTESIAN_POINT('',(14.,33.8,-21.6));
#2071=CARTESIAN_POINT('Origin',(14.,21.,-21.));
#2072=CARTESIAN_POINT('',(14.,24.954743986657,-21.6));
#2073=CARTESIAN_POINT('',(14.,24.954743986657,-20.4));
#2074=CARTESIAN_POINT('Origin',(14.,7.3,-30.3));
#2075=CARTESIAN_POINT('',(14.,7.,-30.3));
#2076=CARTESIAN_POINT('Origin',(14.,7.3,-11.7));
#2077=CARTESIAN_POINT('',(14.,7.,-11.7));
#2078=CARTESIAN_POINT('Origin',(14.,7.,-0.300000000000002));
#2079=CARTESIAN_POINT('',(14.,7.,-0.300000000000002));
#2080=CARTESIAN_POINT('Origin',(14.,6.7,-0.3));
#2081=CARTESIAN_POINT('Origin',(14.,6.7,-41.7));
#2082=CARTESIAN_POINT('',(14.,7.,-41.7));
#2083=CARTESIAN_POINT('Origin',(14.,7.,-41.7));
#2084=CARTESIAN_POINT('Origin',(14.000012,21.,-20.4));
#2085=CARTESIAN_POINT('Origin',(14.000012,21.,-21.6));
#2086=CARTESIAN_POINT('',(5.,29.,-21.6));
#2087=CARTESIAN_POINT('Origin',(7.,29.,-21.6));
#2088=CARTESIAN_POINT('Origin',(6.99999999999998,-7.,-37.));
#2089=CARTESIAN_POINT('',(6.99999999999998,-7.,-40.));
#2090=CARTESIAN_POINT('Origin',(7.,-7.,-5.));
#2091=CARTESIAN_POINT('',(7.,-7.,-8.));
#2092=CARTESIAN_POINT('Origin',(7.,29.,-36.));
#2093=CARTESIAN_POINT('',(5.,29.,-36.));
#2094=CARTESIAN_POINT('Origin',(7.,29.,-17.));
#2095=CARTESIAN_POINT('',(4.,29.,-17.));
#2096=CARTESIAN_POINT('Origin',(7.,29.,-17.));
#2097=CARTESIAN_POINT('Origin',(7.,29.,-17.));
#2098=CARTESIAN_POINT('',(4.,29.,-17.));
#2099=CARTESIAN_POINT('Origin',(14.5,11.0909085437548,-20.6065132128384));
#2100=CARTESIAN_POINT('',(14.5,7.3,-18.4871794871795));
#2101=CARTESIAN_POINT('',(14.5,7.3,-17.9230769230769));
#2102=CARTESIAN_POINT('',(14.5,7.3,-18.4871794871795));
#2103=CARTESIAN_POINT('',(14.5,9.09487179487179,-18.4871794871795));
#2104=CARTESIAN_POINT('',(14.5,9.09487179487179,-18.4871794871795));
#2105=CARTESIAN_POINT('',(14.5,9.09487179487179,-19.0649038461538));
#2106=CARTESIAN_POINT('',(14.5,9.09487179487179,-19.0649038461538));
#2107=CARTESIAN_POINT('',(14.5,9.07644230769231,-19.3429487179487));
#2108=CARTESIAN_POINT('Ctrl Pts',(14.5,9.07644230769231,-19.3429487179487));
#2109=CARTESIAN_POINT('Ctrl Pts',(14.5,9.07937433057181,-19.3266898698919));
#2110=CARTESIAN_POINT('Ctrl Pts',(14.5,9.0860682267027,-19.289570432366));
#2111=CARTESIAN_POINT('Ctrl Pts',(14.5,9.09044002093803,-19.2265417200736));
#2112=CARTESIAN_POINT('Ctrl Pts',(14.5,9.09508009563019,-19.1501747026628));
#2113=CARTESIAN_POINT('Ctrl Pts',(14.5,9.09494489941651,-19.0948302237159));
#2114=CARTESIAN_POINT('Ctrl Pts',(14.5,9.09487179487179,-19.0649038461538));
#2115=CARTESIAN_POINT('',(14.5,8.14455128205128,-20.1826923076923));
#2116=CARTESIAN_POINT('Ctrl Pts',(14.5,8.14455128205128,-20.1826923076923));
#2117=CARTESIAN_POINT('Ctrl Pts',(14.5,8.17418337892352,-20.1647724393269));
#2118=CARTESIAN_POINT('Ctrl Pts',(14.5,8.2316055171146,-20.1300466768511));
#2119=CARTESIAN_POINT('Ctrl Pts',(14.5,8.31546778565765,-20.0798865570301));
#2120=CARTESIAN_POINT('Ctrl Pts',(14.5,8.39267636591124,-20.0307062087144));
#2121=CARTESIAN_POINT('Ctrl Pts',(14.5,8.46543792111624,-19.9850922768681));
#2122=CARTESIAN_POINT('Ctrl Pts',(14.5,8.53243150112215,-19.9411936717035));
#2123=CARTESIAN_POINT('Ctrl Pts',(14.5,8.59388982857384,-19.8994345564885));
#2124=CARTESIAN_POINT('Ctrl Pts',(14.5,8.65061915643971,-19.8609641606171));
#2125=CARTESIAN_POINT('Ctrl Pts',(14.5,8.7166668573121,-19.8133136017124));
#2126=CARTESIAN_POINT('Ctrl Pts',(14.5,8.78974925121902,-19.7578562653871));
#2127=CARTESIAN_POINT('Ctrl Pts',(14.5,8.86501031644747,-19.6931413589624));
#2128=CARTESIAN_POINT('Ctrl Pts',(14.5,8.92501496122374,-19.6315135807859));
#2129=CARTESIAN_POINT('Ctrl Pts',(14.5,8.98385589837233,-19.5556178346186));
#2130=CARTESIAN_POINT('Ctrl Pts',(14.5,9.03889170449754,-19.4616094708728));
#2131=CARTESIAN_POINT('Ctrl Pts',(14.5,9.0641791454689,-19.3817005871294));
#2132=CARTESIAN_POINT('Ctrl Pts',(14.5,9.07644230769231,-19.3429487179487));
#2133=CARTESIAN_POINT('',(14.5,7.3,-20.6810897435897));
#2134=CARTESIAN_POINT('',(14.5,7.3,-20.6810897435897));
#2135=CARTESIAN_POINT('',(14.5,7.3,-21.3277243589744));
#2136=CARTESIAN_POINT('',(14.5,7.3,-21.3277243589744));
#2137=CARTESIAN_POINT('',(14.5,8.40416666666667,-20.6714743589744));
#2138=CARTESIAN_POINT('',(14.5,8.40416666666667,-20.6714743589744));
#2139=CARTESIAN_POINT('',(14.5,8.94903846153846,-20.25));
#2140=CARTESIAN_POINT('Ctrl Pts',(14.5,8.94903846153846,-20.25));
#2141=CARTESIAN_POINT('Ctrl Pts',(14.5,8.9119961622502,-20.287786996579));
#2142=CARTESIAN_POINT('Ctrl Pts',(14.5,8.83590864794661,-20.3654041720225));
#2143=CARTESIAN_POINT('Ctrl Pts',(14.5,8.70630932229974,-20.4723640111795));
#2144=CARTESIAN_POINT('Ctrl Pts',(14.5,8.56204538611609,-20.5760652486505));
#2145=CARTESIAN_POINT('Ctrl Pts',(14.5,8.45778535052824,-20.6390715694039));
#2146=CARTESIAN_POINT('Ctrl Pts',(14.5,8.40416666666667,-20.6714743589744));
#2147=CARTESIAN_POINT('',(14.5,9.14615384615385,-19.9391025641026));
#2148=CARTESIAN_POINT('Ctrl Pts',(14.5,9.14615384615385,-19.9391025641026));
#2149=CARTESIAN_POINT('Ctrl Pts',(14.5,9.12988527270099,-19.9713062137201));
#2150=CARTESIAN_POINT('Ctrl Pts',(14.5,9.09899066602815,-20.0324621037092));
#2151=CARTESIAN_POINT('Ctrl Pts',(14.5,9.05054819108776,-20.117133191206));
#2152=CARTESIAN_POINT('Ctrl Pts',(14.5,9.00105191893769,-20.1889059411014));
#2153=CARTESIAN_POINT('Ctrl Pts',(14.5,8.96565073020564,-20.2304875320515));
#2154=CARTESIAN_POINT('Ctrl Pts',(14.5,8.94903846153846,-20.25));
#2155=CARTESIAN_POINT('',(14.5,10.2214743589744,-21.));
#2156=CARTESIAN_POINT('Ctrl Pts',(14.5,10.2214743589744,-21.));
#2157=CARTESIAN_POINT('Ctrl Pts',(14.5,10.1872577161398,-20.9992172694959));
#2158=CARTESIAN_POINT('Ctrl Pts',(14.5,10.1196775000648,-20.9976713230729));
#2159=CARTESIAN_POINT('Ctrl Pts',(14.5,10.0203164932563,-20.9858292179644));
#2160=CARTESIAN_POINT('Ctrl Pts',(14.5,9.92538104675969,-20.9644018848931));
#2161=CARTESIAN_POINT('Ctrl Pts',(14.5,9.83403973295445,-20.9369255536259));
#2162=CARTESIAN_POINT('Ctrl Pts',(14.5,9.74758671225698,-20.8993188383032));
#2163=CARTESIAN_POINT('Ctrl Pts',(14.5,9.66425615537376,-20.8557530909123));
#2164=CARTESIAN_POINT('Ctrl Pts',(14.5,9.58633737502513,-20.8017813238381));
#2165=CARTESIAN_POINT('Ctrl Pts',(14.5,9.5117555190207,-20.7413539622909));
#2166=CARTESIAN_POINT('Ctrl Pts',(14.5,9.44210793159662,-20.6720599830593));
#2167=CARTESIAN_POINT('Ctrl Pts',(14.5,9.37990732647048,-20.5932898084874));
#2168=CARTESIAN_POINT('Ctrl Pts',(14.5,9.32395775765007,-20.5058242692406));
#2169=CARTESIAN_POINT('Ctrl Pts',(14.5,9.27580289547794,-20.4092514377405));
#2170=CARTESIAN_POINT('Ctrl Pts',(14.5,9.23178706527147,-20.3046829643682));
#2171=CARTESIAN_POINT('Ctrl Pts',(14.5,9.19634339798947,-20.1908068020286));
#2172=CARTESIAN_POINT('Ctrl Pts',(14.5,9.16740092580409,-20.068082545417));
#2173=CARTESIAN_POINT('Ctrl Pts',(14.5,9.15338586385368,-19.9830043860539));
#2174=CARTESIAN_POINT('Ctrl Pts',(14.5,9.14615384615385,-19.9391025641026));
#2175=CARTESIAN_POINT('',(14.5,11.3,-19.6586538461538));
#2176=CARTESIAN_POINT('Ctrl Pts',(14.5,11.3,-19.6586538461538));
#2177=CARTESIAN_POINT('Ctrl Pts',(14.5,11.2996797860518,-19.6995213683777));
#2178=CARTESIAN_POINT('Ctrl Pts',(14.5,11.2990600494347,-19.7786156742904));
#2179=CARTESIAN_POINT('Ctrl Pts',(14.5,11.2946730180145,-19.8933187490686));
#2180=CARTESIAN_POINT('Ctrl Pts',(14.5,11.2852157291181,-20.0003825704692));
#2181=CARTESIAN_POINT('Ctrl Pts',(14.5,11.2749889892437,-20.1000039930382));
#2182=CARTESIAN_POINT('Ctrl Pts',(14.5,11.259292309431,-20.1921653169047));
#2183=CARTESIAN_POINT('Ctrl Pts',(14.5,11.2412885722826,-20.2767714617407));
#2184=CARTESIAN_POINT('Ctrl Pts',(14.5,11.2198638528817,-20.3539530551557));
#2185=CARTESIAN_POINT('Ctrl Pts',(14.5,11.1945596076363,-20.4240551455566));
#2186=CARTESIAN_POINT('Ctrl Pts',(14.5,11.1659316449652,-20.489094599615));
#2187=CARTESIAN_POINT('Ctrl Pts',(14.5,11.1306093610389,-20.549381260759));
#2188=CARTESIAN_POINT('Ctrl Pts',(14.5,11.0919036693934,-20.6074211677914));
#2189=CARTESIAN_POINT('Ctrl Pts',(14.5,11.0464302579941,-20.6610602572809));
#2190=CARTESIAN_POINT('Ctrl Pts',(14.5,10.996641081499,-20.7117132654602));
#2191=CARTESIAN_POINT('Ctrl Pts',(14.5,10.9418596106307,-20.7593332455295));
#2192=CARTESIAN_POINT('Ctrl Pts',(14.5,10.8816104537126,-20.8032152215771));
#2193=CARTESIAN_POINT('Ctrl Pts',(14.5,10.7953814155628,-20.8573383838383));
#2194=CARTESIAN_POINT('Ctrl Pts',(14.5,10.6805424952545,-20.9154015021469));
#2195=CARTESIAN_POINT('Ctrl Pts',(14.5,10.5335735602621,-20.9637771998212));
#2196=CARTESIAN_POINT('Ctrl Pts',(14.5,10.3798386898242,-20.9949689842881));
#2197=CARTESIAN_POINT('Ctrl Pts',(14.5,10.2747787151563,-20.9983065943447));
#2198=CARTESIAN_POINT('Ctrl Pts',(14.5,10.2214743589744,-21.));
#2199=CARTESIAN_POINT('',(14.5,11.3,-17.9230769230769));
#2200=CARTESIAN_POINT('',(14.5,11.3,-17.9230769230769));
#2201=CARTESIAN_POINT('',(14.5,7.3,-17.9230769230769));
#2202=CARTESIAN_POINT('',(14.5,9.55641025641025,-18.4871794871795));
#2203=CARTESIAN_POINT('',(14.5,9.55641025641025,-19.5584935897436));
#2204=CARTESIAN_POINT('',(14.5,9.55641025641025,-18.4871794871795));
#2205=CARTESIAN_POINT('',(14.5,10.8384615384615,-18.4871794871795));
#2206=CARTESIAN_POINT('',(14.5,10.8384615384615,-18.4871794871795));
#2207=CARTESIAN_POINT('',(14.4999999999995,10.8384615384615,-19.6794871794872));
#2208=CARTESIAN_POINT('',(14.5,10.8384615384615,-19.6794871794872));
#2209=CARTESIAN_POINT('',(14.5,10.2094551282051,-20.4358974358974));
#2210=CARTESIAN_POINT('Ctrl Pts',(14.5,10.2094551282051,-20.4358974358974));
#2211=CARTESIAN_POINT('Ctrl Pts',(14.5,10.2319077106434,-20.4351529262439));
#2212=CARTESIAN_POINT('Ctrl Pts',(14.5,10.275885723881,-20.4336946505426));
#2213=CARTESIAN_POINT('Ctrl Pts',(14.5,10.3404332373147,-20.4260498870177));
#2214=CARTESIAN_POINT('Ctrl Pts',(14.5,10.4017682946794,-20.4111866517039));
#2215=CARTESIAN_POINT('Ctrl Pts',(14.5,10.4602151199824,-20.3915597859451));
#2216=CARTESIAN_POINT('Ctrl Pts',(14.5,10.5153456320125,-20.3653343105232));
#2217=CARTESIAN_POINT('Ctrl Pts',(14.5,10.5675870312909,-20.3341795156169));
#2218=CARTESIAN_POINT('Ctrl Pts',(14.5,10.6166497748916,-20.2970022274395));
#2219=CARTESIAN_POINT('Ctrl Pts',(14.5,10.6626833154507,-20.2544177829896));
#2220=CARTESIAN_POINT('Ctrl Pts',(14.5,10.7045693386372,-20.2055231019678));
#2221=CARTESIAN_POINT('Ctrl Pts',(14.5,10.7407078917961,-20.1496738813629));
#2222=CARTESIAN_POINT('Ctrl Pts',(14.5,10.7714178657213,-20.0873106006969));
#2223=CARTESIAN_POINT('Ctrl Pts',(14.5,10.7957913539555,-20.0183607728036));
#2224=CARTESIAN_POINT('Ctrl Pts',(14.5,10.8152861770259,-19.9430416022388));
#2225=CARTESIAN_POINT('Ctrl Pts',(14.5,10.8282554540306,-19.8609243135583));
#2226=CARTESIAN_POINT('Ctrl Pts',(14.5,10.837639979644,-19.7723844466593));
#2227=CARTESIAN_POINT('Ctrl Pts',(14.5,10.8381825692602,-19.7110314534678));
#2228=CARTESIAN_POINT('Ctrl Pts',(14.5,10.8384615384615,-19.6794871794872));
#2229=CARTESIAN_POINT('Ctrl Pts',(14.5,9.55641025641025,-19.5584935897436));
#2230=CARTESIAN_POINT('Ctrl Pts',(14.5,9.55725075280063,-19.6122133368492));
#2231=CARTESIAN_POINT('Ctrl Pts',(14.5,9.55882198196909,-19.7126373654837));
#2232=CARTESIAN_POINT('Ctrl Pts',(14.5,9.57223862758229,-19.8530644825191));
#2233=CARTESIAN_POINT('Ctrl Pts',(14.5,9.59355824721574,-19.9727396312871));
#2234=CARTESIAN_POINT('Ctrl Pts',(14.5,9.62465540932458,-20.0740286186338));
#2235=CARTESIAN_POINT('Ctrl Pts',(14.5,9.66782859696833,-20.1591273561049));
#2236=CARTESIAN_POINT('Ctrl Pts',(14.5,9.72044319366864,-20.2331393449613));
#2237=CARTESIAN_POINT('Ctrl Pts',(14.5,9.78634845329586,-20.2946442393497));
#2238=CARTESIAN_POINT('Ctrl Pts',(14.5,9.86070850718882,-20.3458099580696));
#2239=CARTESIAN_POINT('Ctrl Pts',(14.5,9.94253803469242,-20.3855821208647));
#2240=CARTESIAN_POINT('Ctrl Pts',(14.5,10.0284879559763,-20.4142718621548));
#2241=CARTESIAN_POINT('Ctrl Pts',(14.5,10.1178359175609,-20.4330497968209));
#2242=CARTESIAN_POINT('Ctrl Pts',(14.5,10.1786449033259,-20.4349398157684));
#2243=CARTESIAN_POINT('Ctrl Pts',(14.5,10.2094551282051,-20.4358974358974));
#2244=CARTESIAN_POINT('Origin',(14.5,7.3,-18.4871794871795));
#2245=CARTESIAN_POINT('',(14.5,7.3,-18.4871794871795));
#2246=CARTESIAN_POINT('',(14.5,7.3,-17.9230769230769));
#2247=CARTESIAN_POINT('Origin',(14.5,9.09487179487179,-18.4871794871795));
#2248=CARTESIAN_POINT('',(14.5,9.09487179487179,-18.4871794871795));
#2249=CARTESIAN_POINT('Origin',(14.5,9.09487179487179,-19.0649038461538));
#2250=CARTESIAN_POINT('',(14.5,9.09487179487179,-19.0649038461538));
#2251=CARTESIAN_POINT('Ctrl Pts',(14.5,9.07644230769231,-19.3429487179487));
#2252=CARTESIAN_POINT('Ctrl Pts',(13.9,9.07644230769231,-19.3429487179487));
#2253=CARTESIAN_POINT('Ctrl Pts',(14.5,9.07937433057181,-19.3266898698919));
#2254=CARTESIAN_POINT('Ctrl Pts',(13.9,9.07937433057181,-19.3266898698919));
#2255=CARTESIAN_POINT('Ctrl Pts',(14.5,9.0860682267027,-19.289570432366));
#2256=CARTESIAN_POINT('Ctrl Pts',(13.9,9.0860682267027,-19.289570432366));
#2257=CARTESIAN_POINT('Ctrl Pts',(14.5,9.09044002093803,-19.2265417200736));
#2258=CARTESIAN_POINT('Ctrl Pts',(13.9,9.09044002093803,-19.2265417200736));
#2259=CARTESIAN_POINT('Ctrl Pts',(14.5,9.09508009563019,-19.1501747026628));
#2260=CARTESIAN_POINT('Ctrl Pts',(13.9,9.09508009563019,-19.1501747026628));
#2261=CARTESIAN_POINT('Ctrl Pts',(14.5,9.09494489941651,-19.0948302237159));
#2262=CARTESIAN_POINT('Ctrl Pts',(13.9,9.09494489941651,-19.0948302237159));
#2263=CARTESIAN_POINT('Ctrl Pts',(14.5,9.09487179487179,-19.0649038461538));
#2264=CARTESIAN_POINT('Ctrl Pts',(13.9,9.09487179487179,-19.0649038461538));
#2265=CARTESIAN_POINT('',(14.5,9.07644230769231,-19.3429487179487));
#2266=CARTESIAN_POINT('Ctrl Pts',(14.5,8.14455128205128,-20.1826923076923));
#2267=CARTESIAN_POINT('Ctrl Pts',(13.9,8.14455128205128,-20.1826923076923));
#2268=CARTESIAN_POINT('Ctrl Pts',(14.5,8.17418337892352,-20.1647724393269));
#2269=CARTESIAN_POINT('Ctrl Pts',(13.9,8.17418337892352,-20.1647724393269));
#2270=CARTESIAN_POINT('Ctrl Pts',(14.5,8.2316055171146,-20.1300466768511));
#2271=CARTESIAN_POINT('Ctrl Pts',(13.9,8.2316055171146,-20.1300466768511));
#2272=CARTESIAN_POINT('Ctrl Pts',(14.5,8.31546778565765,-20.0798865570301));
#2273=CARTESIAN_POINT('Ctrl Pts',(13.9,8.31546778565765,-20.0798865570301));
#2274=CARTESIAN_POINT('Ctrl Pts',(14.5,8.39267636591124,-20.0307062087144));
#2275=CARTESIAN_POINT('Ctrl Pts',(13.9,8.39267636591124,-20.0307062087144));
#2276=CARTESIAN_POINT('Ctrl Pts',(14.5,8.46543792111624,-19.9850922768681));
#2277=CARTESIAN_POINT('Ctrl Pts',(13.9,8.46543792111624,-19.9850922768681));
#2278=CARTESIAN_POINT('Ctrl Pts',(14.5,8.53243150112215,-19.9411936717035));
#2279=CARTESIAN_POINT('Ctrl Pts',(13.9,8.53243150112215,-19.9411936717035));
#2280=CARTESIAN_POINT('Ctrl Pts',(14.5,8.59388982857384,-19.8994345564885));
#2281=CARTESIAN_POINT('Ctrl Pts',(13.9,8.59388982857384,-19.8994345564885));
#2282=CARTESIAN_POINT('Ctrl Pts',(14.5,8.65061915643971,-19.8609641606171));
#2283=CARTESIAN_POINT('Ctrl Pts',(13.9,8.65061915643971,-19.8609641606171));
#2284=CARTESIAN_POINT('Ctrl Pts',(14.5,8.7166668573121,-19.8133136017124));
#2285=CARTESIAN_POINT('Ctrl Pts',(13.9,8.7166668573121,-19.8133136017124));
#2286=CARTESIAN_POINT('Ctrl Pts',(14.5,8.78974925121902,-19.7578562653871));
#2287=CARTESIAN_POINT('Ctrl Pts',(13.9,8.78974925121902,-19.7578562653871));
#2288=CARTESIAN_POINT('Ctrl Pts',(14.5,8.86501031644747,-19.6931413589624));
#2289=CARTESIAN_POINT('Ctrl Pts',(13.9,8.86501031644747,-19.6931413589624));
#2290=CARTESIAN_POINT('Ctrl Pts',(14.5,8.92501496122374,-19.6315135807859));
#2291=CARTESIAN_POINT('Ctrl Pts',(13.9,8.92501496122374,-19.6315135807859));
#2292=CARTESIAN_POINT('Ctrl Pts',(14.5,8.98385589837233,-19.5556178346186));
#2293=CARTESIAN_POINT('Ctrl Pts',(13.9,8.98385589837233,-19.5556178346186));
#2294=CARTESIAN_POINT('Ctrl Pts',(14.5,9.03889170449754,-19.4616094708728));
#2295=CARTESIAN_POINT('Ctrl Pts',(13.9,9.03889170449754,-19.4616094708728));
#2296=CARTESIAN_POINT('Ctrl Pts',(14.5,9.0641791454689,-19.3817005871294));
#2297=CARTESIAN_POINT('Ctrl Pts',(13.9,9.0641791454689,-19.3817005871294));
#2298=CARTESIAN_POINT('Ctrl Pts',(14.5,9.07644230769231,-19.3429487179487));
#2299=CARTESIAN_POINT('Ctrl Pts',(13.9,9.07644230769231,-19.3429487179487));
#2300=CARTESIAN_POINT('',(14.5,8.14455128205128,-20.1826923076923));
#2301=CARTESIAN_POINT('Origin',(14.5,7.3,-20.6810897435897));
#2302=CARTESIAN_POINT('',(14.5,7.3,-20.6810897435897));
#2303=CARTESIAN_POINT('Origin',(14.5,7.3,-21.3277243589744));
#2304=CARTESIAN_POINT('',(14.5,7.3,-21.3277243589744));
#2305=CARTESIAN_POINT('Origin',(14.5,8.40416666666667,-20.6714743589744));
#2306=CARTESIAN_POINT('',(14.5,8.40416666666667,-20.6714743589744));
#2307=CARTESIAN_POINT('Ctrl Pts',(14.5,8.94903846153846,-20.25));
#2308=CARTESIAN_POINT('Ctrl Pts',(13.9,8.94903846153846,-20.25));
#2309=CARTESIAN_POINT('Ctrl Pts',(14.5,8.9119961622502,-20.287786996579));
#2310=CARTESIAN_POINT('Ctrl Pts',(13.9,8.9119961622502,-20.287786996579));
#2311=CARTESIAN_POINT('Ctrl Pts',(14.5,8.83590864794661,-20.3654041720225));
#2312=CARTESIAN_POINT('Ctrl Pts',(13.9,8.83590864794661,-20.3654041720225));
#2313=CARTESIAN_POINT('Ctrl Pts',(14.5,8.70630932229974,-20.4723640111795));
#2314=CARTESIAN_POINT('Ctrl Pts',(13.9,8.70630932229974,-20.4723640111795));
#2315=CARTESIAN_POINT('Ctrl Pts',(14.5,8.56204538611609,-20.5760652486505));
#2316=CARTESIAN_POINT('Ctrl Pts',(13.9,8.56204538611609,-20.5760652486505));
#2317=CARTESIAN_POINT('Ctrl Pts',(14.5,8.45778535052824,-20.6390715694039));
#2318=CARTESIAN_POINT('Ctrl Pts',(13.9,8.45778535052824,-20.6390715694039));
#2319=CARTESIAN_POINT('Ctrl Pts',(14.5,8.40416666666667,-20.6714743589744));
#2320=CARTESIAN_POINT('Ctrl Pts',(13.9,8.40416666666667,-20.6714743589744));
#2321=CARTESIAN_POINT('',(14.5,8.94903846153846,-20.25));
#2322=CARTESIAN_POINT('Ctrl Pts',(14.5,9.14615384615385,-19.9391025641026));
#2323=CARTESIAN_POINT('Ctrl Pts',(13.9,9.14615384615385,-19.9391025641026));
#2324=CARTESIAN_POINT('Ctrl Pts',(14.5,9.12988527270099,-19.9713062137201));
#2325=CARTESIAN_POINT('Ctrl Pts',(13.9,9.12988527270099,-19.9713062137201));
#2326=CARTESIAN_POINT('Ctrl Pts',(14.5,9.09899066602815,-20.0324621037092));
#2327=CARTESIAN_POINT('Ctrl Pts',(13.9,9.09899066602815,-20.0324621037092));
#2328=CARTESIAN_POINT('Ctrl Pts',(14.5,9.05054819108776,-20.117133191206));
#2329=CARTESIAN_POINT('Ctrl Pts',(13.9,9.05054819108776,-20.117133191206));
#2330=CARTESIAN_POINT('Ctrl Pts',(14.5,9.00105191893769,-20.1889059411014));
#2331=CARTESIAN_POINT('Ctrl Pts',(13.9,9.00105191893769,-20.1889059411014));
#2332=CARTESIAN_POINT('Ctrl Pts',(14.5,8.96565073020564,-20.2304875320515));
#2333=CARTESIAN_POINT('Ctrl Pts',(13.9,8.96565073020564,-20.2304875320515));
#2334=CARTESIAN_POINT('Ctrl Pts',(14.5,8.94903846153846,-20.25));
#2335=CARTESIAN_POINT('Ctrl Pts',(13.9,8.94903846153846,-20.25));
#2336=CARTESIAN_POINT('',(14.5,9.14615384615385,-19.9391025641026));
#2337=CARTESIAN_POINT('Ctrl Pts',(14.5,10.2214743589744,-21.));
#2338=CARTESIAN_POINT('Ctrl Pts',(13.9,10.2214743589744,-21.));
#2339=CARTESIAN_POINT('Ctrl Pts',(14.5,10.1872577161398,-20.9992172694959));
#2340=CARTESIAN_POINT('Ctrl Pts',(13.9,10.1872577161398,-20.9992172694959));
#2341=CARTESIAN_POINT('Ctrl Pts',(14.5,10.1196775000648,-20.9976713230729));
#2342=CARTESIAN_POINT('Ctrl Pts',(13.9,10.1196775000648,-20.9976713230729));
#2343=CARTESIAN_POINT('Ctrl Pts',(14.5,10.0203164932563,-20.9858292179644));
#2344=CARTESIAN_POINT('Ctrl Pts',(13.9,10.0203164932563,-20.9858292179644));
#2345=CARTESIAN_POINT('Ctrl Pts',(14.5,9.92538104675969,-20.9644018848931));
#2346=CARTESIAN_POINT('Ctrl Pts',(13.9,9.92538104675969,-20.9644018848931));
#2347=CARTESIAN_POINT('Ctrl Pts',(14.5,9.83403973295445,-20.9369255536259));
#2348=CARTESIAN_POINT('Ctrl Pts',(13.9,9.83403973295445,-20.9369255536259));
#2349=CARTESIAN_POINT('Ctrl Pts',(14.5,9.74758671225698,-20.8993188383032));
#2350=CARTESIAN_POINT('Ctrl Pts',(13.9,9.74758671225698,-20.8993188383032));
#2351=CARTESIAN_POINT('Ctrl Pts',(14.5,9.66425615537376,-20.8557530909123));
#2352=CARTESIAN_POINT('Ctrl Pts',(13.9,9.66425615537376,-20.8557530909123));
#2353=CARTESIAN_POINT('Ctrl Pts',(14.5,9.58633737502513,-20.8017813238381));
#2354=CARTESIAN_POINT('Ctrl Pts',(13.9,9.58633737502513,-20.8017813238381));
#2355=CARTESIAN_POINT('Ctrl Pts',(14.5,9.5117555190207,-20.7413539622909));
#2356=CARTESIAN_POINT('Ctrl Pts',(13.9,9.5117555190207,-20.7413539622909));
#2357=CARTESIAN_POINT('Ctrl Pts',(14.5,9.44210793159662,-20.6720599830593));
#2358=CARTESIAN_POINT('Ctrl Pts',(13.9,9.44210793159662,-20.6720599830593));
#2359=CARTESIAN_POINT('Ctrl Pts',(14.5,9.37990732647048,-20.5932898084874));
#2360=CARTESIAN_POINT('Ctrl Pts',(13.9,9.37990732647048,-20.5932898084874));
#2361=CARTESIAN_POINT('Ctrl Pts',(14.5,9.32395775765007,-20.5058242692406));
#2362=CARTESIAN_POINT('Ctrl Pts',(13.9,9.32395775765007,-20.5058242692406));
#2363=CARTESIAN_POINT('Ctrl Pts',(14.5,9.27580289547794,-20.4092514377405));
#2364=CARTESIAN_POINT('Ctrl Pts',(13.9,9.27580289547794,-20.4092514377405));
#2365=CARTESIAN_POINT('Ctrl Pts',(14.5,9.23178706527147,-20.3046829643682));
#2366=CARTESIAN_POINT('Ctrl Pts',(13.9,9.23178706527147,-20.3046829643682));
#2367=CARTESIAN_POINT('Ctrl Pts',(14.5,9.19634339798947,-20.1908068020286));
#2368=CARTESIAN_POINT('Ctrl Pts',(13.9,9.19634339798947,-20.1908068020286));
#2369=CARTESIAN_POINT('Ctrl Pts',(14.5,9.16740092580409,-20.068082545417));
#2370=CARTESIAN_POINT('Ctrl Pts',(13.9,9.16740092580409,-20.068082545417));
#2371=CARTESIAN_POINT('Ctrl Pts',(14.5,9.15338586385368,-19.9830043860539));
#2372=CARTESIAN_POINT('Ctrl Pts',(13.9,9.15338586385368,-19.9830043860539));
#2373=CARTESIAN_POINT('Ctrl Pts',(14.5,9.14615384615385,-19.9391025641026));
#2374=CARTESIAN_POINT('Ctrl Pts',(13.9,9.14615384615385,-19.9391025641026));
#2375=CARTESIAN_POINT('',(14.5,10.2214743589744,-21.));
#2376=CARTESIAN_POINT('Ctrl Pts',(14.5,11.3,-19.6586538461538));
#2377=CARTESIAN_POINT('Ctrl Pts',(13.9,11.3,-19.6586538461538));
#2378=CARTESIAN_POINT('Ctrl Pts',(14.5,11.2996797860518,-19.6995213683777));
#2379=CARTESIAN_POINT('Ctrl Pts',(13.9,11.2996797860518,-19.6995213683777));
#2380=CARTESIAN_POINT('Ctrl Pts',(14.5,11.2990600494347,-19.7786156742904));
#2381=CARTESIAN_POINT('Ctrl Pts',(13.9,11.2990600494347,-19.7786156742904));
#2382=CARTESIAN_POINT('Ctrl Pts',(14.5,11.2946730180145,-19.8933187490686));
#2383=CARTESIAN_POINT('Ctrl Pts',(13.9,11.2946730180145,-19.8933187490686));
#2384=CARTESIAN_POINT('Ctrl Pts',(14.5,11.2852157291181,-20.0003825704692));
#2385=CARTESIAN_POINT('Ctrl Pts',(13.9,11.2852157291181,-20.0003825704692));
#2386=CARTESIAN_POINT('Ctrl Pts',(14.5,11.2749889892437,-20.1000039930382));
#2387=CARTESIAN_POINT('Ctrl Pts',(13.9,11.2749889892437,-20.1000039930382));
#2388=CARTESIAN_POINT('Ctrl Pts',(14.5,11.259292309431,-20.1921653169047));
#2389=CARTESIAN_POINT('Ctrl Pts',(13.9,11.259292309431,-20.1921653169047));
#2390=CARTESIAN_POINT('Ctrl Pts',(14.5,11.2412885722826,-20.2767714617407));
#2391=CARTESIAN_POINT('Ctrl Pts',(13.9,11.2412885722826,-20.2767714617407));
#2392=CARTESIAN_POINT('Ctrl Pts',(14.5,11.2198638528817,-20.3539530551557));
#2393=CARTESIAN_POINT('Ctrl Pts',(13.9,11.2198638528817,-20.3539530551557));
#2394=CARTESIAN_POINT('Ctrl Pts',(14.5,11.1945596076363,-20.4240551455566));
#2395=CARTESIAN_POINT('Ctrl Pts',(13.9,11.1945596076363,-20.4240551455566));
#2396=CARTESIAN_POINT('Ctrl Pts',(14.5,11.1659316449652,-20.489094599615));
#2397=CARTESIAN_POINT('Ctrl Pts',(13.9,11.1659316449652,-20.489094599615));
#2398=CARTESIAN_POINT('Ctrl Pts',(14.5,11.1306093610389,-20.549381260759));
#2399=CARTESIAN_POINT('Ctrl Pts',(13.9,11.1306093610389,-20.549381260759));
#2400=CARTESIAN_POINT('Ctrl Pts',(14.5,11.0919036693934,-20.6074211677914));
#2401=CARTESIAN_POINT('Ctrl Pts',(13.9,11.0919036693934,-20.6074211677914));
#2402=CARTESIAN_POINT('Ctrl Pts',(14.5,11.0464302579941,-20.6610602572809));
#2403=CARTESIAN_POINT('Ctrl Pts',(13.9,11.0464302579941,-20.6610602572809));
#2404=CARTESIAN_POINT('Ctrl Pts',(14.5,10.996641081499,-20.7117132654602));
#2405=CARTESIAN_POINT('Ctrl Pts',(13.9,10.996641081499,-20.7117132654602));
#2406=CARTESIAN_POINT('Ctrl Pts',(14.5,10.9418596106307,-20.7593332455295));
#2407=CARTESIAN_POINT('Ctrl Pts',(13.9,10.9418596106307,-20.7593332455295));
#2408=CARTESIAN_POINT('Ctrl Pts',(14.5,10.8816104537126,-20.8032152215771));
#2409=CARTESIAN_POINT('Ctrl Pts',(13.9,10.8816104537126,-20.8032152215771));
#2410=CARTESIAN_POINT('Ctrl Pts',(14.5,10.7953814155628,-20.8573383838383));
#2411=CARTESIAN_POINT('Ctrl Pts',(13.9,10.7953814155628,-20.8573383838383));
#2412=CARTESIAN_POINT('Ctrl Pts',(14.5,10.6805424952545,-20.9154015021469));
#2413=CARTESIAN_POINT('Ctrl Pts',(13.9,10.6805424952545,-20.9154015021469));
#2414=CARTESIAN_POINT('Ctrl Pts',(14.5,10.5335735602621,-20.9637771998212));
#2415=CARTESIAN_POINT('Ctrl Pts',(13.9,10.5335735602621,-20.9637771998212));
#2416=CARTESIAN_POINT('Ctrl Pts',(14.5,10.3798386898242,-20.9949689842881));
#2417=CARTESIAN_POINT('Ctrl Pts',(13.9,10.3798386898242,-20.9949689842881));
#2418=CARTESIAN_POINT('Ctrl Pts',(14.5,10.2747787151563,-20.9983065943447));
#2419=CARTESIAN_POINT('Ctrl Pts',(13.9,10.2747787151563,-20.9983065943447));
#2420=CARTESIAN_POINT('Ctrl Pts',(14.5,10.2214743589744,-21.));
#2421=CARTESIAN_POINT('Ctrl Pts',(13.9,10.2214743589744,-21.));
#2422=CARTESIAN_POINT('',(14.5,11.3,-19.6586538461538));
#2423=CARTESIAN_POINT('Origin',(14.5,11.3,-17.9230769230769));
#2424=CARTESIAN_POINT('',(14.5,11.3,-17.9230769230769));
#2425=CARTESIAN_POINT('Origin',(14.5,7.3,-17.9230769230769));
#2426=CARTESIAN_POINT('Origin',(14.5,10.8384615384615,-18.4871794871795));
#2427=CARTESIAN_POINT('',(14.,10.8384615384615,-18.4871794871795));
#2428=CARTESIAN_POINT('',(14.,9.55641025641025,-18.4871794871795));
#2429=CARTESIAN_POINT('',(14.,10.8384615384615,-18.4871794871795));
#2430=CARTESIAN_POINT('',(14.5,10.8384615384615,-18.4871794871795));
#2431=CARTESIAN_POINT('',(14.5,9.55641025641025,-18.4871794871795));
#2432=CARTESIAN_POINT('Origin',(14.5,9.55641025641025,-18.4871794871795));
#2433=CARTESIAN_POINT('',(14.,9.55641025641025,-19.5584935897436));
#2434=CARTESIAN_POINT('',(14.,9.55641025641025,-18.4871794871795));
#2435=CARTESIAN_POINT('',(14.5,9.55641025641025,-19.5584935897436));
#2436=CARTESIAN_POINT('Ctrl Pts',(14.5,9.55641025641025,-19.5584935897436));
#2437=CARTESIAN_POINT('Ctrl Pts',(13.9,9.55641025641025,-19.5584935897436));
#2438=CARTESIAN_POINT('Ctrl Pts',(14.5,9.55725075280063,-19.6122133368492));
#2439=CARTESIAN_POINT('Ctrl Pts',(13.9,9.55725075280063,-19.6122133368492));
#2440=CARTESIAN_POINT('Ctrl Pts',(14.5,9.55882198196909,-19.7126373654837));
#2441=CARTESIAN_POINT('Ctrl Pts',(13.9,9.55882198196909,-19.7126373654837));
#2442=CARTESIAN_POINT('Ctrl Pts',(14.5,9.57223862758229,-19.8530644825191));
#2443=CARTESIAN_POINT('Ctrl Pts',(13.9,9.57223862758229,-19.8530644825191));
#2444=CARTESIAN_POINT('Ctrl Pts',(14.5,9.59355824721574,-19.9727396312871));
#2445=CARTESIAN_POINT('Ctrl Pts',(13.9,9.59355824721574,-19.9727396312871));
#2446=CARTESIAN_POINT('Ctrl Pts',(14.5,9.62465540932458,-20.0740286186338));
#2447=CARTESIAN_POINT('Ctrl Pts',(13.9,9.62465540932458,-20.0740286186338));
#2448=CARTESIAN_POINT('Ctrl Pts',(14.5,9.66782859696833,-20.1591273561049));
#2449=CARTESIAN_POINT('Ctrl Pts',(13.9,9.66782859696833,-20.1591273561049));
#2450=CARTESIAN_POINT('Ctrl Pts',(14.5,9.72044319366864,-20.2331393449613));
#2451=CARTESIAN_POINT('Ctrl Pts',(13.9,9.72044319366864,-20.2331393449613));
#2452=CARTESIAN_POINT('Ctrl Pts',(14.5,9.78634845329586,-20.2946442393497));
#2453=CARTESIAN_POINT('Ctrl Pts',(13.9,9.78634845329586,-20.2946442393497));
#2454=CARTESIAN_POINT('Ctrl Pts',(14.5,9.86070850718882,-20.3458099580696));
#2455=CARTESIAN_POINT('Ctrl Pts',(13.9,9.86070850718882,-20.3458099580696));
#2456=CARTESIAN_POINT('Ctrl Pts',(14.5,9.94253803469242,-20.3855821208647));
#2457=CARTESIAN_POINT('Ctrl Pts',(13.9,9.94253803469242,-20.3855821208647));
#2458=CARTESIAN_POINT('Ctrl Pts',(14.5,10.0284879559763,-20.4142718621548));
#2459=CARTESIAN_POINT('Ctrl Pts',(13.9,10.0284879559763,-20.4142718621548));
#2460=CARTESIAN_POINT('Ctrl Pts',(14.5,10.1178359175609,-20.4330497968209));
#2461=CARTESIAN_POINT('Ctrl Pts',(13.9,10.1178359175609,-20.4330497968209));
#2462=CARTESIAN_POINT('Ctrl Pts',(14.5,10.1786449033259,-20.4349398157684));
#2463=CARTESIAN_POINT('Ctrl Pts',(13.9,10.1786449033259,-20.4349398157684));
#2464=CARTESIAN_POINT('Ctrl Pts',(14.5,10.2094551282051,-20.4358974358974));
#2465=CARTESIAN_POINT('Ctrl Pts',(13.9,10.2094551282051,-20.4358974358974));
#2466=CARTESIAN_POINT('',(14.,10.2094551282051,-20.4358974358974));
#2467=CARTESIAN_POINT('Ctrl Pts',(14.,9.55641025641025,-19.5584935897436));
#2468=CARTESIAN_POINT('Ctrl Pts',(14.,9.55725075280063,-19.6122133368492));
#2469=CARTESIAN_POINT('Ctrl Pts',(14.,9.55882198196909,-19.7126373654837));
#2470=CARTESIAN_POINT('Ctrl Pts',(14.,9.57223862758229,-19.8530644825191));
#2471=CARTESIAN_POINT('Ctrl Pts',(14.,9.59355824721574,-19.9727396312871));
#2472=CARTESIAN_POINT('Ctrl Pts',(14.,9.62465540932458,-20.0740286186338));
#2473=CARTESIAN_POINT('Ctrl Pts',(14.,9.66782859696833,-20.1591273561049));
#2474=CARTESIAN_POINT('Ctrl Pts',(14.,9.72044319366864,-20.2331393449613));
#2475=CARTESIAN_POINT('Ctrl Pts',(14.,9.78634845329586,-20.2946442393497));
#2476=CARTESIAN_POINT('Ctrl Pts',(14.,9.86070850718882,-20.3458099580696));
#2477=CARTESIAN_POINT('Ctrl Pts',(14.,9.94253803469242,-20.3855821208647));
#2478=CARTESIAN_POINT('Ctrl Pts',(14.,10.0284879559763,-20.4142718621548));
#2479=CARTESIAN_POINT('Ctrl Pts',(14.,10.1178359175609,-20.4330497968209));
#2480=CARTESIAN_POINT('Ctrl Pts',(14.,10.1786449033259,-20.4349398157684));
#2481=CARTESIAN_POINT('Ctrl Pts',(14.,10.2094551282051,-20.4358974358974));
#2482=CARTESIAN_POINT('',(14.5,10.2094551282051,-20.4358974358974));
#2483=CARTESIAN_POINT('Ctrl Pts',(14.5,10.2094551282051,-20.4358974358974));
#2484=CARTESIAN_POINT('Ctrl Pts',(13.9,10.2094551282051,-20.4358974358974));
#2485=CARTESIAN_POINT('Ctrl Pts',(14.5,10.2319077106434,-20.4351529262439));
#2486=CARTESIAN_POINT('Ctrl Pts',(13.9,10.2319077106434,-20.4351529262439));
#2487=CARTESIAN_POINT('Ctrl Pts',(14.5,10.275885723881,-20.4336946505426));
#2488=CARTESIAN_POINT('Ctrl Pts',(13.9,10.275885723881,-20.4336946505426));
#2489=CARTESIAN_POINT('Ctrl Pts',(14.5,10.3404332373147,-20.4260498870177));
#2490=CARTESIAN_POINT('Ctrl Pts',(13.9,10.3404332373147,-20.4260498870177));
#2491=CARTESIAN_POINT('Ctrl Pts',(14.5,10.4017682946794,-20.4111866517039));
#2492=CARTESIAN_POINT('Ctrl Pts',(13.9,10.4017682946794,-20.4111866517039));
#2493=CARTESIAN_POINT('Ctrl Pts',(14.5,10.4602151199824,-20.3915597859451));
#2494=CARTESIAN_POINT('Ctrl Pts',(13.9,10.4602151199824,-20.3915597859451));
#2495=CARTESIAN_POINT('Ctrl Pts',(14.5,10.5153456320125,-20.3653343105232));
#2496=CARTESIAN_POINT('Ctrl Pts',(13.9,10.5153456320125,-20.3653343105232));
#2497=CARTESIAN_POINT('Ctrl Pts',(14.5,10.5675870312909,-20.3341795156169));
#2498=CARTESIAN_POINT('Ctrl Pts',(13.9,10.5675870312909,-20.3341795156169));
#2499=CARTESIAN_POINT('Ctrl Pts',(14.5,10.6166497748916,-20.2970022274395));
#2500=CARTESIAN_POINT('Ctrl Pts',(13.9,10.6166497748916,-20.2970022274395));
#2501=CARTESIAN_POINT('Ctrl Pts',(14.5,10.6626833154507,-20.2544177829896));
#2502=CARTESIAN_POINT('Ctrl Pts',(13.9,10.6626833154507,-20.2544177829896));
#2503=CARTESIAN_POINT('Ctrl Pts',(14.5,10.7045693386372,-20.2055231019678));
#2504=CARTESIAN_POINT('Ctrl Pts',(13.9,10.7045693386372,-20.2055231019678));
#2505=CARTESIAN_POINT('Ctrl Pts',(14.5,10.7407078917961,-20.1496738813629));
#2506=CARTESIAN_POINT('Ctrl Pts',(13.9,10.7407078917961,-20.1496738813629));
#2507=CARTESIAN_POINT('Ctrl Pts',(14.5,10.7714178657213,-20.0873106006969));
#2508=CARTESIAN_POINT('Ctrl Pts',(13.9,10.7714178657213,-20.0873106006969));
#2509=CARTESIAN_POINT('Ctrl Pts',(14.5,10.7957913539555,-20.0183607728036));
#2510=CARTESIAN_POINT('Ctrl Pts',(13.9,10.7957913539555,-20.0183607728036));
#2511=CARTESIAN_POINT('Ctrl Pts',(14.5,10.8152861770259,-19.9430416022388));
#2512=CARTESIAN_POINT('Ctrl Pts',(13.9,10.8152861770259,-19.9430416022388));
#2513=CARTESIAN_POINT('Ctrl Pts',(14.5,10.8282554540306,-19.8609243135583));
#2514=CARTESIAN_POINT('Ctrl Pts',(13.9,10.8282554540306,-19.8609243135583));
#2515=CARTESIAN_POINT('Ctrl Pts',(14.5,10.837639979644,-19.7723844466593));
#2516=CARTESIAN_POINT('Ctrl Pts',(13.9,10.837639979644,-19.7723844466593));
#2517=CARTESIAN_POINT('Ctrl Pts',(14.5,10.8381825692602,-19.7110314534678));
#2518=CARTESIAN_POINT('Ctrl Pts',(13.9,10.8381825692602,-19.7110314534678));
#2519=CARTESIAN_POINT('Ctrl Pts',(14.5,10.8384615384615,-19.6794871794872));
#2520=CARTESIAN_POINT('Ctrl Pts',(13.9,10.8384615384615,-19.6794871794872));
#2521=CARTESIAN_POINT('',(14.,10.8384615384615,-19.6794871794872));
#2522=CARTESIAN_POINT('Ctrl Pts',(14.,10.2094551282051,-20.4358974358974));
#2523=CARTESIAN_POINT('Ctrl Pts',(14.,10.2319077106434,-20.4351529262439));
#2524=CARTESIAN_POINT('Ctrl Pts',(14.,10.275885723881,-20.4336946505426));
#2525=CARTESIAN_POINT('Ctrl Pts',(14.,10.3404332373147,-20.4260498870177));
#2526=CARTESIAN_POINT('Ctrl Pts',(14.,10.4017682946794,-20.4111866517039));
#2527=CARTESIAN_POINT('Ctrl Pts',(14.,10.4602151199824,-20.3915597859451));
#2528=CARTESIAN_POINT('Ctrl Pts',(14.,10.5153456320125,-20.3653343105232));
#2529=CARTESIAN_POINT('Ctrl Pts',(14.,10.5675870312909,-20.3341795156169));
#2530=CARTESIAN_POINT('Ctrl Pts',(14.,10.6166497748916,-20.2970022274395));
#2531=CARTESIAN_POINT('Ctrl Pts',(14.,10.6626833154507,-20.2544177829896));
#2532=CARTESIAN_POINT('Ctrl Pts',(14.,10.7045693386372,-20.2055231019678));
#2533=CARTESIAN_POINT('Ctrl Pts',(14.,10.7407078917961,-20.1496738813629));
#2534=CARTESIAN_POINT('Ctrl Pts',(14.,10.7714178657213,-20.0873106006969));
#2535=CARTESIAN_POINT('Ctrl Pts',(14.,10.7957913539555,-20.0183607728036));
#2536=CARTESIAN_POINT('Ctrl Pts',(14.,10.8152861770259,-19.9430416022388));
#2537=CARTESIAN_POINT('Ctrl Pts',(14.,10.8282554540306,-19.8609243135583));
#2538=CARTESIAN_POINT('Ctrl Pts',(14.,10.837639979644,-19.7723844466593));
#2539=CARTESIAN_POINT('Ctrl Pts',(14.,10.8381825692602,-19.7110314534678));
#2540=CARTESIAN_POINT('Ctrl Pts',(14.,10.8384615384615,-19.6794871794872));
#2541=CARTESIAN_POINT('',(14.4999999999995,10.8384615384615,-19.6794871794872));
#2542=CARTESIAN_POINT('Origin',(14.5,10.8384615384615,-19.6794871794872));
#2543=CARTESIAN_POINT('',(14.,10.8384615384615,-19.6794871794872));
#2544=CARTESIAN_POINT('Origin',(14.,7.3,-30.3));
#2545=CARTESIAN_POINT('Origin',(14.5,9.12712600019182,-21.910452437574));
#2546=CARTESIAN_POINT('',(14.5,8.47788461538462,-21.7179487179487));
#2547=CARTESIAN_POINT('',(14.5,9.49391025641026,-22.4775641025641));
#2548=CARTESIAN_POINT('Ctrl Pts',(14.5,8.47788461538462,-21.7179487179487));
#2549=CARTESIAN_POINT('Ctrl Pts',(14.5,8.50994946039782,-21.7186443308184));
#2550=CARTESIAN_POINT('Ctrl Pts',(14.5,8.5728662340753,-21.7200092436215));
#2551=CARTESIAN_POINT('Ctrl Pts',(14.5,8.66514802048933,-21.7283470334733));
#2552=CARTESIAN_POINT('Ctrl Pts',(14.5,8.75310226268411,-21.7449640884884));
#2553=CARTESIAN_POINT('Ctrl Pts',(14.5,8.83724727447051,-21.7663679137345));
#2554=CARTESIAN_POINT('Ctrl Pts',(14.5,8.91779356393333,-21.7935440746713));
#2555=CARTESIAN_POINT('Ctrl Pts',(14.5,8.99410860064523,-21.8270710418877));
#2556=CARTESIAN_POINT('Ctrl Pts',(14.5,9.06600793937053,-21.8677478908085));
#2557=CARTESIAN_POINT('Ctrl Pts',(14.5,9.13395942609664,-21.9139594584474));
#2558=CARTESIAN_POINT('Ctrl Pts',(14.5,9.19748601624229,-21.9662888818563));
#2559=CARTESIAN_POINT('Ctrl Pts',(14.5,9.25603139388641,-22.0238880221766));
#2560=CARTESIAN_POINT('Ctrl Pts',(14.5,9.3089296446678,-22.086966105768));
#2561=CARTESIAN_POINT('Ctrl Pts',(14.5,9.35772576715297,-22.1541056560545));
#2562=CARTESIAN_POINT('Ctrl Pts',(14.5,9.39896806413517,-22.2281209223595));
#2563=CARTESIAN_POINT('Ctrl Pts',(14.5,9.43681555600317,-22.3062593004035));
#2564=CARTESIAN_POINT('Ctrl Pts',(14.5,9.46909244887856,-22.3898641959385));
#2565=CARTESIAN_POINT('Ctrl Pts',(14.5,9.4855548035387,-22.4480380279616));
#2566=CARTESIAN_POINT('Ctrl Pts',(14.5,9.49391025641026,-22.4775641025641));
#2567=CARTESIAN_POINT('',(14.5,7.24871794871795,-23.));
#2568=CARTESIAN_POINT('Ctrl Pts',(14.5,7.24871794871795,-23.));
#2569=CARTESIAN_POINT('Ctrl Pts',(14.5,7.24984974532885,-22.9532186196601));
#2570=CARTESIAN_POINT('Ctrl Pts',(14.5,7.25206844792516,-22.8615113561649));
#2571=CARTESIAN_POINT('Ctrl Pts',(14.5,7.26784916566271,-22.7272551516832));
#2572=CARTESIAN_POINT('Ctrl Pts',(14.5,7.29613064354995,-22.6001984534723));
#2573=CARTESIAN_POINT('Ctrl Pts',(14.5,7.3348082187197,-22.4800533777747));
#2574=CARTESIAN_POINT('Ctrl Pts',(14.5,7.38331446808755,-22.366168178379));
#2575=CARTESIAN_POINT('Ctrl Pts',(14.5,7.44488417289602,-22.2602246934235));
#2576=CARTESIAN_POINT('Ctrl Pts',(14.5,7.51667822010793,-22.1607633719465));
#2577=CARTESIAN_POINT('Ctrl Pts',(14.5,7.59875726674487,-22.0693571806808));
#2578=CARTESIAN_POINT('Ctrl Pts',(14.5,7.6889892266157,-21.9869766220748));
#2579=CARTESIAN_POINT('Ctrl Pts',(14.5,7.78579585432318,-21.9152665202043));
#2580=CARTESIAN_POINT('Ctrl Pts',(14.5,7.88768732608041,-21.8541409867092));
#2581=CARTESIAN_POINT('Ctrl Pts',(14.5,7.99523802877569,-21.8038359991059));
#2582=CARTESIAN_POINT('Ctrl Pts',(14.5,8.10844894233389,-21.7654921275322));
#2583=CARTESIAN_POINT('Ctrl Pts',(14.5,8.22689503267491,-21.7385819436592));
#2584=CARTESIAN_POINT('Ctrl Pts',(14.5,8.35048578903328,-21.7209093204874));
#2585=CARTESIAN_POINT('Ctrl Pts',(14.5,8.43481995427899,-21.7189494912576));
#2586=CARTESIAN_POINT('Ctrl Pts',(14.5,8.47788461538462,-21.7179487179487));
#2587=CARTESIAN_POINT('',(14.5,8.46426282051282,-24.2820512820513));
#2588=CARTESIAN_POINT('Ctrl Pts',(14.5,8.46426282051282,-24.2820512820513));
#2589=CARTESIAN_POINT('Ctrl Pts',(14.5,8.42226595690884,-24.2810321607618));
#2590=CARTESIAN_POINT('Ctrl Pts',(14.5,8.33952893492155,-24.2790244141517));
#2591=CARTESIAN_POINT('Ctrl Pts',(14.5,8.21808069622401,-24.2613837208897));
#2592=CARTESIAN_POINT('Ctrl Pts',(14.5,8.10141309097466,-24.2346925710686));
#2593=CARTESIAN_POINT('Ctrl Pts',(14.5,7.99001896632452,-24.1957737932554));
#2594=CARTESIAN_POINT('Ctrl Pts',(14.5,7.88381957664096,-24.1460648445631));
#2595=CARTESIAN_POINT('Ctrl Pts',(14.5,7.78296913504234,-24.0845742740625));
#2596=CARTESIAN_POINT('Ctrl Pts',(14.5,7.68757138452532,-24.0119062471322));
#2597=CARTESIAN_POINT('Ctrl Pts',(14.5,7.59732979871274,-23.9302043446131));
#2598=CARTESIAN_POINT('Ctrl Pts',(14.5,7.51575531354564,-23.8388616663901));
#2599=CARTESIAN_POINT('Ctrl Pts',(14.5,7.4438701929241,-23.7400458084588));
#2600=CARTESIAN_POINT('Ctrl Pts',(14.5,7.38365723900374,-23.6333860010373));
#2601=CARTESIAN_POINT('Ctrl Pts',(14.5,7.33380112963426,-23.520176392332));
#2602=CARTESIAN_POINT('Ctrl Pts',(14.5,7.29516282970527,-23.3998748957487));
#2603=CARTESIAN_POINT('Ctrl Pts',(14.5,7.26810782739297,-23.2726361505031));
#2604=CARTESIAN_POINT('Ctrl Pts',(14.5,7.25199776413801,-23.1385024974509));
#2605=CARTESIAN_POINT('Ctrl Pts',(14.5,7.2498258683882,-23.046786060083));
#2606=CARTESIAN_POINT('Ctrl Pts',(14.5,7.24871794871795,-23.));
#2607=CARTESIAN_POINT('',(14.5,9.49391025641026,-23.5352564102564));
#2608=CARTESIAN_POINT('Ctrl Pts',(14.5,9.49391025641026,-23.5352564102564));
#2609=CARTESIAN_POINT('Ctrl Pts',(14.5,9.48377354861736,-23.5651183330019));
#2610=CARTESIAN_POINT('Ctrl Pts',(14.5,9.46390999920657,-23.6236347458329));
#2611=CARTESIAN_POINT('Ctrl Pts',(14.5,9.42528913755463,-23.7063594948908));
#2612=CARTESIAN_POINT('Ctrl Pts',(14.5,9.38364668142676,-23.7842423596614));
#2613=CARTESIAN_POINT('Ctrl Pts',(14.5,9.33856869740055,-23.8577225302133));
#2614=CARTESIAN_POINT('Ctrl Pts',(14.5,9.28670284319113,-23.9240876724053));
#2615=CARTESIAN_POINT('Ctrl Pts',(14.5,9.23111573184412,-23.9855519223392));
#2616=CARTESIAN_POINT('Ctrl Pts',(14.5,9.17102403165543,-24.0418568571468));
#2617=CARTESIAN_POINT('Ctrl Pts',(14.5,9.10591665638502,-24.0922334111982));
#2618=CARTESIAN_POINT('Ctrl Pts',(14.5,9.03716009861192,-24.1372094130862));
#2619=CARTESIAN_POINT('Ctrl Pts',(14.5,8.9645867267372,-24.1757124408171));
#2620=CARTESIAN_POINT('Ctrl Pts',(14.5,8.88922952778305,-24.2084123228579));
#2621=CARTESIAN_POINT('Ctrl Pts',(14.5,8.8107390561149,-24.2363587681205));
#2622=CARTESIAN_POINT('Ctrl Pts',(14.5,8.72856243424569,-24.2567714373182));
#2623=CARTESIAN_POINT('Ctrl Pts',(14.5,8.64307730717396,-24.2710539084465));
#2624=CARTESIAN_POINT('Ctrl Pts',(14.5,8.5547342114816,-24.2801157337052));
#2625=CARTESIAN_POINT('Ctrl Pts',(14.5,8.49473350993411,-24.2813993909741));
#2626=CARTESIAN_POINT('Ctrl Pts',(14.5,8.46426282051282,-24.2820512820513));
#2627=CARTESIAN_POINT('',(14.5,10.2783653846154,-24.1282051282051));
#2628=CARTESIAN_POINT('Ctrl Pts',(14.5,10.2783653846154,-24.1282051282051));
#2629=CARTESIAN_POINT('Ctrl Pts',(14.5,10.2343934231494,-24.1267395327615));
#2630=CARTESIAN_POINT('Ctrl Pts',(14.5,10.148172678184,-24.1238657757864));
#2631=CARTESIAN_POINT('Ctrl Pts',(14.5,10.0238847576425,-24.0945809070233));
#2632=CARTESIAN_POINT('Ctrl Pts',(14.5,9.90785575448043,-24.048937934043));
#2633=CARTESIAN_POINT('Ctrl Pts',(14.5,9.80229697981689,-23.9829700650991));
#2634=CARTESIAN_POINT('Ctrl Pts',(14.5,9.70611824802174,-23.8994242125497));
#2635=CARTESIAN_POINT('Ctrl Pts',(14.5,9.62250902177168,-23.7957504725681));
#2636=CARTESIAN_POINT('Ctrl Pts',(14.5,9.54958307786247,-23.6735233185037));
#2637=CARTESIAN_POINT('Ctrl Pts',(14.5,9.5129674116762,-23.5825860384282));
#2638=CARTESIAN_POINT('Ctrl Pts',(14.5,9.49391025641026,-23.5352564102564));
#2639=CARTESIAN_POINT('',(14.5,11.3,-22.9935897435897));
#2640=CARTESIAN_POINT('Ctrl Pts',(14.5,11.3,-22.9935897435897));
#2641=CARTESIAN_POINT('Ctrl Pts',(14.5,11.2990602462528,-23.0352940044368));
#2642=CARTESIAN_POINT('Ctrl Pts',(14.5,11.2972297119939,-23.1165291987126));
#2643=CARTESIAN_POINT('Ctrl Pts',(14.5,11.2834467562933,-23.2353284621837));
#2644=CARTESIAN_POINT('Ctrl Pts',(14.5,11.2603456638929,-23.3480208164377));
#2645=CARTESIAN_POINT('Ctrl Pts',(14.5,11.2275710294642,-23.4545399141355));
#2646=CARTESIAN_POINT('Ctrl Pts',(14.5,11.1856666859133,-23.5550536862215));
#2647=CARTESIAN_POINT('Ctrl Pts',(14.5,11.1341607469418,-23.6489016575141));
#2648=CARTESIAN_POINT('Ctrl Pts',(14.5,11.0739027093802,-23.7370499359047));
#2649=CARTESIAN_POINT('Ctrl Pts',(14.5,11.0041739747006,-23.8172454817574));
#2650=CARTESIAN_POINT('Ctrl Pts',(14.5,10.9284712443455,-23.8902138694694));
#2651=CARTESIAN_POINT('Ctrl Pts',(14.5,10.8473679964855,-23.9534340851108));
#2652=CARTESIAN_POINT('Ctrl Pts',(14.5,10.7627567205544,-24.0076560518803));
#2653=CARTESIAN_POINT('Ctrl Pts',(14.5,10.6741233835698,-24.0524623607135));
#2654=CARTESIAN_POINT('Ctrl Pts',(14.5,10.5804586891489,-24.0856102374024));
#2655=CARTESIAN_POINT('Ctrl Pts',(14.5,10.4835273234997,-24.1108763601811));
#2656=CARTESIAN_POINT('Ctrl Pts',(14.5,10.3821775530738,-24.1255318826161));
#2657=CARTESIAN_POINT('Ctrl Pts',(14.5,10.3134011839167,-24.127302928614));
#2658=CARTESIAN_POINT('Ctrl Pts',(14.5,10.2783653846154,-24.1282051282051));
#2659=CARTESIAN_POINT('',(14.5,10.2911858974359,-21.8717948717949));
#2660=CARTESIAN_POINT('Ctrl Pts',(14.5,10.2911858974359,-21.8717948717949));
#2661=CARTESIAN_POINT('Ctrl Pts',(14.5,10.3262281376945,-21.8726748294111));
#2662=CARTESIAN_POINT('Ctrl Pts',(14.5,10.3950171506521,-21.8744022137169));
#2663=CARTESIAN_POINT('Ctrl Pts',(14.5,10.4959533814236,-21.8893272072293));
#2664=CARTESIAN_POINT('Ctrl Pts',(14.5,10.5926755429103,-21.9132317346289));
#2665=CARTESIAN_POINT('Ctrl Pts',(14.5,10.6849106466726,-21.9471578520351));
#2666=CARTESIAN_POINT('Ctrl Pts',(14.5,10.773417872119,-21.9896617168198));
#2667=CARTESIAN_POINT('Ctrl Pts',(14.5,10.8565757275607,-22.0432944262951));
#2668=CARTESIAN_POINT('Ctrl Pts',(14.5,10.9367344222944,-22.1049418946295));
#2669=CARTESIAN_POINT('Ctrl Pts',(14.5,11.0106536979031,-22.1771589743346));
#2670=CARTESIAN_POINT('Ctrl Pts',(14.5,11.0783566000547,-22.2567409477026));
#2671=CARTESIAN_POINT('Ctrl Pts',(14.5,11.1386055335136,-22.3429406443168));
#2672=CARTESIAN_POINT('Ctrl Pts',(14.5,11.1878745140843,-22.4364176654235));
#2673=CARTESIAN_POINT('Ctrl Pts',(14.5,11.2290675335744,-22.5356134828071));
#2674=CARTESIAN_POINT('Ctrl Pts',(14.5,11.2613173123131,-22.6410185707973));
#2675=CARTESIAN_POINT('Ctrl Pts',(14.5,11.2832812082766,-22.7530042228776));
#2676=CARTESIAN_POINT('Ctrl Pts',(14.5,11.2972518755457,-22.8711756651269));
#2677=CARTESIAN_POINT('Ctrl Pts',(14.5,11.2990696917551,-22.9521495437805));
#2678=CARTESIAN_POINT('Ctrl Pts',(14.5,11.3,-22.9935897435897));
#2679=CARTESIAN_POINT('Ctrl Pts',(14.5,9.49391025641026,-22.4775641025641));
#2680=CARTESIAN_POINT('Ctrl Pts',(14.5,9.51294538948727,-22.428906491338));
#2681=CARTESIAN_POINT('Ctrl Pts',(14.5,9.5494420517645,-22.335613715451));
#2682=CARTESIAN_POINT('Ctrl Pts',(14.5,9.62248214609834,-22.2097858128044));
#2683=CARTESIAN_POINT('Ctrl Pts',(14.5,9.70650515580432,-22.1032926061168));
#2684=CARTESIAN_POINT('Ctrl Pts',(14.5,9.80353724079933,-22.0174416911945));
#2685=CARTESIAN_POINT('Ctrl Pts',(14.5,9.91157248255222,-21.9520076859438));
#2686=CARTESIAN_POINT('Ctrl Pts',(14.5,10.0292334356859,-21.9048926151859));
#2687=CARTESIAN_POINT('Ctrl Pts',(14.5,10.1571756020642,-21.8772964919085));
#2688=CARTESIAN_POINT('Ctrl Pts',(14.5,10.2456443141933,-21.8736645228517));
#2689=CARTESIAN_POINT('Ctrl Pts',(14.5,10.2911858974359,-21.8717948717949));
#2690=CARTESIAN_POINT('',(14.5,10.2887820512821,-22.3846153846154));
#2691=CARTESIAN_POINT('',(14.5,9.71025641025641,-23.0048076923077));
#2692=CARTESIAN_POINT('Ctrl Pts',(14.5,10.2887820512821,-22.3846153846154));
#2693=CARTESIAN_POINT('Ctrl Pts',(14.5,10.2479579432397,-22.3861374300651));
#2694=CARTESIAN_POINT('Ctrl Pts',(14.5,10.1690676554301,-22.3890786971091));
#2695=CARTESIAN_POINT('Ctrl Pts',(14.5,10.0570097815852,-22.4210652912513));
#2696=CARTESIAN_POINT('Ctrl Pts',(14.5,9.95635038592807,-22.471083041702));
#2697=CARTESIAN_POINT('Ctrl Pts',(14.5,9.88335452253927,-22.529720076271));
#2698=CARTESIAN_POINT('Ctrl Pts',(14.5,9.83361866537526,-22.5859382664413));
#2699=CARTESIAN_POINT('Ctrl Pts',(14.5,9.8004118007884,-22.6328600881382));
#2700=CARTESIAN_POINT('Ctrl Pts',(14.5,9.77221984318892,-22.6841365654405));
#2701=CARTESIAN_POINT('Ctrl Pts',(14.5,9.750307275789,-22.7401391727579));
#2702=CARTESIAN_POINT('Ctrl Pts',(14.5,9.73089410541876,-22.7995115244452));
#2703=CARTESIAN_POINT('Ctrl Pts',(14.5,9.72004355448953,-22.8643012883745));
#2704=CARTESIAN_POINT('Ctrl Pts',(14.5,9.71122270138725,-22.9329856197148));
#2705=CARTESIAN_POINT('Ctrl Pts',(14.5,9.71058386601974,-22.9804687008231));
#2706=CARTESIAN_POINT('Ctrl Pts',(14.5,9.71025641025641,-23.0048076923077));
#2707=CARTESIAN_POINT('',(14.5,10.8384615384615,-23.));
#2708=CARTESIAN_POINT('Ctrl Pts',(14.5,10.8384615384615,-23.));
#2709=CARTESIAN_POINT('Ctrl Pts',(14.5,10.838133408153,-22.9764629647375));
#2710=CARTESIAN_POINT('Ctrl Pts',(14.5,10.8374937341433,-22.9305786641029));
#2711=CARTESIAN_POINT('Ctrl Pts',(14.5,10.8286328906515,-22.8637479962891));
#2712=CARTESIAN_POINT('Ctrl Pts',(14.5,10.8175038514061,-22.8004891597127));
#2713=CARTESIAN_POINT('Ctrl Pts',(14.5,10.7996438027591,-22.7413857579012));
#2714=CARTESIAN_POINT('Ctrl Pts',(14.5,10.7763048711385,-22.6866834645686));
#2715=CARTESIAN_POINT('Ctrl Pts',(14.5,10.7479008908036,-22.6358109127261));
#2716=CARTESIAN_POINT('Ctrl Pts',(14.5,10.7153979146661,-22.5883904838643));
#2717=CARTESIAN_POINT('Ctrl Pts',(14.5,10.6653362156432,-22.5324683425487));
#2718=CARTESIAN_POINT('Ctrl Pts',(14.5,10.5948953601569,-22.47389911293));
#2719=CARTESIAN_POINT('Ctrl Pts',(14.5,10.5002683973972,-22.4223012688081));
#2720=CARTESIAN_POINT('Ctrl Pts',(14.5,10.3970930715176,-22.3904121316859));
#2721=CARTESIAN_POINT('Ctrl Pts',(14.5,10.3253329071024,-22.3865715665989));
#2722=CARTESIAN_POINT('Ctrl Pts',(14.5,10.2887820512821,-22.3846153846154));
#2723=CARTESIAN_POINT('',(14.5,10.2647435897436,-23.6153846153846));
#2724=CARTESIAN_POINT('Ctrl Pts',(14.5,10.2647435897436,-23.6153846153846));
#2725=CARTESIAN_POINT('Ctrl Pts',(14.5,10.3036736752994,-23.6134105862358));
#2726=CARTESIAN_POINT('Ctrl Pts',(14.5,10.3798497710773,-23.6095479224022));
#2727=CARTESIAN_POINT('Ctrl Pts',(14.5,10.4892039901463,-23.578350925574));
#2728=CARTESIAN_POINT('Ctrl Pts',(14.5,10.5882462540924,-23.5258280495518));
#2729=CARTESIAN_POINT('Ctrl Pts',(14.5,10.6605754167282,-23.4658279450533));
#2730=CARTESIAN_POINT('Ctrl Pts',(14.5,10.7129736364376,-23.4102959543871));
#2731=CARTESIAN_POINT('Ctrl Pts',(14.5,10.7463286125016,-23.3627855053683));
#2732=CARTESIAN_POINT('Ctrl Pts',(14.5,10.7747166479857,-23.3117115949301));
#2733=CARTESIAN_POINT('Ctrl Pts',(14.5,10.7978993007167,-23.2568798365661));
#2734=CARTESIAN_POINT('Ctrl Pts',(14.5,10.8165963514563,-23.1982109400904));
#2735=CARTESIAN_POINT('Ctrl Pts',(14.5,10.828862517369,-23.1355459787315));
#2736=CARTESIAN_POINT('Ctrl Pts',(14.5,10.837465210638,-23.0691482713024));
#2737=CARTESIAN_POINT('Ctrl Pts',(14.5,10.8381224411423,-23.0235344159569));
#2738=CARTESIAN_POINT('Ctrl Pts',(14.5,10.8384615384615,-23.));
#2739=CARTESIAN_POINT('Ctrl Pts',(14.5,9.71025641025641,-23.0048076923077));
#2740=CARTESIAN_POINT('Ctrl Pts',(14.5,9.71059596632161,-23.0286094233715));
#2741=CARTESIAN_POINT('Ctrl Pts',(14.5,9.71125808205568,-23.0750214956345));
#2742=CARTESIAN_POINT('Ctrl Pts',(14.5,9.71989910377214,-23.1421588928854));
#2743=CARTESIAN_POINT('Ctrl Pts',(14.5,9.73144000156713,-23.2056034993235));
#2744=CARTESIAN_POINT('Ctrl Pts',(14.5,9.74892845836453,-23.264417789811));
#2745=CARTESIAN_POINT('Ctrl Pts',(14.5,9.77166855260485,-23.319280772324));
#2746=CARTESIAN_POINT('Ctrl Pts',(14.5,9.79970147547782,-23.3693001242395));
#2747=CARTESIAN_POINT('Ctrl Pts',(14.5,9.83191934840694,-23.4159726649423));
#2748=CARTESIAN_POINT('Ctrl Pts',(14.5,9.88203518471446,-23.4705393731054));
#2749=CARTESIAN_POINT('Ctrl Pts',(14.5,9.95247444479538,-23.5290954897289));
#2750=CARTESIAN_POINT('Ctrl Pts',(14.5,10.0486372414979,-23.5792808619784));
#2751=CARTESIAN_POINT('Ctrl Pts',(14.5,10.1538450515487,-23.6105542497988));
#2752=CARTESIAN_POINT('Ctrl Pts',(14.5,10.2271284242872,-23.613746225883));
#2753=CARTESIAN_POINT('Ctrl Pts',(14.5,10.2647435897436,-23.6153846153846));
#2754=CARTESIAN_POINT('',(14.5,8.4875,-22.2307692307692));
#2755=CARTESIAN_POINT('',(14.5,7.71025641025641,-23.0040064102564));
#2756=CARTESIAN_POINT('Ctrl Pts',(14.5,8.4875,-22.2307692307692));
#2757=CARTESIAN_POINT('Ctrl Pts',(14.5,8.45459462745871,-22.2316560131273));
#2758=CARTESIAN_POINT('Ctrl Pts',(14.5,8.3886972036022,-22.2334319137904));
#2759=CARTESIAN_POINT('Ctrl Pts',(14.5,8.29082556486385,-22.2490103849492));
#2760=CARTESIAN_POINT('Ctrl Pts',(14.5,8.19477647492845,-22.2754438236719));
#2761=CARTESIAN_POINT('Ctrl Pts',(14.5,8.10045920883234,-22.3093228770589));
#2762=CARTESIAN_POINT('Ctrl Pts',(14.5,8.01168057645738,-22.3571113886152));
#2763=CARTESIAN_POINT('Ctrl Pts',(14.5,7.93243911507718,-22.4204843295758));
#2764=CARTESIAN_POINT('Ctrl Pts',(14.5,7.86581767212457,-22.5000055007806));
#2765=CARTESIAN_POINT('Ctrl Pts',(14.5,7.80953334877596,-22.5908230265857));
#2766=CARTESIAN_POINT('Ctrl Pts',(14.5,7.76523274560538,-22.6899282971275));
#2767=CARTESIAN_POINT('Ctrl Pts',(14.5,7.73430941928843,-22.7931988869153));
#2768=CARTESIAN_POINT('Ctrl Pts',(14.5,7.7138768287999,-22.8979694354807));
#2769=CARTESIAN_POINT('Ctrl Pts',(14.5,7.7114633544924,-22.968656708566));
#2770=CARTESIAN_POINT('Ctrl Pts',(14.5,7.71025641025641,-23.0040064102564));
#2771=CARTESIAN_POINT('',(14.5,9.24871794871795,-22.988782051282));
#2772=CARTESIAN_POINT('Ctrl Pts',(14.5,9.24871794871795,-22.988782051282));
#2773=CARTESIAN_POINT('Ctrl Pts',(14.5,9.24820089556945,-22.9601670875213));
#2774=CARTESIAN_POINT('Ctrl Pts',(14.5,9.24718731038562,-22.9040728477176));
#2775=CARTESIAN_POINT('Ctrl Pts',(14.5,9.23640189224734,-22.822583422838));
#2776=CARTESIAN_POINT('Ctrl Pts',(14.5,9.21983906711842,-22.745437973635));
#2777=CARTESIAN_POINT('Ctrl Pts',(14.5,9.1955971677291,-22.6733152290492));
#2778=CARTESIAN_POINT('Ctrl Pts',(14.5,9.16530445080277,-22.6053134316995));
#2779=CARTESIAN_POINT('Ctrl Pts',(14.5,9.12721352700045,-22.5426763115058));
#2780=CARTESIAN_POINT('Ctrl Pts',(14.5,9.08300083324047,-22.4842864266583));
#2781=CARTESIAN_POINT('Ctrl Pts',(14.5,9.03161198658685,-22.4319273791582));
#2782=CARTESIAN_POINT('Ctrl Pts',(14.5,8.97578972756704,-22.384685949592));
#2783=CARTESIAN_POINT('Ctrl Pts',(14.5,8.91594843742212,-22.3438406744591));
#2784=CARTESIAN_POINT('Ctrl Pts',(14.5,8.85347625486812,-22.307758013577));
#2785=CARTESIAN_POINT('Ctrl Pts',(14.5,8.78632323977848,-22.2803756443819));
#2786=CARTESIAN_POINT('Ctrl Pts',(14.5,8.71666032645114,-22.2571989201825));
#2787=CARTESIAN_POINT('Ctrl Pts',(14.5,8.64313543316613,-22.2427098015339));
#2788=CARTESIAN_POINT('Ctrl Pts',(14.5,8.56658393157892,-22.2324098487201));
#2789=CARTESIAN_POINT('Ctrl Pts',(14.5,8.5142466057851,-22.2313240964758));
#2790=CARTESIAN_POINT('Ctrl Pts',(14.5,8.4875,-22.2307692307692));
#2791=CARTESIAN_POINT('',(14.5,8.47147435897436,-23.7692307692308));
#2792=CARTESIAN_POINT('Ctrl Pts',(14.5,8.47147435897436,-23.7692307692308));
#2793=CARTESIAN_POINT('Ctrl Pts',(14.5,8.49900919776681,-23.7686219338691));
#2794=CARTESIAN_POINT('Ctrl Pts',(14.5,8.55291802606629,-23.767429931213));
#2795=CARTESIAN_POINT('Ctrl Pts',(14.5,8.63214545261964,-23.7578624746831));
#2796=CARTESIAN_POINT('Ctrl Pts',(14.5,8.70730261430253,-23.7406771341224));
#2797=CARTESIAN_POINT('Ctrl Pts',(14.5,8.7795249170039,-23.7185767146147));
#2798=CARTESIAN_POINT('Ctrl Pts',(14.5,8.84755589941797,-23.6886243268878));
#2799=CARTESIAN_POINT('Ctrl Pts',(14.5,8.91237104458075,-23.6526706789748));
#2800=CARTESIAN_POINT('Ctrl Pts',(14.5,8.972261969286,-23.6086420671038));
#2801=CARTESIAN_POINT('Ctrl Pts',(14.5,9.02926197995643,-23.5603611820302));
#2802=CARTESIAN_POINT('Ctrl Pts',(14.5,9.08086016510264,-23.5057233879366));
#2803=CARTESIAN_POINT('Ctrl Pts',(14.5,9.12535522968104,-23.445386161835));
#2804=CARTESIAN_POINT('Ctrl Pts',(14.5,9.16465190733295,-23.3812617272042));
#2805=CARTESIAN_POINT('Ctrl Pts',(14.5,9.19479577668261,-23.3114102617392));
#2806=CARTESIAN_POINT('Ctrl Pts',(14.5,9.21894170338482,-23.2373706878853));
#2807=CARTESIAN_POINT('Ctrl Pts',(14.5,9.23648650069574,-23.1587912562262));
#2808=CARTESIAN_POINT('Ctrl Pts',(14.5,9.24721116865958,-23.0753515752099));
#2809=CARTESIAN_POINT('Ctrl Pts',(14.5,9.24820599030652,-23.0181957641212));
#2810=CARTESIAN_POINT('Ctrl Pts',(14.5,9.24871794871795,-22.988782051282));
#2811=CARTESIAN_POINT('Ctrl Pts',(14.5,7.71025641025641,-23.0040064102564));
#2812=CARTESIAN_POINT('Ctrl Pts',(14.5,7.71075018384317,-23.0331560511729));
#2813=CARTESIAN_POINT('Ctrl Pts',(14.5,7.71170944516238,-23.089785493795));
#2814=CARTESIAN_POINT('Ctrl Pts',(14.5,7.72267106357817,-23.172333490454));
#2815=CARTESIAN_POINT('Ctrl Pts',(14.5,7.73930342453131,-23.2501123661504));
#2816=CARTESIAN_POINT('Ctrl Pts',(14.5,7.76210911762623,-23.3234784609815));
#2817=CARTESIAN_POINT('Ctrl Pts',(14.5,7.79330881539936,-23.3913519077118));
#2818=CARTESIAN_POINT('Ctrl Pts',(14.5,7.82977448499189,-23.4548379977927));
#2819=CARTESIAN_POINT('Ctrl Pts',(14.5,7.87384603808898,-23.5132873501055));
#2820=CARTESIAN_POINT('Ctrl Pts',(14.5,7.92414280467545,-23.5666834180249));
#2821=CARTESIAN_POINT('Ctrl Pts',(14.5,7.97978045467688,-23.6144823646165));
#2822=CARTESIAN_POINT('Ctrl Pts',(14.5,8.03980132230428,-23.6554282068349));
#2823=CARTESIAN_POINT('Ctrl Pts',(14.5,8.10251746746782,-23.691145748634));
#2824=CARTESIAN_POINT('Ctrl Pts',(14.5,8.16928240132386,-23.7203074885854));
#2825=CARTESIAN_POINT('Ctrl Pts',(14.5,8.24023379896683,-23.7413961266752));
#2826=CARTESIAN_POINT('Ctrl Pts',(14.5,8.31409154344879,-23.7576689895439));
#2827=CARTESIAN_POINT('Ctrl Pts',(14.5,8.3916174369721,-23.7674859262818));
#2828=CARTESIAN_POINT('Ctrl Pts',(14.5,8.44446959197407,-23.7686407254862));
#2829=CARTESIAN_POINT('Ctrl Pts',(14.5,8.47147435897436,-23.7692307692308));
#2830=CARTESIAN_POINT('Ctrl Pts',(14.5,8.47788461538462,-21.7179487179487));
#2831=CARTESIAN_POINT('Ctrl Pts',(13.9,8.47788461538462,-21.7179487179487));
#2832=CARTESIAN_POINT('Ctrl Pts',(14.5,8.50994946039782,-21.7186443308184));
#2833=CARTESIAN_POINT('Ctrl Pts',(13.9,8.50994946039782,-21.7186443308184));
#2834=CARTESIAN_POINT('Ctrl Pts',(14.5,8.5728662340753,-21.7200092436215));
#2835=CARTESIAN_POINT('Ctrl Pts',(13.9,8.5728662340753,-21.7200092436215));
#2836=CARTESIAN_POINT('Ctrl Pts',(14.5,8.66514802048933,-21.7283470334733));
#2837=CARTESIAN_POINT('Ctrl Pts',(13.9,8.66514802048933,-21.7283470334733));
#2838=CARTESIAN_POINT('Ctrl Pts',(14.5,8.75310226268411,-21.7449640884884));
#2839=CARTESIAN_POINT('Ctrl Pts',(13.9,8.75310226268411,-21.7449640884884));
#2840=CARTESIAN_POINT('Ctrl Pts',(14.5,8.83724727447051,-21.7663679137345));
#2841=CARTESIAN_POINT('Ctrl Pts',(13.9,8.83724727447051,-21.7663679137345));
#2842=CARTESIAN_POINT('Ctrl Pts',(14.5,8.91779356393333,-21.7935440746713));
#2843=CARTESIAN_POINT('Ctrl Pts',(13.9,8.91779356393333,-21.7935440746713));
#2844=CARTESIAN_POINT('Ctrl Pts',(14.5,8.99410860064523,-21.8270710418877));
#2845=CARTESIAN_POINT('Ctrl Pts',(13.9,8.99410860064523,-21.8270710418877));
#2846=CARTESIAN_POINT('Ctrl Pts',(14.5,9.06600793937053,-21.8677478908085));
#2847=CARTESIAN_POINT('Ctrl Pts',(13.9,9.06600793937053,-21.8677478908085));
#2848=CARTESIAN_POINT('Ctrl Pts',(14.5,9.13395942609664,-21.9139594584474));
#2849=CARTESIAN_POINT('Ctrl Pts',(13.9,9.13395942609664,-21.9139594584474));
#2850=CARTESIAN_POINT('Ctrl Pts',(14.5,9.19748601624229,-21.9662888818563));
#2851=CARTESIAN_POINT('Ctrl Pts',(13.9,9.19748601624229,-21.9662888818563));
#2852=CARTESIAN_POINT('Ctrl Pts',(14.5,9.25603139388641,-22.0238880221766));
#2853=CARTESIAN_POINT('Ctrl Pts',(13.9,9.25603139388641,-22.0238880221766));
#2854=CARTESIAN_POINT('Ctrl Pts',(14.5,9.3089296446678,-22.086966105768));
#2855=CARTESIAN_POINT('Ctrl Pts',(13.9,9.3089296446678,-22.086966105768));
#2856=CARTESIAN_POINT('Ctrl Pts',(14.5,9.35772576715297,-22.1541056560545));
#2857=CARTESIAN_POINT('Ctrl Pts',(13.9,9.35772576715297,-22.1541056560545));
#2858=CARTESIAN_POINT('Ctrl Pts',(14.5,9.39896806413517,-22.2281209223595));
#2859=CARTESIAN_POINT('Ctrl Pts',(13.9,9.39896806413517,-22.2281209223595));
#2860=CARTESIAN_POINT('Ctrl Pts',(14.5,9.43681555600317,-22.3062593004035));
#2861=CARTESIAN_POINT('Ctrl Pts',(13.9,9.43681555600317,-22.3062593004035));
#2862=CARTESIAN_POINT('Ctrl Pts',(14.5,9.46909244887856,-22.3898641959385));
#2863=CARTESIAN_POINT('Ctrl Pts',(13.9,9.46909244887856,-22.3898641959385));
#2864=CARTESIAN_POINT('Ctrl Pts',(14.5,9.4855548035387,-22.4480380279616));
#2865=CARTESIAN_POINT('Ctrl Pts',(13.9,9.4855548035387,-22.4480380279616));
#2866=CARTESIAN_POINT('Ctrl Pts',(14.5,9.49391025641026,-22.4775641025641));
#2867=CARTESIAN_POINT('Ctrl Pts',(13.9,9.49391025641026,-22.4775641025641));
#2868=CARTESIAN_POINT('',(14.5,8.47788461538462,-21.7179487179487));
#2869=CARTESIAN_POINT('',(14.5,9.49391025641026,-22.4775641025641));
#2870=CARTESIAN_POINT('Ctrl Pts',(14.5,7.24871794871795,-23.));
#2871=CARTESIAN_POINT('Ctrl Pts',(13.9,7.24871794871795,-23.));
#2872=CARTESIAN_POINT('Ctrl Pts',(14.5,7.24984974532885,-22.9532186196601));
#2873=CARTESIAN_POINT('Ctrl Pts',(13.9,7.24984974532885,-22.9532186196601));
#2874=CARTESIAN_POINT('Ctrl Pts',(14.5,7.25206844792516,-22.8615113561649));
#2875=CARTESIAN_POINT('Ctrl Pts',(13.9,7.25206844792516,-22.8615113561649));
#2876=CARTESIAN_POINT('Ctrl Pts',(14.5,7.26784916566271,-22.7272551516832));
#2877=CARTESIAN_POINT('Ctrl Pts',(13.9,7.26784916566271,-22.7272551516832));
#2878=CARTESIAN_POINT('Ctrl Pts',(14.5,7.29613064354995,-22.6001984534723));
#2879=CARTESIAN_POINT('Ctrl Pts',(13.9,7.29613064354995,-22.6001984534723));
#2880=CARTESIAN_POINT('Ctrl Pts',(14.5,7.3348082187197,-22.4800533777747));
#2881=CARTESIAN_POINT('Ctrl Pts',(13.9,7.3348082187197,-22.4800533777747));
#2882=CARTESIAN_POINT('Ctrl Pts',(14.5,7.38331446808755,-22.366168178379));
#2883=CARTESIAN_POINT('Ctrl Pts',(13.9,7.38331446808755,-22.366168178379));
#2884=CARTESIAN_POINT('Ctrl Pts',(14.5,7.44488417289602,-22.2602246934235));
#2885=CARTESIAN_POINT('Ctrl Pts',(13.9,7.44488417289602,-22.2602246934235));
#2886=CARTESIAN_POINT('Ctrl Pts',(14.5,7.51667822010793,-22.1607633719465));
#2887=CARTESIAN_POINT('Ctrl Pts',(13.9,7.51667822010793,-22.1607633719465));
#2888=CARTESIAN_POINT('Ctrl Pts',(14.5,7.59875726674487,-22.0693571806808));
#2889=CARTESIAN_POINT('Ctrl Pts',(13.9,7.59875726674487,-22.0693571806808));
#2890=CARTESIAN_POINT('Ctrl Pts',(14.5,7.6889892266157,-21.9869766220748));
#2891=CARTESIAN_POINT('Ctrl Pts',(13.9,7.6889892266157,-21.9869766220748));
#2892=CARTESIAN_POINT('Ctrl Pts',(14.5,7.78579585432318,-21.9152665202043));
#2893=CARTESIAN_POINT('Ctrl Pts',(13.9,7.78579585432318,-21.9152665202043));
#2894=CARTESIAN_POINT('Ctrl Pts',(14.5,7.88768732608041,-21.8541409867092));
#2895=CARTESIAN_POINT('Ctrl Pts',(13.9,7.88768732608041,-21.8541409867092));
#2896=CARTESIAN_POINT('Ctrl Pts',(14.5,7.99523802877569,-21.8038359991059));
#2897=CARTESIAN_POINT('Ctrl Pts',(13.9,7.99523802877569,-21.8038359991059));
#2898=CARTESIAN_POINT('Ctrl Pts',(14.5,8.10844894233389,-21.7654921275322));
#2899=CARTESIAN_POINT('Ctrl Pts',(13.9,8.10844894233389,-21.7654921275322));
#2900=CARTESIAN_POINT('Ctrl Pts',(14.5,8.22689503267491,-21.7385819436592));
#2901=CARTESIAN_POINT('Ctrl Pts',(13.9,8.22689503267491,-21.7385819436592));
#2902=CARTESIAN_POINT('Ctrl Pts',(14.5,8.35048578903328,-21.7209093204874));
#2903=CARTESIAN_POINT('Ctrl Pts',(13.9,8.35048578903328,-21.7209093204874));
#2904=CARTESIAN_POINT('Ctrl Pts',(14.5,8.43481995427899,-21.7189494912576));
#2905=CARTESIAN_POINT('Ctrl Pts',(13.9,8.43481995427899,-21.7189494912576));
#2906=CARTESIAN_POINT('Ctrl Pts',(14.5,8.47788461538462,-21.7179487179487));
#2907=CARTESIAN_POINT('Ctrl Pts',(13.9,8.47788461538462,-21.7179487179487));
#2908=CARTESIAN_POINT('',(14.5,7.24871794871795,-23.));
#2909=CARTESIAN_POINT('Ctrl Pts',(14.5,8.46426282051282,-24.2820512820513));
#2910=CARTESIAN_POINT('Ctrl Pts',(13.9,8.46426282051282,-24.2820512820513));
#2911=CARTESIAN_POINT('Ctrl Pts',(14.5,8.42226595690884,-24.2810321607618));
#2912=CARTESIAN_POINT('Ctrl Pts',(13.9,8.42226595690884,-24.2810321607618));
#2913=CARTESIAN_POINT('Ctrl Pts',(14.5,8.33952893492155,-24.2790244141517));
#2914=CARTESIAN_POINT('Ctrl Pts',(13.9,8.33952893492155,-24.2790244141517));
#2915=CARTESIAN_POINT('Ctrl Pts',(14.5,8.21808069622401,-24.2613837208897));
#2916=CARTESIAN_POINT('Ctrl Pts',(13.9,8.21808069622401,-24.2613837208897));
#2917=CARTESIAN_POINT('Ctrl Pts',(14.5,8.10141309097466,-24.2346925710686));
#2918=CARTESIAN_POINT('Ctrl Pts',(13.9,8.10141309097466,-24.2346925710686));
#2919=CARTESIAN_POINT('Ctrl Pts',(14.5,7.99001896632452,-24.1957737932554));
#2920=CARTESIAN_POINT('Ctrl Pts',(13.9,7.99001896632452,-24.1957737932554));
#2921=CARTESIAN_POINT('Ctrl Pts',(14.5,7.88381957664096,-24.1460648445631));
#2922=CARTESIAN_POINT('Ctrl Pts',(13.9,7.88381957664096,-24.1460648445631));
#2923=CARTESIAN_POINT('Ctrl Pts',(14.5,7.78296913504234,-24.0845742740625));
#2924=CARTESIAN_POINT('Ctrl Pts',(13.9,7.78296913504234,-24.0845742740625));
#2925=CARTESIAN_POINT('Ctrl Pts',(14.5,7.68757138452532,-24.0119062471322));
#2926=CARTESIAN_POINT('Ctrl Pts',(13.9,7.68757138452532,-24.0119062471322));
#2927=CARTESIAN_POINT('Ctrl Pts',(14.5,7.59732979871274,-23.9302043446131));
#2928=CARTESIAN_POINT('Ctrl Pts',(13.9,7.59732979871274,-23.9302043446131));
#2929=CARTESIAN_POINT('Ctrl Pts',(14.5,7.51575531354564,-23.8388616663901));
#2930=CARTESIAN_POINT('Ctrl Pts',(13.9,7.51575531354564,-23.8388616663901));
#2931=CARTESIAN_POINT('Ctrl Pts',(14.5,7.4438701929241,-23.7400458084588));
#2932=CARTESIAN_POINT('Ctrl Pts',(13.9,7.4438701929241,-23.7400458084588));
#2933=CARTESIAN_POINT('Ctrl Pts',(14.5,7.38365723900374,-23.6333860010373));
#2934=CARTESIAN_POINT('Ctrl Pts',(13.9,7.38365723900374,-23.6333860010373));
#2935=CARTESIAN_POINT('Ctrl Pts',(14.5,7.33380112963426,-23.520176392332));
#2936=CARTESIAN_POINT('Ctrl Pts',(13.9,7.33380112963426,-23.520176392332));
#2937=CARTESIAN_POINT('Ctrl Pts',(14.5,7.29516282970527,-23.3998748957487));
#2938=CARTESIAN_POINT('Ctrl Pts',(13.9,7.29516282970527,-23.3998748957487));
#2939=CARTESIAN_POINT('Ctrl Pts',(14.5,7.26810782739297,-23.2726361505031));
#2940=CARTESIAN_POINT('Ctrl Pts',(13.9,7.26810782739297,-23.2726361505031));
#2941=CARTESIAN_POINT('Ctrl Pts',(14.5,7.25199776413801,-23.1385024974509));
#2942=CARTESIAN_POINT('Ctrl Pts',(13.9,7.25199776413801,-23.1385024974509));
#2943=CARTESIAN_POINT('Ctrl Pts',(14.5,7.2498258683882,-23.046786060083));
#2944=CARTESIAN_POINT('Ctrl Pts',(13.9,7.2498258683882,-23.046786060083));
#2945=CARTESIAN_POINT('Ctrl Pts',(14.5,7.24871794871795,-23.));
#2946=CARTESIAN_POINT('Ctrl Pts',(13.9,7.24871794871795,-23.));
#2947=CARTESIAN_POINT('',(14.5,8.46426282051282,-24.2820512820513));
#2948=CARTESIAN_POINT('Ctrl Pts',(14.5,9.49391025641026,-23.5352564102564));
#2949=CARTESIAN_POINT('Ctrl Pts',(13.9,9.49391025641026,-23.5352564102564));
#2950=CARTESIAN_POINT('Ctrl Pts',(14.5,9.48377354861736,-23.5651183330019));
#2951=CARTESIAN_POINT('Ctrl Pts',(13.9,9.48377354861736,-23.5651183330019));
#2952=CARTESIAN_POINT('Ctrl Pts',(14.5,9.46390999920657,-23.6236347458329));
#2953=CARTESIAN_POINT('Ctrl Pts',(13.9,9.46390999920657,-23.6236347458329));
#2954=CARTESIAN_POINT('Ctrl Pts',(14.5,9.42528913755463,-23.7063594948908));
#2955=CARTESIAN_POINT('Ctrl Pts',(13.9,9.42528913755463,-23.7063594948908));
#2956=CARTESIAN_POINT('Ctrl Pts',(14.5,9.38364668142676,-23.7842423596614));
#2957=CARTESIAN_POINT('Ctrl Pts',(13.9,9.38364668142676,-23.7842423596614));
#2958=CARTESIAN_POINT('Ctrl Pts',(14.5,9.33856869740055,-23.8577225302133));
#2959=CARTESIAN_POINT('Ctrl Pts',(13.9,9.33856869740055,-23.8577225302133));
#2960=CARTESIAN_POINT('Ctrl Pts',(14.5,9.28670284319113,-23.9240876724053));
#2961=CARTESIAN_POINT('Ctrl Pts',(13.9,9.28670284319113,-23.9240876724053));
#2962=CARTESIAN_POINT('Ctrl Pts',(14.5,9.23111573184412,-23.9855519223392));
#2963=CARTESIAN_POINT('Ctrl Pts',(13.9,9.23111573184412,-23.9855519223392));
#2964=CARTESIAN_POINT('Ctrl Pts',(14.5,9.17102403165543,-24.0418568571468));
#2965=CARTESIAN_POINT('Ctrl Pts',(13.9,9.17102403165543,-24.0418568571468));
#2966=CARTESIAN_POINT('Ctrl Pts',(14.5,9.10591665638502,-24.0922334111982));
#2967=CARTESIAN_POINT('Ctrl Pts',(13.9,9.10591665638502,-24.0922334111982));
#2968=CARTESIAN_POINT('Ctrl Pts',(14.5,9.03716009861192,-24.1372094130862));
#2969=CARTESIAN_POINT('Ctrl Pts',(13.9,9.03716009861192,-24.1372094130862));
#2970=CARTESIAN_POINT('Ctrl Pts',(14.5,8.9645867267372,-24.1757124408171));
#2971=CARTESIAN_POINT('Ctrl Pts',(13.9,8.9645867267372,-24.1757124408171));
#2972=CARTESIAN_POINT('Ctrl Pts',(14.5,8.88922952778305,-24.2084123228579));
#2973=CARTESIAN_POINT('Ctrl Pts',(13.9,8.88922952778305,-24.2084123228579));
#2974=CARTESIAN_POINT('Ctrl Pts',(14.5,8.8107390561149,-24.2363587681205));
#2975=CARTESIAN_POINT('Ctrl Pts',(13.9,8.8107390561149,-24.2363587681205));
#2976=CARTESIAN_POINT('Ctrl Pts',(14.5,8.72856243424569,-24.2567714373182));
#2977=CARTESIAN_POINT('Ctrl Pts',(13.9,8.72856243424569,-24.2567714373182));
#2978=CARTESIAN_POINT('Ctrl Pts',(14.5,8.64307730717396,-24.2710539084465));
#2979=CARTESIAN_POINT('Ctrl Pts',(13.9,8.64307730717396,-24.2710539084465));
#2980=CARTESIAN_POINT('Ctrl Pts',(14.5,8.5547342114816,-24.2801157337052));
#2981=CARTESIAN_POINT('Ctrl Pts',(13.9,8.5547342114816,-24.2801157337052));
#2982=CARTESIAN_POINT('Ctrl Pts',(14.5,8.49473350993411,-24.2813993909741));
#2983=CARTESIAN_POINT('Ctrl Pts',(13.9,8.49473350993411,-24.2813993909741));
#2984=CARTESIAN_POINT('Ctrl Pts',(14.5,8.46426282051282,-24.2820512820513));
#2985=CARTESIAN_POINT('Ctrl Pts',(13.9,8.46426282051282,-24.2820512820513));
#2986=CARTESIAN_POINT('',(14.5,9.49391025641026,-23.5352564102564));
#2987=CARTESIAN_POINT('Ctrl Pts',(14.5,10.2783653846154,-24.1282051282051));
#2988=CARTESIAN_POINT('Ctrl Pts',(13.9,10.2783653846154,-24.1282051282051));
#2989=CARTESIAN_POINT('Ctrl Pts',(14.5,10.2343934231494,-24.1267395327615));
#2990=CARTESIAN_POINT('Ctrl Pts',(13.9,10.2343934231494,-24.1267395327615));
#2991=CARTESIAN_POINT('Ctrl Pts',(14.5,10.148172678184,-24.1238657757864));
#2992=CARTESIAN_POINT('Ctrl Pts',(13.9,10.148172678184,-24.1238657757864));
#2993=CARTESIAN_POINT('Ctrl Pts',(14.5,10.0238847576425,-24.0945809070233));
#2994=CARTESIAN_POINT('Ctrl Pts',(13.9,10.0238847576425,-24.0945809070233));
#2995=CARTESIAN_POINT('Ctrl Pts',(14.5,9.90785575448043,-24.048937934043));
#2996=CARTESIAN_POINT('Ctrl Pts',(13.9,9.90785575448043,-24.048937934043));
#2997=CARTESIAN_POINT('Ctrl Pts',(14.5,9.80229697981689,-23.9829700650991));
#2998=CARTESIAN_POINT('Ctrl Pts',(13.9,9.80229697981689,-23.9829700650991));
#2999=CARTESIAN_POINT('Ctrl Pts',(14.5,9.70611824802174,-23.8994242125497));
#3000=CARTESIAN_POINT('Ctrl Pts',(13.9,9.70611824802174,-23.8994242125497));
#3001=CARTESIAN_POINT('Ctrl Pts',(14.5,9.62250902177168,-23.7957504725681));
#3002=CARTESIAN_POINT('Ctrl Pts',(13.9,9.62250902177168,-23.7957504725681));
#3003=CARTESIAN_POINT('Ctrl Pts',(14.5,9.54958307786247,-23.6735233185037));
#3004=CARTESIAN_POINT('Ctrl Pts',(13.9,9.54958307786247,-23.6735233185037));
#3005=CARTESIAN_POINT('Ctrl Pts',(14.5,9.5129674116762,-23.5825860384282));
#3006=CARTESIAN_POINT('Ctrl Pts',(13.9,9.5129674116762,-23.5825860384282));
#3007=CARTESIAN_POINT('Ctrl Pts',(14.5,9.49391025641026,-23.5352564102564));
#3008=CARTESIAN_POINT('Ctrl Pts',(13.9,9.49391025641026,-23.5352564102564));
#3009=CARTESIAN_POINT('',(14.5,10.2783653846154,-24.1282051282051));
#3010=CARTESIAN_POINT('Ctrl Pts',(14.5,11.3,-22.9935897435897));
#3011=CARTESIAN_POINT('Ctrl Pts',(13.9,11.3,-22.9935897435897));
#3012=CARTESIAN_POINT('Ctrl Pts',(14.5,11.2990602462528,-23.0352940044368));
#3013=CARTESIAN_POINT('Ctrl Pts',(13.9,11.2990602462528,-23.0352940044368));
#3014=CARTESIAN_POINT('Ctrl Pts',(14.5,11.2972297119939,-23.1165291987126));
#3015=CARTESIAN_POINT('Ctrl Pts',(13.9,11.2972297119939,-23.1165291987126));
#3016=CARTESIAN_POINT('Ctrl Pts',(14.5,11.2834467562933,-23.2353284621837));
#3017=CARTESIAN_POINT('Ctrl Pts',(13.9,11.2834467562933,-23.2353284621837));
#3018=CARTESIAN_POINT('Ctrl Pts',(14.5,11.2603456638929,-23.3480208164377));
#3019=CARTESIAN_POINT('Ctrl Pts',(13.9,11.2603456638929,-23.3480208164377));
#3020=CARTESIAN_POINT('Ctrl Pts',(14.5,11.2275710294642,-23.4545399141355));
#3021=CARTESIAN_POINT('Ctrl Pts',(13.9,11.2275710294642,-23.4545399141355));
#3022=CARTESIAN_POINT('Ctrl Pts',(14.5,11.1856666859133,-23.5550536862215));
#3023=CARTESIAN_POINT('Ctrl Pts',(13.9,11.1856666859133,-23.5550536862215));
#3024=CARTESIAN_POINT('Ctrl Pts',(14.5,11.1341607469418,-23.6489016575141));
#3025=CARTESIAN_POINT('Ctrl Pts',(13.9,11.1341607469418,-23.6489016575141));
#3026=CARTESIAN_POINT('Ctrl Pts',(14.5,11.0739027093802,-23.7370499359047));
#3027=CARTESIAN_POINT('Ctrl Pts',(13.9,11.0739027093802,-23.7370499359047));
#3028=CARTESIAN_POINT('Ctrl Pts',(14.5,11.0041739747006,-23.8172454817574));
#3029=CARTESIAN_POINT('Ctrl Pts',(13.9,11.0041739747006,-23.8172454817574));
#3030=CARTESIAN_POINT('Ctrl Pts',(14.5,10.9284712443455,-23.8902138694694));
#3031=CARTESIAN_POINT('Ctrl Pts',(13.9,10.9284712443455,-23.8902138694694));
#3032=CARTESIAN_POINT('Ctrl Pts',(14.5,10.8473679964855,-23.9534340851108));
#3033=CARTESIAN_POINT('Ctrl Pts',(13.9,10.8473679964855,-23.9534340851108));
#3034=CARTESIAN_POINT('Ctrl Pts',(14.5,10.7627567205544,-24.0076560518803));
#3035=CARTESIAN_POINT('Ctrl Pts',(13.9,10.7627567205544,-24.0076560518803));
#3036=CARTESIAN_POINT('Ctrl Pts',(14.5,10.6741233835698,-24.0524623607135));
#3037=CARTESIAN_POINT('Ctrl Pts',(13.9,10.6741233835698,-24.0524623607135));
#3038=CARTESIAN_POINT('Ctrl Pts',(14.5,10.5804586891489,-24.0856102374024));
#3039=CARTESIAN_POINT('Ctrl Pts',(13.9,10.5804586891489,-24.0856102374024));
#3040=CARTESIAN_POINT('Ctrl Pts',(14.5,10.4835273234997,-24.1108763601811));
#3041=CARTESIAN_POINT('Ctrl Pts',(13.9,10.4835273234997,-24.1108763601811));
#3042=CARTESIAN_POINT('Ctrl Pts',(14.5,10.3821775530738,-24.1255318826161));
#3043=CARTESIAN_POINT('Ctrl Pts',(13.9,10.3821775530738,-24.1255318826161));
#3044=CARTESIAN_POINT('Ctrl Pts',(14.5,10.3134011839167,-24.127302928614));
#3045=CARTESIAN_POINT('Ctrl Pts',(13.9,10.3134011839167,-24.127302928614));
#3046=CARTESIAN_POINT('Ctrl Pts',(14.5,10.2783653846154,-24.1282051282051));
#3047=CARTESIAN_POINT('Ctrl Pts',(13.9,10.2783653846154,-24.1282051282051));
#3048=CARTESIAN_POINT('',(14.5,11.3,-22.9935897435897));
#3049=CARTESIAN_POINT('Ctrl Pts',(14.5,10.2911858974359,-21.8717948717949));
#3050=CARTESIAN_POINT('Ctrl Pts',(13.9,10.2911858974359,-21.8717948717949));
#3051=CARTESIAN_POINT('Ctrl Pts',(14.5,10.3262281376945,-21.8726748294111));
#3052=CARTESIAN_POINT('Ctrl Pts',(13.9,10.3262281376945,-21.8726748294111));
#3053=CARTESIAN_POINT('Ctrl Pts',(14.5,10.3950171506521,-21.8744022137169));
#3054=CARTESIAN_POINT('Ctrl Pts',(13.9,10.3950171506521,-21.8744022137169));
#3055=CARTESIAN_POINT('Ctrl Pts',(14.5,10.4959533814236,-21.8893272072293));
#3056=CARTESIAN_POINT('Ctrl Pts',(13.9,10.4959533814236,-21.8893272072293));
#3057=CARTESIAN_POINT('Ctrl Pts',(14.5,10.5926755429103,-21.9132317346289));
#3058=CARTESIAN_POINT('Ctrl Pts',(13.9,10.5926755429103,-21.9132317346289));
#3059=CARTESIAN_POINT('Ctrl Pts',(14.5,10.6849106466726,-21.9471578520351));
#3060=CARTESIAN_POINT('Ctrl Pts',(13.9,10.6849106466726,-21.9471578520351));
#3061=CARTESIAN_POINT('Ctrl Pts',(14.5,10.773417872119,-21.9896617168198));
#3062=CARTESIAN_POINT('Ctrl Pts',(13.9,10.773417872119,-21.9896617168198));
#3063=CARTESIAN_POINT('Ctrl Pts',(14.5,10.8565757275607,-22.0432944262951));
#3064=CARTESIAN_POINT('Ctrl Pts',(13.9,10.8565757275607,-22.0432944262951));
#3065=CARTESIAN_POINT('Ctrl Pts',(14.5,10.9367344222944,-22.1049418946295));
#3066=CARTESIAN_POINT('Ctrl Pts',(13.9,10.9367344222944,-22.1049418946295));
#3067=CARTESIAN_POINT('Ctrl Pts',(14.5,11.0106536979031,-22.1771589743346));
#3068=CARTESIAN_POINT('Ctrl Pts',(13.9,11.0106536979031,-22.1771589743346));
#3069=CARTESIAN_POINT('Ctrl Pts',(14.5,11.0783566000547,-22.2567409477026));
#3070=CARTESIAN_POINT('Ctrl Pts',(13.9,11.0783566000547,-22.2567409477026));
#3071=CARTESIAN_POINT('Ctrl Pts',(14.5,11.1386055335136,-22.3429406443168));
#3072=CARTESIAN_POINT('Ctrl Pts',(13.9,11.1386055335136,-22.3429406443168));
#3073=CARTESIAN_POINT('Ctrl Pts',(14.5,11.1878745140843,-22.4364176654235));
#3074=CARTESIAN_POINT('Ctrl Pts',(13.9,11.1878745140843,-22.4364176654235));
#3075=CARTESIAN_POINT('Ctrl Pts',(14.5,11.2290675335744,-22.5356134828071));
#3076=CARTESIAN_POINT('Ctrl Pts',(13.9,11.2290675335744,-22.5356134828071));
#3077=CARTESIAN_POINT('Ctrl Pts',(14.5,11.2613173123131,-22.6410185707973));
#3078=CARTESIAN_POINT('Ctrl Pts',(13.9,11.2613173123131,-22.6410185707973));
#3079=CARTESIAN_POINT('Ctrl Pts',(14.5,11.2832812082766,-22.7530042228776));
#3080=CARTESIAN_POINT('Ctrl Pts',(13.9,11.2832812082766,-22.7530042228776));
#3081=CARTESIAN_POINT('Ctrl Pts',(14.5,11.2972518755457,-22.8711756651269));
#3082=CARTESIAN_POINT('Ctrl Pts',(13.9,11.2972518755457,-22.8711756651269));
#3083=CARTESIAN_POINT('Ctrl Pts',(14.5,11.2990696917551,-22.9521495437805));
#3084=CARTESIAN_POINT('Ctrl Pts',(13.9,11.2990696917551,-22.9521495437805));
#3085=CARTESIAN_POINT('Ctrl Pts',(14.5,11.3,-22.9935897435897));
#3086=CARTESIAN_POINT('Ctrl Pts',(13.9,11.3,-22.9935897435897));
#3087=CARTESIAN_POINT('',(14.5,10.2911858974359,-21.8717948717949));
#3088=CARTESIAN_POINT('Ctrl Pts',(14.5,9.49391025641026,-22.4775641025641));
#3089=CARTESIAN_POINT('Ctrl Pts',(13.9,9.49391025641026,-22.4775641025641));
#3090=CARTESIAN_POINT('Ctrl Pts',(14.5,9.51294538948727,-22.428906491338));
#3091=CARTESIAN_POINT('Ctrl Pts',(13.9,9.51294538948727,-22.428906491338));
#3092=CARTESIAN_POINT('Ctrl Pts',(14.5,9.5494420517645,-22.335613715451));
#3093=CARTESIAN_POINT('Ctrl Pts',(13.9,9.5494420517645,-22.335613715451));
#3094=CARTESIAN_POINT('Ctrl Pts',(14.5,9.62248214609834,-22.2097858128044));
#3095=CARTESIAN_POINT('Ctrl Pts',(13.9,9.62248214609834,-22.2097858128044));
#3096=CARTESIAN_POINT('Ctrl Pts',(14.5,9.70650515580432,-22.1032926061168));
#3097=CARTESIAN_POINT('Ctrl Pts',(13.9,9.70650515580432,-22.1032926061168));
#3098=CARTESIAN_POINT('Ctrl Pts',(14.5,9.80353724079933,-22.0174416911945));
#3099=CARTESIAN_POINT('Ctrl Pts',(13.9,9.80353724079933,-22.0174416911945));
#3100=CARTESIAN_POINT('Ctrl Pts',(14.5,9.91157248255222,-21.9520076859438));
#3101=CARTESIAN_POINT('Ctrl Pts',(13.9,9.91157248255222,-21.9520076859438));
#3102=CARTESIAN_POINT('Ctrl Pts',(14.5,10.0292334356859,-21.9048926151859));
#3103=CARTESIAN_POINT('Ctrl Pts',(13.9,10.0292334356859,-21.9048926151859));
#3104=CARTESIAN_POINT('Ctrl Pts',(14.5,10.1571756020642,-21.8772964919085));
#3105=CARTESIAN_POINT('Ctrl Pts',(13.9,10.1571756020642,-21.8772964919085));
#3106=CARTESIAN_POINT('Ctrl Pts',(14.5,10.2456443141933,-21.8736645228517));
#3107=CARTESIAN_POINT('Ctrl Pts',(13.9,10.2456443141933,-21.8736645228517));
#3108=CARTESIAN_POINT('Ctrl Pts',(14.5,10.2911858974359,-21.8717948717949));
#3109=CARTESIAN_POINT('Ctrl Pts',(13.9,10.2911858974359,-21.8717948717949));
#3110=CARTESIAN_POINT('Ctrl Pts',(14.5,10.8384615384615,-23.));
#3111=CARTESIAN_POINT('Ctrl Pts',(13.9,10.8384615384615,-23.));
#3112=CARTESIAN_POINT('Ctrl Pts',(14.5,10.838133408153,-22.9764629647375));
#3113=CARTESIAN_POINT('Ctrl Pts',(13.9,10.838133408153,-22.9764629647375));
#3114=CARTESIAN_POINT('Ctrl Pts',(14.5,10.8374937341433,-22.9305786641029));
#3115=CARTESIAN_POINT('Ctrl Pts',(13.9,10.8374937341433,-22.9305786641029));
#3116=CARTESIAN_POINT('Ctrl Pts',(14.5,10.8286328906515,-22.8637479962891));
#3117=CARTESIAN_POINT('Ctrl Pts',(13.9,10.8286328906515,-22.8637479962891));
#3118=CARTESIAN_POINT('Ctrl Pts',(14.5,10.8175038514061,-22.8004891597127));
#3119=CARTESIAN_POINT('Ctrl Pts',(13.9,10.8175038514061,-22.8004891597127));
#3120=CARTESIAN_POINT('Ctrl Pts',(14.5,10.7996438027591,-22.7413857579012));
#3121=CARTESIAN_POINT('Ctrl Pts',(13.9,10.7996438027591,-22.7413857579012));
#3122=CARTESIAN_POINT('Ctrl Pts',(14.5,10.7763048711385,-22.6866834645686));
#3123=CARTESIAN_POINT('Ctrl Pts',(13.9,10.7763048711385,-22.6866834645686));
#3124=CARTESIAN_POINT('Ctrl Pts',(14.5,10.7479008908036,-22.6358109127261));
#3125=CARTESIAN_POINT('Ctrl Pts',(13.9,10.7479008908036,-22.6358109127261));
#3126=CARTESIAN_POINT('Ctrl Pts',(14.5,10.7153979146661,-22.5883904838643));
#3127=CARTESIAN_POINT('Ctrl Pts',(13.9,10.7153979146661,-22.5883904838643));
#3128=CARTESIAN_POINT('Ctrl Pts',(14.5,10.6653362156432,-22.5324683425487));
#3129=CARTESIAN_POINT('Ctrl Pts',(13.9,10.6653362156432,-22.5324683425487));
#3130=CARTESIAN_POINT('Ctrl Pts',(14.5,10.5948953601569,-22.47389911293));
#3131=CARTESIAN_POINT('Ctrl Pts',(13.9,10.5948953601569,-22.47389911293));
#3132=CARTESIAN_POINT('Ctrl Pts',(14.5,10.5002683973972,-22.4223012688081));
#3133=CARTESIAN_POINT('Ctrl Pts',(13.9,10.5002683973972,-22.4223012688081));
#3134=CARTESIAN_POINT('Ctrl Pts',(14.5,10.3970930715176,-22.3904121316859));
#3135=CARTESIAN_POINT('Ctrl Pts',(13.9,10.3970930715176,-22.3904121316859));
#3136=CARTESIAN_POINT('Ctrl Pts',(14.5,10.3253329071024,-22.3865715665989));
#3137=CARTESIAN_POINT('Ctrl Pts',(13.9,10.3253329071024,-22.3865715665989));
#3138=CARTESIAN_POINT('Ctrl Pts',(14.5,10.2887820512821,-22.3846153846154));
#3139=CARTESIAN_POINT('Ctrl Pts',(13.9,10.2887820512821,-22.3846153846154));
#3140=CARTESIAN_POINT('',(14.,10.8384615384615,-23.));
#3141=CARTESIAN_POINT('',(14.,10.2887820512821,-22.3846153846154));
#3142=CARTESIAN_POINT('Ctrl Pts',(14.,10.8384615384615,-23.));
#3143=CARTESIAN_POINT('Ctrl Pts',(14.,10.838133408153,-22.9764629647375));
#3144=CARTESIAN_POINT('Ctrl Pts',(14.,10.8374937341433,-22.9305786641029));
#3145=CARTESIAN_POINT('Ctrl Pts',(14.,10.8286328906515,-22.8637479962891));
#3146=CARTESIAN_POINT('Ctrl Pts',(14.,10.8175038514061,-22.8004891597127));
#3147=CARTESIAN_POINT('Ctrl Pts',(14.,10.7996438027591,-22.7413857579012));
#3148=CARTESIAN_POINT('Ctrl Pts',(14.,10.7763048711385,-22.6866834645686));
#3149=CARTESIAN_POINT('Ctrl Pts',(14.,10.7479008908036,-22.6358109127261));
#3150=CARTESIAN_POINT('Ctrl Pts',(14.,10.7153979146661,-22.5883904838643));
#3151=CARTESIAN_POINT('Ctrl Pts',(14.,10.6653362156432,-22.5324683425487));
#3152=CARTESIAN_POINT('Ctrl Pts',(14.,10.5948953601569,-22.47389911293));
#3153=CARTESIAN_POINT('Ctrl Pts',(14.,10.5002683973972,-22.4223012688081));
#3154=CARTESIAN_POINT('Ctrl Pts',(14.,10.3970930715176,-22.3904121316859));
#3155=CARTESIAN_POINT('Ctrl Pts',(14.,10.3253329071024,-22.3865715665989));
#3156=CARTESIAN_POINT('Ctrl Pts',(14.,10.2887820512821,-22.3846153846154));
#3157=CARTESIAN_POINT('',(14.5,10.8384615384615,-23.));
#3158=CARTESIAN_POINT('',(14.5,10.2887820512821,-22.3846153846154));
#3159=CARTESIAN_POINT('Ctrl Pts',(14.5,10.2887820512821,-22.3846153846154));
#3160=CARTESIAN_POINT('Ctrl Pts',(13.9,10.2887820512821,-22.3846153846154));
#3161=CARTESIAN_POINT('Ctrl Pts',(14.5,10.2479579432397,-22.3861374300651));
#3162=CARTESIAN_POINT('Ctrl Pts',(13.9,10.2479579432397,-22.3861374300651));
#3163=CARTESIAN_POINT('Ctrl Pts',(14.5,10.1690676554301,-22.3890786971091));
#3164=CARTESIAN_POINT('Ctrl Pts',(13.9,10.1690676554301,-22.3890786971091));
#3165=CARTESIAN_POINT('Ctrl Pts',(14.5,10.0570097815852,-22.4210652912513));
#3166=CARTESIAN_POINT('Ctrl Pts',(13.9,10.0570097815852,-22.4210652912513));
#3167=CARTESIAN_POINT('Ctrl Pts',(14.5,9.95635038592807,-22.471083041702));
#3168=CARTESIAN_POINT('Ctrl Pts',(13.9,9.95635038592807,-22.471083041702));
#3169=CARTESIAN_POINT('Ctrl Pts',(14.5,9.88335452253927,-22.529720076271));
#3170=CARTESIAN_POINT('Ctrl Pts',(13.9,9.88335452253927,-22.529720076271));
#3171=CARTESIAN_POINT('Ctrl Pts',(14.5,9.83361866537526,-22.5859382664413));
#3172=CARTESIAN_POINT('Ctrl Pts',(13.9,9.83361866537526,-22.5859382664413));
#3173=CARTESIAN_POINT('Ctrl Pts',(14.5,9.8004118007884,-22.6328600881382));
#3174=CARTESIAN_POINT('Ctrl Pts',(13.9,9.8004118007884,-22.6328600881382));
#3175=CARTESIAN_POINT('Ctrl Pts',(14.5,9.77221984318892,-22.6841365654405));
#3176=CARTESIAN_POINT('Ctrl Pts',(13.9,9.77221984318892,-22.6841365654405));
#3177=CARTESIAN_POINT('Ctrl Pts',(14.5,9.750307275789,-22.7401391727579));
#3178=CARTESIAN_POINT('Ctrl Pts',(13.9,9.750307275789,-22.7401391727579));
#3179=CARTESIAN_POINT('Ctrl Pts',(14.5,9.73089410541876,-22.7995115244452));
#3180=CARTESIAN_POINT('Ctrl Pts',(13.9,9.73089410541876,-22.7995115244452));
#3181=CARTESIAN_POINT('Ctrl Pts',(14.5,9.72004355448953,-22.8643012883745));
#3182=CARTESIAN_POINT('Ctrl Pts',(13.9,9.72004355448953,-22.8643012883745));
#3183=CARTESIAN_POINT('Ctrl Pts',(14.5,9.71122270138725,-22.9329856197148));
#3184=CARTESIAN_POINT('Ctrl Pts',(13.9,9.71122270138725,-22.9329856197148));
#3185=CARTESIAN_POINT('Ctrl Pts',(14.5,9.71058386601974,-22.9804687008231));
#3186=CARTESIAN_POINT('Ctrl Pts',(13.9,9.71058386601974,-22.9804687008231));
#3187=CARTESIAN_POINT('Ctrl Pts',(14.5,9.71025641025641,-23.0048076923077));
#3188=CARTESIAN_POINT('Ctrl Pts',(13.9,9.71025641025641,-23.0048076923077));
#3189=CARTESIAN_POINT('',(14.,9.71025641025641,-23.0048076923077));
#3190=CARTESIAN_POINT('Ctrl Pts',(14.,10.2887820512821,-22.3846153846154));
#3191=CARTESIAN_POINT('Ctrl Pts',(14.,10.2479579432397,-22.3861374300651));
#3192=CARTESIAN_POINT('Ctrl Pts',(14.,10.1690676554301,-22.3890786971091));
#3193=CARTESIAN_POINT('Ctrl Pts',(14.,10.0570097815852,-22.4210652912513));
#3194=CARTESIAN_POINT('Ctrl Pts',(14.,9.95635038592807,-22.471083041702));
#3195=CARTESIAN_POINT('Ctrl Pts',(14.,9.88335452253927,-22.529720076271));
#3196=CARTESIAN_POINT('Ctrl Pts',(14.,9.83361866537526,-22.5859382664413));
#3197=CARTESIAN_POINT('Ctrl Pts',(14.,9.8004118007884,-22.6328600881382));
#3198=CARTESIAN_POINT('Ctrl Pts',(14.,9.77221984318892,-22.6841365654405));
#3199=CARTESIAN_POINT('Ctrl Pts',(14.,9.750307275789,-22.7401391727579));
#3200=CARTESIAN_POINT('Ctrl Pts',(14.,9.73089410541876,-22.7995115244452));
#3201=CARTESIAN_POINT('Ctrl Pts',(14.,9.72004355448953,-22.8643012883745));
#3202=CARTESIAN_POINT('Ctrl Pts',(14.,9.71122270138725,-22.9329856197148));
#3203=CARTESIAN_POINT('Ctrl Pts',(14.,9.71058386601974,-22.9804687008231));
#3204=CARTESIAN_POINT('Ctrl Pts',(14.,9.71025641025641,-23.0048076923077));
#3205=CARTESIAN_POINT('',(14.5,9.71025641025641,-23.0048076923077));
#3206=CARTESIAN_POINT('Ctrl Pts',(14.5,9.71025641025641,-23.0048076923077));
#3207=CARTESIAN_POINT('Ctrl Pts',(13.9,9.71025641025641,-23.0048076923077));
#3208=CARTESIAN_POINT('Ctrl Pts',(14.5,9.71059596632161,-23.0286094233715));
#3209=CARTESIAN_POINT('Ctrl Pts',(13.9,9.71059596632161,-23.0286094233715));
#3210=CARTESIAN_POINT('Ctrl Pts',(14.5,9.71125808205568,-23.0750214956345));
#3211=CARTESIAN_POINT('Ctrl Pts',(13.9,9.71125808205568,-23.0750214956345));
#3212=CARTESIAN_POINT('Ctrl Pts',(14.5,9.71989910377214,-23.1421588928854));
#3213=CARTESIAN_POINT('Ctrl Pts',(13.9,9.71989910377214,-23.1421588928854));
#3214=CARTESIAN_POINT('Ctrl Pts',(14.5,9.73144000156713,-23.2056034993235));
#3215=CARTESIAN_POINT('Ctrl Pts',(13.9,9.73144000156713,-23.2056034993235));
#3216=CARTESIAN_POINT('Ctrl Pts',(14.5,9.74892845836453,-23.264417789811));
#3217=CARTESIAN_POINT('Ctrl Pts',(13.9,9.74892845836453,-23.264417789811));
#3218=CARTESIAN_POINT('Ctrl Pts',(14.5,9.77166855260485,-23.319280772324));
#3219=CARTESIAN_POINT('Ctrl Pts',(13.9,9.77166855260485,-23.319280772324));
#3220=CARTESIAN_POINT('Ctrl Pts',(14.5,9.79970147547782,-23.3693001242395));
#3221=CARTESIAN_POINT('Ctrl Pts',(13.9,9.79970147547782,-23.3693001242395));
#3222=CARTESIAN_POINT('Ctrl Pts',(14.5,9.83191934840694,-23.4159726649423));
#3223=CARTESIAN_POINT('Ctrl Pts',(13.9,9.83191934840694,-23.4159726649423));
#3224=CARTESIAN_POINT('Ctrl Pts',(14.5,9.88203518471446,-23.4705393731054));
#3225=CARTESIAN_POINT('Ctrl Pts',(13.9,9.88203518471446,-23.4705393731054));
#3226=CARTESIAN_POINT('Ctrl Pts',(14.5,9.95247444479538,-23.5290954897289));
#3227=CARTESIAN_POINT('Ctrl Pts',(13.9,9.95247444479538,-23.5290954897289));
#3228=CARTESIAN_POINT('Ctrl Pts',(14.5,10.0486372414979,-23.5792808619784));
#3229=CARTESIAN_POINT('Ctrl Pts',(13.9,10.0486372414979,-23.5792808619784));
#3230=CARTESIAN_POINT('Ctrl Pts',(14.5,10.1538450515487,-23.6105542497988));
#3231=CARTESIAN_POINT('Ctrl Pts',(13.9,10.1538450515487,-23.6105542497988));
#3232=CARTESIAN_POINT('Ctrl Pts',(14.5,10.2271284242872,-23.613746225883));
#3233=CARTESIAN_POINT('Ctrl Pts',(13.9,10.2271284242872,-23.613746225883));
#3234=CARTESIAN_POINT('Ctrl Pts',(14.5,10.2647435897436,-23.6153846153846));
#3235=CARTESIAN_POINT('Ctrl Pts',(13.9,10.2647435897436,-23.6153846153846));
#3236=CARTESIAN_POINT('',(14.,10.2647435897436,-23.6153846153846));
#3237=CARTESIAN_POINT('Ctrl Pts',(14.,9.71025641025641,-23.0048076923077));
#3238=CARTESIAN_POINT('Ctrl Pts',(14.,9.71059596632161,-23.0286094233715));
#3239=CARTESIAN_POINT('Ctrl Pts',(14.,9.71125808205568,-23.0750214956345));
#3240=CARTESIAN_POINT('Ctrl Pts',(14.,9.71989910377214,-23.1421588928854));
#3241=CARTESIAN_POINT('Ctrl Pts',(14.,9.73144000156713,-23.2056034993235));
#3242=CARTESIAN_POINT('Ctrl Pts',(14.,9.74892845836453,-23.264417789811));
#3243=CARTESIAN_POINT('Ctrl Pts',(14.,9.77166855260485,-23.319280772324));
#3244=CARTESIAN_POINT('Ctrl Pts',(14.,9.79970147547782,-23.3693001242395));
#3245=CARTESIAN_POINT('Ctrl Pts',(14.,9.83191934840694,-23.4159726649423));
#3246=CARTESIAN_POINT('Ctrl Pts',(14.,9.88203518471446,-23.4705393731054));
#3247=CARTESIAN_POINT('Ctrl Pts',(14.,9.95247444479538,-23.5290954897289));
#3248=CARTESIAN_POINT('Ctrl Pts',(14.,10.0486372414979,-23.5792808619784));
#3249=CARTESIAN_POINT('Ctrl Pts',(14.,10.1538450515487,-23.6105542497988));
#3250=CARTESIAN_POINT('Ctrl Pts',(14.,10.2271284242872,-23.613746225883));
#3251=CARTESIAN_POINT('Ctrl Pts',(14.,10.2647435897436,-23.6153846153846));
#3252=CARTESIAN_POINT('',(14.5,10.2647435897436,-23.6153846153846));
#3253=CARTESIAN_POINT('Ctrl Pts',(14.5,10.2647435897436,-23.6153846153846));
#3254=CARTESIAN_POINT('Ctrl Pts',(13.9,10.2647435897436,-23.6153846153846));
#3255=CARTESIAN_POINT('Ctrl Pts',(14.5,10.3036736752994,-23.6134105862358));
#3256=CARTESIAN_POINT('Ctrl Pts',(13.9,10.3036736752994,-23.6134105862358));
#3257=CARTESIAN_POINT('Ctrl Pts',(14.5,10.3798497710773,-23.6095479224022));
#3258=CARTESIAN_POINT('Ctrl Pts',(13.9,10.3798497710773,-23.6095479224022));
#3259=CARTESIAN_POINT('Ctrl Pts',(14.5,10.4892039901463,-23.578350925574));
#3260=CARTESIAN_POINT('Ctrl Pts',(13.9,10.4892039901463,-23.578350925574));
#3261=CARTESIAN_POINT('Ctrl Pts',(14.5,10.5882462540924,-23.5258280495518));
#3262=CARTESIAN_POINT('Ctrl Pts',(13.9,10.5882462540924,-23.5258280495518));
#3263=CARTESIAN_POINT('Ctrl Pts',(14.5,10.6605754167282,-23.4658279450533));
#3264=CARTESIAN_POINT('Ctrl Pts',(13.9,10.6605754167282,-23.4658279450533));
#3265=CARTESIAN_POINT('Ctrl Pts',(14.5,10.7129736364376,-23.4102959543871));
#3266=CARTESIAN_POINT('Ctrl Pts',(13.9,10.7129736364376,-23.4102959543871));
#3267=CARTESIAN_POINT('Ctrl Pts',(14.5,10.7463286125016,-23.3627855053683));
#3268=CARTESIAN_POINT('Ctrl Pts',(13.9,10.7463286125016,-23.3627855053683));
#3269=CARTESIAN_POINT('Ctrl Pts',(14.5,10.7747166479857,-23.3117115949301));
#3270=CARTESIAN_POINT('Ctrl Pts',(13.9,10.7747166479857,-23.3117115949301));
#3271=CARTESIAN_POINT('Ctrl Pts',(14.5,10.7978993007167,-23.2568798365661));
#3272=CARTESIAN_POINT('Ctrl Pts',(13.9,10.7978993007167,-23.2568798365661));
#3273=CARTESIAN_POINT('Ctrl Pts',(14.5,10.8165963514563,-23.1982109400904));
#3274=CARTESIAN_POINT('Ctrl Pts',(13.9,10.8165963514563,-23.1982109400904));
#3275=CARTESIAN_POINT('Ctrl Pts',(14.5,10.828862517369,-23.1355459787315));
#3276=CARTESIAN_POINT('Ctrl Pts',(13.9,10.828862517369,-23.1355459787315));
#3277=CARTESIAN_POINT('Ctrl Pts',(14.5,10.837465210638,-23.0691482713024));
#3278=CARTESIAN_POINT('Ctrl Pts',(13.9,10.837465210638,-23.0691482713024));
#3279=CARTESIAN_POINT('Ctrl Pts',(14.5,10.8381224411423,-23.0235344159569));
#3280=CARTESIAN_POINT('Ctrl Pts',(13.9,10.8381224411423,-23.0235344159569));
#3281=CARTESIAN_POINT('Ctrl Pts',(14.5,10.8384615384615,-23.));
#3282=CARTESIAN_POINT('Ctrl Pts',(13.9,10.8384615384615,-23.));
#3283=CARTESIAN_POINT('Ctrl Pts',(14.,10.2647435897436,-23.6153846153846));
#3284=CARTESIAN_POINT('Ctrl Pts',(14.,10.3036736752994,-23.6134105862358));
#3285=CARTESIAN_POINT('Ctrl Pts',(14.,10.3798497710773,-23.6095479224022));
#3286=CARTESIAN_POINT('Ctrl Pts',(14.,10.4892039901463,-23.578350925574));
#3287=CARTESIAN_POINT('Ctrl Pts',(14.,10.5882462540924,-23.5258280495518));
#3288=CARTESIAN_POINT('Ctrl Pts',(14.,10.6605754167282,-23.4658279450533));
#3289=CARTESIAN_POINT('Ctrl Pts',(14.,10.7129736364376,-23.4102959543871));
#3290=CARTESIAN_POINT('Ctrl Pts',(14.,10.7463286125016,-23.3627855053683));
#3291=CARTESIAN_POINT('Ctrl Pts',(14.,10.7747166479857,-23.3117115949301));
#3292=CARTESIAN_POINT('Ctrl Pts',(14.,10.7978993007167,-23.2568798365661));
#3293=CARTESIAN_POINT('Ctrl Pts',(14.,10.8165963514563,-23.1982109400904));
#3294=CARTESIAN_POINT('Ctrl Pts',(14.,10.828862517369,-23.1355459787315));
#3295=CARTESIAN_POINT('Ctrl Pts',(14.,10.837465210638,-23.0691482713024));
#3296=CARTESIAN_POINT('Ctrl Pts',(14.,10.8381224411423,-23.0235344159569));
#3297=CARTESIAN_POINT('Ctrl Pts',(14.,10.8384615384615,-23.));
#3298=CARTESIAN_POINT('Ctrl Pts',(14.5,9.24871794871795,-22.988782051282));
#3299=CARTESIAN_POINT('Ctrl Pts',(13.9,9.24871794871795,-22.988782051282));
#3300=CARTESIAN_POINT('Ctrl Pts',(14.5,9.24820089556945,-22.9601670875213));
#3301=CARTESIAN_POINT('Ctrl Pts',(13.9,9.24820089556945,-22.9601670875213));
#3302=CARTESIAN_POINT('Ctrl Pts',(14.5,9.24718731038562,-22.9040728477176));
#3303=CARTESIAN_POINT('Ctrl Pts',(13.9,9.24718731038562,-22.9040728477176));
#3304=CARTESIAN_POINT('Ctrl Pts',(14.5,9.23640189224734,-22.822583422838));
#3305=CARTESIAN_POINT('Ctrl Pts',(13.9,9.23640189224734,-22.822583422838));
#3306=CARTESIAN_POINT('Ctrl Pts',(14.5,9.21983906711842,-22.745437973635));
#3307=CARTESIAN_POINT('Ctrl Pts',(13.9,9.21983906711842,-22.745437973635));
#3308=CARTESIAN_POINT('Ctrl Pts',(14.5,9.1955971677291,-22.6733152290492));
#3309=CARTESIAN_POINT('Ctrl Pts',(13.9,9.1955971677291,-22.6733152290492));
#3310=CARTESIAN_POINT('Ctrl Pts',(14.5,9.16530445080277,-22.6053134316995));
#3311=CARTESIAN_POINT('Ctrl Pts',(13.9,9.16530445080277,-22.6053134316995));
#3312=CARTESIAN_POINT('Ctrl Pts',(14.5,9.12721352700045,-22.5426763115058));
#3313=CARTESIAN_POINT('Ctrl Pts',(13.9,9.12721352700045,-22.5426763115058));
#3314=CARTESIAN_POINT('Ctrl Pts',(14.5,9.08300083324047,-22.4842864266583));
#3315=CARTESIAN_POINT('Ctrl Pts',(13.9,9.08300083324047,-22.4842864266583));
#3316=CARTESIAN_POINT('Ctrl Pts',(14.5,9.03161198658685,-22.4319273791582));
#3317=CARTESIAN_POINT('Ctrl Pts',(13.9,9.03161198658685,-22.4319273791582));
#3318=CARTESIAN_POINT('Ctrl Pts',(14.5,8.97578972756704,-22.384685949592));
#3319=CARTESIAN_POINT('Ctrl Pts',(13.9,8.97578972756704,-22.384685949592));
#3320=CARTESIAN_POINT('Ctrl Pts',(14.5,8.91594843742212,-22.3438406744591));
#3321=CARTESIAN_POINT('Ctrl Pts',(13.9,8.91594843742212,-22.3438406744591));
#3322=CARTESIAN_POINT('Ctrl Pts',(14.5,8.85347625486812,-22.307758013577));
#3323=CARTESIAN_POINT('Ctrl Pts',(13.9,8.85347625486812,-22.307758013577));
#3324=CARTESIAN_POINT('Ctrl Pts',(14.5,8.78632323977848,-22.2803756443819));
#3325=CARTESIAN_POINT('Ctrl Pts',(13.9,8.78632323977848,-22.2803756443819));
#3326=CARTESIAN_POINT('Ctrl Pts',(14.5,8.71666032645114,-22.2571989201825));
#3327=CARTESIAN_POINT('Ctrl Pts',(13.9,8.71666032645114,-22.2571989201825));
#3328=CARTESIAN_POINT('Ctrl Pts',(14.5,8.64313543316613,-22.2427098015339));
#3329=CARTESIAN_POINT('Ctrl Pts',(13.9,8.64313543316613,-22.2427098015339));
#3330=CARTESIAN_POINT('Ctrl Pts',(14.5,8.56658393157892,-22.2324098487201));
#3331=CARTESIAN_POINT('Ctrl Pts',(13.9,8.56658393157892,-22.2324098487201));
#3332=CARTESIAN_POINT('Ctrl Pts',(14.5,8.5142466057851,-22.2313240964758));
#3333=CARTESIAN_POINT('Ctrl Pts',(13.9,8.5142466057851,-22.2313240964758));
#3334=CARTESIAN_POINT('Ctrl Pts',(14.5,8.4875,-22.2307692307692));
#3335=CARTESIAN_POINT('Ctrl Pts',(13.9,8.4875,-22.2307692307692));
#3336=CARTESIAN_POINT('',(14.,9.24871794871795,-22.988782051282));
#3337=CARTESIAN_POINT('',(14.,8.4875,-22.2307692307692));
#3338=CARTESIAN_POINT('Ctrl Pts',(14.,9.24871794871795,-22.988782051282));
#3339=CARTESIAN_POINT('Ctrl Pts',(14.,9.24820089556945,-22.9601670875213));
#3340=CARTESIAN_POINT('Ctrl Pts',(14.,9.24718731038562,-22.9040728477176));
#3341=CARTESIAN_POINT('Ctrl Pts',(14.,9.23640189224734,-22.822583422838));
#3342=CARTESIAN_POINT('Ctrl Pts',(14.,9.21983906711842,-22.745437973635));
#3343=CARTESIAN_POINT('Ctrl Pts',(14.,9.1955971677291,-22.6733152290492));
#3344=CARTESIAN_POINT('Ctrl Pts',(14.,9.16530445080277,-22.6053134316995));
#3345=CARTESIAN_POINT('Ctrl Pts',(14.,9.12721352700045,-22.5426763115058));
#3346=CARTESIAN_POINT('Ctrl Pts',(14.,9.08300083324047,-22.4842864266583));
#3347=CARTESIAN_POINT('Ctrl Pts',(14.,9.03161198658685,-22.4319273791582));
#3348=CARTESIAN_POINT('Ctrl Pts',(14.,8.97578972756704,-22.384685949592));
#3349=CARTESIAN_POINT('Ctrl Pts',(14.,8.91594843742212,-22.3438406744591));
#3350=CARTESIAN_POINT('Ctrl Pts',(14.,8.85347625486812,-22.307758013577));
#3351=CARTESIAN_POINT('Ctrl Pts',(14.,8.78632323977848,-22.2803756443819));
#3352=CARTESIAN_POINT('Ctrl Pts',(14.,8.71666032645114,-22.2571989201825));
#3353=CARTESIAN_POINT('Ctrl Pts',(14.,8.64313543316613,-22.2427098015339));
#3354=CARTESIAN_POINT('Ctrl Pts',(14.,8.56658393157892,-22.2324098487201));
#3355=CARTESIAN_POINT('Ctrl Pts',(14.,8.5142466057851,-22.2313240964758));
#3356=CARTESIAN_POINT('Ctrl Pts',(14.,8.4875,-22.2307692307692));
#3357=CARTESIAN_POINT('',(14.5,9.24871794871795,-22.988782051282));
#3358=CARTESIAN_POINT('',(14.5,8.4875,-22.2307692307692));
#3359=CARTESIAN_POINT('Ctrl Pts',(14.5,8.4875,-22.2307692307692));
#3360=CARTESIAN_POINT('Ctrl Pts',(13.9,8.4875,-22.2307692307692));
#3361=CARTESIAN_POINT('Ctrl Pts',(14.5,8.45459462745871,-22.2316560131273));
#3362=CARTESIAN_POINT('Ctrl Pts',(13.9,8.45459462745871,-22.2316560131273));
#3363=CARTESIAN_POINT('Ctrl Pts',(14.5,8.3886972036022,-22.2334319137904));
#3364=CARTESIAN_POINT('Ctrl Pts',(13.9,8.3886972036022,-22.2334319137904));
#3365=CARTESIAN_POINT('Ctrl Pts',(14.5,8.29082556486385,-22.2490103849492));
#3366=CARTESIAN_POINT('Ctrl Pts',(13.9,8.29082556486385,-22.2490103849492));
#3367=CARTESIAN_POINT('Ctrl Pts',(14.5,8.19477647492845,-22.2754438236719));
#3368=CARTESIAN_POINT('Ctrl Pts',(13.9,8.19477647492845,-22.2754438236719));
#3369=CARTESIAN_POINT('Ctrl Pts',(14.5,8.10045920883234,-22.3093228770589));
#3370=CARTESIAN_POINT('Ctrl Pts',(13.9,8.10045920883234,-22.3093228770589));
#3371=CARTESIAN_POINT('Ctrl Pts',(14.5,8.01168057645738,-22.3571113886152));
#3372=CARTESIAN_POINT('Ctrl Pts',(13.9,8.01168057645738,-22.3571113886152));
#3373=CARTESIAN_POINT('Ctrl Pts',(14.5,7.93243911507718,-22.4204843295758));
#3374=CARTESIAN_POINT('Ctrl Pts',(13.9,7.93243911507718,-22.4204843295758));
#3375=CARTESIAN_POINT('Ctrl Pts',(14.5,7.86581767212457,-22.5000055007806));
#3376=CARTESIAN_POINT('Ctrl Pts',(13.9,7.86581767212457,-22.5000055007806));
#3377=CARTESIAN_POINT('Ctrl Pts',(14.5,7.80953334877596,-22.5908230265857));
#3378=CARTESIAN_POINT('Ctrl Pts',(13.9,7.80953334877596,-22.5908230265857));
#3379=CARTESIAN_POINT('Ctrl Pts',(14.5,7.76523274560538,-22.6899282971275));
#3380=CARTESIAN_POINT('Ctrl Pts',(13.9,7.76523274560538,-22.6899282971275));
#3381=CARTESIAN_POINT('Ctrl Pts',(14.5,7.73430941928843,-22.7931988869153));
#3382=CARTESIAN_POINT('Ctrl Pts',(13.9,7.73430941928843,-22.7931988869153));
#3383=CARTESIAN_POINT('Ctrl Pts',(14.5,7.7138768287999,-22.8979694354807));
#3384=CARTESIAN_POINT('Ctrl Pts',(13.9,7.7138768287999,-22.8979694354807));
#3385=CARTESIAN_POINT('Ctrl Pts',(14.5,7.7114633544924,-22.968656708566));
#3386=CARTESIAN_POINT('Ctrl Pts',(13.9,7.7114633544924,-22.968656708566));
#3387=CARTESIAN_POINT('Ctrl Pts',(14.5,7.71025641025641,-23.0040064102564));
#3388=CARTESIAN_POINT('Ctrl Pts',(13.9,7.71025641025641,-23.0040064102564));
#3389=CARTESIAN_POINT('',(14.,7.71025641025641,-23.0040064102564));
#3390=CARTESIAN_POINT('Ctrl Pts',(14.,8.4875,-22.2307692307692));
#3391=CARTESIAN_POINT('Ctrl Pts',(14.,8.45459462745871,-22.2316560131273));
#3392=CARTESIAN_POINT('Ctrl Pts',(14.,8.3886972036022,-22.2334319137904));
#3393=CARTESIAN_POINT('Ctrl Pts',(14.,8.29082556486385,-22.2490103849492));
#3394=CARTESIAN_POINT('Ctrl Pts',(14.,8.19477647492845,-22.2754438236719));
#3395=CARTESIAN_POINT('Ctrl Pts',(14.,8.10045920883234,-22.3093228770589));
#3396=CARTESIAN_POINT('Ctrl Pts',(14.,8.01168057645738,-22.3571113886152));
#3397=CARTESIAN_POINT('Ctrl Pts',(14.,7.93243911507718,-22.4204843295758));
#3398=CARTESIAN_POINT('Ctrl Pts',(14.,7.86581767212457,-22.5000055007806));
#3399=CARTESIAN_POINT('Ctrl Pts',(14.,7.80953334877596,-22.5908230265857));
#3400=CARTESIAN_POINT('Ctrl Pts',(14.,7.76523274560538,-22.6899282971275));
#3401=CARTESIAN_POINT('Ctrl Pts',(14.,7.73430941928843,-22.7931988869153));
#3402=CARTESIAN_POINT('Ctrl Pts',(14.,7.7138768287999,-22.8979694354807));
#3403=CARTESIAN_POINT('Ctrl Pts',(14.,7.7114633544924,-22.968656708566));
#3404=CARTESIAN_POINT('Ctrl Pts',(14.,7.71025641025641,-23.0040064102564));
#3405=CARTESIAN_POINT('',(14.5,7.71025641025641,-23.0040064102564));
#3406=CARTESIAN_POINT('Ctrl Pts',(14.5,7.71025641025641,-23.0040064102564));
#3407=CARTESIAN_POINT('Ctrl Pts',(13.9,7.71025641025641,-23.0040064102564));
#3408=CARTESIAN_POINT('Ctrl Pts',(14.5,7.71075018384317,-23.0331560511729));
#3409=CARTESIAN_POINT('Ctrl Pts',(13.9,7.71075018384317,-23.0331560511729));
#3410=CARTESIAN_POINT('Ctrl Pts',(14.5,7.71170944516238,-23.089785493795));
#3411=CARTESIAN_POINT('Ctrl Pts',(13.9,7.71170944516238,-23.089785493795));
#3412=CARTESIAN_POINT('Ctrl Pts',(14.5,7.72267106357817,-23.172333490454));
#3413=CARTESIAN_POINT('Ctrl Pts',(13.9,7.72267106357817,-23.172333490454));
#3414=CARTESIAN_POINT('Ctrl Pts',(14.5,7.73930342453131,-23.2501123661504));
#3415=CARTESIAN_POINT('Ctrl Pts',(13.9,7.73930342453131,-23.2501123661504));
#3416=CARTESIAN_POINT('Ctrl Pts',(14.5,7.76210911762623,-23.3234784609815));
#3417=CARTESIAN_POINT('Ctrl Pts',(13.9,7.76210911762623,-23.3234784609815));
#3418=CARTESIAN_POINT('Ctrl Pts',(14.5,7.79330881539936,-23.3913519077118));
#3419=CARTESIAN_POINT('Ctrl Pts',(13.9,7.79330881539936,-23.3913519077118));
#3420=CARTESIAN_POINT('Ctrl Pts',(14.5,7.82977448499189,-23.4548379977927));
#3421=CARTESIAN_POINT('Ctrl Pts',(13.9,7.82977448499189,-23.4548379977927));
#3422=CARTESIAN_POINT('Ctrl Pts',(14.5,7.87384603808898,-23.5132873501055));
#3423=CARTESIAN_POINT('Ctrl Pts',(13.9,7.87384603808898,-23.5132873501055));
#3424=CARTESIAN_POINT('Ctrl Pts',(14.5,7.92414280467545,-23.5666834180249));
#3425=CARTESIAN_POINT('Ctrl Pts',(13.9,7.92414280467545,-23.5666834180249));
#3426=CARTESIAN_POINT('Ctrl Pts',(14.5,7.97978045467688,-23.6144823646165));
#3427=CARTESIAN_POINT('Ctrl Pts',(13.9,7.97978045467688,-23.6144823646165));
#3428=CARTESIAN_POINT('Ctrl Pts',(14.5,8.03980132230428,-23.6554282068349));
#3429=CARTESIAN_POINT('Ctrl Pts',(13.9,8.03980132230428,-23.6554282068349));
#3430=CARTESIAN_POINT('Ctrl Pts',(14.5,8.10251746746782,-23.691145748634));
#3431=CARTESIAN_POINT('Ctrl Pts',(13.9,8.10251746746782,-23.691145748634));
#3432=CARTESIAN_POINT('Ctrl Pts',(14.5,8.16928240132386,-23.7203074885854));
#3433=CARTESIAN_POINT('Ctrl Pts',(13.9,8.16928240132386,-23.7203074885854));
#3434=CARTESIAN_POINT('Ctrl Pts',(14.5,8.24023379896683,-23.7413961266752));
#3435=CARTESIAN_POINT('Ctrl Pts',(13.9,8.24023379896683,-23.7413961266752));
#3436=CARTESIAN_POINT('Ctrl Pts',(14.5,8.31409154344879,-23.7576689895439));
#3437=CARTESIAN_POINT('Ctrl Pts',(13.9,8.31409154344879,-23.7576689895439));
#3438=CARTESIAN_POINT('Ctrl Pts',(14.5,8.3916174369721,-23.7674859262818));
#3439=CARTESIAN_POINT('Ctrl Pts',(13.9,8.3916174369721,-23.7674859262818));
#3440=CARTESIAN_POINT('Ctrl Pts',(14.5,8.44446959197407,-23.7686407254862));
#3441=CARTESIAN_POINT('Ctrl Pts',(13.9,8.44446959197407,-23.7686407254862));
#3442=CARTESIAN_POINT('Ctrl Pts',(14.5,8.47147435897436,-23.7692307692308));
#3443=CARTESIAN_POINT('Ctrl Pts',(13.9,8.47147435897436,-23.7692307692308));
#3444=CARTESIAN_POINT('',(14.,8.47147435897436,-23.7692307692308));
#3445=CARTESIAN_POINT('Ctrl Pts',(14.,7.71025641025641,-23.0040064102564));
#3446=CARTESIAN_POINT('Ctrl Pts',(14.,7.71075018384317,-23.0331560511729));
#3447=CARTESIAN_POINT('Ctrl Pts',(14.,7.71170944516238,-23.089785493795));
#3448=CARTESIAN_POINT('Ctrl Pts',(14.,7.72267106357817,-23.172333490454));
#3449=CARTESIAN_POINT('Ctrl Pts',(14.,7.73930342453131,-23.2501123661504));
#3450=CARTESIAN_POINT('Ctrl Pts',(14.,7.76210911762623,-23.3234784609815));
#3451=CARTESIAN_POINT('Ctrl Pts',(14.,7.79330881539936,-23.3913519077118));
#3452=CARTESIAN_POINT('Ctrl Pts',(14.,7.82977448499189,-23.4548379977927));
#3453=CARTESIAN_POINT('Ctrl Pts',(14.,7.87384603808898,-23.5132873501055));
#3454=CARTESIAN_POINT('Ctrl Pts',(14.,7.92414280467545,-23.5666834180249));
#3455=CARTESIAN_POINT('Ctrl Pts',(14.,7.97978045467688,-23.6144823646165));
#3456=CARTESIAN_POINT('Ctrl Pts',(14.,8.03980132230428,-23.6554282068349));
#3457=CARTESIAN_POINT('Ctrl Pts',(14.,8.10251746746782,-23.691145748634));
#3458=CARTESIAN_POINT('Ctrl Pts',(14.,8.16928240132386,-23.7203074885854));
#3459=CARTESIAN_POINT('Ctrl Pts',(14.,8.24023379896683,-23.7413961266752));
#3460=CARTESIAN_POINT('Ctrl Pts',(14.,8.31409154344879,-23.7576689895439));
#3461=CARTESIAN_POINT('Ctrl Pts',(14.,8.3916174369721,-23.7674859262818));
#3462=CARTESIAN_POINT('Ctrl Pts',(14.,8.44446959197407,-23.7686407254862));
#3463=CARTESIAN_POINT('Ctrl Pts',(14.,8.47147435897436,-23.7692307692308));
#3464=CARTESIAN_POINT('',(14.5,8.47147435897436,-23.7692307692308));
#3465=CARTESIAN_POINT('Ctrl Pts',(14.5,8.47147435897436,-23.7692307692308));
#3466=CARTESIAN_POINT('Ctrl Pts',(13.9,8.47147435897436,-23.7692307692308));
#3467=CARTESIAN_POINT('Ctrl Pts',(14.5,8.49900919776681,-23.7686219338691));
#3468=CARTESIAN_POINT('Ctrl Pts',(13.9,8.49900919776681,-23.7686219338691));
#3469=CARTESIAN_POINT('Ctrl Pts',(14.5,8.55291802606629,-23.767429931213));
#3470=CARTESIAN_POINT('Ctrl Pts',(13.9,8.55291802606629,-23.767429931213));
#3471=CARTESIAN_POINT('Ctrl Pts',(14.5,8.63214545261964,-23.7578624746831));
#3472=CARTESIAN_POINT('Ctrl Pts',(13.9,8.63214545261964,-23.7578624746831));
#3473=CARTESIAN_POINT('Ctrl Pts',(14.5,8.70730261430253,-23.7406771341224));
#3474=CARTESIAN_POINT('Ctrl Pts',(13.9,8.70730261430253,-23.7406771341224));
#3475=CARTESIAN_POINT('Ctrl Pts',(14.5,8.7795249170039,-23.7185767146147));
#3476=CARTESIAN_POINT('Ctrl Pts',(13.9,8.7795249170039,-23.7185767146147));
#3477=CARTESIAN_POINT('Ctrl Pts',(14.5,8.84755589941797,-23.6886243268878));
#3478=CARTESIAN_POINT('Ctrl Pts',(13.9,8.84755589941797,-23.6886243268878));
#3479=CARTESIAN_POINT('Ctrl Pts',(14.5,8.91237104458075,-23.6526706789748));
#3480=CARTESIAN_POINT('Ctrl Pts',(13.9,8.91237104458075,-23.6526706789748));
#3481=CARTESIAN_POINT('Ctrl Pts',(14.5,8.972261969286,-23.6086420671038));
#3482=CARTESIAN_POINT('Ctrl Pts',(13.9,8.972261969286,-23.6086420671038));
#3483=CARTESIAN_POINT('Ctrl Pts',(14.5,9.02926197995643,-23.5603611820302));
#3484=CARTESIAN_POINT('Ctrl Pts',(13.9,9.02926197995643,-23.5603611820302));
#3485=CARTESIAN_POINT('Ctrl Pts',(14.5,9.08086016510264,-23.5057233879366));
#3486=CARTESIAN_POINT('Ctrl Pts',(13.9,9.08086016510264,-23.5057233879366));
#3487=CARTESIAN_POINT('Ctrl Pts',(14.5,9.12535522968104,-23.445386161835));
#3488=CARTESIAN_POINT('Ctrl Pts',(13.9,9.12535522968104,-23.445386161835));
#3489=CARTESIAN_POINT('Ctrl Pts',(14.5,9.16465190733295,-23.3812617272042));
#3490=CARTESIAN_POINT('Ctrl Pts',(13.9,9.16465190733295,-23.3812617272042));
#3491=CARTESIAN_POINT('Ctrl Pts',(14.5,9.19479577668261,-23.3114102617392));
#3492=CARTESIAN_POINT('Ctrl Pts',(13.9,9.19479577668261,-23.3114102617392));
#3493=CARTESIAN_POINT('Ctrl Pts',(14.5,9.21894170338482,-23.2373706878853));
#3494=CARTESIAN_POINT('Ctrl Pts',(13.9,9.21894170338482,-23.2373706878853));
#3495=CARTESIAN_POINT('Ctrl Pts',(14.5,9.23648650069574,-23.1587912562262));
#3496=CARTESIAN_POINT('Ctrl Pts',(13.9,9.23648650069574,-23.1587912562262));
#3497=CARTESIAN_POINT('Ctrl Pts',(14.5,9.24721116865958,-23.0753515752099));
#3498=CARTESIAN_POINT('Ctrl Pts',(13.9,9.24721116865958,-23.0753515752099));
#3499=CARTESIAN_POINT('Ctrl Pts',(14.5,9.24820599030652,-23.0181957641212));
#3500=CARTESIAN_POINT('Ctrl Pts',(13.9,9.24820599030652,-23.0181957641212));
#3501=CARTESIAN_POINT('Ctrl Pts',(14.5,9.24871794871795,-22.988782051282));
#3502=CARTESIAN_POINT('Ctrl Pts',(13.9,9.24871794871795,-22.988782051282));
#3503=CARTESIAN_POINT('Ctrl Pts',(14.,8.47147435897436,-23.7692307692308));
#3504=CARTESIAN_POINT('Ctrl Pts',(14.,8.49900919776681,-23.7686219338691));
#3505=CARTESIAN_POINT('Ctrl Pts',(14.,8.55291802606629,-23.767429931213));
#3506=CARTESIAN_POINT('Ctrl Pts',(14.,8.63214545261964,-23.7578624746831));
#3507=CARTESIAN_POINT('Ctrl Pts',(14.,8.70730261430253,-23.7406771341224));
#3508=CARTESIAN_POINT('Ctrl Pts',(14.,8.7795249170039,-23.7185767146147));
#3509=CARTESIAN_POINT('Ctrl Pts',(14.,8.84755589941797,-23.6886243268878));
#3510=CARTESIAN_POINT('Ctrl Pts',(14.,8.91237104458075,-23.6526706789748));
#3511=CARTESIAN_POINT('Ctrl Pts',(14.,8.972261969286,-23.6086420671038));
#3512=CARTESIAN_POINT('Ctrl Pts',(14.,9.02926197995643,-23.5603611820302));
#3513=CARTESIAN_POINT('Ctrl Pts',(14.,9.08086016510264,-23.5057233879366));
#3514=CARTESIAN_POINT('Ctrl Pts',(14.,9.12535522968104,-23.445386161835));
#3515=CARTESIAN_POINT('Ctrl Pts',(14.,9.16465190733295,-23.3812617272042));
#3516=CARTESIAN_POINT('Ctrl Pts',(14.,9.19479577668261,-23.3114102617392));
#3517=CARTESIAN_POINT('Ctrl Pts',(14.,9.21894170338482,-23.2373706878853));
#3518=CARTESIAN_POINT('Ctrl Pts',(14.,9.23648650069574,-23.1587912562262));
#3519=CARTESIAN_POINT('Ctrl Pts',(14.,9.24721116865958,-23.0753515752099));
#3520=CARTESIAN_POINT('Ctrl Pts',(14.,9.24820599030652,-23.0181957641212));
#3521=CARTESIAN_POINT('Ctrl Pts',(14.,9.24871794871795,-22.988782051282));
#3522=CARTESIAN_POINT('Origin',(14.,7.3,-30.3));
#3523=CARTESIAN_POINT('Origin',(14.,7.3,-30.3));
#3524=UNCERTAINTY_MEASURE_WITH_UNIT(LENGTH_MEASURE(0.01),#3528,
'DISTANCE_ACCURACY_VALUE',
'Maximum model space distance between geometric entities at asserted c
onnectivities');
#3525=UNCERTAINTY_MEASURE_WITH_UNIT(LENGTH_MEASURE(0.01),#3528,
'DISTANCE_ACCURACY_VALUE',
'Maximum model space distance between geometric entities at asserted c
onnectivities');
#3526=(
GEOMETRIC_REPRESENTATION_CONTEXT(3)
GLOBAL_UNCERTAINTY_ASSIGNED_CONTEXT((#3524))
GLOBAL_UNIT_ASSIGNED_CONTEXT((#3528,#3530,#3531))
REPRESENTATION_CONTEXT('','3D')
);
#3527=(
GEOMETRIC_REPRESENTATION_CONTEXT(3)
GLOBAL_UNCERTAINTY_ASSIGNED_CONTEXT((#3525))
GLOBAL_UNIT_ASSIGNED_CONTEXT((#3528,#3530,#3531))
REPRESENTATION_CONTEXT('','3D')
);
#3528=(
LENGTH_UNIT()
NAMED_UNIT(*)
SI_UNIT(.MILLI.,.METRE.)
);
#3529=(
LENGTH_UNIT()
NAMED_UNIT(*)
SI_UNIT(.CENTI.,.METRE.)
);
#3530=(
NAMED_UNIT(*)
PLANE_ANGLE_UNIT()
SI_UNIT($,.RADIAN.)
);
#3531=(
NAMED_UNIT(*)
SI_UNIT($,.STERADIAN.)
SOLID_ANGLE_UNIT()
);
#3532=SHAPE_DEFINITION_REPRESENTATION(#3533,#3534);
#3533=PRODUCT_DEFINITION_SHAPE('',$,#3536);
#3534=SHAPE_REPRESENTATION('',(#1327),#3526);
#3535=PRODUCT_DEFINITION_CONTEXT('part definition',#3540,'design');
#3536=PRODUCT_DEFINITION('Holder Tube-R8','Holder Tube-R8',#3537,#3535);
#3537=PRODUCT_DEFINITION_FORMATION('',$,#3542);
#3538=PRODUCT_RELATED_PRODUCT_CATEGORY('Holder Tube-R8',
'Holder Tube-R8',(#3542));
#3539=APPLICATION_PROTOCOL_DEFINITION('international standard',
'automotive_design',2009,#3540);
#3540=APPLICATION_CONTEXT(
'Core Data for Automotive Mechanical Design Process');
#3541=PRODUCT_CONTEXT('part definition',#3540,'mechanical');
#3542=PRODUCT('Holder Tube-R8','Holder Tube-R8',$,(#3541));
#3543=PRESENTATION_STYLE_ASSIGNMENT((#3544));
#3544=SURFACE_STYLE_USAGE(.BOTH.,#3547);
#3545=SURFACE_STYLE_RENDERING_WITH_PROPERTIES($,#3551,(#3546));
#3546=SURFACE_STYLE_TRANSPARENT(0.);
#3547=SURFACE_SIDE_STYLE('',(#3548,#3545));
#3548=SURFACE_STYLE_FILL_AREA(#3549);
#3549=FILL_AREA_STYLE('',(#3550));
#3550=FILL_AREA_STYLE_COLOUR('',#3551);
#3551=COLOUR_RGB('',0.996078431372549,0.996078431372549,1.);
ENDSEC;
END-ISO-10303-21;
