ISO-10303-21;
HEADER;
/* Generated by software containing ST-Developer
 * from STEP Tools, Inc. (www.steptools.com) 
 */

FILE_DESCRIPTION(
/* description */ (''),
/* implementation_level */ '2;1');

FILE_NAME(
/* name */ 
'I:\\ASU_FOE\\graduation project\\quadcopter\\matlab xml\\231123\\\\Pa
rt17_ipt_34ea8653.STEP',
/* time_stamp */ '2023-11-23T19:53:48+02:00',
/* author */ ('Lenovo'),
/* organization */ (''),
/* preprocessor_version */ 'ST-DEVELOPER v18.1',
/* originating_system */ 'Autodesk Inventor 2021',
/* authorisation */ '');

FILE_SCHEMA (('AUTOMOTIVE_DESIGN { 1 0 10303 214 3 1 1 }'));
ENDSEC;

DATA;
#10=MECHANICAL_DESIGN_GEOMETRIC_PRESENTATION_REPRESENTATION('',(#2282,#2283,
#2284,#2285,#2286,#2287,#2288,#2289,#2290,#2291,#2292,#2293,#2294,#2295,
#2296,#2297,#2298,#2299,#2300,#2301,#2302,#2303,#2304,#2305,#2306,#2307,
#2308,#2309,#2310,#2311,#2312,#2313,#2314,#2315,#2316,#2317,#2318,#2319,
#2320,#2321,#2322,#2323,#2324,#2325,#2326,#2327,#2328,#2329,#2330,#2331,
#2332,#2333,#2334,#2335,#2336,#2337,#2338,#2339,#2340,#2341,#2342,#2343,
#2344,#2345,#2346,#2347,#2348,#2349,#2350,#2351,#2352,#2353,#2354,#2355,
#2356,#2357,#2358,#2359,#2360,#2361,#2362,#2363,#2364,#2365,#2366,#2367,
#2368,#2369,#2370,#2371,#2372,#2373,#2374,#2375,#2376,#2377,#2378,#2379,
#2380,#2381,#2382,#2383,#2384,#2385,#2386,#2387,#2388,#2389,#2390,#2391,
#2392,#2393,#2394,#2395,#2396,#2397),#4163);
#11=SHAPE_REPRESENTATION_RELATIONSHIP('SRR','None',#4170,#12);
#12=ADVANCED_BREP_SHAPE_REPRESENTATION('',(#13),#4162);
#13=MANIFOLD_SOLID_BREP('Solid1',#2513);
#14=FACE_BOUND('',#257,.T.);
#15=FACE_BOUND('',#258,.T.);
#16=FACE_BOUND('',#259,.T.);
#17=FACE_BOUND('',#260,.T.);
#18=FACE_BOUND('',#261,.T.);
#19=FACE_BOUND('',#262,.T.);
#20=FACE_BOUND('',#263,.T.);
#21=FACE_BOUND('',#264,.T.);
#22=FACE_BOUND('',#265,.T.);
#23=FACE_BOUND('',#266,.T.);
#24=FACE_BOUND('',#267,.T.);
#25=FACE_BOUND('',#268,.T.);
#26=FACE_BOUND('',#269,.T.);
#27=FACE_BOUND('',#270,.T.);
#28=FACE_BOUND('',#271,.T.);
#29=FACE_BOUND('',#272,.T.);
#30=FACE_BOUND('',#273,.T.);
#31=FACE_BOUND('',#274,.T.);
#32=FACE_BOUND('',#275,.T.);
#33=FACE_BOUND('',#276,.T.);
#34=FACE_BOUND('',#277,.T.);
#35=FACE_BOUND('',#278,.T.);
#36=FACE_BOUND('',#279,.T.);
#37=FACE_BOUND('',#280,.T.);
#38=FACE_BOUND('',#281,.T.);
#39=FACE_BOUND('',#282,.T.);
#40=FACE_BOUND('',#283,.T.);
#41=FACE_BOUND('',#284,.T.);
#42=FACE_BOUND('',#285,.T.);
#43=FACE_BOUND('',#286,.T.);
#44=FACE_BOUND('',#287,.T.);
#45=FACE_BOUND('',#288,.T.);
#46=FACE_BOUND('',#289,.T.);
#47=FACE_BOUND('',#381,.T.);
#48=FACE_BOUND('',#382,.T.);
#49=FACE_BOUND('',#383,.T.);
#50=FACE_BOUND('',#384,.T.);
#51=FACE_BOUND('',#385,.T.);
#52=FACE_BOUND('',#386,.T.);
#53=FACE_BOUND('',#387,.T.);
#54=FACE_BOUND('',#388,.T.);
#55=FACE_BOUND('',#389,.T.);
#56=FACE_BOUND('',#390,.T.);
#57=FACE_BOUND('',#391,.T.);
#58=FACE_BOUND('',#392,.T.);
#59=FACE_BOUND('',#393,.T.);
#60=FACE_BOUND('',#394,.T.);
#61=FACE_BOUND('',#395,.T.);
#62=FACE_BOUND('',#396,.T.);
#63=FACE_BOUND('',#397,.T.);
#64=FACE_BOUND('',#398,.T.);
#65=FACE_BOUND('',#399,.T.);
#66=FACE_BOUND('',#400,.T.);
#67=FACE_BOUND('',#401,.T.);
#68=FACE_BOUND('',#402,.T.);
#69=FACE_BOUND('',#403,.T.);
#70=FACE_BOUND('',#404,.T.);
#71=FACE_BOUND('',#405,.T.);
#72=FACE_BOUND('',#406,.T.);
#73=FACE_BOUND('',#407,.T.);
#74=FACE_BOUND('',#408,.T.);
#75=FACE_BOUND('',#409,.T.);
#76=FACE_BOUND('',#410,.T.);
#77=FACE_BOUND('',#411,.T.);
#78=FACE_BOUND('',#412,.T.);
#79=FACE_BOUND('',#413,.T.);
#80=PLANE('',#2566);
#81=PLANE('',#2623);
#82=PLANE('',#2626);
#83=PLANE('',#2629);
#84=PLANE('',#2636);
#85=PLANE('',#2639);
#86=PLANE('',#2644);
#87=PLANE('',#2647);
#88=PLANE('',#2650);
#89=PLANE('',#2653);
#90=PLANE('',#2656);
#91=PLANE('',#2659);
#92=PLANE('',#2662);
#93=PLANE('',#2663);
#94=PLANE('',#2664);
#95=PLANE('',#2667);
#96=PLANE('',#2668);
#97=PLANE('',#2669);
#98=PLANE('',#2672);
#99=PLANE('',#2673);
#100=PLANE('',#2676);
#101=PLANE('',#2679);
#102=PLANE('',#2682);
#103=PLANE('',#2687);
#104=PLANE('',#2690);
#105=PLANE('',#2691);
#106=PLANE('',#2696);
#107=PLANE('',#2697);
#108=PLANE('',#2700);
#109=PLANE('',#2701);
#110=PLANE('',#2706);
#111=PLANE('',#2707);
#112=PLANE('',#2710);
#113=PLANE('',#2711);
#114=PLANE('',#2714);
#115=PLANE('',#2715);
#116=PLANE('',#2716);
#117=PLANE('',#2717);
#118=PLANE('',#2720);
#119=PLANE('',#2721);
#120=PLANE('',#2722);
#121=PLANE('',#2723);
#122=PLANE('',#2724);
#123=PLANE('',#2727);
#124=PLANE('',#2742);
#125=PLANE('',#2743);
#126=PLANE('',#2744);
#127=PLANE('',#2747);
#128=PLANE('',#2752);
#129=PLANE('',#2753);
#130=FACE_OUTER_BOUND('',#245,.T.);
#131=FACE_OUTER_BOUND('',#246,.T.);
#132=FACE_OUTER_BOUND('',#247,.T.);
#133=FACE_OUTER_BOUND('',#248,.T.);
#134=FACE_OUTER_BOUND('',#249,.T.);
#135=FACE_OUTER_BOUND('',#250,.T.);
#136=FACE_OUTER_BOUND('',#251,.T.);
#137=FACE_OUTER_BOUND('',#252,.T.);
#138=FACE_OUTER_BOUND('',#253,.T.);
#139=FACE_OUTER_BOUND('',#254,.T.);
#140=FACE_OUTER_BOUND('',#255,.T.);
#141=FACE_OUTER_BOUND('',#256,.T.);
#142=FACE_OUTER_BOUND('',#290,.T.);
#143=FACE_OUTER_BOUND('',#291,.T.);
#144=FACE_OUTER_BOUND('',#292,.T.);
#145=FACE_OUTER_BOUND('',#293,.T.);
#146=FACE_OUTER_BOUND('',#294,.T.);
#147=FACE_OUTER_BOUND('',#295,.T.);
#148=FACE_OUTER_BOUND('',#296,.T.);
#149=FACE_OUTER_BOUND('',#297,.T.);
#150=FACE_OUTER_BOUND('',#298,.T.);
#151=FACE_OUTER_BOUND('',#299,.T.);
#152=FACE_OUTER_BOUND('',#300,.T.);
#153=FACE_OUTER_BOUND('',#301,.T.);
#154=FACE_OUTER_BOUND('',#302,.T.);
#155=FACE_OUTER_BOUND('',#303,.T.);
#156=FACE_OUTER_BOUND('',#304,.T.);
#157=FACE_OUTER_BOUND('',#305,.T.);
#158=FACE_OUTER_BOUND('',#306,.T.);
#159=FACE_OUTER_BOUND('',#307,.T.);
#160=FACE_OUTER_BOUND('',#308,.T.);
#161=FACE_OUTER_BOUND('',#309,.T.);
#162=FACE_OUTER_BOUND('',#310,.T.);
#163=FACE_OUTER_BOUND('',#311,.T.);
#164=FACE_OUTER_BOUND('',#312,.T.);
#165=FACE_OUTER_BOUND('',#313,.T.);
#166=FACE_OUTER_BOUND('',#314,.T.);
#167=FACE_OUTER_BOUND('',#315,.T.);
#168=FACE_OUTER_BOUND('',#316,.T.);
#169=FACE_OUTER_BOUND('',#317,.T.);
#170=FACE_OUTER_BOUND('',#318,.T.);
#171=FACE_OUTER_BOUND('',#319,.T.);
#172=FACE_OUTER_BOUND('',#320,.T.);
#173=FACE_OUTER_BOUND('',#321,.T.);
#174=FACE_OUTER_BOUND('',#322,.T.);
#175=FACE_OUTER_BOUND('',#323,.T.);
#176=FACE_OUTER_BOUND('',#324,.T.);
#177=FACE_OUTER_BOUND('',#325,.T.);
#178=FACE_OUTER_BOUND('',#326,.T.);
#179=FACE_OUTER_BOUND('',#327,.T.);
#180=FACE_OUTER_BOUND('',#328,.T.);
#181=FACE_OUTER_BOUND('',#329,.T.);
#182=FACE_OUTER_BOUND('',#330,.T.);
#183=FACE_OUTER_BOUND('',#331,.T.);
#184=FACE_OUTER_BOUND('',#332,.T.);
#185=FACE_OUTER_BOUND('',#333,.T.);
#186=FACE_OUTER_BOUND('',#334,.T.);
#187=FACE_OUTER_BOUND('',#335,.T.);
#188=FACE_OUTER_BOUND('',#336,.T.);
#189=FACE_OUTER_BOUND('',#337,.T.);
#190=FACE_OUTER_BOUND('',#338,.T.);
#191=FACE_OUTER_BOUND('',#339,.T.);
#192=FACE_OUTER_BOUND('',#340,.T.);
#193=FACE_OUTER_BOUND('',#341,.T.);
#194=FACE_OUTER_BOUND('',#342,.T.);
#195=FACE_OUTER_BOUND('',#343,.T.);
#196=FACE_OUTER_BOUND('',#344,.T.);
#197=FACE_OUTER_BOUND('',#345,.T.);
#198=FACE_OUTER_BOUND('',#346,.T.);
#199=FACE_OUTER_BOUND('',#347,.T.);
#200=FACE_OUTER_BOUND('',#348,.T.);
#201=FACE_OUTER_BOUND('',#349,.T.);
#202=FACE_OUTER_BOUND('',#350,.T.);
#203=FACE_OUTER_BOUND('',#351,.T.);
#204=FACE_OUTER_BOUND('',#352,.T.);
#205=FACE_OUTER_BOUND('',#353,.T.);
#206=FACE_OUTER_BOUND('',#354,.T.);
#207=FACE_OUTER_BOUND('',#355,.T.);
#208=FACE_OUTER_BOUND('',#356,.T.);
#209=FACE_OUTER_BOUND('',#357,.T.);
#210=FACE_OUTER_BOUND('',#358,.T.);
#211=FACE_OUTER_BOUND('',#359,.T.);
#212=FACE_OUTER_BOUND('',#360,.T.);
#213=FACE_OUTER_BOUND('',#361,.T.);
#214=FACE_OUTER_BOUND('',#362,.T.);
#215=FACE_OUTER_BOUND('',#363,.T.);
#216=FACE_OUTER_BOUND('',#364,.T.);
#217=FACE_OUTER_BOUND('',#365,.T.);
#218=FACE_OUTER_BOUND('',#366,.T.);
#219=FACE_OUTER_BOUND('',#367,.T.);
#220=FACE_OUTER_BOUND('',#368,.T.);
#221=FACE_OUTER_BOUND('',#369,.T.);
#222=FACE_OUTER_BOUND('',#370,.T.);
#223=FACE_OUTER_BOUND('',#371,.T.);
#224=FACE_OUTER_BOUND('',#372,.T.);
#225=FACE_OUTER_BOUND('',#373,.T.);
#226=FACE_OUTER_BOUND('',#374,.T.);
#227=FACE_OUTER_BOUND('',#375,.T.);
#228=FACE_OUTER_BOUND('',#376,.T.);
#229=FACE_OUTER_BOUND('',#377,.T.);
#230=FACE_OUTER_BOUND('',#378,.T.);
#231=FACE_OUTER_BOUND('',#379,.T.);
#232=FACE_OUTER_BOUND('',#380,.T.);
#233=FACE_OUTER_BOUND('',#414,.T.);
#234=FACE_OUTER_BOUND('',#415,.T.);
#235=FACE_OUTER_BOUND('',#416,.T.);
#236=FACE_OUTER_BOUND('',#417,.T.);
#237=FACE_OUTER_BOUND('',#418,.T.);
#238=FACE_OUTER_BOUND('',#419,.T.);
#239=FACE_OUTER_BOUND('',#420,.T.);
#240=FACE_OUTER_BOUND('',#421,.T.);
#241=FACE_OUTER_BOUND('',#422,.T.);
#242=FACE_OUTER_BOUND('',#423,.T.);
#243=FACE_OUTER_BOUND('',#424,.T.);
#244=FACE_OUTER_BOUND('',#425,.T.);
#245=EDGE_LOOP('',(#1539,#1540,#1541,#1542));
#246=EDGE_LOOP('',(#1543,#1544,#1545,#1546));
#247=EDGE_LOOP('',(#1547,#1548,#1549,#1550));
#248=EDGE_LOOP('',(#1551,#1552,#1553,#1554));
#249=EDGE_LOOP('',(#1555,#1556,#1557,#1558));
#250=EDGE_LOOP('',(#1559,#1560,#1561,#1562));
#251=EDGE_LOOP('',(#1563,#1564,#1565,#1566));
#252=EDGE_LOOP('',(#1567,#1568,#1569,#1570));
#253=EDGE_LOOP('',(#1571,#1572,#1573,#1574));
#254=EDGE_LOOP('',(#1575,#1576,#1577,#1578));
#255=EDGE_LOOP('',(#1579,#1580,#1581,#1582));
#256=EDGE_LOOP('',(#1583));
#257=EDGE_LOOP('',(#1584));
#258=EDGE_LOOP('',(#1585));
#259=EDGE_LOOP('',(#1586));
#260=EDGE_LOOP('',(#1587));
#261=EDGE_LOOP('',(#1588,#1589,#1590,#1591));
#262=EDGE_LOOP('',(#1592,#1593,#1594,#1595));
#263=EDGE_LOOP('',(#1596,#1597,#1598,#1599));
#264=EDGE_LOOP('',(#1600,#1601,#1602,#1603));
#265=EDGE_LOOP('',(#1604,#1605,#1606,#1607));
#266=EDGE_LOOP('',(#1608,#1609,#1610,#1611));
#267=EDGE_LOOP('',(#1612,#1613,#1614,#1615));
#268=EDGE_LOOP('',(#1616,#1617,#1618,#1619));
#269=EDGE_LOOP('',(#1620,#1621,#1622,#1623));
#270=EDGE_LOOP('',(#1624,#1625,#1626,#1627));
#271=EDGE_LOOP('',(#1628,#1629,#1630,#1631));
#272=EDGE_LOOP('',(#1632,#1633,#1634,#1635));
#273=EDGE_LOOP('',(#1636,#1637,#1638,#1639));
#274=EDGE_LOOP('',(#1640,#1641,#1642,#1643));
#275=EDGE_LOOP('',(#1644,#1645,#1646,#1647));
#276=EDGE_LOOP('',(#1648,#1649,#1650,#1651,#1652,#1653,#1654,#1655));
#277=EDGE_LOOP('',(#1656,#1657,#1658,#1659));
#278=EDGE_LOOP('',(#1660,#1661,#1662,#1663));
#279=EDGE_LOOP('',(#1664,#1665,#1666,#1667));
#280=EDGE_LOOP('',(#1668,#1669,#1670,#1671));
#281=EDGE_LOOP('',(#1672,#1673,#1674,#1675));
#282=EDGE_LOOP('',(#1676,#1677,#1678,#1679));
#283=EDGE_LOOP('',(#1680,#1681,#1682,#1683));
#284=EDGE_LOOP('',(#1684,#1685,#1686,#1687));
#285=EDGE_LOOP('',(#1688,#1689,#1690,#1691));
#286=EDGE_LOOP('',(#1692));
#287=EDGE_LOOP('',(#1693));
#288=EDGE_LOOP('',(#1694));
#289=EDGE_LOOP('',(#1695));
#290=EDGE_LOOP('',(#1696,#1697,#1698,#1699));
#291=EDGE_LOOP('',(#1700,#1701,#1702,#1703));
#292=EDGE_LOOP('',(#1704,#1705,#1706,#1707));
#293=EDGE_LOOP('',(#1708,#1709,#1710,#1711));
#294=EDGE_LOOP('',(#1712,#1713,#1714,#1715));
#295=EDGE_LOOP('',(#1716,#1717,#1718,#1719));
#296=EDGE_LOOP('',(#1720,#1721,#1722,#1723));
#297=EDGE_LOOP('',(#1724,#1725,#1726,#1727));
#298=EDGE_LOOP('',(#1728,#1729,#1730,#1731));
#299=EDGE_LOOP('',(#1732,#1733,#1734,#1735));
#300=EDGE_LOOP('',(#1736,#1737,#1738,#1739));
#301=EDGE_LOOP('',(#1740,#1741,#1742,#1743));
#302=EDGE_LOOP('',(#1744,#1745,#1746,#1747));
#303=EDGE_LOOP('',(#1748,#1749,#1750,#1751));
#304=EDGE_LOOP('',(#1752,#1753,#1754,#1755));
#305=EDGE_LOOP('',(#1756,#1757,#1758,#1759));
#306=EDGE_LOOP('',(#1760,#1761,#1762,#1763));
#307=EDGE_LOOP('',(#1764,#1765,#1766,#1767));
#308=EDGE_LOOP('',(#1768,#1769,#1770,#1771));
#309=EDGE_LOOP('',(#1772,#1773,#1774,#1775));
#310=EDGE_LOOP('',(#1776,#1777,#1778,#1779));
#311=EDGE_LOOP('',(#1780,#1781,#1782,#1783));
#312=EDGE_LOOP('',(#1784,#1785,#1786,#1787));
#313=EDGE_LOOP('',(#1788,#1789,#1790,#1791));
#314=EDGE_LOOP('',(#1792,#1793,#1794,#1795));
#315=EDGE_LOOP('',(#1796,#1797,#1798,#1799));
#316=EDGE_LOOP('',(#1800,#1801,#1802,#1803));
#317=EDGE_LOOP('',(#1804,#1805,#1806,#1807));
#318=EDGE_LOOP('',(#1808,#1809,#1810,#1811));
#319=EDGE_LOOP('',(#1812,#1813,#1814,#1815));
#320=EDGE_LOOP('',(#1816,#1817,#1818,#1819));
#321=EDGE_LOOP('',(#1820,#1821,#1822,#1823));
#322=EDGE_LOOP('',(#1824,#1825,#1826,#1827));
#323=EDGE_LOOP('',(#1828,#1829,#1830,#1831));
#324=EDGE_LOOP('',(#1832,#1833,#1834,#1835));
#325=EDGE_LOOP('',(#1836,#1837,#1838,#1839));
#326=EDGE_LOOP('',(#1840,#1841,#1842,#1843));
#327=EDGE_LOOP('',(#1844,#1845,#1846,#1847));
#328=EDGE_LOOP('',(#1848,#1849,#1850,#1851));
#329=EDGE_LOOP('',(#1852,#1853,#1854,#1855));
#330=EDGE_LOOP('',(#1856,#1857,#1858,#1859));
#331=EDGE_LOOP('',(#1860,#1861,#1862,#1863));
#332=EDGE_LOOP('',(#1864,#1865,#1866,#1867));
#333=EDGE_LOOP('',(#1868,#1869,#1870,#1871));
#334=EDGE_LOOP('',(#1872,#1873,#1874,#1875));
#335=EDGE_LOOP('',(#1876,#1877,#1878,#1879));
#336=EDGE_LOOP('',(#1880,#1881,#1882,#1883));
#337=EDGE_LOOP('',(#1884,#1885,#1886,#1887));
#338=EDGE_LOOP('',(#1888,#1889,#1890,#1891));
#339=EDGE_LOOP('',(#1892,#1893,#1894,#1895));
#340=EDGE_LOOP('',(#1896,#1897,#1898,#1899));
#341=EDGE_LOOP('',(#1900,#1901,#1902,#1903));
#342=EDGE_LOOP('',(#1904,#1905,#1906,#1907));
#343=EDGE_LOOP('',(#1908,#1909,#1910,#1911));
#344=EDGE_LOOP('',(#1912,#1913,#1914,#1915));
#345=EDGE_LOOP('',(#1916,#1917,#1918,#1919));
#346=EDGE_LOOP('',(#1920,#1921,#1922,#1923));
#347=EDGE_LOOP('',(#1924,#1925,#1926,#1927));
#348=EDGE_LOOP('',(#1928,#1929,#1930,#1931));
#349=EDGE_LOOP('',(#1932,#1933,#1934,#1935));
#350=EDGE_LOOP('',(#1936,#1937,#1938,#1939));
#351=EDGE_LOOP('',(#1940,#1941,#1942,#1943));
#352=EDGE_LOOP('',(#1944,#1945,#1946,#1947));
#353=EDGE_LOOP('',(#1948,#1949,#1950,#1951));
#354=EDGE_LOOP('',(#1952,#1953,#1954,#1955));
#355=EDGE_LOOP('',(#1956,#1957,#1958,#1959));
#356=EDGE_LOOP('',(#1960,#1961,#1962,#1963));
#357=EDGE_LOOP('',(#1964,#1965,#1966,#1967));
#358=EDGE_LOOP('',(#1968,#1969,#1970,#1971));
#359=EDGE_LOOP('',(#1972,#1973,#1974,#1975));
#360=EDGE_LOOP('',(#1976,#1977,#1978,#1979));
#361=EDGE_LOOP('',(#1980,#1981,#1982,#1983));
#362=EDGE_LOOP('',(#1984,#1985,#1986,#1987));
#363=EDGE_LOOP('',(#1988,#1989,#1990,#1991));
#364=EDGE_LOOP('',(#1992,#1993,#1994,#1995));
#365=EDGE_LOOP('',(#1996,#1997,#1998,#1999));
#366=EDGE_LOOP('',(#2000,#2001,#2002,#2003));
#367=EDGE_LOOP('',(#2004,#2005,#2006,#2007));
#368=EDGE_LOOP('',(#2008,#2009,#2010,#2011));
#369=EDGE_LOOP('',(#2012,#2013,#2014,#2015));
#370=EDGE_LOOP('',(#2016,#2017,#2018,#2019));
#371=EDGE_LOOP('',(#2020,#2021,#2022,#2023));
#372=EDGE_LOOP('',(#2024,#2025,#2026,#2027));
#373=EDGE_LOOP('',(#2028,#2029,#2030,#2031));
#374=EDGE_LOOP('',(#2032,#2033,#2034,#2035));
#375=EDGE_LOOP('',(#2036,#2037,#2038,#2039));
#376=EDGE_LOOP('',(#2040,#2041,#2042,#2043));
#377=EDGE_LOOP('',(#2044,#2045,#2046,#2047));
#378=EDGE_LOOP('',(#2048,#2049,#2050,#2051));
#379=EDGE_LOOP('',(#2052,#2053,#2054,#2055));
#380=EDGE_LOOP('',(#2056));
#381=EDGE_LOOP('',(#2057,#2058,#2059,#2060));
#382=EDGE_LOOP('',(#2061,#2062,#2063,#2064));
#383=EDGE_LOOP('',(#2065,#2066,#2067,#2068));
#384=EDGE_LOOP('',(#2069,#2070,#2071,#2072));
#385=EDGE_LOOP('',(#2073,#2074,#2075,#2076));
#386=EDGE_LOOP('',(#2077,#2078,#2079,#2080));
#387=EDGE_LOOP('',(#2081,#2082,#2083,#2084));
#388=EDGE_LOOP('',(#2085,#2086,#2087,#2088));
#389=EDGE_LOOP('',(#2089,#2090,#2091,#2092));
#390=EDGE_LOOP('',(#2093,#2094,#2095,#2096));
#391=EDGE_LOOP('',(#2097,#2098,#2099,#2100));
#392=EDGE_LOOP('',(#2101,#2102,#2103,#2104));
#393=EDGE_LOOP('',(#2105,#2106,#2107,#2108));
#394=EDGE_LOOP('',(#2109,#2110,#2111,#2112));
#395=EDGE_LOOP('',(#2113));
#396=EDGE_LOOP('',(#2114));
#397=EDGE_LOOP('',(#2115));
#398=EDGE_LOOP('',(#2116));
#399=EDGE_LOOP('',(#2117,#2118,#2119,#2120));
#400=EDGE_LOOP('',(#2121,#2122,#2123,#2124));
#401=EDGE_LOOP('',(#2125,#2126,#2127,#2128));
#402=EDGE_LOOP('',(#2129,#2130,#2131,#2132));
#403=EDGE_LOOP('',(#2133,#2134,#2135,#2136));
#404=EDGE_LOOP('',(#2137,#2138,#2139,#2140));
#405=EDGE_LOOP('',(#2141,#2142,#2143,#2144,#2145,#2146,#2147,#2148));
#406=EDGE_LOOP('',(#2149));
#407=EDGE_LOOP('',(#2150));
#408=EDGE_LOOP('',(#2151));
#409=EDGE_LOOP('',(#2152));
#410=EDGE_LOOP('',(#2153,#2154,#2155,#2156));
#411=EDGE_LOOP('',(#2157,#2158,#2159,#2160));
#412=EDGE_LOOP('',(#2161,#2162,#2163,#2164));
#413=EDGE_LOOP('',(#2165,#2166,#2167,#2168));
#414=EDGE_LOOP('',(#2169,#2170,#2171,#2172));
#415=EDGE_LOOP('',(#2173,#2174,#2175,#2176));
#416=EDGE_LOOP('',(#2177,#2178,#2179,#2180));
#417=EDGE_LOOP('',(#2181,#2182,#2183,#2184));
#418=EDGE_LOOP('',(#2185,#2186,#2187,#2188));
#419=EDGE_LOOP('',(#2189,#2190,#2191,#2192));
#420=EDGE_LOOP('',(#2193,#2194,#2195,#2196));
#421=EDGE_LOOP('',(#2197,#2198,#2199,#2200));
#422=EDGE_LOOP('',(#2201,#2202,#2203,#2204));
#423=EDGE_LOOP('',(#2205,#2206,#2207,#2208));
#424=EDGE_LOOP('',(#2209,#2210,#2211,#2212));
#425=EDGE_LOOP('',(#2213,#2214,#2215,#2216));
#426=LINE('',#3485,#635);
#427=LINE('',#3488,#636);
#428=LINE('',#3494,#637);
#429=LINE('',#3497,#638);
#430=LINE('',#3503,#639);
#431=LINE('',#3506,#640);
#432=LINE('',#3512,#641);
#433=LINE('',#3515,#642);
#434=LINE('',#3521,#643);
#435=LINE('',#3524,#644);
#436=LINE('',#3530,#645);
#437=LINE('',#3533,#646);
#438=LINE('',#3539,#647);
#439=LINE('',#3542,#648);
#440=LINE('',#3546,#649);
#441=LINE('',#3550,#650);
#442=LINE('',#3555,#651);
#443=LINE('',#3559,#652);
#444=LINE('',#3564,#653);
#445=LINE('',#3568,#654);
#446=LINE('',#3573,#655);
#447=LINE('',#3577,#656);
#448=LINE('',#3594,#657);
#449=LINE('',#3597,#658);
#450=LINE('',#3599,#659);
#451=LINE('',#3602,#660);
#452=LINE('',#3604,#661);
#453=LINE('',#3607,#662);
#454=LINE('',#3609,#663);
#455=LINE('',#3612,#664);
#456=LINE('',#3614,#665);
#457=LINE('',#3617,#666);
#458=LINE('',#3619,#667);
#459=LINE('',#3622,#668);
#460=LINE('',#3624,#669);
#461=LINE('',#3627,#670);
#462=LINE('',#3630,#671);
#463=LINE('',#3634,#672);
#464=LINE('',#3640,#673);
#465=LINE('',#3643,#674);
#466=LINE('',#3646,#675);
#467=LINE('',#3650,#676);
#468=LINE('',#3654,#677);
#469=LINE('',#3658,#678);
#470=LINE('',#3664,#679);
#471=LINE('',#3667,#680);
#472=LINE('',#3670,#681);
#473=LINE('',#3674,#682);
#474=LINE('',#3678,#683);
#475=LINE('',#3682,#684);
#476=LINE('',#3686,#685);
#477=LINE('',#3690,#686);
#478=LINE('',#3700,#687);
#479=LINE('',#3703,#688);
#480=LINE('',#3708,#689);
#481=LINE('',#3711,#690);
#482=LINE('',#3716,#691);
#483=LINE('',#3719,#692);
#484=LINE('',#3722,#693);
#485=LINE('',#3726,#694);
#486=LINE('',#3732,#695);
#487=LINE('',#3735,#696);
#488=LINE('',#3738,#697);
#489=LINE('',#3742,#698);
#490=LINE('',#3746,#699);
#491=LINE('',#3750,#700);
#492=LINE('',#3754,#701);
#493=LINE('',#3758,#702);
#494=LINE('',#3761,#703);
#495=LINE('',#3763,#704);
#496=LINE('',#3775,#705);
#497=LINE('',#3777,#706);
#498=LINE('',#3781,#707);
#499=LINE('',#3782,#708);
#500=LINE('',#3785,#709);
#501=LINE('',#3787,#710);
#502=LINE('',#3791,#711);
#503=LINE('',#3792,#712);
#504=LINE('',#3797,#713);
#505=LINE('',#3798,#714);
#506=LINE('',#3801,#715);
#507=LINE('',#3802,#716);
#508=LINE('',#3806,#717);
#509=LINE('',#3809,#718);
#510=LINE('',#3812,#719);
#511=LINE('',#3817,#720);
#512=LINE('',#3818,#721);
#513=LINE('',#3821,#722);
#514=LINE('',#3822,#723);
#515=LINE('',#3826,#724);
#516=LINE('',#3829,#725);
#517=LINE('',#3830,#726);
#518=LINE('',#3833,#727);
#519=LINE('',#3839,#728);
#520=LINE('',#3840,#729);
#521=LINE('',#3843,#730);
#522=LINE('',#3844,#731);
#523=LINE('',#3848,#732);
#524=LINE('',#3852,#733);
#525=LINE('',#3853,#734);
#526=LINE('',#3854,#735);
#527=LINE('',#3858,#736);
#528=LINE('',#3861,#737);
#529=LINE('',#3862,#738);
#530=LINE('',#3867,#739);
#531=LINE('',#3868,#740);
#532=LINE('',#3871,#741);
#533=LINE('',#3872,#742);
#534=LINE('',#3876,#743);
#535=LINE('',#3879,#744);
#536=LINE('',#3881,#745);
#537=LINE('',#3882,#746);
#538=LINE('',#3885,#747);
#539=LINE('',#3890,#748);
#540=LINE('',#3891,#749);
#541=LINE('',#3892,#750);
#542=LINE('',#3896,#751);
#543=LINE('',#3899,#752);
#544=LINE('',#3900,#753);
#545=LINE('',#3903,#754);
#546=LINE('',#3904,#755);
#547=LINE('',#3908,#756);
#548=LINE('',#3909,#757);
#549=LINE('',#3910,#758);
#550=LINE('',#3914,#759);
#551=LINE('',#3917,#760);
#552=LINE('',#3918,#761);
#553=LINE('',#3920,#762);
#554=LINE('',#3924,#763);
#555=LINE('',#3925,#764);
#556=LINE('',#3926,#765);
#557=LINE('',#3930,#766);
#558=LINE('',#3933,#767);
#559=LINE('',#3934,#768);
#560=LINE('',#3937,#769);
#561=LINE('',#3938,#770);
#562=LINE('',#3943,#771);
#563=LINE('',#3945,#772);
#564=LINE('',#3946,#773);
#565=LINE('',#3950,#774);
#566=LINE('',#3953,#775);
#567=LINE('',#3955,#776);
#568=LINE('',#3956,#777);
#569=LINE('',#3959,#778);
#570=LINE('',#3963,#779);
#571=LINE('',#3965,#780);
#572=LINE('',#3966,#781);
#573=LINE('',#3970,#782);
#574=LINE('',#3973,#783);
#575=LINE('',#3978,#784);
#576=LINE('',#3979,#785);
#577=LINE('',#3980,#786);
#578=LINE('',#3984,#787);
#579=LINE('',#3987,#788);
#580=LINE('',#3988,#789);
#581=LINE('',#3991,#790);
#582=LINE('',#3992,#791);
#583=LINE('',#3996,#792);
#584=LINE('',#4001,#793);
#585=LINE('',#4002,#794);
#586=LINE('',#4004,#795);
#587=LINE('',#4007,#796);
#588=LINE('',#4008,#797);
#589=LINE('',#4012,#798);
#590=LINE('',#4014,#799);
#591=LINE('',#4017,#800);
#592=LINE('',#4018,#801);
#593=LINE('',#4022,#802);
#594=LINE('',#4026,#803);
#595=LINE('',#4028,#804);
#596=LINE('',#4031,#805);
#597=LINE('',#4032,#806);
#598=LINE('',#4036,#807);
#599=LINE('',#4038,#808);
#600=LINE('',#4041,#809);
#601=LINE('',#4042,#810);
#602=LINE('',#4046,#811);
#603=LINE('',#4049,#812);
#604=LINE('',#4051,#813);
#605=LINE('',#4052,#814);
#606=LINE('',#4055,#815);
#607=LINE('',#4057,#816);
#608=LINE('',#4058,#817);
#609=LINE('',#4061,#818);
#610=LINE('',#4062,#819);
#611=LINE('',#4065,#820);
#612=LINE('',#4066,#821);
#613=LINE('',#4070,#822);
#614=LINE('',#4072,#823);
#615=LINE('',#4075,#824);
#616=LINE('',#4076,#825);
#617=LINE('',#4078,#826);
#618=LINE('',#4080,#827);
#619=LINE('',#4082,#828);
#620=LINE('',#4086,#829);
#621=LINE('',#4102,#830);
#622=LINE('',#4104,#831);
#623=LINE('',#4106,#832);
#624=LINE('',#4110,#833);
#625=LINE('',#4112,#834);
#626=LINE('',#4118,#835);
#627=LINE('',#4141,#836);
#628=LINE('',#4143,#837);
#629=LINE('',#4145,#838);
#630=LINE('',#4147,#839);
#631=LINE('',#4153,#840);
#632=LINE('',#4155,#841);
#633=LINE('',#4157,#842);
#634=LINE('',#4159,#843);
#635=VECTOR('',#2784,3.);
#636=VECTOR('',#2787,3.);
#637=VECTOR('',#2792,3.);
#638=VECTOR('',#2795,3.);
#639=VECTOR('',#2800,3.);
#640=VECTOR('',#2803,3.);
#641=VECTOR('',#2808,3.);
#642=VECTOR('',#2811,3.);
#643=VECTOR('',#2816,3.);
#644=VECTOR('',#2819,3.);
#645=VECTOR('',#2824,3.);
#646=VECTOR('',#2827,3.);
#647=VECTOR('',#2832,3.);
#648=VECTOR('',#2835,3.);
#649=VECTOR('',#2838,3.);
#650=VECTOR('',#2841,3.);
#651=VECTOR('',#2846,3.);
#652=VECTOR('',#2849,3.);
#653=VECTOR('',#2854,3.);
#654=VECTOR('',#2857,3.);
#655=VECTOR('',#2862,3.);
#656=VECTOR('',#2865,3.);
#657=VECTOR('',#2882,7.502038643);
#658=VECTOR('',#2885,7.5021209230208);
#659=VECTOR('',#2886,7.50203864102083);
#660=VECTOR('',#2889,7.502120925);
#661=VECTOR('',#2890,7.502038643);
#662=VECTOR('',#2893,7.5021209230208);
#663=VECTOR('',#2894,7.50203864102083);
#664=VECTOR('',#2897,7.502120925);
#665=VECTOR('',#2898,7.502038643);
#666=VECTOR('',#2901,7.5021209230208);
#667=VECTOR('',#2902,7.50203864102083);
#668=VECTOR('',#2905,7.502120925);
#669=VECTOR('',#2906,7.502038643);
#670=VECTOR('',#2909,7.5021209230208);
#671=VECTOR('',#2910,25.0112796524016);
#672=VECTOR('',#2913,25.0108419384017);
#673=VECTOR('',#2918,25.0108419384017);
#674=VECTOR('',#2921,25.0112796524016);
#675=VECTOR('',#2922,25.0267431963975);
#676=VECTOR('',#2925,25.0278240613972);
#677=VECTOR('',#2928,25.0108419384017);
#678=VECTOR('',#2931,25.0112796524016);
#679=VECTOR('',#2936,25.0278240613972);
#680=VECTOR('',#2939,25.0267431963975);
#681=VECTOR('',#2940,25.0267431963975);
#682=VECTOR('',#2943,25.0278240613972);
#683=VECTOR('',#2946,25.0278240613972);
#684=VECTOR('',#2949,25.0267431963975);
#685=VECTOR('',#2952,25.0112796524016);
#686=VECTOR('',#2955,25.0108419384017);
#687=VECTOR('',#2968,12.542724888);
#688=VECTOR('',#2971,12.5410593986914);
#689=VECTOR('',#2974,12.542724888);
#690=VECTOR('',#2977,12.5410593986914);
#691=VECTOR('',#2980,12.541059402);
#692=VECTOR('',#2983,12.542724884691);
#693=VECTOR('',#2984,12.542724884691);
#694=VECTOR('',#2987,12.541059402);
#695=VECTOR('',#2992,12.5410593986914);
#696=VECTOR('',#2995,12.542724888);
#697=VECTOR('',#2996,12.541059402);
#698=VECTOR('',#2999,12.542724884691);
#699=VECTOR('',#3002,12.541059402);
#700=VECTOR('',#3005,12.542724884691);
#701=VECTOR('',#3008,12.5410593986914);
#702=VECTOR('',#3011,12.542724888);
#703=VECTOR('',#3014,7.502120925);
#704=VECTOR('',#3015,7.50203864102083);
#705=VECTOR('',#3028,3.);
#706=VECTOR('',#3029,3.);
#707=VECTOR('',#3034,25.0267431963975);
#708=VECTOR('',#3035,3.);
#709=VECTOR('',#3038,3.);
#710=VECTOR('',#3039,3.);
#711=VECTOR('',#3044,25.0112796524016);
#712=VECTOR('',#3045,3.);
#713=VECTOR('',#3050,3.);
#714=VECTOR('',#3051,3.);
#715=VECTOR('',#3054,12.542724888);
#716=VECTOR('',#3055,3.);
#717=VECTOR('',#3060,3.);
#718=VECTOR('',#3063,3.);
#719=VECTOR('',#3066,3.);
#720=VECTOR('',#3071,3.);
#721=VECTOR('',#3072,3.);
#722=VECTOR('',#3075,12.542724888);
#723=VECTOR('',#3076,3.);
#724=VECTOR('',#3081,3.);
#725=VECTOR('',#3084,25.0278240613972);
#726=VECTOR('',#3085,3.);
#727=VECTOR('',#3088,3.);
#728=VECTOR('',#3095,3.);
#729=VECTOR('',#3096,3.);
#730=VECTOR('',#3099,12.541059402);
#731=VECTOR('',#3100,3.);
#732=VECTOR('',#3105,3.);
#733=VECTOR('',#3108,12.542724884691);
#734=VECTOR('',#3109,3.);
#735=VECTOR('',#3110,3.);
#736=VECTOR('',#3115,3.);
#737=VECTOR('',#3118,12.541059402);
#738=VECTOR('',#3119,3.);
#739=VECTOR('',#3124,3.);
#740=VECTOR('',#3125,3.);
#741=VECTOR('',#3128,12.5410593986914);
#742=VECTOR('',#3129,3.);
#743=VECTOR('',#3134,3.);
#744=VECTOR('',#3137,3.);
#745=VECTOR('',#3138,3.);
#746=VECTOR('',#3139,25.0267431963975);
#747=VECTOR('',#3142,3.);
#748=VECTOR('',#3147,12.541059402);
#749=VECTOR('',#3148,3.);
#750=VECTOR('',#3149,3.);
#751=VECTOR('',#3154,3.);
#752=VECTOR('',#3157,12.542724884691);
#753=VECTOR('',#3158,3.);
#754=VECTOR('',#3161,25.0278240613972);
#755=VECTOR('',#3162,3.);
#756=VECTOR('',#3165,12.541059402);
#757=VECTOR('',#3166,3.);
#758=VECTOR('',#3167,3.);
#759=VECTOR('',#3172,3.);
#760=VECTOR('',#3175,12.542724884691);
#761=VECTOR('',#3176,3.);
#762=VECTOR('',#3179,25.0278240613972);
#763=VECTOR('',#3182,12.5410593986914);
#764=VECTOR('',#3183,3.);
#765=VECTOR('',#3184,3.);
#766=VECTOR('',#3189,3.);
#767=VECTOR('',#3192,12.542724888);
#768=VECTOR('',#3193,3.);
#769=VECTOR('',#3196,3.);
#770=VECTOR('',#3197,25.0267431963975);
#771=VECTOR('',#3204,3.);
#772=VECTOR('',#3205,3.);
#773=VECTOR('',#3206,25.0267431963975);
#774=VECTOR('',#3211,3.);
#775=VECTOR('',#3214,3.);
#776=VECTOR('',#3215,3.);
#777=VECTOR('',#3216,25.0108419384017);
#778=VECTOR('',#3219,3.);
#779=VECTOR('',#3224,3.);
#780=VECTOR('',#3225,25.0112796524016);
#781=VECTOR('',#3226,3.);
#782=VECTOR('',#3231,3.);
#783=VECTOR('',#3234,3.);
#784=VECTOR('',#3239,7.5021209230208);
#785=VECTOR('',#3240,3.);
#786=VECTOR('',#3241,3.);
#787=VECTOR('',#3246,3.);
#788=VECTOR('',#3249,7.502038643);
#789=VECTOR('',#3250,3.);
#790=VECTOR('',#3253,7.50203864102083);
#791=VECTOR('',#3254,3.);
#792=VECTOR('',#3259,3.);
#793=VECTOR('',#3264,3.);
#794=VECTOR('',#3265,3.);
#795=VECTOR('',#3268,7.5021209230208);
#796=VECTOR('',#3271,7.50203864102083);
#797=VECTOR('',#3272,3.);
#798=VECTOR('',#3277,3.);
#799=VECTOR('',#3280,7.502120925);
#800=VECTOR('',#3283,7.50203864102083);
#801=VECTOR('',#3284,3.);
#802=VECTOR('',#3289,3.);
#803=VECTOR('',#3294,3.);
#804=VECTOR('',#3297,25.0108419384017);
#805=VECTOR('',#3300,7.502038643);
#806=VECTOR('',#3301,3.);
#807=VECTOR('',#3306,3.);
#808=VECTOR('',#3309,7.5021209230208);
#809=VECTOR('',#3312,7.502038643);
#810=VECTOR('',#3313,3.);
#811=VECTOR('',#3318,3.);
#812=VECTOR('',#3321,3.);
#813=VECTOR('',#3322,25.0108419384017);
#814=VECTOR('',#3323,3.);
#815=VECTOR('',#3326,3.);
#816=VECTOR('',#3327,3.);
#817=VECTOR('',#3328,25.0112796524016);
#818=VECTOR('',#3331,25.0278240613972);
#819=VECTOR('',#3332,3.);
#820=VECTOR('',#3335,7.50203864102083);
#821=VECTOR('',#3336,3.);
#822=VECTOR('',#3341,3.);
#823=VECTOR('',#3344,25.0112796524016);
#824=VECTOR('',#3347,25.0108419384017);
#825=VECTOR('',#3348,3.);
#826=VECTOR('',#3351,12.5410593986914);
#827=VECTOR('',#3354,12.5410593986914);
#828=VECTOR('',#3357,12.542724884691);
#829=VECTOR('',#3364,12.542724888);
#830=VECTOR('',#3395,7.502120925);
#831=VECTOR('',#3398,7.502038643);
#832=VECTOR('',#3401,7.502120925);
#833=VECTOR('',#3406,120.);
#834=VECTOR('',#3409,7.5021209230208);
#835=VECTOR('',#3420,7.502120925);
#836=VECTOR('',#3449,1.5);
#837=VECTOR('',#3452,1.5);
#838=VECTOR('',#3455,1.5);
#839=VECTOR('',#3458,1.5);
#840=VECTOR('',#3469,1.5);
#841=VECTOR('',#3472,1.5);
#842=VECTOR('',#3475,1.5);
#843=VECTOR('',#3478,1.5);
#844=CIRCLE('',#2534,110.);
#845=CIRCLE('',#2535,110.);
#846=CIRCLE('',#2537,110.);
#847=CIRCLE('',#2538,110.);
#848=CIRCLE('',#2540,110.);
#849=CIRCLE('',#2541,110.);
#850=CIRCLE('',#2543,110.);
#851=CIRCLE('',#2544,110.);
#852=CIRCLE('',#2546,110.);
#853=CIRCLE('',#2547,110.);
#854=CIRCLE('',#2549,110.);
#855=CIRCLE('',#2550,110.);
#856=CIRCLE('',#2552,110.);
#857=CIRCLE('',#2553,110.);
#858=CIRCLE('',#2555,15.);
#859=CIRCLE('',#2556,15.);
#860=CIRCLE('',#2558,15.);
#861=CIRCLE('',#2559,15.);
#862=CIRCLE('',#2561,15.);
#863=CIRCLE('',#2562,15.);
#864=CIRCLE('',#2564,15.);
#865=CIRCLE('',#2565,15.);
#866=CIRCLE('',#2567,120.);
#867=CIRCLE('',#2568,1.5);
#868=CIRCLE('',#2569,1.5);
#869=CIRCLE('',#2570,1.5);
#870=CIRCLE('',#2571,1.5);
#871=CIRCLE('',#2572,110.);
#872=CIRCLE('',#2573,102.5);
#873=CIRCLE('',#2574,102.5);
#874=CIRCLE('',#2575,102.5);
#875=CIRCLE('',#2576,102.5);
#876=CIRCLE('',#2577,102.5);
#877=CIRCLE('',#2578,102.5);
#878=CIRCLE('',#2579,102.5);
#879=CIRCLE('',#2580,97.5);
#880=CIRCLE('',#2581,72.5);
#881=CIRCLE('',#2582,97.5);
#882=CIRCLE('',#2583,72.5);
#883=CIRCLE('',#2584,42.5);
#884=CIRCLE('',#2585,67.5);
#885=CIRCLE('',#2586,72.5);
#886=CIRCLE('',#2587,97.5);
#887=CIRCLE('',#2588,42.5);
#888=CIRCLE('',#2589,67.5);
#889=CIRCLE('',#2590,42.5);
#890=CIRCLE('',#2591,67.5);
#891=CIRCLE('',#2592,67.5);
#892=CIRCLE('',#2593,42.5);
#893=CIRCLE('',#2594,97.5);
#894=CIRCLE('',#2595,72.5);
#895=CIRCLE('',#2596,1.75);
#896=CIRCLE('',#2597,1.75);
#897=CIRCLE('',#2598,1.75);
#898=CIRCLE('',#2599,1.75);
#899=CIRCLE('',#2600,25.);
#900=CIRCLE('',#2601,37.5);
#901=CIRCLE('',#2602,25.);
#902=CIRCLE('',#2603,37.5);
#903=CIRCLE('',#2604,37.5);
#904=CIRCLE('',#2605,25.);
#905=CIRCLE('',#2606,37.5);
#906=CIRCLE('',#2607,25.);
#907=CIRCLE('',#2608,37.5);
#908=CIRCLE('',#2609,25.);
#909=CIRCLE('',#2610,25.);
#910=CIRCLE('',#2611,37.5);
#911=CIRCLE('',#2612,25.);
#912=CIRCLE('',#2613,37.5);
#913=CIRCLE('',#2614,25.);
#914=CIRCLE('',#2615,37.5);
#915=CIRCLE('',#2616,102.5);
#916=CIRCLE('',#2617,1.5);
#917=CIRCLE('',#2618,1.5);
#918=CIRCLE('',#2619,1.5);
#919=CIRCLE('',#2620,1.5);
#920=CIRCLE('',#2622,67.5);
#921=CIRCLE('',#2625,72.5);
#922=CIRCLE('',#2628,25.);
#923=CIRCLE('',#2631,37.5);
#924=CIRCLE('',#2633,67.5);
#925=CIRCLE('',#2635,25.);
#926=CIRCLE('',#2638,37.5);
#927=CIRCLE('',#2641,42.5);
#928=CIRCLE('',#2643,37.5);
#929=CIRCLE('',#2646,25.);
#930=CIRCLE('',#2649,37.5);
#931=CIRCLE('',#2652,37.5);
#932=CIRCLE('',#2655,25.);
#933=CIRCLE('',#2658,42.5);
#934=CIRCLE('',#2661,25.);
#935=CIRCLE('',#2666,25.);
#936=CIRCLE('',#2671,25.);
#937=CIRCLE('',#2675,42.5);
#938=CIRCLE('',#2678,42.5);
#939=CIRCLE('',#2681,72.5);
#940=CIRCLE('',#2684,97.5);
#941=CIRCLE('',#2686,97.5);
#942=CIRCLE('',#2689,110.);
#943=CIRCLE('',#2693,102.5);
#944=CIRCLE('',#2695,102.5);
#945=CIRCLE('',#2699,102.5);
#946=CIRCLE('',#2703,102.5);
#947=CIRCLE('',#2705,97.5);
#948=CIRCLE('',#2709,102.5);
#949=CIRCLE('',#2713,102.5);
#950=CIRCLE('',#2719,102.5);
#951=CIRCLE('',#2726,25.);
#952=CIRCLE('',#2729,37.5);
#953=CIRCLE('',#2731,67.5);
#954=CIRCLE('',#2733,37.5);
#955=CIRCLE('',#2735,37.5);
#956=CIRCLE('',#2737,67.5);
#957=CIRCLE('',#2739,72.5);
#958=CIRCLE('',#2741,102.5);
#959=CIRCLE('',#2746,120.);
#960=CIRCLE('',#2749,72.5);
#961=CIRCLE('',#2751,97.5);
#962=CIRCLE('',#2754,1.5);
#963=CIRCLE('',#2755,1.5);
#964=CIRCLE('',#2756,1.5);
#965=CIRCLE('',#2757,1.5);
#966=CIRCLE('',#2758,1.75);
#967=CIRCLE('',#2759,1.75);
#968=CIRCLE('',#2760,1.75);
#969=CIRCLE('',#2761,1.75);
#970=CIRCLE('',#2762,1.5);
#971=CIRCLE('',#2763,1.5);
#972=CIRCLE('',#2764,1.5);
#973=CIRCLE('',#2765,1.5);
#974=VERTEX_POINT('',#3481);
#975=VERTEX_POINT('',#3482);
#976=VERTEX_POINT('',#3484);
#977=VERTEX_POINT('',#3486);
#978=VERTEX_POINT('',#3490);
#979=VERTEX_POINT('',#3491);
#980=VERTEX_POINT('',#3493);
#981=VERTEX_POINT('',#3495);
#982=VERTEX_POINT('',#3499);
#983=VERTEX_POINT('',#3500);
#984=VERTEX_POINT('',#3502);
#985=VERTEX_POINT('',#3504);
#986=VERTEX_POINT('',#3508);
#987=VERTEX_POINT('',#3509);
#988=VERTEX_POINT('',#3511);
#989=VERTEX_POINT('',#3513);
#990=VERTEX_POINT('',#3517);
#991=VERTEX_POINT('',#3518);
#992=VERTEX_POINT('',#3520);
#993=VERTEX_POINT('',#3522);
#994=VERTEX_POINT('',#3526);
#995=VERTEX_POINT('',#3527);
#996=VERTEX_POINT('',#3529);
#997=VERTEX_POINT('',#3531);
#998=VERTEX_POINT('',#3535);
#999=VERTEX_POINT('',#3536);
#1000=VERTEX_POINT('',#3538);
#1001=VERTEX_POINT('',#3540);
#1002=VERTEX_POINT('',#3544);
#1003=VERTEX_POINT('',#3545);
#1004=VERTEX_POINT('',#3547);
#1005=VERTEX_POINT('',#3549);
#1006=VERTEX_POINT('',#3553);
#1007=VERTEX_POINT('',#3554);
#1008=VERTEX_POINT('',#3556);
#1009=VERTEX_POINT('',#3558);
#1010=VERTEX_POINT('',#3562);
#1011=VERTEX_POINT('',#3563);
#1012=VERTEX_POINT('',#3565);
#1013=VERTEX_POINT('',#3567);
#1014=VERTEX_POINT('',#3571);
#1015=VERTEX_POINT('',#3572);
#1016=VERTEX_POINT('',#3574);
#1017=VERTEX_POINT('',#3576);
#1018=VERTEX_POINT('',#3580);
#1019=VERTEX_POINT('',#3582);
#1020=VERTEX_POINT('',#3584);
#1021=VERTEX_POINT('',#3586);
#1022=VERTEX_POINT('',#3588);
#1023=VERTEX_POINT('',#3590);
#1024=VERTEX_POINT('',#3591);
#1025=VERTEX_POINT('',#3593);
#1026=VERTEX_POINT('',#3595);
#1027=VERTEX_POINT('',#3598);
#1028=VERTEX_POINT('',#3600);
#1029=VERTEX_POINT('',#3603);
#1030=VERTEX_POINT('',#3605);
#1031=VERTEX_POINT('',#3608);
#1032=VERTEX_POINT('',#3610);
#1033=VERTEX_POINT('',#3613);
#1034=VERTEX_POINT('',#3615);
#1035=VERTEX_POINT('',#3618);
#1036=VERTEX_POINT('',#3620);
#1037=VERTEX_POINT('',#3623);
#1038=VERTEX_POINT('',#3625);
#1039=VERTEX_POINT('',#3628);
#1040=VERTEX_POINT('',#3629);
#1041=VERTEX_POINT('',#3631);
#1042=VERTEX_POINT('',#3633);
#1043=VERTEX_POINT('',#3636);
#1044=VERTEX_POINT('',#3637);
#1045=VERTEX_POINT('',#3639);
#1046=VERTEX_POINT('',#3641);
#1047=VERTEX_POINT('',#3644);
#1048=VERTEX_POINT('',#3645);
#1049=VERTEX_POINT('',#3647);
#1050=VERTEX_POINT('',#3649);
#1051=VERTEX_POINT('',#3652);
#1052=VERTEX_POINT('',#3653);
#1053=VERTEX_POINT('',#3655);
#1054=VERTEX_POINT('',#3657);
#1055=VERTEX_POINT('',#3660);
#1056=VERTEX_POINT('',#3661);
#1057=VERTEX_POINT('',#3663);
#1058=VERTEX_POINT('',#3665);
#1059=VERTEX_POINT('',#3668);
#1060=VERTEX_POINT('',#3669);
#1061=VERTEX_POINT('',#3671);
#1062=VERTEX_POINT('',#3673);
#1063=VERTEX_POINT('',#3676);
#1064=VERTEX_POINT('',#3677);
#1065=VERTEX_POINT('',#3679);
#1066=VERTEX_POINT('',#3681);
#1067=VERTEX_POINT('',#3684);
#1068=VERTEX_POINT('',#3685);
#1069=VERTEX_POINT('',#3687);
#1070=VERTEX_POINT('',#3689);
#1071=VERTEX_POINT('',#3696);
#1072=VERTEX_POINT('',#3697);
#1073=VERTEX_POINT('',#3699);
#1074=VERTEX_POINT('',#3701);
#1075=VERTEX_POINT('',#3704);
#1076=VERTEX_POINT('',#3705);
#1077=VERTEX_POINT('',#3707);
#1078=VERTEX_POINT('',#3709);
#1079=VERTEX_POINT('',#3712);
#1080=VERTEX_POINT('',#3713);
#1081=VERTEX_POINT('',#3715);
#1082=VERTEX_POINT('',#3717);
#1083=VERTEX_POINT('',#3720);
#1084=VERTEX_POINT('',#3721);
#1085=VERTEX_POINT('',#3723);
#1086=VERTEX_POINT('',#3725);
#1087=VERTEX_POINT('',#3728);
#1088=VERTEX_POINT('',#3729);
#1089=VERTEX_POINT('',#3731);
#1090=VERTEX_POINT('',#3733);
#1091=VERTEX_POINT('',#3736);
#1092=VERTEX_POINT('',#3737);
#1093=VERTEX_POINT('',#3739);
#1094=VERTEX_POINT('',#3741);
#1095=VERTEX_POINT('',#3744);
#1096=VERTEX_POINT('',#3745);
#1097=VERTEX_POINT('',#3747);
#1098=VERTEX_POINT('',#3749);
#1099=VERTEX_POINT('',#3752);
#1100=VERTEX_POINT('',#3753);
#1101=VERTEX_POINT('',#3755);
#1102=VERTEX_POINT('',#3757);
#1103=VERTEX_POINT('',#3760);
#1104=VERTEX_POINT('',#3762);
#1105=VERTEX_POINT('',#3765);
#1106=VERTEX_POINT('',#3767);
#1107=VERTEX_POINT('',#3769);
#1108=VERTEX_POINT('',#3771);
#1109=VERTEX_POINT('',#3774);
#1110=VERTEX_POINT('',#3776);
#1111=VERTEX_POINT('',#3780);
#1112=VERTEX_POINT('',#3784);
#1113=VERTEX_POINT('',#3786);
#1114=VERTEX_POINT('',#3790);
#1115=VERTEX_POINT('',#3794);
#1116=VERTEX_POINT('',#3795);
#1117=VERTEX_POINT('',#3800);
#1118=VERTEX_POINT('',#3804);
#1119=VERTEX_POINT('',#3808);
#1120=VERTEX_POINT('',#3810);
#1121=VERTEX_POINT('',#3814);
#1122=VERTEX_POINT('',#3815);
#1123=VERTEX_POINT('',#3820);
#1124=VERTEX_POINT('',#3824);
#1125=VERTEX_POINT('',#3828);
#1126=VERTEX_POINT('',#3832);
#1127=VERTEX_POINT('',#3836);
#1128=VERTEX_POINT('',#3837);
#1129=VERTEX_POINT('',#3842);
#1130=VERTEX_POINT('',#3846);
#1131=VERTEX_POINT('',#3850);
#1132=VERTEX_POINT('',#3851);
#1133=VERTEX_POINT('',#3856);
#1134=VERTEX_POINT('',#3860);
#1135=VERTEX_POINT('',#3864);
#1136=VERTEX_POINT('',#3865);
#1137=VERTEX_POINT('',#3870);
#1138=VERTEX_POINT('',#3874);
#1139=VERTEX_POINT('',#3878);
#1140=VERTEX_POINT('',#3880);
#1141=VERTEX_POINT('',#3884);
#1142=VERTEX_POINT('',#3888);
#1143=VERTEX_POINT('',#3889);
#1144=VERTEX_POINT('',#3894);
#1145=VERTEX_POINT('',#3898);
#1146=VERTEX_POINT('',#3902);
#1147=VERTEX_POINT('',#3906);
#1148=VERTEX_POINT('',#3907);
#1149=VERTEX_POINT('',#3912);
#1150=VERTEX_POINT('',#3916);
#1151=VERTEX_POINT('',#3922);
#1152=VERTEX_POINT('',#3923);
#1153=VERTEX_POINT('',#3928);
#1154=VERTEX_POINT('',#3932);
#1155=VERTEX_POINT('',#3936);
#1156=VERTEX_POINT('',#3942);
#1157=VERTEX_POINT('',#3944);
#1158=VERTEX_POINT('',#3948);
#1159=VERTEX_POINT('',#3952);
#1160=VERTEX_POINT('',#3954);
#1161=VERTEX_POINT('',#3958);
#1162=VERTEX_POINT('',#3962);
#1163=VERTEX_POINT('',#3964);
#1164=VERTEX_POINT('',#3968);
#1165=VERTEX_POINT('',#3972);
#1166=VERTEX_POINT('',#3976);
#1167=VERTEX_POINT('',#3977);
#1168=VERTEX_POINT('',#3982);
#1169=VERTEX_POINT('',#3986);
#1170=VERTEX_POINT('',#3990);
#1171=VERTEX_POINT('',#3994);
#1172=VERTEX_POINT('',#3998);
#1173=VERTEX_POINT('',#3999);
#1174=VERTEX_POINT('',#4006);
#1175=VERTEX_POINT('',#4010);
#1176=VERTEX_POINT('',#4016);
#1177=VERTEX_POINT('',#4020);
#1178=VERTEX_POINT('',#4024);
#1179=VERTEX_POINT('',#4030);
#1180=VERTEX_POINT('',#4034);
#1181=VERTEX_POINT('',#4040);
#1182=VERTEX_POINT('',#4044);
#1183=VERTEX_POINT('',#4048);
#1184=VERTEX_POINT('',#4050);
#1185=VERTEX_POINT('',#4054);
#1186=VERTEX_POINT('',#4056);
#1187=VERTEX_POINT('',#4060);
#1188=VERTEX_POINT('',#4064);
#1189=VERTEX_POINT('',#4068);
#1190=VERTEX_POINT('',#4074);
#1191=VERTEX_POINT('',#4108);
#1192=VERTEX_POINT('',#4120);
#1193=VERTEX_POINT('',#4122);
#1194=VERTEX_POINT('',#4124);
#1195=VERTEX_POINT('',#4126);
#1196=VERTEX_POINT('',#4132);
#1197=VERTEX_POINT('',#4134);
#1198=VERTEX_POINT('',#4136);
#1199=VERTEX_POINT('',#4138);
#1200=EDGE_CURVE('',#974,#975,#844,.T.);
#1201=EDGE_CURVE('',#975,#976,#426,.T.);
#1202=EDGE_CURVE('',#977,#976,#845,.T.);
#1203=EDGE_CURVE('',#974,#977,#427,.T.);
#1204=EDGE_CURVE('',#978,#979,#846,.T.);
#1205=EDGE_CURVE('',#979,#980,#428,.T.);
#1206=EDGE_CURVE('',#981,#980,#847,.T.);
#1207=EDGE_CURVE('',#978,#981,#429,.T.);
#1208=EDGE_CURVE('',#982,#983,#848,.T.);
#1209=EDGE_CURVE('',#983,#984,#430,.T.);
#1210=EDGE_CURVE('',#985,#984,#849,.T.);
#1211=EDGE_CURVE('',#982,#985,#431,.T.);
#1212=EDGE_CURVE('',#986,#987,#850,.T.);
#1213=EDGE_CURVE('',#987,#988,#432,.T.);
#1214=EDGE_CURVE('',#989,#988,#851,.T.);
#1215=EDGE_CURVE('',#986,#989,#433,.T.);
#1216=EDGE_CURVE('',#990,#991,#852,.T.);
#1217=EDGE_CURVE('',#991,#992,#434,.T.);
#1218=EDGE_CURVE('',#993,#992,#853,.T.);
#1219=EDGE_CURVE('',#990,#993,#435,.T.);
#1220=EDGE_CURVE('',#994,#995,#854,.T.);
#1221=EDGE_CURVE('',#995,#996,#436,.T.);
#1222=EDGE_CURVE('',#997,#996,#855,.T.);
#1223=EDGE_CURVE('',#994,#997,#437,.T.);
#1224=EDGE_CURVE('',#998,#999,#856,.T.);
#1225=EDGE_CURVE('',#999,#1000,#438,.T.);
#1226=EDGE_CURVE('',#1001,#1000,#857,.T.);
#1227=EDGE_CURVE('',#998,#1001,#439,.T.);
#1228=EDGE_CURVE('',#1002,#1003,#440,.T.);
#1229=EDGE_CURVE('',#1002,#1004,#858,.T.);
#1230=EDGE_CURVE('',#1005,#1004,#441,.T.);
#1231=EDGE_CURVE('',#1005,#1003,#859,.T.);
#1232=EDGE_CURVE('',#1006,#1007,#442,.T.);
#1233=EDGE_CURVE('',#1006,#1008,#860,.T.);
#1234=EDGE_CURVE('',#1009,#1008,#443,.T.);
#1235=EDGE_CURVE('',#1009,#1007,#861,.T.);
#1236=EDGE_CURVE('',#1010,#1011,#444,.T.);
#1237=EDGE_CURVE('',#1010,#1012,#862,.T.);
#1238=EDGE_CURVE('',#1013,#1012,#445,.T.);
#1239=EDGE_CURVE('',#1013,#1011,#863,.T.);
#1240=EDGE_CURVE('',#1014,#1015,#446,.T.);
#1241=EDGE_CURVE('',#1014,#1016,#864,.T.);
#1242=EDGE_CURVE('',#1017,#1016,#447,.T.);
#1243=EDGE_CURVE('',#1017,#1015,#865,.T.);
#1244=EDGE_CURVE('',#1018,#1018,#866,.T.);
#1245=EDGE_CURVE('',#1019,#1019,#867,.T.);
#1246=EDGE_CURVE('',#1020,#1020,#868,.T.);
#1247=EDGE_CURVE('',#1021,#1021,#869,.T.);
#1248=EDGE_CURVE('',#1022,#1022,#870,.T.);
#1249=EDGE_CURVE('',#1023,#1024,#871,.T.);
#1250=EDGE_CURVE('',#1025,#1023,#448,.T.);
#1251=EDGE_CURVE('',#1025,#1026,#872,.T.);
#1252=EDGE_CURVE('',#1026,#1024,#449,.T.);
#1253=EDGE_CURVE('',#1027,#998,#450,.T.);
#1254=EDGE_CURVE('',#1027,#1028,#873,.T.);
#1255=EDGE_CURVE('',#1028,#999,#451,.T.);
#1256=EDGE_CURVE('',#1029,#994,#452,.T.);
#1257=EDGE_CURVE('',#1029,#1030,#874,.T.);
#1258=EDGE_CURVE('',#1030,#995,#453,.T.);
#1259=EDGE_CURVE('',#1031,#990,#454,.T.);
#1260=EDGE_CURVE('',#1031,#1032,#875,.T.);
#1261=EDGE_CURVE('',#1032,#991,#455,.T.);
#1262=EDGE_CURVE('',#1033,#986,#456,.T.);
#1263=EDGE_CURVE('',#1033,#1034,#876,.T.);
#1264=EDGE_CURVE('',#1034,#987,#457,.T.);
#1265=EDGE_CURVE('',#1035,#982,#458,.T.);
#1266=EDGE_CURVE('',#1035,#1036,#877,.T.);
#1267=EDGE_CURVE('',#1036,#983,#459,.T.);
#1268=EDGE_CURVE('',#1037,#978,#460,.T.);
#1269=EDGE_CURVE('',#1037,#1038,#878,.T.);
#1270=EDGE_CURVE('',#1038,#979,#461,.T.);
#1271=EDGE_CURVE('',#1039,#1040,#462,.T.);
#1272=EDGE_CURVE('',#1041,#1040,#879,.T.);
#1273=EDGE_CURVE('',#1042,#1041,#463,.T.);
#1274=EDGE_CURVE('',#1042,#1039,#880,.T.);
#1275=EDGE_CURVE('',#1043,#1044,#881,.T.);
#1276=EDGE_CURVE('',#1045,#1043,#464,.T.);
#1277=EDGE_CURVE('',#1045,#1046,#882,.T.);
#1278=EDGE_CURVE('',#1046,#1044,#465,.T.);
#1279=EDGE_CURVE('',#1047,#1048,#466,.T.);
#1280=EDGE_CURVE('',#1047,#1049,#883,.T.);
#1281=EDGE_CURVE('',#1049,#1050,#467,.T.);
#1282=EDGE_CURVE('',#1048,#1050,#884,.T.);
#1283=EDGE_CURVE('',#1051,#1052,#468,.T.);
#1284=EDGE_CURVE('',#1051,#1053,#885,.T.);
#1285=EDGE_CURVE('',#1053,#1054,#469,.T.);
#1286=EDGE_CURVE('',#1052,#1054,#886,.T.);
#1287=EDGE_CURVE('',#1055,#1056,#887,.T.);
#1288=EDGE_CURVE('',#1056,#1057,#470,.T.);
#1289=EDGE_CURVE('',#1058,#1057,#888,.T.);
#1290=EDGE_CURVE('',#1055,#1058,#471,.T.);
#1291=EDGE_CURVE('',#1059,#1060,#472,.T.);
#1292=EDGE_CURVE('',#1059,#1061,#889,.T.);
#1293=EDGE_CURVE('',#1061,#1062,#473,.T.);
#1294=EDGE_CURVE('',#1060,#1062,#890,.T.);
#1295=EDGE_CURVE('',#1063,#1064,#474,.T.);
#1296=EDGE_CURVE('',#1065,#1064,#891,.T.);
#1297=EDGE_CURVE('',#1066,#1065,#475,.T.);
#1298=EDGE_CURVE('',#1066,#1063,#892,.T.);
#1299=EDGE_CURVE('',#1067,#1068,#476,.T.);
#1300=EDGE_CURVE('',#1069,#1068,#893,.T.);
#1301=EDGE_CURVE('',#1070,#1069,#477,.T.);
#1302=EDGE_CURVE('',#1070,#1067,#894,.T.);
#1303=EDGE_CURVE('',#1006,#1003,#895,.T.);
#1304=EDGE_CURVE('',#1005,#1016,#896,.T.);
#1305=EDGE_CURVE('',#1014,#1011,#897,.T.);
#1306=EDGE_CURVE('',#1013,#1008,#898,.T.);
#1307=EDGE_CURVE('',#1071,#1072,#899,.T.);
#1308=EDGE_CURVE('',#1072,#1073,#478,.T.);
#1309=EDGE_CURVE('',#1074,#1073,#900,.T.);
#1310=EDGE_CURVE('',#1071,#1074,#479,.T.);
#1311=EDGE_CURVE('',#1075,#1076,#901,.T.);
#1312=EDGE_CURVE('',#1076,#1077,#480,.T.);
#1313=EDGE_CURVE('',#1078,#1077,#902,.T.);
#1314=EDGE_CURVE('',#1075,#1078,#481,.T.);
#1315=EDGE_CURVE('',#1079,#1080,#903,.T.);
#1316=EDGE_CURVE('',#1081,#1079,#482,.T.);
#1317=EDGE_CURVE('',#1081,#1082,#904,.T.);
#1318=EDGE_CURVE('',#1082,#1080,#483,.T.);
#1319=EDGE_CURVE('',#1083,#1084,#484,.T.);
#1320=EDGE_CURVE('',#1085,#1084,#905,.T.);
#1321=EDGE_CURVE('',#1086,#1085,#485,.T.);
#1322=EDGE_CURVE('',#1086,#1083,#906,.T.);
#1323=EDGE_CURVE('',#1087,#1088,#907,.T.);
#1324=EDGE_CURVE('',#1089,#1087,#486,.T.);
#1325=EDGE_CURVE('',#1089,#1090,#908,.T.);
#1326=EDGE_CURVE('',#1090,#1088,#487,.T.);
#1327=EDGE_CURVE('',#1091,#1092,#488,.T.);
#1328=EDGE_CURVE('',#1091,#1093,#909,.T.);
#1329=EDGE_CURVE('',#1093,#1094,#489,.T.);
#1330=EDGE_CURVE('',#1092,#1094,#910,.T.);
#1331=EDGE_CURVE('',#1095,#1096,#490,.T.);
#1332=EDGE_CURVE('',#1095,#1097,#911,.T.);
#1333=EDGE_CURVE('',#1097,#1098,#491,.T.);
#1334=EDGE_CURVE('',#1096,#1098,#912,.T.);
#1335=EDGE_CURVE('',#1099,#1100,#492,.T.);
#1336=EDGE_CURVE('',#1099,#1101,#913,.T.);
#1337=EDGE_CURVE('',#1101,#1102,#493,.T.);
#1338=EDGE_CURVE('',#1100,#1102,#914,.T.);
#1339=EDGE_CURVE('',#1103,#975,#494,.T.);
#1340=EDGE_CURVE('',#1104,#974,#495,.T.);
#1341=EDGE_CURVE('',#1104,#1103,#915,.T.);
#1342=EDGE_CURVE('',#1105,#1105,#916,.T.);
#1343=EDGE_CURVE('',#1106,#1106,#917,.T.);
#1344=EDGE_CURVE('',#1107,#1107,#918,.T.);
#1345=EDGE_CURVE('',#1108,#1108,#919,.T.);
#1346=EDGE_CURVE('',#1058,#1109,#496,.T.);
#1347=EDGE_CURVE('',#1057,#1110,#497,.T.);
#1348=EDGE_CURVE('',#1109,#1110,#920,.T.);
#1349=EDGE_CURVE('',#1111,#1109,#498,.T.);
#1350=EDGE_CURVE('',#1055,#1111,#499,.T.);
#1351=EDGE_CURVE('',#1039,#1112,#500,.T.);
#1352=EDGE_CURVE('',#1042,#1113,#501,.T.);
#1353=EDGE_CURVE('',#1113,#1112,#921,.T.);
#1354=EDGE_CURVE('',#1112,#1114,#502,.T.);
#1355=EDGE_CURVE('',#1040,#1114,#503,.T.);
#1356=EDGE_CURVE('',#1115,#1116,#922,.T.);
#1357=EDGE_CURVE('',#1072,#1116,#504,.T.);
#1358=EDGE_CURVE('',#1071,#1115,#505,.T.);
#1359=EDGE_CURVE('',#1116,#1117,#506,.T.);
#1360=EDGE_CURVE('',#1073,#1117,#507,.T.);
#1361=EDGE_CURVE('',#1118,#1117,#923,.T.);
#1362=EDGE_CURVE('',#1074,#1118,#508,.T.);
#1363=EDGE_CURVE('',#1064,#1119,#509,.T.);
#1364=EDGE_CURVE('',#1120,#1119,#924,.T.);
#1365=EDGE_CURVE('',#1065,#1120,#510,.T.);
#1366=EDGE_CURVE('',#1121,#1122,#925,.T.);
#1367=EDGE_CURVE('',#1076,#1122,#511,.T.);
#1368=EDGE_CURVE('',#1075,#1121,#512,.T.);
#1369=EDGE_CURVE('',#1122,#1123,#513,.T.);
#1370=EDGE_CURVE('',#1077,#1123,#514,.T.);
#1371=EDGE_CURVE('',#1124,#1123,#926,.T.);
#1372=EDGE_CURVE('',#1078,#1124,#515,.T.);
#1373=EDGE_CURVE('',#1125,#1119,#516,.T.);
#1374=EDGE_CURVE('',#1063,#1125,#517,.T.);
#1375=EDGE_CURVE('',#1056,#1126,#518,.T.);
#1376=EDGE_CURVE('',#1111,#1126,#927,.T.);
#1377=EDGE_CURVE('',#1127,#1128,#928,.T.);
#1378=EDGE_CURVE('',#1079,#1127,#519,.T.);
#1379=EDGE_CURVE('',#1080,#1128,#520,.T.);
#1380=EDGE_CURVE('',#1129,#1127,#521,.T.);
#1381=EDGE_CURVE('',#1081,#1129,#522,.T.);
#1382=EDGE_CURVE('',#1129,#1130,#929,.T.);
#1383=EDGE_CURVE('',#1082,#1130,#523,.T.);
#1384=EDGE_CURVE('',#1131,#1132,#524,.T.);
#1385=EDGE_CURVE('',#1084,#1132,#525,.T.);
#1386=EDGE_CURVE('',#1083,#1131,#526,.T.);
#1387=EDGE_CURVE('',#1133,#1132,#930,.T.);
#1388=EDGE_CURVE('',#1085,#1133,#527,.T.);
#1389=EDGE_CURVE('',#1134,#1133,#528,.T.);
#1390=EDGE_CURVE('',#1086,#1134,#529,.T.);
#1391=EDGE_CURVE('',#1135,#1136,#931,.T.);
#1392=EDGE_CURVE('',#1087,#1135,#530,.T.);
#1393=EDGE_CURVE('',#1088,#1136,#531,.T.);
#1394=EDGE_CURVE('',#1137,#1135,#532,.T.);
#1395=EDGE_CURVE('',#1089,#1137,#533,.T.);
#1396=EDGE_CURVE('',#1137,#1138,#932,.T.);
#1397=EDGE_CURVE('',#1090,#1138,#534,.T.);
#1398=EDGE_CURVE('',#1059,#1139,#535,.T.);
#1399=EDGE_CURVE('',#1060,#1140,#536,.T.);
#1400=EDGE_CURVE('',#1139,#1140,#537,.T.);
#1401=EDGE_CURVE('',#1061,#1141,#538,.T.);
#1402=EDGE_CURVE('',#1139,#1141,#933,.T.);
#1403=EDGE_CURVE('',#1142,#1143,#539,.T.);
#1404=EDGE_CURVE('',#1091,#1142,#540,.T.);
#1405=EDGE_CURVE('',#1092,#1143,#541,.T.);
#1406=EDGE_CURVE('',#1142,#1144,#934,.T.);
#1407=EDGE_CURVE('',#1093,#1144,#542,.T.);
#1408=EDGE_CURVE('',#1144,#1145,#543,.T.);
#1409=EDGE_CURVE('',#1094,#1145,#544,.T.);
#1410=EDGE_CURVE('',#1141,#1146,#545,.T.);
#1411=EDGE_CURVE('',#1062,#1146,#546,.T.);
#1412=EDGE_CURVE('',#1147,#1148,#547,.T.);
#1413=EDGE_CURVE('',#1095,#1147,#548,.T.);
#1414=EDGE_CURVE('',#1096,#1148,#549,.T.);
#1415=EDGE_CURVE('',#1147,#1149,#935,.T.);
#1416=EDGE_CURVE('',#1097,#1149,#550,.T.);
#1417=EDGE_CURVE('',#1149,#1150,#551,.T.);
#1418=EDGE_CURVE('',#1098,#1150,#552,.T.);
#1419=EDGE_CURVE('',#1126,#1110,#553,.T.);
#1420=EDGE_CURVE('',#1151,#1152,#554,.T.);
#1421=EDGE_CURVE('',#1099,#1151,#555,.T.);
#1422=EDGE_CURVE('',#1100,#1152,#556,.T.);
#1423=EDGE_CURVE('',#1151,#1153,#936,.T.);
#1424=EDGE_CURVE('',#1101,#1153,#557,.T.);
#1425=EDGE_CURVE('',#1153,#1154,#558,.T.);
#1426=EDGE_CURVE('',#1102,#1154,#559,.T.);
#1427=EDGE_CURVE('',#1066,#1155,#560,.T.);
#1428=EDGE_CURVE('',#1155,#1120,#561,.T.);
#1429=EDGE_CURVE('',#1155,#1125,#937,.T.);
#1430=EDGE_CURVE('',#1047,#1156,#562,.T.);
#1431=EDGE_CURVE('',#1048,#1157,#563,.T.);
#1432=EDGE_CURVE('',#1156,#1157,#564,.T.);
#1433=EDGE_CURVE('',#1156,#1158,#938,.T.);
#1434=EDGE_CURVE('',#1049,#1158,#565,.T.);
#1435=EDGE_CURVE('',#1051,#1159,#566,.T.);
#1436=EDGE_CURVE('',#1052,#1160,#567,.T.);
#1437=EDGE_CURVE('',#1159,#1160,#568,.T.);
#1438=EDGE_CURVE('',#1053,#1161,#569,.T.);
#1439=EDGE_CURVE('',#1159,#1161,#939,.T.);
#1440=EDGE_CURVE('',#1046,#1162,#570,.T.);
#1441=EDGE_CURVE('',#1162,#1163,#571,.T.);
#1442=EDGE_CURVE('',#1044,#1163,#572,.T.);
#1443=EDGE_CURVE('',#1164,#1163,#940,.T.);
#1444=EDGE_CURVE('',#1043,#1164,#573,.T.);
#1445=EDGE_CURVE('',#1054,#1165,#574,.T.);
#1446=EDGE_CURVE('',#1160,#1165,#941,.T.);
#1447=EDGE_CURVE('',#1166,#1167,#575,.T.);
#1448=EDGE_CURVE('',#1024,#1167,#576,.T.);
#1449=EDGE_CURVE('',#1026,#1166,#577,.T.);
#1450=EDGE_CURVE('',#1168,#1167,#942,.T.);
#1451=EDGE_CURVE('',#1023,#1168,#578,.T.);
#1452=EDGE_CURVE('',#1169,#1168,#579,.T.);
#1453=EDGE_CURVE('',#1025,#1169,#580,.T.);
#1454=EDGE_CURVE('',#1170,#1001,#581,.T.);
#1455=EDGE_CURVE('',#1027,#1170,#582,.T.);
#1456=EDGE_CURVE('',#1170,#1171,#943,.T.);
#1457=EDGE_CURVE('',#1028,#1171,#583,.T.);
#1458=EDGE_CURVE('',#1172,#1173,#944,.T.);
#1459=EDGE_CURVE('',#1034,#1173,#584,.T.);
#1460=EDGE_CURVE('',#1033,#1172,#585,.T.);
#1461=EDGE_CURVE('',#1173,#988,#586,.T.);
#1462=EDGE_CURVE('',#1174,#993,#587,.T.);
#1463=EDGE_CURVE('',#1031,#1174,#588,.T.);
#1464=EDGE_CURVE('',#1174,#1175,#945,.T.);
#1465=EDGE_CURVE('',#1032,#1175,#589,.T.);
#1466=EDGE_CURVE('',#1175,#992,#590,.T.);
#1467=EDGE_CURVE('',#1176,#985,#591,.T.);
#1468=EDGE_CURVE('',#1035,#1176,#592,.T.);
#1469=EDGE_CURVE('',#1176,#1177,#946,.T.);
#1470=EDGE_CURVE('',#1036,#1177,#593,.T.);
#1471=EDGE_CURVE('',#1178,#1114,#947,.T.);
#1472=EDGE_CURVE('',#1041,#1178,#594,.T.);
#1473=EDGE_CURVE('',#1113,#1178,#595,.T.);
#1474=EDGE_CURVE('',#1179,#997,#596,.T.);
#1475=EDGE_CURVE('',#1029,#1179,#597,.T.);
#1476=EDGE_CURVE('',#1179,#1180,#948,.T.);
#1477=EDGE_CURVE('',#1030,#1180,#598,.T.);
#1478=EDGE_CURVE('',#1180,#996,#599,.T.);
#1479=EDGE_CURVE('',#1181,#981,#600,.T.);
#1480=EDGE_CURVE('',#1037,#1181,#601,.T.);
#1481=EDGE_CURVE('',#1181,#1182,#949,.T.);
#1482=EDGE_CURVE('',#1038,#1182,#602,.T.);
#1483=EDGE_CURVE('',#1069,#1183,#603,.T.);
#1484=EDGE_CURVE('',#1184,#1183,#604,.T.);
#1485=EDGE_CURVE('',#1070,#1184,#605,.T.);
#1486=EDGE_CURVE('',#1068,#1185,#606,.T.);
#1487=EDGE_CURVE('',#1067,#1186,#607,.T.);
#1488=EDGE_CURVE('',#1186,#1185,#608,.T.);
#1489=EDGE_CURVE('',#1158,#1187,#609,.T.);
#1490=EDGE_CURVE('',#1050,#1187,#610,.T.);
#1491=EDGE_CURVE('',#1188,#977,#611,.T.);
#1492=EDGE_CURVE('',#1104,#1188,#612,.T.);
#1493=EDGE_CURVE('',#1188,#1189,#950,.T.);
#1494=EDGE_CURVE('',#1103,#1189,#613,.T.);
#1495=EDGE_CURVE('',#1161,#1165,#614,.T.);
#1496=EDGE_CURVE('',#1190,#1164,#615,.T.);
#1497=EDGE_CURVE('',#1045,#1190,#616,.T.);
#1498=EDGE_CURVE('',#1115,#1118,#617,.T.);
#1499=EDGE_CURVE('',#1121,#1124,#618,.T.);
#1500=EDGE_CURVE('',#1130,#1128,#619,.T.);
#1501=EDGE_CURVE('',#1134,#1131,#951,.T.);
#1502=EDGE_CURVE('',#1138,#1136,#620,.T.);
#1503=EDGE_CURVE('',#1143,#1145,#952,.T.);
#1504=EDGE_CURVE('',#1140,#1146,#953,.T.);
#1505=EDGE_CURVE('',#1148,#1150,#954,.T.);
#1506=EDGE_CURVE('',#1152,#1154,#955,.T.);
#1507=EDGE_CURVE('',#1157,#1187,#956,.T.);
#1508=EDGE_CURVE('',#1190,#1162,#957,.T.);
#1509=EDGE_CURVE('',#1169,#1166,#958,.T.);
#1510=EDGE_CURVE('',#1171,#1000,#621,.T.);
#1511=EDGE_CURVE('',#1172,#989,#622,.T.);
#1512=EDGE_CURVE('',#1177,#984,#623,.T.);
#1513=EDGE_CURVE('',#1191,#1191,#959,.T.);
#1514=EDGE_CURVE('',#1191,#1018,#624,.T.);
#1515=EDGE_CURVE('',#1182,#980,#625,.T.);
#1516=EDGE_CURVE('',#1184,#1186,#960,.T.);
#1517=EDGE_CURVE('',#1183,#1185,#961,.T.);
#1518=EDGE_CURVE('',#1189,#976,#626,.T.);
#1519=EDGE_CURVE('',#1192,#1192,#962,.T.);
#1520=EDGE_CURVE('',#1193,#1193,#963,.T.);
#1521=EDGE_CURVE('',#1194,#1194,#964,.T.);
#1522=EDGE_CURVE('',#1195,#1195,#965,.T.);
#1523=EDGE_CURVE('',#1007,#1002,#966,.T.);
#1524=EDGE_CURVE('',#1012,#1009,#967,.T.);
#1525=EDGE_CURVE('',#1015,#1010,#968,.T.);
#1526=EDGE_CURVE('',#1004,#1017,#969,.T.);
#1527=EDGE_CURVE('',#1196,#1196,#970,.T.);
#1528=EDGE_CURVE('',#1197,#1197,#971,.T.);
#1529=EDGE_CURVE('',#1198,#1198,#972,.T.);
#1530=EDGE_CURVE('',#1199,#1199,#973,.T.);
#1531=EDGE_CURVE('',#1108,#1199,#627,.T.);
#1532=EDGE_CURVE('',#1107,#1198,#628,.T.);
#1533=EDGE_CURVE('',#1106,#1197,#629,.T.);
#1534=EDGE_CURVE('',#1105,#1196,#630,.T.);
#1535=EDGE_CURVE('',#1195,#1022,#631,.T.);
#1536=EDGE_CURVE('',#1194,#1021,#632,.T.);
#1537=EDGE_CURVE('',#1193,#1020,#633,.T.);
#1538=EDGE_CURVE('',#1192,#1019,#634,.T.);
#1539=ORIENTED_EDGE('',*,*,#1200,.T.);
#1540=ORIENTED_EDGE('',*,*,#1201,.T.);
#1541=ORIENTED_EDGE('',*,*,#1202,.F.);
#1542=ORIENTED_EDGE('',*,*,#1203,.F.);
#1543=ORIENTED_EDGE('',*,*,#1204,.T.);
#1544=ORIENTED_EDGE('',*,*,#1205,.T.);
#1545=ORIENTED_EDGE('',*,*,#1206,.F.);
#1546=ORIENTED_EDGE('',*,*,#1207,.F.);
#1547=ORIENTED_EDGE('',*,*,#1208,.T.);
#1548=ORIENTED_EDGE('',*,*,#1209,.T.);
#1549=ORIENTED_EDGE('',*,*,#1210,.F.);
#1550=ORIENTED_EDGE('',*,*,#1211,.F.);
#1551=ORIENTED_EDGE('',*,*,#1212,.T.);
#1552=ORIENTED_EDGE('',*,*,#1213,.T.);
#1553=ORIENTED_EDGE('',*,*,#1214,.F.);
#1554=ORIENTED_EDGE('',*,*,#1215,.F.);
#1555=ORIENTED_EDGE('',*,*,#1216,.T.);
#1556=ORIENTED_EDGE('',*,*,#1217,.T.);
#1557=ORIENTED_EDGE('',*,*,#1218,.F.);
#1558=ORIENTED_EDGE('',*,*,#1219,.F.);
#1559=ORIENTED_EDGE('',*,*,#1220,.T.);
#1560=ORIENTED_EDGE('',*,*,#1221,.T.);
#1561=ORIENTED_EDGE('',*,*,#1222,.F.);
#1562=ORIENTED_EDGE('',*,*,#1223,.F.);
#1563=ORIENTED_EDGE('',*,*,#1224,.T.);
#1564=ORIENTED_EDGE('',*,*,#1225,.T.);
#1565=ORIENTED_EDGE('',*,*,#1226,.F.);
#1566=ORIENTED_EDGE('',*,*,#1227,.F.);
#1567=ORIENTED_EDGE('',*,*,#1228,.F.);
#1568=ORIENTED_EDGE('',*,*,#1229,.T.);
#1569=ORIENTED_EDGE('',*,*,#1230,.F.);
#1570=ORIENTED_EDGE('',*,*,#1231,.T.);
#1571=ORIENTED_EDGE('',*,*,#1232,.F.);
#1572=ORIENTED_EDGE('',*,*,#1233,.T.);
#1573=ORIENTED_EDGE('',*,*,#1234,.F.);
#1574=ORIENTED_EDGE('',*,*,#1235,.T.);
#1575=ORIENTED_EDGE('',*,*,#1236,.F.);
#1576=ORIENTED_EDGE('',*,*,#1237,.T.);
#1577=ORIENTED_EDGE('',*,*,#1238,.F.);
#1578=ORIENTED_EDGE('',*,*,#1239,.T.);
#1579=ORIENTED_EDGE('',*,*,#1240,.F.);
#1580=ORIENTED_EDGE('',*,*,#1241,.T.);
#1581=ORIENTED_EDGE('',*,*,#1242,.F.);
#1582=ORIENTED_EDGE('',*,*,#1243,.T.);
#1583=ORIENTED_EDGE('',*,*,#1244,.T.);
#1584=ORIENTED_EDGE('',*,*,#1245,.F.);
#1585=ORIENTED_EDGE('',*,*,#1246,.F.);
#1586=ORIENTED_EDGE('',*,*,#1247,.F.);
#1587=ORIENTED_EDGE('',*,*,#1248,.F.);
#1588=ORIENTED_EDGE('',*,*,#1249,.F.);
#1589=ORIENTED_EDGE('',*,*,#1250,.F.);
#1590=ORIENTED_EDGE('',*,*,#1251,.T.);
#1591=ORIENTED_EDGE('',*,*,#1252,.T.);
#1592=ORIENTED_EDGE('',*,*,#1224,.F.);
#1593=ORIENTED_EDGE('',*,*,#1253,.F.);
#1594=ORIENTED_EDGE('',*,*,#1254,.T.);
#1595=ORIENTED_EDGE('',*,*,#1255,.T.);
#1596=ORIENTED_EDGE('',*,*,#1220,.F.);
#1597=ORIENTED_EDGE('',*,*,#1256,.F.);
#1598=ORIENTED_EDGE('',*,*,#1257,.T.);
#1599=ORIENTED_EDGE('',*,*,#1258,.T.);
#1600=ORIENTED_EDGE('',*,*,#1216,.F.);
#1601=ORIENTED_EDGE('',*,*,#1259,.F.);
#1602=ORIENTED_EDGE('',*,*,#1260,.T.);
#1603=ORIENTED_EDGE('',*,*,#1261,.T.);
#1604=ORIENTED_EDGE('',*,*,#1212,.F.);
#1605=ORIENTED_EDGE('',*,*,#1262,.F.);
#1606=ORIENTED_EDGE('',*,*,#1263,.T.);
#1607=ORIENTED_EDGE('',*,*,#1264,.T.);
#1608=ORIENTED_EDGE('',*,*,#1208,.F.);
#1609=ORIENTED_EDGE('',*,*,#1265,.F.);
#1610=ORIENTED_EDGE('',*,*,#1266,.T.);
#1611=ORIENTED_EDGE('',*,*,#1267,.T.);
#1612=ORIENTED_EDGE('',*,*,#1204,.F.);
#1613=ORIENTED_EDGE('',*,*,#1268,.F.);
#1614=ORIENTED_EDGE('',*,*,#1269,.T.);
#1615=ORIENTED_EDGE('',*,*,#1270,.T.);
#1616=ORIENTED_EDGE('',*,*,#1271,.T.);
#1617=ORIENTED_EDGE('',*,*,#1272,.F.);
#1618=ORIENTED_EDGE('',*,*,#1273,.F.);
#1619=ORIENTED_EDGE('',*,*,#1274,.T.);
#1620=ORIENTED_EDGE('',*,*,#1275,.F.);
#1621=ORIENTED_EDGE('',*,*,#1276,.F.);
#1622=ORIENTED_EDGE('',*,*,#1277,.T.);
#1623=ORIENTED_EDGE('',*,*,#1278,.T.);
#1624=ORIENTED_EDGE('',*,*,#1279,.F.);
#1625=ORIENTED_EDGE('',*,*,#1280,.T.);
#1626=ORIENTED_EDGE('',*,*,#1281,.T.);
#1627=ORIENTED_EDGE('',*,*,#1282,.F.);
#1628=ORIENTED_EDGE('',*,*,#1283,.F.);
#1629=ORIENTED_EDGE('',*,*,#1284,.T.);
#1630=ORIENTED_EDGE('',*,*,#1285,.T.);
#1631=ORIENTED_EDGE('',*,*,#1286,.F.);
#1632=ORIENTED_EDGE('',*,*,#1287,.T.);
#1633=ORIENTED_EDGE('',*,*,#1288,.T.);
#1634=ORIENTED_EDGE('',*,*,#1289,.F.);
#1635=ORIENTED_EDGE('',*,*,#1290,.F.);
#1636=ORIENTED_EDGE('',*,*,#1291,.F.);
#1637=ORIENTED_EDGE('',*,*,#1292,.T.);
#1638=ORIENTED_EDGE('',*,*,#1293,.T.);
#1639=ORIENTED_EDGE('',*,*,#1294,.F.);
#1640=ORIENTED_EDGE('',*,*,#1295,.T.);
#1641=ORIENTED_EDGE('',*,*,#1296,.F.);
#1642=ORIENTED_EDGE('',*,*,#1297,.F.);
#1643=ORIENTED_EDGE('',*,*,#1298,.T.);
#1644=ORIENTED_EDGE('',*,*,#1299,.T.);
#1645=ORIENTED_EDGE('',*,*,#1300,.F.);
#1646=ORIENTED_EDGE('',*,*,#1301,.F.);
#1647=ORIENTED_EDGE('',*,*,#1302,.T.);
#1648=ORIENTED_EDGE('',*,*,#1233,.F.);
#1649=ORIENTED_EDGE('',*,*,#1303,.T.);
#1650=ORIENTED_EDGE('',*,*,#1231,.F.);
#1651=ORIENTED_EDGE('',*,*,#1304,.T.);
#1652=ORIENTED_EDGE('',*,*,#1241,.F.);
#1653=ORIENTED_EDGE('',*,*,#1305,.T.);
#1654=ORIENTED_EDGE('',*,*,#1239,.F.);
#1655=ORIENTED_EDGE('',*,*,#1306,.T.);
#1656=ORIENTED_EDGE('',*,*,#1307,.T.);
#1657=ORIENTED_EDGE('',*,*,#1308,.T.);
#1658=ORIENTED_EDGE('',*,*,#1309,.F.);
#1659=ORIENTED_EDGE('',*,*,#1310,.F.);
#1660=ORIENTED_EDGE('',*,*,#1311,.T.);
#1661=ORIENTED_EDGE('',*,*,#1312,.T.);
#1662=ORIENTED_EDGE('',*,*,#1313,.F.);
#1663=ORIENTED_EDGE('',*,*,#1314,.F.);
#1664=ORIENTED_EDGE('',*,*,#1315,.F.);
#1665=ORIENTED_EDGE('',*,*,#1316,.F.);
#1666=ORIENTED_EDGE('',*,*,#1317,.T.);
#1667=ORIENTED_EDGE('',*,*,#1318,.T.);
#1668=ORIENTED_EDGE('',*,*,#1319,.T.);
#1669=ORIENTED_EDGE('',*,*,#1320,.F.);
#1670=ORIENTED_EDGE('',*,*,#1321,.F.);
#1671=ORIENTED_EDGE('',*,*,#1322,.T.);
#1672=ORIENTED_EDGE('',*,*,#1323,.F.);
#1673=ORIENTED_EDGE('',*,*,#1324,.F.);
#1674=ORIENTED_EDGE('',*,*,#1325,.T.);
#1675=ORIENTED_EDGE('',*,*,#1326,.T.);
#1676=ORIENTED_EDGE('',*,*,#1327,.F.);
#1677=ORIENTED_EDGE('',*,*,#1328,.T.);
#1678=ORIENTED_EDGE('',*,*,#1329,.T.);
#1679=ORIENTED_EDGE('',*,*,#1330,.F.);
#1680=ORIENTED_EDGE('',*,*,#1331,.F.);
#1681=ORIENTED_EDGE('',*,*,#1332,.T.);
#1682=ORIENTED_EDGE('',*,*,#1333,.T.);
#1683=ORIENTED_EDGE('',*,*,#1334,.F.);
#1684=ORIENTED_EDGE('',*,*,#1335,.F.);
#1685=ORIENTED_EDGE('',*,*,#1336,.T.);
#1686=ORIENTED_EDGE('',*,*,#1337,.T.);
#1687=ORIENTED_EDGE('',*,*,#1338,.F.);
#1688=ORIENTED_EDGE('',*,*,#1339,.T.);
#1689=ORIENTED_EDGE('',*,*,#1200,.F.);
#1690=ORIENTED_EDGE('',*,*,#1340,.F.);
#1691=ORIENTED_EDGE('',*,*,#1341,.T.);
#1692=ORIENTED_EDGE('',*,*,#1342,.F.);
#1693=ORIENTED_EDGE('',*,*,#1343,.F.);
#1694=ORIENTED_EDGE('',*,*,#1344,.F.);
#1695=ORIENTED_EDGE('',*,*,#1345,.F.);
#1696=ORIENTED_EDGE('',*,*,#1346,.F.);
#1697=ORIENTED_EDGE('',*,*,#1289,.T.);
#1698=ORIENTED_EDGE('',*,*,#1347,.T.);
#1699=ORIENTED_EDGE('',*,*,#1348,.F.);
#1700=ORIENTED_EDGE('',*,*,#1346,.T.);
#1701=ORIENTED_EDGE('',*,*,#1349,.F.);
#1702=ORIENTED_EDGE('',*,*,#1350,.F.);
#1703=ORIENTED_EDGE('',*,*,#1290,.T.);
#1704=ORIENTED_EDGE('',*,*,#1351,.F.);
#1705=ORIENTED_EDGE('',*,*,#1274,.F.);
#1706=ORIENTED_EDGE('',*,*,#1352,.T.);
#1707=ORIENTED_EDGE('',*,*,#1353,.T.);
#1708=ORIENTED_EDGE('',*,*,#1351,.T.);
#1709=ORIENTED_EDGE('',*,*,#1354,.T.);
#1710=ORIENTED_EDGE('',*,*,#1355,.F.);
#1711=ORIENTED_EDGE('',*,*,#1271,.F.);
#1712=ORIENTED_EDGE('',*,*,#1356,.T.);
#1713=ORIENTED_EDGE('',*,*,#1357,.F.);
#1714=ORIENTED_EDGE('',*,*,#1307,.F.);
#1715=ORIENTED_EDGE('',*,*,#1358,.T.);
#1716=ORIENTED_EDGE('',*,*,#1359,.T.);
#1717=ORIENTED_EDGE('',*,*,#1360,.F.);
#1718=ORIENTED_EDGE('',*,*,#1308,.F.);
#1719=ORIENTED_EDGE('',*,*,#1357,.T.);
#1720=ORIENTED_EDGE('',*,*,#1361,.F.);
#1721=ORIENTED_EDGE('',*,*,#1362,.F.);
#1722=ORIENTED_EDGE('',*,*,#1309,.T.);
#1723=ORIENTED_EDGE('',*,*,#1360,.T.);
#1724=ORIENTED_EDGE('',*,*,#1363,.T.);
#1725=ORIENTED_EDGE('',*,*,#1364,.F.);
#1726=ORIENTED_EDGE('',*,*,#1365,.F.);
#1727=ORIENTED_EDGE('',*,*,#1296,.T.);
#1728=ORIENTED_EDGE('',*,*,#1366,.T.);
#1729=ORIENTED_EDGE('',*,*,#1367,.F.);
#1730=ORIENTED_EDGE('',*,*,#1311,.F.);
#1731=ORIENTED_EDGE('',*,*,#1368,.T.);
#1732=ORIENTED_EDGE('',*,*,#1369,.T.);
#1733=ORIENTED_EDGE('',*,*,#1370,.F.);
#1734=ORIENTED_EDGE('',*,*,#1312,.F.);
#1735=ORIENTED_EDGE('',*,*,#1367,.T.);
#1736=ORIENTED_EDGE('',*,*,#1371,.F.);
#1737=ORIENTED_EDGE('',*,*,#1372,.F.);
#1738=ORIENTED_EDGE('',*,*,#1313,.T.);
#1739=ORIENTED_EDGE('',*,*,#1370,.T.);
#1740=ORIENTED_EDGE('',*,*,#1373,.T.);
#1741=ORIENTED_EDGE('',*,*,#1363,.F.);
#1742=ORIENTED_EDGE('',*,*,#1295,.F.);
#1743=ORIENTED_EDGE('',*,*,#1374,.T.);
#1744=ORIENTED_EDGE('',*,*,#1375,.F.);
#1745=ORIENTED_EDGE('',*,*,#1287,.F.);
#1746=ORIENTED_EDGE('',*,*,#1350,.T.);
#1747=ORIENTED_EDGE('',*,*,#1376,.T.);
#1748=ORIENTED_EDGE('',*,*,#1377,.F.);
#1749=ORIENTED_EDGE('',*,*,#1378,.F.);
#1750=ORIENTED_EDGE('',*,*,#1315,.T.);
#1751=ORIENTED_EDGE('',*,*,#1379,.T.);
#1752=ORIENTED_EDGE('',*,*,#1380,.F.);
#1753=ORIENTED_EDGE('',*,*,#1381,.F.);
#1754=ORIENTED_EDGE('',*,*,#1316,.T.);
#1755=ORIENTED_EDGE('',*,*,#1378,.T.);
#1756=ORIENTED_EDGE('',*,*,#1382,.T.);
#1757=ORIENTED_EDGE('',*,*,#1383,.F.);
#1758=ORIENTED_EDGE('',*,*,#1317,.F.);
#1759=ORIENTED_EDGE('',*,*,#1381,.T.);
#1760=ORIENTED_EDGE('',*,*,#1384,.T.);
#1761=ORIENTED_EDGE('',*,*,#1385,.F.);
#1762=ORIENTED_EDGE('',*,*,#1319,.F.);
#1763=ORIENTED_EDGE('',*,*,#1386,.T.);
#1764=ORIENTED_EDGE('',*,*,#1387,.F.);
#1765=ORIENTED_EDGE('',*,*,#1388,.F.);
#1766=ORIENTED_EDGE('',*,*,#1320,.T.);
#1767=ORIENTED_EDGE('',*,*,#1385,.T.);
#1768=ORIENTED_EDGE('',*,*,#1389,.F.);
#1769=ORIENTED_EDGE('',*,*,#1390,.F.);
#1770=ORIENTED_EDGE('',*,*,#1321,.T.);
#1771=ORIENTED_EDGE('',*,*,#1388,.T.);
#1772=ORIENTED_EDGE('',*,*,#1391,.F.);
#1773=ORIENTED_EDGE('',*,*,#1392,.F.);
#1774=ORIENTED_EDGE('',*,*,#1323,.T.);
#1775=ORIENTED_EDGE('',*,*,#1393,.T.);
#1776=ORIENTED_EDGE('',*,*,#1394,.F.);
#1777=ORIENTED_EDGE('',*,*,#1395,.F.);
#1778=ORIENTED_EDGE('',*,*,#1324,.T.);
#1779=ORIENTED_EDGE('',*,*,#1392,.T.);
#1780=ORIENTED_EDGE('',*,*,#1396,.T.);
#1781=ORIENTED_EDGE('',*,*,#1397,.F.);
#1782=ORIENTED_EDGE('',*,*,#1325,.F.);
#1783=ORIENTED_EDGE('',*,*,#1395,.T.);
#1784=ORIENTED_EDGE('',*,*,#1398,.F.);
#1785=ORIENTED_EDGE('',*,*,#1291,.T.);
#1786=ORIENTED_EDGE('',*,*,#1399,.T.);
#1787=ORIENTED_EDGE('',*,*,#1400,.F.);
#1788=ORIENTED_EDGE('',*,*,#1401,.F.);
#1789=ORIENTED_EDGE('',*,*,#1292,.F.);
#1790=ORIENTED_EDGE('',*,*,#1398,.T.);
#1791=ORIENTED_EDGE('',*,*,#1402,.T.);
#1792=ORIENTED_EDGE('',*,*,#1403,.F.);
#1793=ORIENTED_EDGE('',*,*,#1404,.F.);
#1794=ORIENTED_EDGE('',*,*,#1327,.T.);
#1795=ORIENTED_EDGE('',*,*,#1405,.T.);
#1796=ORIENTED_EDGE('',*,*,#1406,.T.);
#1797=ORIENTED_EDGE('',*,*,#1407,.F.);
#1798=ORIENTED_EDGE('',*,*,#1328,.F.);
#1799=ORIENTED_EDGE('',*,*,#1404,.T.);
#1800=ORIENTED_EDGE('',*,*,#1408,.T.);
#1801=ORIENTED_EDGE('',*,*,#1409,.F.);
#1802=ORIENTED_EDGE('',*,*,#1329,.F.);
#1803=ORIENTED_EDGE('',*,*,#1407,.T.);
#1804=ORIENTED_EDGE('',*,*,#1293,.F.);
#1805=ORIENTED_EDGE('',*,*,#1401,.T.);
#1806=ORIENTED_EDGE('',*,*,#1410,.T.);
#1807=ORIENTED_EDGE('',*,*,#1411,.F.);
#1808=ORIENTED_EDGE('',*,*,#1412,.F.);
#1809=ORIENTED_EDGE('',*,*,#1413,.F.);
#1810=ORIENTED_EDGE('',*,*,#1331,.T.);
#1811=ORIENTED_EDGE('',*,*,#1414,.T.);
#1812=ORIENTED_EDGE('',*,*,#1415,.T.);
#1813=ORIENTED_EDGE('',*,*,#1416,.F.);
#1814=ORIENTED_EDGE('',*,*,#1332,.F.);
#1815=ORIENTED_EDGE('',*,*,#1413,.T.);
#1816=ORIENTED_EDGE('',*,*,#1417,.T.);
#1817=ORIENTED_EDGE('',*,*,#1418,.F.);
#1818=ORIENTED_EDGE('',*,*,#1333,.F.);
#1819=ORIENTED_EDGE('',*,*,#1416,.T.);
#1820=ORIENTED_EDGE('',*,*,#1375,.T.);
#1821=ORIENTED_EDGE('',*,*,#1419,.T.);
#1822=ORIENTED_EDGE('',*,*,#1347,.F.);
#1823=ORIENTED_EDGE('',*,*,#1288,.F.);
#1824=ORIENTED_EDGE('',*,*,#1420,.F.);
#1825=ORIENTED_EDGE('',*,*,#1421,.F.);
#1826=ORIENTED_EDGE('',*,*,#1335,.T.);
#1827=ORIENTED_EDGE('',*,*,#1422,.T.);
#1828=ORIENTED_EDGE('',*,*,#1423,.T.);
#1829=ORIENTED_EDGE('',*,*,#1424,.F.);
#1830=ORIENTED_EDGE('',*,*,#1336,.F.);
#1831=ORIENTED_EDGE('',*,*,#1421,.T.);
#1832=ORIENTED_EDGE('',*,*,#1425,.T.);
#1833=ORIENTED_EDGE('',*,*,#1426,.F.);
#1834=ORIENTED_EDGE('',*,*,#1337,.F.);
#1835=ORIENTED_EDGE('',*,*,#1424,.T.);
#1836=ORIENTED_EDGE('',*,*,#1427,.F.);
#1837=ORIENTED_EDGE('',*,*,#1297,.T.);
#1838=ORIENTED_EDGE('',*,*,#1365,.T.);
#1839=ORIENTED_EDGE('',*,*,#1428,.F.);
#1840=ORIENTED_EDGE('',*,*,#1429,.T.);
#1841=ORIENTED_EDGE('',*,*,#1374,.F.);
#1842=ORIENTED_EDGE('',*,*,#1298,.F.);
#1843=ORIENTED_EDGE('',*,*,#1427,.T.);
#1844=ORIENTED_EDGE('',*,*,#1430,.F.);
#1845=ORIENTED_EDGE('',*,*,#1279,.T.);
#1846=ORIENTED_EDGE('',*,*,#1431,.T.);
#1847=ORIENTED_EDGE('',*,*,#1432,.F.);
#1848=ORIENTED_EDGE('',*,*,#1280,.F.);
#1849=ORIENTED_EDGE('',*,*,#1430,.T.);
#1850=ORIENTED_EDGE('',*,*,#1433,.T.);
#1851=ORIENTED_EDGE('',*,*,#1434,.F.);
#1852=ORIENTED_EDGE('',*,*,#1435,.F.);
#1853=ORIENTED_EDGE('',*,*,#1283,.T.);
#1854=ORIENTED_EDGE('',*,*,#1436,.T.);
#1855=ORIENTED_EDGE('',*,*,#1437,.F.);
#1856=ORIENTED_EDGE('',*,*,#1438,.F.);
#1857=ORIENTED_EDGE('',*,*,#1284,.F.);
#1858=ORIENTED_EDGE('',*,*,#1435,.T.);
#1859=ORIENTED_EDGE('',*,*,#1439,.T.);
#1860=ORIENTED_EDGE('',*,*,#1440,.T.);
#1861=ORIENTED_EDGE('',*,*,#1441,.T.);
#1862=ORIENTED_EDGE('',*,*,#1442,.F.);
#1863=ORIENTED_EDGE('',*,*,#1278,.F.);
#1864=ORIENTED_EDGE('',*,*,#1443,.F.);
#1865=ORIENTED_EDGE('',*,*,#1444,.F.);
#1866=ORIENTED_EDGE('',*,*,#1275,.T.);
#1867=ORIENTED_EDGE('',*,*,#1442,.T.);
#1868=ORIENTED_EDGE('',*,*,#1436,.F.);
#1869=ORIENTED_EDGE('',*,*,#1286,.T.);
#1870=ORIENTED_EDGE('',*,*,#1445,.T.);
#1871=ORIENTED_EDGE('',*,*,#1446,.F.);
#1872=ORIENTED_EDGE('',*,*,#1447,.T.);
#1873=ORIENTED_EDGE('',*,*,#1448,.F.);
#1874=ORIENTED_EDGE('',*,*,#1252,.F.);
#1875=ORIENTED_EDGE('',*,*,#1449,.T.);
#1876=ORIENTED_EDGE('',*,*,#1450,.F.);
#1877=ORIENTED_EDGE('',*,*,#1451,.F.);
#1878=ORIENTED_EDGE('',*,*,#1249,.T.);
#1879=ORIENTED_EDGE('',*,*,#1448,.T.);
#1880=ORIENTED_EDGE('',*,*,#1452,.F.);
#1881=ORIENTED_EDGE('',*,*,#1453,.F.);
#1882=ORIENTED_EDGE('',*,*,#1250,.T.);
#1883=ORIENTED_EDGE('',*,*,#1451,.T.);
#1884=ORIENTED_EDGE('',*,*,#1454,.F.);
#1885=ORIENTED_EDGE('',*,*,#1455,.F.);
#1886=ORIENTED_EDGE('',*,*,#1253,.T.);
#1887=ORIENTED_EDGE('',*,*,#1227,.T.);
#1888=ORIENTED_EDGE('',*,*,#1456,.T.);
#1889=ORIENTED_EDGE('',*,*,#1457,.F.);
#1890=ORIENTED_EDGE('',*,*,#1254,.F.);
#1891=ORIENTED_EDGE('',*,*,#1455,.T.);
#1892=ORIENTED_EDGE('',*,*,#1458,.T.);
#1893=ORIENTED_EDGE('',*,*,#1459,.F.);
#1894=ORIENTED_EDGE('',*,*,#1263,.F.);
#1895=ORIENTED_EDGE('',*,*,#1460,.T.);
#1896=ORIENTED_EDGE('',*,*,#1461,.T.);
#1897=ORIENTED_EDGE('',*,*,#1213,.F.);
#1898=ORIENTED_EDGE('',*,*,#1264,.F.);
#1899=ORIENTED_EDGE('',*,*,#1459,.T.);
#1900=ORIENTED_EDGE('',*,*,#1462,.F.);
#1901=ORIENTED_EDGE('',*,*,#1463,.F.);
#1902=ORIENTED_EDGE('',*,*,#1259,.T.);
#1903=ORIENTED_EDGE('',*,*,#1219,.T.);
#1904=ORIENTED_EDGE('',*,*,#1464,.T.);
#1905=ORIENTED_EDGE('',*,*,#1465,.F.);
#1906=ORIENTED_EDGE('',*,*,#1260,.F.);
#1907=ORIENTED_EDGE('',*,*,#1463,.T.);
#1908=ORIENTED_EDGE('',*,*,#1466,.T.);
#1909=ORIENTED_EDGE('',*,*,#1217,.F.);
#1910=ORIENTED_EDGE('',*,*,#1261,.F.);
#1911=ORIENTED_EDGE('',*,*,#1465,.T.);
#1912=ORIENTED_EDGE('',*,*,#1467,.F.);
#1913=ORIENTED_EDGE('',*,*,#1468,.F.);
#1914=ORIENTED_EDGE('',*,*,#1265,.T.);
#1915=ORIENTED_EDGE('',*,*,#1211,.T.);
#1916=ORIENTED_EDGE('',*,*,#1469,.T.);
#1917=ORIENTED_EDGE('',*,*,#1470,.F.);
#1918=ORIENTED_EDGE('',*,*,#1266,.F.);
#1919=ORIENTED_EDGE('',*,*,#1468,.T.);
#1920=ORIENTED_EDGE('',*,*,#1272,.T.);
#1921=ORIENTED_EDGE('',*,*,#1355,.T.);
#1922=ORIENTED_EDGE('',*,*,#1471,.F.);
#1923=ORIENTED_EDGE('',*,*,#1472,.F.);
#1924=ORIENTED_EDGE('',*,*,#1473,.F.);
#1925=ORIENTED_EDGE('',*,*,#1352,.F.);
#1926=ORIENTED_EDGE('',*,*,#1273,.T.);
#1927=ORIENTED_EDGE('',*,*,#1472,.T.);
#1928=ORIENTED_EDGE('',*,*,#1474,.F.);
#1929=ORIENTED_EDGE('',*,*,#1475,.F.);
#1930=ORIENTED_EDGE('',*,*,#1256,.T.);
#1931=ORIENTED_EDGE('',*,*,#1223,.T.);
#1932=ORIENTED_EDGE('',*,*,#1476,.T.);
#1933=ORIENTED_EDGE('',*,*,#1477,.F.);
#1934=ORIENTED_EDGE('',*,*,#1257,.F.);
#1935=ORIENTED_EDGE('',*,*,#1475,.T.);
#1936=ORIENTED_EDGE('',*,*,#1478,.T.);
#1937=ORIENTED_EDGE('',*,*,#1221,.F.);
#1938=ORIENTED_EDGE('',*,*,#1258,.F.);
#1939=ORIENTED_EDGE('',*,*,#1477,.T.);
#1940=ORIENTED_EDGE('',*,*,#1479,.F.);
#1941=ORIENTED_EDGE('',*,*,#1480,.F.);
#1942=ORIENTED_EDGE('',*,*,#1268,.T.);
#1943=ORIENTED_EDGE('',*,*,#1207,.T.);
#1944=ORIENTED_EDGE('',*,*,#1481,.T.);
#1945=ORIENTED_EDGE('',*,*,#1482,.F.);
#1946=ORIENTED_EDGE('',*,*,#1269,.F.);
#1947=ORIENTED_EDGE('',*,*,#1480,.T.);
#1948=ORIENTED_EDGE('',*,*,#1301,.T.);
#1949=ORIENTED_EDGE('',*,*,#1483,.T.);
#1950=ORIENTED_EDGE('',*,*,#1484,.F.);
#1951=ORIENTED_EDGE('',*,*,#1485,.F.);
#1952=ORIENTED_EDGE('',*,*,#1486,.F.);
#1953=ORIENTED_EDGE('',*,*,#1299,.F.);
#1954=ORIENTED_EDGE('',*,*,#1487,.T.);
#1955=ORIENTED_EDGE('',*,*,#1488,.T.);
#1956=ORIENTED_EDGE('',*,*,#1489,.T.);
#1957=ORIENTED_EDGE('',*,*,#1490,.F.);
#1958=ORIENTED_EDGE('',*,*,#1281,.F.);
#1959=ORIENTED_EDGE('',*,*,#1434,.T.);
#1960=ORIENTED_EDGE('',*,*,#1491,.F.);
#1961=ORIENTED_EDGE('',*,*,#1492,.F.);
#1962=ORIENTED_EDGE('',*,*,#1340,.T.);
#1963=ORIENTED_EDGE('',*,*,#1203,.T.);
#1964=ORIENTED_EDGE('',*,*,#1493,.T.);
#1965=ORIENTED_EDGE('',*,*,#1494,.F.);
#1966=ORIENTED_EDGE('',*,*,#1341,.F.);
#1967=ORIENTED_EDGE('',*,*,#1492,.T.);
#1968=ORIENTED_EDGE('',*,*,#1495,.T.);
#1969=ORIENTED_EDGE('',*,*,#1445,.F.);
#1970=ORIENTED_EDGE('',*,*,#1285,.F.);
#1971=ORIENTED_EDGE('',*,*,#1438,.T.);
#1972=ORIENTED_EDGE('',*,*,#1276,.T.);
#1973=ORIENTED_EDGE('',*,*,#1444,.T.);
#1974=ORIENTED_EDGE('',*,*,#1496,.F.);
#1975=ORIENTED_EDGE('',*,*,#1497,.F.);
#1976=ORIENTED_EDGE('',*,*,#1498,.F.);
#1977=ORIENTED_EDGE('',*,*,#1358,.F.);
#1978=ORIENTED_EDGE('',*,*,#1310,.T.);
#1979=ORIENTED_EDGE('',*,*,#1362,.T.);
#1980=ORIENTED_EDGE('',*,*,#1499,.F.);
#1981=ORIENTED_EDGE('',*,*,#1368,.F.);
#1982=ORIENTED_EDGE('',*,*,#1314,.T.);
#1983=ORIENTED_EDGE('',*,*,#1372,.T.);
#1984=ORIENTED_EDGE('',*,*,#1500,.T.);
#1985=ORIENTED_EDGE('',*,*,#1379,.F.);
#1986=ORIENTED_EDGE('',*,*,#1318,.F.);
#1987=ORIENTED_EDGE('',*,*,#1383,.T.);
#1988=ORIENTED_EDGE('',*,*,#1501,.T.);
#1989=ORIENTED_EDGE('',*,*,#1386,.F.);
#1990=ORIENTED_EDGE('',*,*,#1322,.F.);
#1991=ORIENTED_EDGE('',*,*,#1390,.T.);
#1992=ORIENTED_EDGE('',*,*,#1502,.T.);
#1993=ORIENTED_EDGE('',*,*,#1393,.F.);
#1994=ORIENTED_EDGE('',*,*,#1326,.F.);
#1995=ORIENTED_EDGE('',*,*,#1397,.T.);
#1996=ORIENTED_EDGE('',*,*,#1503,.F.);
#1997=ORIENTED_EDGE('',*,*,#1405,.F.);
#1998=ORIENTED_EDGE('',*,*,#1330,.T.);
#1999=ORIENTED_EDGE('',*,*,#1409,.T.);
#2000=ORIENTED_EDGE('',*,*,#1504,.F.);
#2001=ORIENTED_EDGE('',*,*,#1399,.F.);
#2002=ORIENTED_EDGE('',*,*,#1294,.T.);
#2003=ORIENTED_EDGE('',*,*,#1411,.T.);
#2004=ORIENTED_EDGE('',*,*,#1505,.F.);
#2005=ORIENTED_EDGE('',*,*,#1414,.F.);
#2006=ORIENTED_EDGE('',*,*,#1334,.T.);
#2007=ORIENTED_EDGE('',*,*,#1418,.T.);
#2008=ORIENTED_EDGE('',*,*,#1506,.F.);
#2009=ORIENTED_EDGE('',*,*,#1422,.F.);
#2010=ORIENTED_EDGE('',*,*,#1338,.T.);
#2011=ORIENTED_EDGE('',*,*,#1426,.T.);
#2012=ORIENTED_EDGE('',*,*,#1507,.F.);
#2013=ORIENTED_EDGE('',*,*,#1431,.F.);
#2014=ORIENTED_EDGE('',*,*,#1282,.T.);
#2015=ORIENTED_EDGE('',*,*,#1490,.T.);
#2016=ORIENTED_EDGE('',*,*,#1440,.F.);
#2017=ORIENTED_EDGE('',*,*,#1277,.F.);
#2018=ORIENTED_EDGE('',*,*,#1497,.T.);
#2019=ORIENTED_EDGE('',*,*,#1508,.T.);
#2020=ORIENTED_EDGE('',*,*,#1509,.T.);
#2021=ORIENTED_EDGE('',*,*,#1449,.F.);
#2022=ORIENTED_EDGE('',*,*,#1251,.F.);
#2023=ORIENTED_EDGE('',*,*,#1453,.T.);
#2024=ORIENTED_EDGE('',*,*,#1510,.T.);
#2025=ORIENTED_EDGE('',*,*,#1225,.F.);
#2026=ORIENTED_EDGE('',*,*,#1255,.F.);
#2027=ORIENTED_EDGE('',*,*,#1457,.T.);
#2028=ORIENTED_EDGE('',*,*,#1511,.F.);
#2029=ORIENTED_EDGE('',*,*,#1460,.F.);
#2030=ORIENTED_EDGE('',*,*,#1262,.T.);
#2031=ORIENTED_EDGE('',*,*,#1215,.T.);
#2032=ORIENTED_EDGE('',*,*,#1512,.T.);
#2033=ORIENTED_EDGE('',*,*,#1209,.F.);
#2034=ORIENTED_EDGE('',*,*,#1267,.F.);
#2035=ORIENTED_EDGE('',*,*,#1470,.T.);
#2036=ORIENTED_EDGE('',*,*,#1513,.T.);
#2037=ORIENTED_EDGE('',*,*,#1514,.T.);
#2038=ORIENTED_EDGE('',*,*,#1244,.F.);
#2039=ORIENTED_EDGE('',*,*,#1514,.F.);
#2040=ORIENTED_EDGE('',*,*,#1515,.T.);
#2041=ORIENTED_EDGE('',*,*,#1205,.F.);
#2042=ORIENTED_EDGE('',*,*,#1270,.F.);
#2043=ORIENTED_EDGE('',*,*,#1482,.T.);
#2044=ORIENTED_EDGE('',*,*,#1302,.F.);
#2045=ORIENTED_EDGE('',*,*,#1485,.T.);
#2046=ORIENTED_EDGE('',*,*,#1516,.T.);
#2047=ORIENTED_EDGE('',*,*,#1487,.F.);
#2048=ORIENTED_EDGE('',*,*,#1517,.F.);
#2049=ORIENTED_EDGE('',*,*,#1483,.F.);
#2050=ORIENTED_EDGE('',*,*,#1300,.T.);
#2051=ORIENTED_EDGE('',*,*,#1486,.T.);
#2052=ORIENTED_EDGE('',*,*,#1518,.T.);
#2053=ORIENTED_EDGE('',*,*,#1201,.F.);
#2054=ORIENTED_EDGE('',*,*,#1339,.F.);
#2055=ORIENTED_EDGE('',*,*,#1494,.T.);
#2056=ORIENTED_EDGE('',*,*,#1513,.F.);
#2057=ORIENTED_EDGE('',*,*,#1210,.T.);
#2058=ORIENTED_EDGE('',*,*,#1512,.F.);
#2059=ORIENTED_EDGE('',*,*,#1469,.F.);
#2060=ORIENTED_EDGE('',*,*,#1467,.T.);
#2061=ORIENTED_EDGE('',*,*,#1462,.T.);
#2062=ORIENTED_EDGE('',*,*,#1218,.T.);
#2063=ORIENTED_EDGE('',*,*,#1466,.F.);
#2064=ORIENTED_EDGE('',*,*,#1464,.F.);
#2065=ORIENTED_EDGE('',*,*,#1458,.F.);
#2066=ORIENTED_EDGE('',*,*,#1511,.T.);
#2067=ORIENTED_EDGE('',*,*,#1214,.T.);
#2068=ORIENTED_EDGE('',*,*,#1461,.F.);
#2069=ORIENTED_EDGE('',*,*,#1226,.T.);
#2070=ORIENTED_EDGE('',*,*,#1510,.F.);
#2071=ORIENTED_EDGE('',*,*,#1456,.F.);
#2072=ORIENTED_EDGE('',*,*,#1454,.T.);
#2073=ORIENTED_EDGE('',*,*,#1447,.F.);
#2074=ORIENTED_EDGE('',*,*,#1509,.F.);
#2075=ORIENTED_EDGE('',*,*,#1452,.T.);
#2076=ORIENTED_EDGE('',*,*,#1450,.T.);
#2077=ORIENTED_EDGE('',*,*,#1428,.T.);
#2078=ORIENTED_EDGE('',*,*,#1364,.T.);
#2079=ORIENTED_EDGE('',*,*,#1373,.F.);
#2080=ORIENTED_EDGE('',*,*,#1429,.F.);
#2081=ORIENTED_EDGE('',*,*,#1420,.T.);
#2082=ORIENTED_EDGE('',*,*,#1506,.T.);
#2083=ORIENTED_EDGE('',*,*,#1425,.F.);
#2084=ORIENTED_EDGE('',*,*,#1423,.F.);
#2085=ORIENTED_EDGE('',*,*,#1412,.T.);
#2086=ORIENTED_EDGE('',*,*,#1505,.T.);
#2087=ORIENTED_EDGE('',*,*,#1417,.F.);
#2088=ORIENTED_EDGE('',*,*,#1415,.F.);
#2089=ORIENTED_EDGE('',*,*,#1403,.T.);
#2090=ORIENTED_EDGE('',*,*,#1503,.T.);
#2091=ORIENTED_EDGE('',*,*,#1408,.F.);
#2092=ORIENTED_EDGE('',*,*,#1406,.F.);
#2093=ORIENTED_EDGE('',*,*,#1391,.T.);
#2094=ORIENTED_EDGE('',*,*,#1502,.F.);
#2095=ORIENTED_EDGE('',*,*,#1396,.F.);
#2096=ORIENTED_EDGE('',*,*,#1394,.T.);
#2097=ORIENTED_EDGE('',*,*,#1384,.F.);
#2098=ORIENTED_EDGE('',*,*,#1501,.F.);
#2099=ORIENTED_EDGE('',*,*,#1389,.T.);
#2100=ORIENTED_EDGE('',*,*,#1387,.T.);
#2101=ORIENTED_EDGE('',*,*,#1377,.T.);
#2102=ORIENTED_EDGE('',*,*,#1500,.F.);
#2103=ORIENTED_EDGE('',*,*,#1382,.F.);
#2104=ORIENTED_EDGE('',*,*,#1380,.T.);
#2105=ORIENTED_EDGE('',*,*,#1366,.F.);
#2106=ORIENTED_EDGE('',*,*,#1499,.T.);
#2107=ORIENTED_EDGE('',*,*,#1371,.T.);
#2108=ORIENTED_EDGE('',*,*,#1369,.F.);
#2109=ORIENTED_EDGE('',*,*,#1356,.F.);
#2110=ORIENTED_EDGE('',*,*,#1498,.T.);
#2111=ORIENTED_EDGE('',*,*,#1361,.T.);
#2112=ORIENTED_EDGE('',*,*,#1359,.F.);
#2113=ORIENTED_EDGE('',*,*,#1519,.T.);
#2114=ORIENTED_EDGE('',*,*,#1520,.T.);
#2115=ORIENTED_EDGE('',*,*,#1521,.T.);
#2116=ORIENTED_EDGE('',*,*,#1522,.T.);
#2117=ORIENTED_EDGE('',*,*,#1471,.T.);
#2118=ORIENTED_EDGE('',*,*,#1354,.F.);
#2119=ORIENTED_EDGE('',*,*,#1353,.F.);
#2120=ORIENTED_EDGE('',*,*,#1473,.T.);
#2121=ORIENTED_EDGE('',*,*,#1348,.T.);
#2122=ORIENTED_EDGE('',*,*,#1419,.F.);
#2123=ORIENTED_EDGE('',*,*,#1376,.F.);
#2124=ORIENTED_EDGE('',*,*,#1349,.T.);
#2125=ORIENTED_EDGE('',*,*,#1446,.T.);
#2126=ORIENTED_EDGE('',*,*,#1495,.F.);
#2127=ORIENTED_EDGE('',*,*,#1439,.F.);
#2128=ORIENTED_EDGE('',*,*,#1437,.T.);
#2129=ORIENTED_EDGE('',*,*,#1432,.T.);
#2130=ORIENTED_EDGE('',*,*,#1507,.T.);
#2131=ORIENTED_EDGE('',*,*,#1489,.F.);
#2132=ORIENTED_EDGE('',*,*,#1433,.F.);
#2133=ORIENTED_EDGE('',*,*,#1484,.T.);
#2134=ORIENTED_EDGE('',*,*,#1517,.T.);
#2135=ORIENTED_EDGE('',*,*,#1488,.F.);
#2136=ORIENTED_EDGE('',*,*,#1516,.F.);
#2137=ORIENTED_EDGE('',*,*,#1410,.F.);
#2138=ORIENTED_EDGE('',*,*,#1402,.F.);
#2139=ORIENTED_EDGE('',*,*,#1400,.T.);
#2140=ORIENTED_EDGE('',*,*,#1504,.T.);
#2141=ORIENTED_EDGE('',*,*,#1523,.F.);
#2142=ORIENTED_EDGE('',*,*,#1235,.F.);
#2143=ORIENTED_EDGE('',*,*,#1524,.F.);
#2144=ORIENTED_EDGE('',*,*,#1237,.F.);
#2145=ORIENTED_EDGE('',*,*,#1525,.F.);
#2146=ORIENTED_EDGE('',*,*,#1243,.F.);
#2147=ORIENTED_EDGE('',*,*,#1526,.F.);
#2148=ORIENTED_EDGE('',*,*,#1229,.F.);
#2149=ORIENTED_EDGE('',*,*,#1527,.F.);
#2150=ORIENTED_EDGE('',*,*,#1528,.F.);
#2151=ORIENTED_EDGE('',*,*,#1529,.F.);
#2152=ORIENTED_EDGE('',*,*,#1530,.F.);
#2153=ORIENTED_EDGE('',*,*,#1496,.T.);
#2154=ORIENTED_EDGE('',*,*,#1443,.T.);
#2155=ORIENTED_EDGE('',*,*,#1441,.F.);
#2156=ORIENTED_EDGE('',*,*,#1508,.F.);
#2157=ORIENTED_EDGE('',*,*,#1202,.T.);
#2158=ORIENTED_EDGE('',*,*,#1518,.F.);
#2159=ORIENTED_EDGE('',*,*,#1493,.F.);
#2160=ORIENTED_EDGE('',*,*,#1491,.T.);
#2161=ORIENTED_EDGE('',*,*,#1206,.T.);
#2162=ORIENTED_EDGE('',*,*,#1515,.F.);
#2163=ORIENTED_EDGE('',*,*,#1481,.F.);
#2164=ORIENTED_EDGE('',*,*,#1479,.T.);
#2165=ORIENTED_EDGE('',*,*,#1474,.T.);
#2166=ORIENTED_EDGE('',*,*,#1222,.T.);
#2167=ORIENTED_EDGE('',*,*,#1478,.F.);
#2168=ORIENTED_EDGE('',*,*,#1476,.F.);
#2169=ORIENTED_EDGE('',*,*,#1345,.T.);
#2170=ORIENTED_EDGE('',*,*,#1531,.T.);
#2171=ORIENTED_EDGE('',*,*,#1530,.T.);
#2172=ORIENTED_EDGE('',*,*,#1531,.F.);
#2173=ORIENTED_EDGE('',*,*,#1344,.T.);
#2174=ORIENTED_EDGE('',*,*,#1532,.T.);
#2175=ORIENTED_EDGE('',*,*,#1529,.T.);
#2176=ORIENTED_EDGE('',*,*,#1532,.F.);
#2177=ORIENTED_EDGE('',*,*,#1343,.T.);
#2178=ORIENTED_EDGE('',*,*,#1533,.T.);
#2179=ORIENTED_EDGE('',*,*,#1528,.T.);
#2180=ORIENTED_EDGE('',*,*,#1533,.F.);
#2181=ORIENTED_EDGE('',*,*,#1342,.T.);
#2182=ORIENTED_EDGE('',*,*,#1534,.T.);
#2183=ORIENTED_EDGE('',*,*,#1527,.T.);
#2184=ORIENTED_EDGE('',*,*,#1534,.F.);
#2185=ORIENTED_EDGE('',*,*,#1526,.T.);
#2186=ORIENTED_EDGE('',*,*,#1242,.T.);
#2187=ORIENTED_EDGE('',*,*,#1304,.F.);
#2188=ORIENTED_EDGE('',*,*,#1230,.T.);
#2189=ORIENTED_EDGE('',*,*,#1524,.T.);
#2190=ORIENTED_EDGE('',*,*,#1234,.T.);
#2191=ORIENTED_EDGE('',*,*,#1306,.F.);
#2192=ORIENTED_EDGE('',*,*,#1238,.T.);
#2193=ORIENTED_EDGE('',*,*,#1236,.T.);
#2194=ORIENTED_EDGE('',*,*,#1305,.F.);
#2195=ORIENTED_EDGE('',*,*,#1240,.T.);
#2196=ORIENTED_EDGE('',*,*,#1525,.T.);
#2197=ORIENTED_EDGE('',*,*,#1523,.T.);
#2198=ORIENTED_EDGE('',*,*,#1228,.T.);
#2199=ORIENTED_EDGE('',*,*,#1303,.F.);
#2200=ORIENTED_EDGE('',*,*,#1232,.T.);
#2201=ORIENTED_EDGE('',*,*,#1522,.F.);
#2202=ORIENTED_EDGE('',*,*,#1535,.T.);
#2203=ORIENTED_EDGE('',*,*,#1248,.T.);
#2204=ORIENTED_EDGE('',*,*,#1535,.F.);
#2205=ORIENTED_EDGE('',*,*,#1521,.F.);
#2206=ORIENTED_EDGE('',*,*,#1536,.T.);
#2207=ORIENTED_EDGE('',*,*,#1247,.T.);
#2208=ORIENTED_EDGE('',*,*,#1536,.F.);
#2209=ORIENTED_EDGE('',*,*,#1520,.F.);
#2210=ORIENTED_EDGE('',*,*,#1537,.T.);
#2211=ORIENTED_EDGE('',*,*,#1246,.T.);
#2212=ORIENTED_EDGE('',*,*,#1537,.F.);
#2213=ORIENTED_EDGE('',*,*,#1519,.F.);
#2214=ORIENTED_EDGE('',*,*,#1538,.T.);
#2215=ORIENTED_EDGE('',*,*,#1245,.T.);
#2216=ORIENTED_EDGE('',*,*,#1538,.F.);
#2217=CYLINDRICAL_SURFACE('',#2533,110.);
#2218=CYLINDRICAL_SURFACE('',#2536,110.);
#2219=CYLINDRICAL_SURFACE('',#2539,110.);
#2220=CYLINDRICAL_SURFACE('',#2542,110.);
#2221=CYLINDRICAL_SURFACE('',#2545,110.);
#2222=CYLINDRICAL_SURFACE('',#2548,110.);
#2223=CYLINDRICAL_SURFACE('',#2551,110.);
#2224=CYLINDRICAL_SURFACE('',#2554,15.);
#2225=CYLINDRICAL_SURFACE('',#2557,15.);
#2226=CYLINDRICAL_SURFACE('',#2560,15.);
#2227=CYLINDRICAL_SURFACE('',#2563,15.);
#2228=CYLINDRICAL_SURFACE('',#2621,67.5);
#2229=CYLINDRICAL_SURFACE('',#2624,72.5);
#2230=CYLINDRICAL_SURFACE('',#2627,25.);
#2231=CYLINDRICAL_SURFACE('',#2630,37.5);
#2232=CYLINDRICAL_SURFACE('',#2632,67.5);
#2233=CYLINDRICAL_SURFACE('',#2634,25.);
#2234=CYLINDRICAL_SURFACE('',#2637,37.5);
#2235=CYLINDRICAL_SURFACE('',#2640,42.5);
#2236=CYLINDRICAL_SURFACE('',#2642,37.5);
#2237=CYLINDRICAL_SURFACE('',#2645,25.);
#2238=CYLINDRICAL_SURFACE('',#2648,37.5);
#2239=CYLINDRICAL_SURFACE('',#2651,37.5);
#2240=CYLINDRICAL_SURFACE('',#2654,25.);
#2241=CYLINDRICAL_SURFACE('',#2657,42.5);
#2242=CYLINDRICAL_SURFACE('',#2660,25.);
#2243=CYLINDRICAL_SURFACE('',#2665,25.);
#2244=CYLINDRICAL_SURFACE('',#2670,25.);
#2245=CYLINDRICAL_SURFACE('',#2674,42.5);
#2246=CYLINDRICAL_SURFACE('',#2677,42.5);
#2247=CYLINDRICAL_SURFACE('',#2680,72.5);
#2248=CYLINDRICAL_SURFACE('',#2683,97.5);
#2249=CYLINDRICAL_SURFACE('',#2685,97.5);
#2250=CYLINDRICAL_SURFACE('',#2688,110.);
#2251=CYLINDRICAL_SURFACE('',#2692,102.5);
#2252=CYLINDRICAL_SURFACE('',#2694,102.5);
#2253=CYLINDRICAL_SURFACE('',#2698,102.5);
#2254=CYLINDRICAL_SURFACE('',#2702,102.5);
#2255=CYLINDRICAL_SURFACE('',#2704,97.5);
#2256=CYLINDRICAL_SURFACE('',#2708,102.5);
#2257=CYLINDRICAL_SURFACE('',#2712,102.5);
#2258=CYLINDRICAL_SURFACE('',#2718,102.5);
#2259=CYLINDRICAL_SURFACE('',#2725,25.);
#2260=CYLINDRICAL_SURFACE('',#2728,37.5);
#2261=CYLINDRICAL_SURFACE('',#2730,67.5);
#2262=CYLINDRICAL_SURFACE('',#2732,37.5);
#2263=CYLINDRICAL_SURFACE('',#2734,37.5);
#2264=CYLINDRICAL_SURFACE('',#2736,67.5);
#2265=CYLINDRICAL_SURFACE('',#2738,72.5);
#2266=CYLINDRICAL_SURFACE('',#2740,102.5);
#2267=CYLINDRICAL_SURFACE('',#2745,120.);
#2268=CYLINDRICAL_SURFACE('',#2748,72.5);
#2269=CYLINDRICAL_SURFACE('',#2750,97.5);
#2270=CYLINDRICAL_SURFACE('',#2766,1.5);
#2271=CYLINDRICAL_SURFACE('',#2767,1.5);
#2272=CYLINDRICAL_SURFACE('',#2768,1.5);
#2273=CYLINDRICAL_SURFACE('',#2769,1.5);
#2274=CYLINDRICAL_SURFACE('',#2770,1.75);
#2275=CYLINDRICAL_SURFACE('',#2771,1.75);
#2276=CYLINDRICAL_SURFACE('',#2772,1.75);
#2277=CYLINDRICAL_SURFACE('',#2773,1.75);
#2278=CYLINDRICAL_SURFACE('',#2774,1.5);
#2279=CYLINDRICAL_SURFACE('',#2775,1.5);
#2280=CYLINDRICAL_SURFACE('',#2776,1.5);
#2281=CYLINDRICAL_SURFACE('',#2777,1.5);
#2282=STYLED_ITEM('',(#4180),#2398);
#2283=STYLED_ITEM('',(#4180),#2399);
#2284=STYLED_ITEM('',(#4180),#2400);
#2285=STYLED_ITEM('',(#4180),#2401);
#2286=STYLED_ITEM('',(#4180),#2402);
#2287=STYLED_ITEM('',(#4180),#2403);
#2288=STYLED_ITEM('',(#4180),#2404);
#2289=STYLED_ITEM('',(#4180),#2405);
#2290=STYLED_ITEM('',(#4180),#2406);
#2291=STYLED_ITEM('',(#4180),#2407);
#2292=STYLED_ITEM('',(#4180),#2408);
#2293=STYLED_ITEM('',(#4180),#2409);
#2294=STYLED_ITEM('',(#4180),#2410);
#2295=STYLED_ITEM('',(#4180),#2411);
#2296=STYLED_ITEM('',(#4180),#2412);
#2297=STYLED_ITEM('',(#4180),#2413);
#2298=STYLED_ITEM('',(#4180),#2414);
#2299=STYLED_ITEM('',(#4180),#2415);
#2300=STYLED_ITEM('',(#4180),#2416);
#2301=STYLED_ITEM('',(#4180),#2417);
#2302=STYLED_ITEM('',(#4180),#2418);
#2303=STYLED_ITEM('',(#4180),#2419);
#2304=STYLED_ITEM('',(#4180),#2420);
#2305=STYLED_ITEM('',(#4180),#2421);
#2306=STYLED_ITEM('',(#4180),#2422);
#2307=STYLED_ITEM('',(#4180),#2423);
#2308=STYLED_ITEM('',(#4180),#2424);
#2309=STYLED_ITEM('',(#4180),#2425);
#2310=STYLED_ITEM('',(#4180),#2426);
#2311=STYLED_ITEM('',(#4180),#2427);
#2312=STYLED_ITEM('',(#4180),#2428);
#2313=STYLED_ITEM('',(#4180),#2429);
#2314=STYLED_ITEM('',(#4180),#2430);
#2315=STYLED_ITEM('',(#4180),#2431);
#2316=STYLED_ITEM('',(#4180),#2432);
#2317=STYLED_ITEM('',(#4180),#2433);
#2318=STYLED_ITEM('',(#4180),#2434);
#2319=STYLED_ITEM('',(#4180),#2435);
#2320=STYLED_ITEM('',(#4180),#2436);
#2321=STYLED_ITEM('',(#4180),#2437);
#2322=STYLED_ITEM('',(#4180),#2438);
#2323=STYLED_ITEM('',(#4180),#2439);
#2324=STYLED_ITEM('',(#4180),#2440);
#2325=STYLED_ITEM('',(#4180),#2441);
#2326=STYLED_ITEM('',(#4180),#2442);
#2327=STYLED_ITEM('',(#4180),#2443);
#2328=STYLED_ITEM('',(#4180),#2444);
#2329=STYLED_ITEM('',(#4180),#2445);
#2330=STYLED_ITEM('',(#4180),#2446);
#2331=STYLED_ITEM('',(#4180),#2447);
#2332=STYLED_ITEM('',(#4180),#2448);
#2333=STYLED_ITEM('',(#4180),#2449);
#2334=STYLED_ITEM('',(#4180),#2450);
#2335=STYLED_ITEM('',(#4180),#2451);
#2336=STYLED_ITEM('',(#4180),#2452);
#2337=STYLED_ITEM('',(#4180),#2453);
#2338=STYLED_ITEM('',(#4180),#2454);
#2339=STYLED_ITEM('',(#4180),#2455);
#2340=STYLED_ITEM('',(#4180),#2456);
#2341=STYLED_ITEM('',(#4180),#2457);
#2342=STYLED_ITEM('',(#4180),#2458);
#2343=STYLED_ITEM('',(#4180),#2459);
#2344=STYLED_ITEM('',(#4180),#2460);
#2345=STYLED_ITEM('',(#4180),#2461);
#2346=STYLED_ITEM('',(#4180),#2462);
#2347=STYLED_ITEM('',(#4180),#2463);
#2348=STYLED_ITEM('',(#4180),#2464);
#2349=STYLED_ITEM('',(#4180),#2465);
#2350=STYLED_ITEM('',(#4180),#2466);
#2351=STYLED_ITEM('',(#4180),#2467);
#2352=STYLED_ITEM('',(#4180),#2468);
#2353=STYLED_ITEM('',(#4180),#2469);
#2354=STYLED_ITEM('',(#4180),#2470);
#2355=STYLED_ITEM('',(#4180),#2471);
#2356=STYLED_ITEM('',(#4180),#2472);
#2357=STYLED_ITEM('',(#4180),#2473);
#2358=STYLED_ITEM('',(#4180),#2474);
#2359=STYLED_ITEM('',(#4180),#2475);
#2360=STYLED_ITEM('',(#4180),#2476);
#2361=STYLED_ITEM('',(#4180),#2477);
#2362=STYLED_ITEM('',(#4180),#2478);
#2363=STYLED_ITEM('',(#4180),#2479);
#2364=STYLED_ITEM('',(#4180),#2480);
#2365=STYLED_ITEM('',(#4180),#2481);
#2366=STYLED_ITEM('',(#4180),#2482);
#2367=STYLED_ITEM('',(#4180),#2483);
#2368=STYLED_ITEM('',(#4180),#2484);
#2369=STYLED_ITEM('',(#4180),#2485);
#2370=STYLED_ITEM('',(#4180),#2486);
#2371=STYLED_ITEM('',(#4180),#2487);
#2372=STYLED_ITEM('',(#4180),#2488);
#2373=STYLED_ITEM('',(#4180),#2489);
#2374=STYLED_ITEM('',(#4180),#2490);
#2375=STYLED_ITEM('',(#4180),#2491);
#2376=STYLED_ITEM('',(#4180),#2492);
#2377=STYLED_ITEM('',(#4180),#2493);
#2378=STYLED_ITEM('',(#4180),#2494);
#2379=STYLED_ITEM('',(#4180),#2495);
#2380=STYLED_ITEM('',(#4180),#2496);
#2381=STYLED_ITEM('',(#4180),#2497);
#2382=STYLED_ITEM('',(#4180),#2498);
#2383=STYLED_ITEM('',(#4180),#2499);
#2384=STYLED_ITEM('',(#4180),#2500);
#2385=STYLED_ITEM('',(#4180),#2501);
#2386=STYLED_ITEM('',(#4180),#2502);
#2387=STYLED_ITEM('',(#4180),#2503);
#2388=STYLED_ITEM('',(#4180),#2504);
#2389=STYLED_ITEM('',(#4180),#2505);
#2390=STYLED_ITEM('',(#4180),#2506);
#2391=STYLED_ITEM('',(#4180),#2507);
#2392=STYLED_ITEM('',(#4180),#2508);
#2393=STYLED_ITEM('',(#4180),#2509);
#2394=STYLED_ITEM('',(#4180),#2510);
#2395=STYLED_ITEM('',(#4180),#2511);
#2396=STYLED_ITEM('',(#4180),#2512);
#2397=STYLED_ITEM('',(#4179),#13);
#2398=ADVANCED_FACE('',(#130),#2217,.F.);
#2399=ADVANCED_FACE('',(#131),#2218,.F.);
#2400=ADVANCED_FACE('',(#132),#2219,.F.);
#2401=ADVANCED_FACE('',(#133),#2220,.F.);
#2402=ADVANCED_FACE('',(#134),#2221,.F.);
#2403=ADVANCED_FACE('',(#135),#2222,.F.);
#2404=ADVANCED_FACE('',(#136),#2223,.F.);
#2405=ADVANCED_FACE('',(#137),#2224,.F.);
#2406=ADVANCED_FACE('',(#138),#2225,.F.);
#2407=ADVANCED_FACE('',(#139),#2226,.F.);
#2408=ADVANCED_FACE('',(#140),#2227,.F.);
#2409=ADVANCED_FACE('',(#141,#14,#15,#16,#17,#18,#19,#20,#21,#22,#23,#24,
#25,#26,#27,#28,#29,#30,#31,#32,#33,#34,#35,#36,#37,#38,#39,#40,#41,#42,
#43,#44,#45,#46),#80,.T.);
#2410=ADVANCED_FACE('',(#142),#2228,.F.);
#2411=ADVANCED_FACE('',(#143),#81,.T.);
#2412=ADVANCED_FACE('',(#144),#2229,.T.);
#2413=ADVANCED_FACE('',(#145),#82,.F.);
#2414=ADVANCED_FACE('',(#146),#2230,.T.);
#2415=ADVANCED_FACE('',(#147),#83,.F.);
#2416=ADVANCED_FACE('',(#148),#2231,.F.);
#2417=ADVANCED_FACE('',(#149),#2232,.F.);
#2418=ADVANCED_FACE('',(#150),#2233,.T.);
#2419=ADVANCED_FACE('',(#151),#84,.F.);
#2420=ADVANCED_FACE('',(#152),#2234,.F.);
#2421=ADVANCED_FACE('',(#153),#85,.F.);
#2422=ADVANCED_FACE('',(#154),#2235,.T.);
#2423=ADVANCED_FACE('',(#155),#2236,.F.);
#2424=ADVANCED_FACE('',(#156),#86,.T.);
#2425=ADVANCED_FACE('',(#157),#2237,.T.);
#2426=ADVANCED_FACE('',(#158),#87,.F.);
#2427=ADVANCED_FACE('',(#159),#2238,.F.);
#2428=ADVANCED_FACE('',(#160),#88,.T.);
#2429=ADVANCED_FACE('',(#161),#2239,.F.);
#2430=ADVANCED_FACE('',(#162),#89,.T.);
#2431=ADVANCED_FACE('',(#163),#2240,.T.);
#2432=ADVANCED_FACE('',(#164),#90,.T.);
#2433=ADVANCED_FACE('',(#165),#2241,.T.);
#2434=ADVANCED_FACE('',(#166),#91,.T.);
#2435=ADVANCED_FACE('',(#167),#2242,.T.);
#2436=ADVANCED_FACE('',(#168),#92,.F.);
#2437=ADVANCED_FACE('',(#169),#93,.F.);
#2438=ADVANCED_FACE('',(#170),#94,.T.);
#2439=ADVANCED_FACE('',(#171),#2243,.T.);
#2440=ADVANCED_FACE('',(#172),#95,.F.);
#2441=ADVANCED_FACE('',(#173),#96,.F.);
#2442=ADVANCED_FACE('',(#174),#97,.T.);
#2443=ADVANCED_FACE('',(#175),#2244,.T.);
#2444=ADVANCED_FACE('',(#176),#98,.F.);
#2445=ADVANCED_FACE('',(#177),#99,.T.);
#2446=ADVANCED_FACE('',(#178),#2245,.T.);
#2447=ADVANCED_FACE('',(#179),#100,.T.);
#2448=ADVANCED_FACE('',(#180),#2246,.T.);
#2449=ADVANCED_FACE('',(#181),#101,.T.);
#2450=ADVANCED_FACE('',(#182),#2247,.T.);
#2451=ADVANCED_FACE('',(#183),#102,.F.);
#2452=ADVANCED_FACE('',(#184),#2248,.F.);
#2453=ADVANCED_FACE('',(#185),#2249,.F.);
#2454=ADVANCED_FACE('',(#186),#103,.F.);
#2455=ADVANCED_FACE('',(#187),#2250,.F.);
#2456=ADVANCED_FACE('',(#188),#104,.T.);
#2457=ADVANCED_FACE('',(#189),#105,.T.);
#2458=ADVANCED_FACE('',(#190),#2251,.T.);
#2459=ADVANCED_FACE('',(#191),#2252,.T.);
#2460=ADVANCED_FACE('',(#192),#106,.F.);
#2461=ADVANCED_FACE('',(#193),#107,.T.);
#2462=ADVANCED_FACE('',(#194),#2253,.T.);
#2463=ADVANCED_FACE('',(#195),#108,.F.);
#2464=ADVANCED_FACE('',(#196),#109,.T.);
#2465=ADVANCED_FACE('',(#197),#2254,.T.);
#2466=ADVANCED_FACE('',(#198),#2255,.F.);
#2467=ADVANCED_FACE('',(#199),#110,.T.);
#2468=ADVANCED_FACE('',(#200),#111,.T.);
#2469=ADVANCED_FACE('',(#201),#2256,.T.);
#2470=ADVANCED_FACE('',(#202),#112,.F.);
#2471=ADVANCED_FACE('',(#203),#113,.T.);
#2472=ADVANCED_FACE('',(#204),#2257,.T.);
#2473=ADVANCED_FACE('',(#205),#114,.T.);
#2474=ADVANCED_FACE('',(#206),#115,.F.);
#2475=ADVANCED_FACE('',(#207),#116,.F.);
#2476=ADVANCED_FACE('',(#208),#117,.T.);
#2477=ADVANCED_FACE('',(#209),#2258,.T.);
#2478=ADVANCED_FACE('',(#210),#118,.F.);
#2479=ADVANCED_FACE('',(#211),#119,.T.);
#2480=ADVANCED_FACE('',(#212),#120,.T.);
#2481=ADVANCED_FACE('',(#213),#121,.T.);
#2482=ADVANCED_FACE('',(#214),#122,.F.);
#2483=ADVANCED_FACE('',(#215),#2259,.T.);
#2484=ADVANCED_FACE('',(#216),#123,.F.);
#2485=ADVANCED_FACE('',(#217),#2260,.F.);
#2486=ADVANCED_FACE('',(#218),#2261,.F.);
#2487=ADVANCED_FACE('',(#219),#2262,.F.);
#2488=ADVANCED_FACE('',(#220),#2263,.F.);
#2489=ADVANCED_FACE('',(#221),#2264,.F.);
#2490=ADVANCED_FACE('',(#222),#2265,.T.);
#2491=ADVANCED_FACE('',(#223),#2266,.T.);
#2492=ADVANCED_FACE('',(#224),#124,.F.);
#2493=ADVANCED_FACE('',(#225),#125,.T.);
#2494=ADVANCED_FACE('',(#226),#126,.F.);
#2495=ADVANCED_FACE('',(#227),#2267,.T.);
#2496=ADVANCED_FACE('',(#228),#127,.F.);
#2497=ADVANCED_FACE('',(#229),#2268,.T.);
#2498=ADVANCED_FACE('',(#230),#2269,.F.);
#2499=ADVANCED_FACE('',(#231),#128,.F.);
#2500=ADVANCED_FACE('',(#232,#47,#48,#49,#50,#51,#52,#53,#54,#55,#56,#57,
#58,#59,#60,#61,#62,#63,#64,#65,#66,#67,#68,#69,#70,#71,#72,#73,#74,#75,
#76,#77,#78,#79),#129,.F.);
#2501=ADVANCED_FACE('',(#233),#2270,.F.);
#2502=ADVANCED_FACE('',(#234),#2271,.F.);
#2503=ADVANCED_FACE('',(#235),#2272,.F.);
#2504=ADVANCED_FACE('',(#236),#2273,.F.);
#2505=ADVANCED_FACE('',(#237),#2274,.F.);
#2506=ADVANCED_FACE('',(#238),#2275,.F.);
#2507=ADVANCED_FACE('',(#239),#2276,.F.);
#2508=ADVANCED_FACE('',(#240),#2277,.F.);
#2509=ADVANCED_FACE('',(#241),#2278,.F.);
#2510=ADVANCED_FACE('',(#242),#2279,.F.);
#2511=ADVANCED_FACE('',(#243),#2280,.F.);
#2512=ADVANCED_FACE('',(#244),#2281,.F.);
#2513=CLOSED_SHELL('',(#2398,#2399,#2400,#2401,#2402,#2403,#2404,#2405,
#2406,#2407,#2408,#2409,#2410,#2411,#2412,#2413,#2414,#2415,#2416,#2417,
#2418,#2419,#2420,#2421,#2422,#2423,#2424,#2425,#2426,#2427,#2428,#2429,
#2430,#2431,#2432,#2433,#2434,#2435,#2436,#2437,#2438,#2439,#2440,#2441,
#2442,#2443,#2444,#2445,#2446,#2447,#2448,#2449,#2450,#2451,#2452,#2453,
#2454,#2455,#2456,#2457,#2458,#2459,#2460,#2461,#2462,#2463,#2464,#2465,
#2466,#2467,#2468,#2469,#2470,#2471,#2472,#2473,#2474,#2475,#2476,#2477,
#2478,#2479,#2480,#2481,#2482,#2483,#2484,#2485,#2486,#2487,#2488,#2489,
#2490,#2491,#2492,#2493,#2494,#2495,#2496,#2497,#2498,#2499,#2500,#2501,
#2502,#2503,#2504,#2505,#2506,#2507,#2508,#2509,#2510,#2511,#2512));
#2514=DERIVED_UNIT_ELEMENT(#2516,1.);
#2515=DERIVED_UNIT_ELEMENT(#4165,3.);
#2516=(
MASS_UNIT()
NAMED_UNIT(*)
SI_UNIT($,.GRAM.)
);
#2517=DERIVED_UNIT((#2514,#2515));
#2518=MEASURE_REPRESENTATION_ITEM('density measure',
POSITIVE_RATIO_MEASURE(1.188),#2517);
#2519=PROPERTY_DEFINITION_REPRESENTATION(#2524,#2521);
#2520=PROPERTY_DEFINITION_REPRESENTATION(#2525,#2522);
#2521=REPRESENTATION('material name',(#2523),#4162);
#2522=REPRESENTATION('density',(#2518),#4162);
#2523=DESCRIPTIVE_REPRESENTATION_ITEM('PMMA Plastic','PMMA Plastic');
#2524=PROPERTY_DEFINITION('material property','material name',#4172);
#2525=PROPERTY_DEFINITION('material property','density of part',#4172);
#2526=DATE_TIME_ROLE('creation_date');
#2527=APPLIED_DATE_AND_TIME_ASSIGNMENT(#2528,#2526,(#4172));
#2528=DATE_AND_TIME(#2529,#2530);
#2529=CALENDAR_DATE(2023,20,10);
#2530=LOCAL_TIME(0,0,0.,#2531);
#2531=COORDINATED_UNIVERSAL_TIME_OFFSET(0,0,.BEHIND.);
#2532=AXIS2_PLACEMENT_3D('placement',#3479,#2778,#2779);
#2533=AXIS2_PLACEMENT_3D('',#3480,#2780,#2781);
#2534=AXIS2_PLACEMENT_3D('',#3483,#2782,#2783);
#2535=AXIS2_PLACEMENT_3D('',#3487,#2785,#2786);
#2536=AXIS2_PLACEMENT_3D('',#3489,#2788,#2789);
#2537=AXIS2_PLACEMENT_3D('',#3492,#2790,#2791);
#2538=AXIS2_PLACEMENT_3D('',#3496,#2793,#2794);
#2539=AXIS2_PLACEMENT_3D('',#3498,#2796,#2797);
#2540=AXIS2_PLACEMENT_3D('',#3501,#2798,#2799);
#2541=AXIS2_PLACEMENT_3D('',#3505,#2801,#2802);
#2542=AXIS2_PLACEMENT_3D('',#3507,#2804,#2805);
#2543=AXIS2_PLACEMENT_3D('',#3510,#2806,#2807);
#2544=AXIS2_PLACEMENT_3D('',#3514,#2809,#2810);
#2545=AXIS2_PLACEMENT_3D('',#3516,#2812,#2813);
#2546=AXIS2_PLACEMENT_3D('',#3519,#2814,#2815);
#2547=AXIS2_PLACEMENT_3D('',#3523,#2817,#2818);
#2548=AXIS2_PLACEMENT_3D('',#3525,#2820,#2821);
#2549=AXIS2_PLACEMENT_3D('',#3528,#2822,#2823);
#2550=AXIS2_PLACEMENT_3D('',#3532,#2825,#2826);
#2551=AXIS2_PLACEMENT_3D('',#3534,#2828,#2829);
#2552=AXIS2_PLACEMENT_3D('',#3537,#2830,#2831);
#2553=AXIS2_PLACEMENT_3D('',#3541,#2833,#2834);
#2554=AXIS2_PLACEMENT_3D('',#3543,#2836,#2837);
#2555=AXIS2_PLACEMENT_3D('',#3548,#2839,#2840);
#2556=AXIS2_PLACEMENT_3D('',#3551,#2842,#2843);
#2557=AXIS2_PLACEMENT_3D('',#3552,#2844,#2845);
#2558=AXIS2_PLACEMENT_3D('',#3557,#2847,#2848);
#2559=AXIS2_PLACEMENT_3D('',#3560,#2850,#2851);
#2560=AXIS2_PLACEMENT_3D('',#3561,#2852,#2853);
#2561=AXIS2_PLACEMENT_3D('',#3566,#2855,#2856);
#2562=AXIS2_PLACEMENT_3D('',#3569,#2858,#2859);
#2563=AXIS2_PLACEMENT_3D('',#3570,#2860,#2861);
#2564=AXIS2_PLACEMENT_3D('',#3575,#2863,#2864);
#2565=AXIS2_PLACEMENT_3D('',#3578,#2866,#2867);
#2566=AXIS2_PLACEMENT_3D('',#3579,#2868,#2869);
#2567=AXIS2_PLACEMENT_3D('',#3581,#2870,#2871);
#2568=AXIS2_PLACEMENT_3D('',#3583,#2872,#2873);
#2569=AXIS2_PLACEMENT_3D('',#3585,#2874,#2875);
#2570=AXIS2_PLACEMENT_3D('',#3587,#2876,#2877);
#2571=AXIS2_PLACEMENT_3D('',#3589,#2878,#2879);
#2572=AXIS2_PLACEMENT_3D('',#3592,#2880,#2881);
#2573=AXIS2_PLACEMENT_3D('',#3596,#2883,#2884);
#2574=AXIS2_PLACEMENT_3D('',#3601,#2887,#2888);
#2575=AXIS2_PLACEMENT_3D('',#3606,#2891,#2892);
#2576=AXIS2_PLACEMENT_3D('',#3611,#2895,#2896);
#2577=AXIS2_PLACEMENT_3D('',#3616,#2899,#2900);
#2578=AXIS2_PLACEMENT_3D('',#3621,#2903,#2904);
#2579=AXIS2_PLACEMENT_3D('',#3626,#2907,#2908);
#2580=AXIS2_PLACEMENT_3D('',#3632,#2911,#2912);
#2581=AXIS2_PLACEMENT_3D('',#3635,#2914,#2915);
#2582=AXIS2_PLACEMENT_3D('',#3638,#2916,#2917);
#2583=AXIS2_PLACEMENT_3D('',#3642,#2919,#2920);
#2584=AXIS2_PLACEMENT_3D('',#3648,#2923,#2924);
#2585=AXIS2_PLACEMENT_3D('',#3651,#2926,#2927);
#2586=AXIS2_PLACEMENT_3D('',#3656,#2929,#2930);
#2587=AXIS2_PLACEMENT_3D('',#3659,#2932,#2933);
#2588=AXIS2_PLACEMENT_3D('',#3662,#2934,#2935);
#2589=AXIS2_PLACEMENT_3D('',#3666,#2937,#2938);
#2590=AXIS2_PLACEMENT_3D('',#3672,#2941,#2942);
#2591=AXIS2_PLACEMENT_3D('',#3675,#2944,#2945);
#2592=AXIS2_PLACEMENT_3D('',#3680,#2947,#2948);
#2593=AXIS2_PLACEMENT_3D('',#3683,#2950,#2951);
#2594=AXIS2_PLACEMENT_3D('',#3688,#2953,#2954);
#2595=AXIS2_PLACEMENT_3D('',#3691,#2956,#2957);
#2596=AXIS2_PLACEMENT_3D('',#3692,#2958,#2959);
#2597=AXIS2_PLACEMENT_3D('',#3693,#2960,#2961);
#2598=AXIS2_PLACEMENT_3D('',#3694,#2962,#2963);
#2599=AXIS2_PLACEMENT_3D('',#3695,#2964,#2965);
#2600=AXIS2_PLACEMENT_3D('',#3698,#2966,#2967);
#2601=AXIS2_PLACEMENT_3D('',#3702,#2969,#2970);
#2602=AXIS2_PLACEMENT_3D('',#3706,#2972,#2973);
#2603=AXIS2_PLACEMENT_3D('',#3710,#2975,#2976);
#2604=AXIS2_PLACEMENT_3D('',#3714,#2978,#2979);
#2605=AXIS2_PLACEMENT_3D('',#3718,#2981,#2982);
#2606=AXIS2_PLACEMENT_3D('',#3724,#2985,#2986);
#2607=AXIS2_PLACEMENT_3D('',#3727,#2988,#2989);
#2608=AXIS2_PLACEMENT_3D('',#3730,#2990,#2991);
#2609=AXIS2_PLACEMENT_3D('',#3734,#2993,#2994);
#2610=AXIS2_PLACEMENT_3D('',#3740,#2997,#2998);
#2611=AXIS2_PLACEMENT_3D('',#3743,#3000,#3001);
#2612=AXIS2_PLACEMENT_3D('',#3748,#3003,#3004);
#2613=AXIS2_PLACEMENT_3D('',#3751,#3006,#3007);
#2614=AXIS2_PLACEMENT_3D('',#3756,#3009,#3010);
#2615=AXIS2_PLACEMENT_3D('',#3759,#3012,#3013);
#2616=AXIS2_PLACEMENT_3D('',#3764,#3016,#3017);
#2617=AXIS2_PLACEMENT_3D('',#3766,#3018,#3019);
#2618=AXIS2_PLACEMENT_3D('',#3768,#3020,#3021);
#2619=AXIS2_PLACEMENT_3D('',#3770,#3022,#3023);
#2620=AXIS2_PLACEMENT_3D('',#3772,#3024,#3025);
#2621=AXIS2_PLACEMENT_3D('',#3773,#3026,#3027);
#2622=AXIS2_PLACEMENT_3D('',#3778,#3030,#3031);
#2623=AXIS2_PLACEMENT_3D('',#3779,#3032,#3033);
#2624=AXIS2_PLACEMENT_3D('',#3783,#3036,#3037);
#2625=AXIS2_PLACEMENT_3D('',#3788,#3040,#3041);
#2626=AXIS2_PLACEMENT_3D('',#3789,#3042,#3043);
#2627=AXIS2_PLACEMENT_3D('',#3793,#3046,#3047);
#2628=AXIS2_PLACEMENT_3D('',#3796,#3048,#3049);
#2629=AXIS2_PLACEMENT_3D('',#3799,#3052,#3053);
#2630=AXIS2_PLACEMENT_3D('',#3803,#3056,#3057);
#2631=AXIS2_PLACEMENT_3D('',#3805,#3058,#3059);
#2632=AXIS2_PLACEMENT_3D('',#3807,#3061,#3062);
#2633=AXIS2_PLACEMENT_3D('',#3811,#3064,#3065);
#2634=AXIS2_PLACEMENT_3D('',#3813,#3067,#3068);
#2635=AXIS2_PLACEMENT_3D('',#3816,#3069,#3070);
#2636=AXIS2_PLACEMENT_3D('',#3819,#3073,#3074);
#2637=AXIS2_PLACEMENT_3D('',#3823,#3077,#3078);
#2638=AXIS2_PLACEMENT_3D('',#3825,#3079,#3080);
#2639=AXIS2_PLACEMENT_3D('',#3827,#3082,#3083);
#2640=AXIS2_PLACEMENT_3D('',#3831,#3086,#3087);
#2641=AXIS2_PLACEMENT_3D('',#3834,#3089,#3090);
#2642=AXIS2_PLACEMENT_3D('',#3835,#3091,#3092);
#2643=AXIS2_PLACEMENT_3D('',#3838,#3093,#3094);
#2644=AXIS2_PLACEMENT_3D('',#3841,#3097,#3098);
#2645=AXIS2_PLACEMENT_3D('',#3845,#3101,#3102);
#2646=AXIS2_PLACEMENT_3D('',#3847,#3103,#3104);
#2647=AXIS2_PLACEMENT_3D('',#3849,#3106,#3107);
#2648=AXIS2_PLACEMENT_3D('',#3855,#3111,#3112);
#2649=AXIS2_PLACEMENT_3D('',#3857,#3113,#3114);
#2650=AXIS2_PLACEMENT_3D('',#3859,#3116,#3117);
#2651=AXIS2_PLACEMENT_3D('',#3863,#3120,#3121);
#2652=AXIS2_PLACEMENT_3D('',#3866,#3122,#3123);
#2653=AXIS2_PLACEMENT_3D('',#3869,#3126,#3127);
#2654=AXIS2_PLACEMENT_3D('',#3873,#3130,#3131);
#2655=AXIS2_PLACEMENT_3D('',#3875,#3132,#3133);
#2656=AXIS2_PLACEMENT_3D('',#3877,#3135,#3136);
#2657=AXIS2_PLACEMENT_3D('',#3883,#3140,#3141);
#2658=AXIS2_PLACEMENT_3D('',#3886,#3143,#3144);
#2659=AXIS2_PLACEMENT_3D('',#3887,#3145,#3146);
#2660=AXIS2_PLACEMENT_3D('',#3893,#3150,#3151);
#2661=AXIS2_PLACEMENT_3D('',#3895,#3152,#3153);
#2662=AXIS2_PLACEMENT_3D('',#3897,#3155,#3156);
#2663=AXIS2_PLACEMENT_3D('',#3901,#3159,#3160);
#2664=AXIS2_PLACEMENT_3D('',#3905,#3163,#3164);
#2665=AXIS2_PLACEMENT_3D('',#3911,#3168,#3169);
#2666=AXIS2_PLACEMENT_3D('',#3913,#3170,#3171);
#2667=AXIS2_PLACEMENT_3D('',#3915,#3173,#3174);
#2668=AXIS2_PLACEMENT_3D('',#3919,#3177,#3178);
#2669=AXIS2_PLACEMENT_3D('',#3921,#3180,#3181);
#2670=AXIS2_PLACEMENT_3D('',#3927,#3185,#3186);
#2671=AXIS2_PLACEMENT_3D('',#3929,#3187,#3188);
#2672=AXIS2_PLACEMENT_3D('',#3931,#3190,#3191);
#2673=AXIS2_PLACEMENT_3D('',#3935,#3194,#3195);
#2674=AXIS2_PLACEMENT_3D('',#3939,#3198,#3199);
#2675=AXIS2_PLACEMENT_3D('',#3940,#3200,#3201);
#2676=AXIS2_PLACEMENT_3D('',#3941,#3202,#3203);
#2677=AXIS2_PLACEMENT_3D('',#3947,#3207,#3208);
#2678=AXIS2_PLACEMENT_3D('',#3949,#3209,#3210);
#2679=AXIS2_PLACEMENT_3D('',#3951,#3212,#3213);
#2680=AXIS2_PLACEMENT_3D('',#3957,#3217,#3218);
#2681=AXIS2_PLACEMENT_3D('',#3960,#3220,#3221);
#2682=AXIS2_PLACEMENT_3D('',#3961,#3222,#3223);
#2683=AXIS2_PLACEMENT_3D('',#3967,#3227,#3228);
#2684=AXIS2_PLACEMENT_3D('',#3969,#3229,#3230);
#2685=AXIS2_PLACEMENT_3D('',#3971,#3232,#3233);
#2686=AXIS2_PLACEMENT_3D('',#3974,#3235,#3236);
#2687=AXIS2_PLACEMENT_3D('',#3975,#3237,#3238);
#2688=AXIS2_PLACEMENT_3D('',#3981,#3242,#3243);
#2689=AXIS2_PLACEMENT_3D('',#3983,#3244,#3245);
#2690=AXIS2_PLACEMENT_3D('',#3985,#3247,#3248);
#2691=AXIS2_PLACEMENT_3D('',#3989,#3251,#3252);
#2692=AXIS2_PLACEMENT_3D('',#3993,#3255,#3256);
#2693=AXIS2_PLACEMENT_3D('',#3995,#3257,#3258);
#2694=AXIS2_PLACEMENT_3D('',#3997,#3260,#3261);
#2695=AXIS2_PLACEMENT_3D('',#4000,#3262,#3263);
#2696=AXIS2_PLACEMENT_3D('',#4003,#3266,#3267);
#2697=AXIS2_PLACEMENT_3D('',#4005,#3269,#3270);
#2698=AXIS2_PLACEMENT_3D('',#4009,#3273,#3274);
#2699=AXIS2_PLACEMENT_3D('',#4011,#3275,#3276);
#2700=AXIS2_PLACEMENT_3D('',#4013,#3278,#3279);
#2701=AXIS2_PLACEMENT_3D('',#4015,#3281,#3282);
#2702=AXIS2_PLACEMENT_3D('',#4019,#3285,#3286);
#2703=AXIS2_PLACEMENT_3D('',#4021,#3287,#3288);
#2704=AXIS2_PLACEMENT_3D('',#4023,#3290,#3291);
#2705=AXIS2_PLACEMENT_3D('',#4025,#3292,#3293);
#2706=AXIS2_PLACEMENT_3D('',#4027,#3295,#3296);
#2707=AXIS2_PLACEMENT_3D('',#4029,#3298,#3299);
#2708=AXIS2_PLACEMENT_3D('',#4033,#3302,#3303);
#2709=AXIS2_PLACEMENT_3D('',#4035,#3304,#3305);
#2710=AXIS2_PLACEMENT_3D('',#4037,#3307,#3308);
#2711=AXIS2_PLACEMENT_3D('',#4039,#3310,#3311);
#2712=AXIS2_PLACEMENT_3D('',#4043,#3314,#3315);
#2713=AXIS2_PLACEMENT_3D('',#4045,#3316,#3317);
#2714=AXIS2_PLACEMENT_3D('',#4047,#3319,#3320);
#2715=AXIS2_PLACEMENT_3D('',#4053,#3324,#3325);
#2716=AXIS2_PLACEMENT_3D('',#4059,#3329,#3330);
#2717=AXIS2_PLACEMENT_3D('',#4063,#3333,#3334);
#2718=AXIS2_PLACEMENT_3D('',#4067,#3337,#3338);
#2719=AXIS2_PLACEMENT_3D('',#4069,#3339,#3340);
#2720=AXIS2_PLACEMENT_3D('',#4071,#3342,#3343);
#2721=AXIS2_PLACEMENT_3D('',#4073,#3345,#3346);
#2722=AXIS2_PLACEMENT_3D('',#4077,#3349,#3350);
#2723=AXIS2_PLACEMENT_3D('',#4079,#3352,#3353);
#2724=AXIS2_PLACEMENT_3D('',#4081,#3355,#3356);
#2725=AXIS2_PLACEMENT_3D('',#4083,#3358,#3359);
#2726=AXIS2_PLACEMENT_3D('',#4084,#3360,#3361);
#2727=AXIS2_PLACEMENT_3D('',#4085,#3362,#3363);
#2728=AXIS2_PLACEMENT_3D('',#4087,#3365,#3366);
#2729=AXIS2_PLACEMENT_3D('',#4088,#3367,#3368);
#2730=AXIS2_PLACEMENT_3D('',#4089,#3369,#3370);
#2731=AXIS2_PLACEMENT_3D('',#4090,#3371,#3372);
#2732=AXIS2_PLACEMENT_3D('',#4091,#3373,#3374);
#2733=AXIS2_PLACEMENT_3D('',#4092,#3375,#3376);
#2734=AXIS2_PLACEMENT_3D('',#4093,#3377,#3378);
#2735=AXIS2_PLACEMENT_3D('',#4094,#3379,#3380);
#2736=AXIS2_PLACEMENT_3D('',#4095,#3381,#3382);
#2737=AXIS2_PLACEMENT_3D('',#4096,#3383,#3384);
#2738=AXIS2_PLACEMENT_3D('',#4097,#3385,#3386);
#2739=AXIS2_PLACEMENT_3D('',#4098,#3387,#3388);
#2740=AXIS2_PLACEMENT_3D('',#4099,#3389,#3390);
#2741=AXIS2_PLACEMENT_3D('',#4100,#3391,#3392);
#2742=AXIS2_PLACEMENT_3D('',#4101,#3393,#3394);
#2743=AXIS2_PLACEMENT_3D('',#4103,#3396,#3397);
#2744=AXIS2_PLACEMENT_3D('',#4105,#3399,#3400);
#2745=AXIS2_PLACEMENT_3D('',#4107,#3402,#3403);
#2746=AXIS2_PLACEMENT_3D('',#4109,#3404,#3405);
#2747=AXIS2_PLACEMENT_3D('',#4111,#3407,#3408);
#2748=AXIS2_PLACEMENT_3D('',#4113,#3410,#3411);
#2749=AXIS2_PLACEMENT_3D('',#4114,#3412,#3413);
#2750=AXIS2_PLACEMENT_3D('',#4115,#3414,#3415);
#2751=AXIS2_PLACEMENT_3D('',#4116,#3416,#3417);
#2752=AXIS2_PLACEMENT_3D('',#4117,#3418,#3419);
#2753=AXIS2_PLACEMENT_3D('',#4119,#3421,#3422);
#2754=AXIS2_PLACEMENT_3D('',#4121,#3423,#3424);
#2755=AXIS2_PLACEMENT_3D('',#4123,#3425,#3426);
#2756=AXIS2_PLACEMENT_3D('',#4125,#3427,#3428);
#2757=AXIS2_PLACEMENT_3D('',#4127,#3429,#3430);
#2758=AXIS2_PLACEMENT_3D('',#4128,#3431,#3432);
#2759=AXIS2_PLACEMENT_3D('',#4129,#3433,#3434);
#2760=AXIS2_PLACEMENT_3D('',#4130,#3435,#3436);
#2761=AXIS2_PLACEMENT_3D('',#4131,#3437,#3438);
#2762=AXIS2_PLACEMENT_3D('',#4133,#3439,#3440);
#2763=AXIS2_PLACEMENT_3D('',#4135,#3441,#3442);
#2764=AXIS2_PLACEMENT_3D('',#4137,#3443,#3444);
#2765=AXIS2_PLACEMENT_3D('',#4139,#3445,#3446);
#2766=AXIS2_PLACEMENT_3D('',#4140,#3447,#3448);
#2767=AXIS2_PLACEMENT_3D('',#4142,#3450,#3451);
#2768=AXIS2_PLACEMENT_3D('',#4144,#3453,#3454);
#2769=AXIS2_PLACEMENT_3D('',#4146,#3456,#3457);
#2770=AXIS2_PLACEMENT_3D('',#4148,#3459,#3460);
#2771=AXIS2_PLACEMENT_3D('',#4149,#3461,#3462);
#2772=AXIS2_PLACEMENT_3D('',#4150,#3463,#3464);
#2773=AXIS2_PLACEMENT_3D('',#4151,#3465,#3466);
#2774=AXIS2_PLACEMENT_3D('',#4152,#3467,#3468);
#2775=AXIS2_PLACEMENT_3D('',#4154,#3470,#3471);
#2776=AXIS2_PLACEMENT_3D('',#4156,#3473,#3474);
#2777=AXIS2_PLACEMENT_3D('',#4158,#3476,#3477);
#2778=DIRECTION('axis',(0.,0.,1.));
#2779=DIRECTION('refdir',(1.,0.,0.));
#2780=DIRECTION('center_axis',(0.,0.,-1.));
#2781=DIRECTION('ref_axis',(0.,-1.,0.));
#2782=DIRECTION('center_axis',(0.,0.,1.));
#2783=DIRECTION('ref_axis',(0.,-1.,0.));
#2784=DIRECTION('',(0.,0.,-1.));
#2785=DIRECTION('center_axis',(0.,0.,1.));
#2786=DIRECTION('ref_axis',(0.,1.,0.));
#2787=DIRECTION('',(0.,0.,-1.));
#2788=DIRECTION('center_axis',(0.,0.,-1.));
#2789=DIRECTION('ref_axis',(0.,-1.,0.));
#2790=DIRECTION('center_axis',(0.,0.,1.));
#2791=DIRECTION('ref_axis',(0.,-1.,0.));
#2792=DIRECTION('',(0.,0.,-1.));
#2793=DIRECTION('center_axis',(0.,0.,1.));
#2794=DIRECTION('ref_axis',(0.,1.,0.));
#2795=DIRECTION('',(0.,0.,-1.));
#2796=DIRECTION('center_axis',(0.,0.,-1.));
#2797=DIRECTION('ref_axis',(0.,-1.,0.));
#2798=DIRECTION('center_axis',(0.,0.,1.));
#2799=DIRECTION('ref_axis',(0.,-1.,0.));
#2800=DIRECTION('',(0.,0.,-1.));
#2801=DIRECTION('center_axis',(0.,0.,1.));
#2802=DIRECTION('ref_axis',(0.,1.,0.));
#2803=DIRECTION('',(0.,0.,-1.));
#2804=DIRECTION('center_axis',(0.,0.,-1.));
#2805=DIRECTION('ref_axis',(0.,-1.,0.));
#2806=DIRECTION('center_axis',(0.,0.,1.));
#2807=DIRECTION('ref_axis',(0.,-1.,0.));
#2808=DIRECTION('',(0.,0.,-1.));
#2809=DIRECTION('center_axis',(0.,0.,1.));
#2810=DIRECTION('ref_axis',(0.,1.,0.));
#2811=DIRECTION('',(0.,0.,-1.));
#2812=DIRECTION('center_axis',(0.,0.,-1.));
#2813=DIRECTION('ref_axis',(0.,-1.,0.));
#2814=DIRECTION('center_axis',(0.,0.,1.));
#2815=DIRECTION('ref_axis',(0.,-1.,0.));
#2816=DIRECTION('',(0.,0.,-1.));
#2817=DIRECTION('center_axis',(0.,0.,1.));
#2818=DIRECTION('ref_axis',(0.,1.,0.));
#2819=DIRECTION('',(0.,0.,-1.));
#2820=DIRECTION('center_axis',(0.,0.,-1.));
#2821=DIRECTION('ref_axis',(0.,-1.,0.));
#2822=DIRECTION('center_axis',(0.,0.,1.));
#2823=DIRECTION('ref_axis',(0.,-1.,0.));
#2824=DIRECTION('',(0.,0.,-1.));
#2825=DIRECTION('center_axis',(0.,0.,1.));
#2826=DIRECTION('ref_axis',(0.,1.,0.));
#2827=DIRECTION('',(0.,0.,-1.));
#2828=DIRECTION('center_axis',(0.,0.,-1.));
#2829=DIRECTION('ref_axis',(0.,-1.,0.));
#2830=DIRECTION('center_axis',(0.,0.,1.));
#2831=DIRECTION('ref_axis',(0.,-1.,0.));
#2832=DIRECTION('',(0.,0.,-1.));
#2833=DIRECTION('center_axis',(0.,0.,1.));
#2834=DIRECTION('ref_axis',(0.,1.,0.));
#2835=DIRECTION('',(0.,0.,-1.));
#2836=DIRECTION('center_axis',(0.,0.,-1.));
#2837=DIRECTION('ref_axis',(0.,-1.,0.));
#2838=DIRECTION('',(0.,0.,1.));
#2839=DIRECTION('center_axis',(0.,0.,-1.));
#2840=DIRECTION('ref_axis',(0.,-1.,0.));
#2841=DIRECTION('',(0.,0.,-1.));
#2842=DIRECTION('center_axis',(0.,0.,1.));
#2843=DIRECTION('ref_axis',(0.,1.,0.));
#2844=DIRECTION('center_axis',(0.,0.,-1.));
#2845=DIRECTION('ref_axis',(0.,-1.,0.));
#2846=DIRECTION('',(0.,0.,-1.));
#2847=DIRECTION('center_axis',(0.,0.,1.));
#2848=DIRECTION('ref_axis',(0.,1.,0.));
#2849=DIRECTION('',(0.,0.,1.));
#2850=DIRECTION('center_axis',(0.,0.,-1.));
#2851=DIRECTION('ref_axis',(0.,-1.,0.));
#2852=DIRECTION('center_axis',(0.,0.,-1.));
#2853=DIRECTION('ref_axis',(0.,-1.,0.));
#2854=DIRECTION('',(0.,0.,1.));
#2855=DIRECTION('center_axis',(0.,0.,-1.));
#2856=DIRECTION('ref_axis',(0.,-1.,0.));
#2857=DIRECTION('',(0.,0.,-1.));
#2858=DIRECTION('center_axis',(0.,0.,1.));
#2859=DIRECTION('ref_axis',(0.,1.,0.));
#2860=DIRECTION('center_axis',(0.,0.,-1.));
#2861=DIRECTION('ref_axis',(0.,-1.,0.));
#2862=DIRECTION('',(0.,0.,-1.));
#2863=DIRECTION('center_axis',(0.,0.,1.));
#2864=DIRECTION('ref_axis',(0.,1.,0.));
#2865=DIRECTION('',(0.,0.,1.));
#2866=DIRECTION('center_axis',(0.,0.,-1.));
#2867=DIRECTION('ref_axis',(0.,-1.,0.));
#2868=DIRECTION('center_axis',(0.,0.,1.));
#2869=DIRECTION('ref_axis',(0.,1.,0.));
#2870=DIRECTION('center_axis',(0.,0.,1.));
#2871=DIRECTION('ref_axis',(0.,-1.,0.));
#2872=DIRECTION('center_axis',(0.,0.,1.));
#2873=DIRECTION('ref_axis',(0.,-1.,0.));
#2874=DIRECTION('center_axis',(0.,0.,1.));
#2875=DIRECTION('ref_axis',(0.,-1.,0.));
#2876=DIRECTION('center_axis',(0.,0.,1.));
#2877=DIRECTION('ref_axis',(0.,-1.,0.));
#2878=DIRECTION('center_axis',(0.,0.,1.));
#2879=DIRECTION('ref_axis',(0.,-1.,0.));
#2880=DIRECTION('center_axis',(0.,0.,1.));
#2881=DIRECTION('ref_axis',(0.,-1.,0.));
#2882=DIRECTION('',(0.,1.,0.));
#2883=DIRECTION('center_axis',(0.,0.,1.));
#2884=DIRECTION('ref_axis',(0.,1.,0.));
#2885=DIRECTION('',(-0.707106781186548,0.707106781186548,0.));
#2886=DIRECTION('',(0.707106781186548,0.707106781186548,0.));
#2887=DIRECTION('center_axis',(0.,0.,1.));
#2888=DIRECTION('ref_axis',(0.,1.,0.));
#2889=DIRECTION('',(0.,1.,0.));
#2890=DIRECTION('',(1.,0.,0.));
#2891=DIRECTION('center_axis',(0.,0.,1.));
#2892=DIRECTION('ref_axis',(0.,1.,0.));
#2893=DIRECTION('',(0.707106781186548,0.707106781186548,0.));
#2894=DIRECTION('',(0.707106781186548,-0.707106781186548,0.));
#2895=DIRECTION('center_axis',(0.,0.,1.));
#2896=DIRECTION('ref_axis',(0.,1.,0.));
#2897=DIRECTION('',(1.,0.,0.));
#2898=DIRECTION('',(0.,-1.,0.));
#2899=DIRECTION('center_axis',(0.,0.,1.));
#2900=DIRECTION('ref_axis',(0.,1.,0.));
#2901=DIRECTION('',(0.707106781186548,-0.707106781186548,0.));
#2902=DIRECTION('',(-0.707106781186548,-0.707106781186548,0.));
#2903=DIRECTION('center_axis',(0.,0.,1.));
#2904=DIRECTION('ref_axis',(0.,1.,0.));
#2905=DIRECTION('',(0.,-1.,0.));
#2906=DIRECTION('',(-1.,0.,0.));
#2907=DIRECTION('center_axis',(0.,0.,1.));
#2908=DIRECTION('ref_axis',(0.,1.,0.));
#2909=DIRECTION('',(-0.707106781186548,-0.707106781186548,0.));
#2910=DIRECTION('',(0.707106781186547,0.707106781186547,0.));
#2911=DIRECTION('center_axis',(0.,0.,1.));
#2912=DIRECTION('ref_axis',(0.,1.,0.));
#2913=DIRECTION('',(0.707106781186547,-0.707106781186547,0.));
#2914=DIRECTION('center_axis',(0.,0.,1.));
#2915=DIRECTION('ref_axis',(0.,1.,0.));
#2916=DIRECTION('center_axis',(0.,0.,1.));
#2917=DIRECTION('ref_axis',(0.,1.,0.));
#2918=DIRECTION('',(0.707106781186547,0.707106781186547,0.));
#2919=DIRECTION('center_axis',(0.,0.,1.));
#2920=DIRECTION('ref_axis',(0.,1.,0.));
#2921=DIRECTION('',(-0.707106781186547,0.707106781186547,0.));
#2922=DIRECTION('',(-0.707106781186548,-0.707106781186548,0.));
#2923=DIRECTION('center_axis',(0.,0.,1.));
#2924=DIRECTION('ref_axis',(0.,1.,0.));
#2925=DIRECTION('',(0.707106781186548,-0.707106781186548,0.));
#2926=DIRECTION('center_axis',(0.,0.,1.));
#2927=DIRECTION('ref_axis',(0.,1.,0.));
#2928=DIRECTION('',(-0.707106781186547,0.707106781186547,0.));
#2929=DIRECTION('center_axis',(0.,0.,1.));
#2930=DIRECTION('ref_axis',(0.,1.,0.));
#2931=DIRECTION('',(-0.707106781186547,-0.707106781186547,0.));
#2932=DIRECTION('center_axis',(0.,0.,1.));
#2933=DIRECTION('ref_axis',(0.,1.,0.));
#2934=DIRECTION('center_axis',(0.,0.,1.));
#2935=DIRECTION('ref_axis',(0.,1.,0.));
#2936=DIRECTION('',(-0.707106781186548,-0.707106781186548,0.));
#2937=DIRECTION('center_axis',(0.,0.,1.));
#2938=DIRECTION('ref_axis',(0.,1.,0.));
#2939=DIRECTION('',(-0.707106781186548,0.707106781186548,0.));
#2940=DIRECTION('',(0.707106781186548,0.707106781186548,0.));
#2941=DIRECTION('center_axis',(0.,0.,1.));
#2942=DIRECTION('ref_axis',(0.,1.,0.));
#2943=DIRECTION('',(-0.707106781186548,0.707106781186548,0.));
#2944=DIRECTION('center_axis',(0.,0.,1.));
#2945=DIRECTION('ref_axis',(0.,1.,0.));
#2946=DIRECTION('',(0.707106781186548,0.707106781186548,0.));
#2947=DIRECTION('center_axis',(0.,0.,1.));
#2948=DIRECTION('ref_axis',(0.,1.,0.));
#2949=DIRECTION('',(0.707106781186548,-0.707106781186548,0.));
#2950=DIRECTION('center_axis',(0.,0.,1.));
#2951=DIRECTION('ref_axis',(0.,1.,0.));
#2952=DIRECTION('',(0.707106781186547,-0.707106781186547,0.));
#2953=DIRECTION('center_axis',(0.,0.,1.));
#2954=DIRECTION('ref_axis',(0.,1.,0.));
#2955=DIRECTION('',(-0.707106781186547,-0.707106781186547,0.));
#2956=DIRECTION('center_axis',(0.,0.,1.));
#2957=DIRECTION('ref_axis',(0.,1.,0.));
#2958=DIRECTION('center_axis',(0.,0.,-1.));
#2959=DIRECTION('ref_axis',(0.,1.,0.));
#2960=DIRECTION('center_axis',(0.,0.,-1.));
#2961=DIRECTION('ref_axis',(0.,1.,0.));
#2962=DIRECTION('center_axis',(0.,0.,-1.));
#2963=DIRECTION('ref_axis',(0.,1.,0.));
#2964=DIRECTION('center_axis',(0.,0.,-1.));
#2965=DIRECTION('ref_axis',(0.,1.,0.));
#2966=DIRECTION('center_axis',(0.,0.,1.));
#2967=DIRECTION('ref_axis',(0.,1.,0.));
#2968=DIRECTION('',(-1.,0.,0.));
#2969=DIRECTION('center_axis',(0.,0.,1.));
#2970=DIRECTION('ref_axis',(0.,1.,0.));
#2971=DIRECTION('',(-0.707106781186547,0.707106781186547,0.));
#2972=DIRECTION('center_axis',(0.,0.,1.));
#2973=DIRECTION('ref_axis',(0.,1.,0.));
#2974=DIRECTION('',(1.,0.,0.));
#2975=DIRECTION('center_axis',(0.,0.,1.));
#2976=DIRECTION('ref_axis',(0.,1.,0.));
#2977=DIRECTION('',(0.707106781186547,-0.707106781186547,0.));
#2978=DIRECTION('center_axis',(0.,0.,1.));
#2979=DIRECTION('ref_axis',(0.,1.,0.));
#2980=DIRECTION('',(0.,1.,0.));
#2981=DIRECTION('center_axis',(0.,0.,1.));
#2982=DIRECTION('ref_axis',(0.,1.,0.));
#2983=DIRECTION('',(-0.707106781186548,0.707106781186548,0.));
#2984=DIRECTION('',(0.707106781186548,0.707106781186548,0.));
#2985=DIRECTION('center_axis',(0.,0.,1.));
#2986=DIRECTION('ref_axis',(0.,1.,0.));
#2987=DIRECTION('',(1.,0.,0.));
#2988=DIRECTION('center_axis',(0.,0.,1.));
#2989=DIRECTION('ref_axis',(0.,1.,0.));
#2990=DIRECTION('center_axis',(0.,0.,1.));
#2991=DIRECTION('ref_axis',(0.,1.,0.));
#2992=DIRECTION('',(0.707106781186547,0.707106781186547,0.));
#2993=DIRECTION('center_axis',(0.,0.,1.));
#2994=DIRECTION('ref_axis',(0.,1.,0.));
#2995=DIRECTION('',(0.,1.,0.));
#2996=DIRECTION('',(-1.,0.,0.));
#2997=DIRECTION('center_axis',(0.,0.,1.));
#2998=DIRECTION('ref_axis',(0.,1.,0.));
#2999=DIRECTION('',(-0.707106781186548,-0.707106781186548,0.));
#3000=DIRECTION('center_axis',(0.,0.,1.));
#3001=DIRECTION('ref_axis',(0.,1.,0.));
#3002=DIRECTION('',(0.,-1.,0.));
#3003=DIRECTION('center_axis',(0.,0.,1.));
#3004=DIRECTION('ref_axis',(0.,1.,0.));
#3005=DIRECTION('',(0.707106781186548,-0.707106781186548,0.));
#3006=DIRECTION('center_axis',(0.,0.,1.));
#3007=DIRECTION('ref_axis',(0.,1.,0.));
#3008=DIRECTION('',(-0.707106781186547,-0.707106781186547,0.));
#3009=DIRECTION('center_axis',(0.,0.,1.));
#3010=DIRECTION('ref_axis',(0.,1.,0.));
#3011=DIRECTION('',(0.,-1.,0.));
#3012=DIRECTION('center_axis',(0.,0.,1.));
#3013=DIRECTION('ref_axis',(0.,1.,0.));
#3014=DIRECTION('',(-1.,0.,0.));
#3015=DIRECTION('',(-0.707106781186548,0.707106781186548,0.));
#3016=DIRECTION('center_axis',(0.,0.,1.));
#3017=DIRECTION('ref_axis',(0.,1.,0.));
#3018=DIRECTION('center_axis',(0.,0.,1.));
#3019=DIRECTION('ref_axis',(0.,-1.,0.));
#3020=DIRECTION('center_axis',(0.,0.,1.));
#3021=DIRECTION('ref_axis',(0.,-1.,0.));
#3022=DIRECTION('center_axis',(0.,0.,1.));
#3023=DIRECTION('ref_axis',(0.,-1.,0.));
#3024=DIRECTION('center_axis',(0.,0.,1.));
#3025=DIRECTION('ref_axis',(0.,-1.,0.));
#3026=DIRECTION('center_axis',(0.,0.,-1.));
#3027=DIRECTION('ref_axis',(0.,-1.,0.));
#3028=DIRECTION('',(0.,0.,-1.));
#3029=DIRECTION('',(0.,0.,-1.));
#3030=DIRECTION('center_axis',(0.,0.,1.));
#3031=DIRECTION('ref_axis',(0.,1.,0.));
#3032=DIRECTION('center_axis',(-0.707106781186548,-0.707106781186548,0.));
#3033=DIRECTION('ref_axis',(0.707106781186548,-0.707106781186548,0.));
#3034=DIRECTION('',(-0.707106781186548,0.707106781186548,0.));
#3035=DIRECTION('',(0.,0.,-1.));
#3036=DIRECTION('center_axis',(0.,0.,-1.));
#3037=DIRECTION('ref_axis',(0.,-1.,0.));
#3038=DIRECTION('',(0.,0.,-1.));
#3039=DIRECTION('',(0.,0.,-1.));
#3040=DIRECTION('center_axis',(0.,0.,1.));
#3041=DIRECTION('ref_axis',(0.,1.,0.));
#3042=DIRECTION('center_axis',(-0.707106781186548,0.707106781186548,0.));
#3043=DIRECTION('ref_axis',(-0.707106781186548,-0.707106781186548,0.));
#3044=DIRECTION('',(0.707106781186547,0.707106781186547,0.));
#3045=DIRECTION('',(0.,0.,-1.));
#3046=DIRECTION('center_axis',(0.,0.,-1.));
#3047=DIRECTION('ref_axis',(0.,-1.,0.));
#3048=DIRECTION('center_axis',(0.,0.,1.));
#3049=DIRECTION('ref_axis',(0.,1.,0.));
#3050=DIRECTION('',(0.,0.,-1.));
#3051=DIRECTION('',(0.,0.,-1.));
#3052=DIRECTION('center_axis',(0.,-1.,0.));
#3053=DIRECTION('ref_axis',(0.,0.,1.));
#3054=DIRECTION('',(-1.,0.,0.));
#3055=DIRECTION('',(0.,0.,-1.));
#3056=DIRECTION('center_axis',(0.,0.,-1.));
#3057=DIRECTION('ref_axis',(0.,-1.,0.));
#3058=DIRECTION('center_axis',(0.,0.,1.));
#3059=DIRECTION('ref_axis',(0.,1.,0.));
#3060=DIRECTION('',(0.,0.,-1.));
#3061=DIRECTION('center_axis',(0.,0.,-1.));
#3062=DIRECTION('ref_axis',(0.,-1.,0.));
#3063=DIRECTION('',(0.,0.,-1.));
#3064=DIRECTION('center_axis',(0.,0.,1.));
#3065=DIRECTION('ref_axis',(0.,1.,0.));
#3066=DIRECTION('',(0.,0.,-1.));
#3067=DIRECTION('center_axis',(0.,0.,-1.));
#3068=DIRECTION('ref_axis',(0.,-1.,0.));
#3069=DIRECTION('center_axis',(0.,0.,1.));
#3070=DIRECTION('ref_axis',(0.,1.,0.));
#3071=DIRECTION('',(0.,0.,-1.));
#3072=DIRECTION('',(0.,0.,-1.));
#3073=DIRECTION('center_axis',(0.,1.,0.));
#3074=DIRECTION('ref_axis',(0.,0.,-1.));
#3075=DIRECTION('',(1.,0.,0.));
#3076=DIRECTION('',(0.,0.,-1.));
#3077=DIRECTION('center_axis',(0.,0.,-1.));
#3078=DIRECTION('ref_axis',(0.,-1.,0.));
#3079=DIRECTION('center_axis',(0.,0.,1.));
#3080=DIRECTION('ref_axis',(0.,1.,0.));
#3081=DIRECTION('',(0.,0.,-1.));
#3082=DIRECTION('center_axis',(-0.707106781186548,0.707106781186548,0.));
#3083=DIRECTION('ref_axis',(-0.707106781186548,-0.707106781186548,0.));
#3084=DIRECTION('',(0.707106781186548,0.707106781186548,0.));
#3085=DIRECTION('',(0.,0.,-1.));
#3086=DIRECTION('center_axis',(0.,0.,-1.));
#3087=DIRECTION('ref_axis',(0.,-1.,0.));
#3088=DIRECTION('',(0.,0.,-1.));
#3089=DIRECTION('center_axis',(0.,0.,1.));
#3090=DIRECTION('ref_axis',(0.,1.,0.));
#3091=DIRECTION('center_axis',(0.,0.,-1.));
#3092=DIRECTION('ref_axis',(0.,-1.,0.));
#3093=DIRECTION('center_axis',(0.,0.,1.));
#3094=DIRECTION('ref_axis',(0.,1.,0.));
#3095=DIRECTION('',(0.,0.,-1.));
#3096=DIRECTION('',(0.,0.,-1.));
#3097=DIRECTION('center_axis',(-1.,0.,0.));
#3098=DIRECTION('ref_axis',(0.,0.,1.));
#3099=DIRECTION('',(0.,1.,0.));
#3100=DIRECTION('',(0.,0.,-1.));
#3101=DIRECTION('center_axis',(0.,0.,-1.));
#3102=DIRECTION('ref_axis',(0.,-1.,0.));
#3103=DIRECTION('center_axis',(0.,0.,1.));
#3104=DIRECTION('ref_axis',(0.,1.,0.));
#3105=DIRECTION('',(0.,0.,-1.));
#3106=DIRECTION('center_axis',(-0.707106781186548,0.707106781186548,0.));
#3107=DIRECTION('ref_axis',(-0.707106781186548,-0.707106781186548,0.));
#3108=DIRECTION('',(0.707106781186548,0.707106781186548,0.));
#3109=DIRECTION('',(0.,0.,-1.));
#3110=DIRECTION('',(0.,0.,-1.));
#3111=DIRECTION('center_axis',(0.,0.,-1.));
#3112=DIRECTION('ref_axis',(0.,-1.,0.));
#3113=DIRECTION('center_axis',(0.,0.,1.));
#3114=DIRECTION('ref_axis',(0.,1.,0.));
#3115=DIRECTION('',(0.,0.,-1.));
#3116=DIRECTION('center_axis',(0.,1.,0.));
#3117=DIRECTION('ref_axis',(0.,0.,-1.));
#3118=DIRECTION('',(1.,0.,0.));
#3119=DIRECTION('',(0.,0.,-1.));
#3120=DIRECTION('center_axis',(0.,0.,-1.));
#3121=DIRECTION('ref_axis',(0.,-1.,0.));
#3122=DIRECTION('center_axis',(0.,0.,1.));
#3123=DIRECTION('ref_axis',(0.,1.,0.));
#3124=DIRECTION('',(0.,0.,-1.));
#3125=DIRECTION('',(0.,0.,-1.));
#3126=DIRECTION('center_axis',(-0.707106781186548,0.707106781186548,0.));
#3127=DIRECTION('ref_axis',(-0.707106781186548,-0.707106781186548,0.));
#3128=DIRECTION('',(0.707106781186547,0.707106781186547,0.));
#3129=DIRECTION('',(0.,0.,-1.));
#3130=DIRECTION('center_axis',(0.,0.,-1.));
#3131=DIRECTION('ref_axis',(0.,-1.,0.));
#3132=DIRECTION('center_axis',(0.,0.,1.));
#3133=DIRECTION('ref_axis',(0.,1.,0.));
#3134=DIRECTION('',(0.,0.,-1.));
#3135=DIRECTION('center_axis',(-0.707106781186548,0.707106781186548,0.));
#3136=DIRECTION('ref_axis',(-0.707106781186548,-0.707106781186548,0.));
#3137=DIRECTION('',(0.,0.,-1.));
#3138=DIRECTION('',(0.,0.,-1.));
#3139=DIRECTION('',(0.707106781186548,0.707106781186548,0.));
#3140=DIRECTION('center_axis',(0.,0.,-1.));
#3141=DIRECTION('ref_axis',(0.000582630166950916,0.99999983027103,0.));
#3142=DIRECTION('',(0.,0.,-1.));
#3143=DIRECTION('center_axis',(0.,0.,1.));
#3144=DIRECTION('ref_axis',(0.,1.,0.));
#3145=DIRECTION('center_axis',(0.,-1.,0.));
#3146=DIRECTION('ref_axis',(0.,0.,1.));
#3147=DIRECTION('',(-1.,0.,0.));
#3148=DIRECTION('',(0.,0.,-1.));
#3149=DIRECTION('',(0.,0.,-1.));
#3150=DIRECTION('center_axis',(0.,0.,-1.));
#3151=DIRECTION('ref_axis',(0.,-1.,0.));
#3152=DIRECTION('center_axis',(0.,0.,1.));
#3153=DIRECTION('ref_axis',(0.,1.,0.));
#3154=DIRECTION('',(0.,0.,-1.));
#3155=DIRECTION('center_axis',(0.707106781186548,-0.707106781186548,0.));
#3156=DIRECTION('ref_axis',(0.707106781186548,0.707106781186548,0.));
#3157=DIRECTION('',(-0.707106781186548,-0.707106781186548,0.));
#3158=DIRECTION('',(0.,0.,-1.));
#3159=DIRECTION('center_axis',(-0.707106781186548,-0.707106781186548,0.));
#3160=DIRECTION('ref_axis',(0.707106781186548,-0.707106781186548,0.));
#3161=DIRECTION('',(-0.707106781186548,0.707106781186548,0.));
#3162=DIRECTION('',(0.,0.,-1.));
#3163=DIRECTION('center_axis',(1.,0.,0.));
#3164=DIRECTION('ref_axis',(0.,0.,-1.));
#3165=DIRECTION('',(0.,-1.,0.));
#3166=DIRECTION('',(0.,0.,-1.));
#3167=DIRECTION('',(0.,0.,-1.));
#3168=DIRECTION('center_axis',(0.,0.,-1.));
#3169=DIRECTION('ref_axis',(0.,-1.,0.));
#3170=DIRECTION('center_axis',(0.,0.,1.));
#3171=DIRECTION('ref_axis',(0.,1.,0.));
#3172=DIRECTION('',(0.,0.,-1.));
#3173=DIRECTION('center_axis',(0.707106781186548,0.707106781186548,0.));
#3174=DIRECTION('ref_axis',(-0.707106781186548,0.707106781186548,0.));
#3175=DIRECTION('',(0.707106781186548,-0.707106781186548,0.));
#3176=DIRECTION('',(0.,0.,-1.));
#3177=DIRECTION('center_axis',(0.707106781186548,-0.707106781186548,0.));
#3178=DIRECTION('ref_axis',(0.707106781186548,0.707106781186548,0.));
#3179=DIRECTION('',(-0.707106781186548,-0.707106781186548,0.));
#3180=DIRECTION('center_axis',(0.707106781186548,-0.707106781186548,0.));
#3181=DIRECTION('ref_axis',(0.707106781186548,0.707106781186548,0.));
#3182=DIRECTION('',(-0.707106781186547,-0.707106781186547,0.));
#3183=DIRECTION('',(0.,0.,-1.));
#3184=DIRECTION('',(0.,0.,-1.));
#3185=DIRECTION('center_axis',(0.,0.,-1.));
#3186=DIRECTION('ref_axis',(0.,-1.,0.));
#3187=DIRECTION('center_axis',(0.,0.,1.));
#3188=DIRECTION('ref_axis',(0.,1.,0.));
#3189=DIRECTION('',(0.,0.,-1.));
#3190=DIRECTION('center_axis',(1.,0.,0.));
#3191=DIRECTION('ref_axis',(0.,0.,-1.));
#3192=DIRECTION('',(0.,-1.,0.));
#3193=DIRECTION('',(0.,0.,-1.));
#3194=DIRECTION('center_axis',(0.707106781186548,0.707106781186548,0.));
#3195=DIRECTION('ref_axis',(-0.707106781186548,0.707106781186548,0.));
#3196=DIRECTION('',(0.,0.,-1.));
#3197=DIRECTION('',(0.707106781186548,-0.707106781186548,0.));
#3198=DIRECTION('center_axis',(0.,0.,-1.));
#3199=DIRECTION('ref_axis',(0.,-1.,0.));
#3200=DIRECTION('center_axis',(0.,0.,1.));
#3201=DIRECTION('ref_axis',(0.,1.,0.));
#3202=DIRECTION('center_axis',(0.707106781186548,-0.707106781186548,0.));
#3203=DIRECTION('ref_axis',(0.707106781186548,0.707106781186548,0.));
#3204=DIRECTION('',(0.,0.,-1.));
#3205=DIRECTION('',(0.,0.,-1.));
#3206=DIRECTION('',(-0.707106781186548,-0.707106781186548,0.));
#3207=DIRECTION('center_axis',(0.,0.,-1.));
#3208=DIRECTION('ref_axis',(0.,-1.,0.));
#3209=DIRECTION('center_axis',(0.,0.,1.));
#3210=DIRECTION('ref_axis',(0.,1.,0.));
#3211=DIRECTION('',(0.,0.,-1.));
#3212=DIRECTION('center_axis',(-0.707106781186548,-0.707106781186548,0.));
#3213=DIRECTION('ref_axis',(0.707106781186548,-0.707106781186548,0.));
#3214=DIRECTION('',(0.,0.,-1.));
#3215=DIRECTION('',(0.,0.,-1.));
#3216=DIRECTION('',(-0.707106781186547,0.707106781186547,0.));
#3217=DIRECTION('center_axis',(0.,0.,-1.));
#3218=DIRECTION('ref_axis',(0.,-1.,0.));
#3219=DIRECTION('',(0.,0.,-1.));
#3220=DIRECTION('center_axis',(0.,0.,1.));
#3221=DIRECTION('ref_axis',(0.,1.,0.));
#3222=DIRECTION('center_axis',(-0.707106781186548,-0.707106781186548,0.));
#3223=DIRECTION('ref_axis',(0.707106781186548,-0.707106781186548,0.));
#3224=DIRECTION('',(0.,0.,-1.));
#3225=DIRECTION('',(-0.707106781186547,0.707106781186547,0.));
#3226=DIRECTION('',(0.,0.,-1.));
#3227=DIRECTION('center_axis',(0.,0.,-1.));
#3228=DIRECTION('ref_axis',(0.000253610609126609,0.999999967840829,0.));
#3229=DIRECTION('center_axis',(0.,0.,1.));
#3230=DIRECTION('ref_axis',(0.,1.,0.));
#3231=DIRECTION('',(0.,0.,-1.));
#3232=DIRECTION('center_axis',(0.,0.,-1.));
#3233=DIRECTION('ref_axis',(0.,-1.,0.));
#3234=DIRECTION('',(0.,0.,-1.));
#3235=DIRECTION('center_axis',(0.,0.,1.));
#3236=DIRECTION('ref_axis',(0.,1.,0.));
#3237=DIRECTION('center_axis',(-0.707106781186548,-0.707106781186548,0.));
#3238=DIRECTION('ref_axis',(0.707106781186548,-0.707106781186548,0.));
#3239=DIRECTION('',(-0.707106781186548,0.707106781186548,0.));
#3240=DIRECTION('',(0.,0.,-1.));
#3241=DIRECTION('',(0.,0.,-1.));
#3242=DIRECTION('center_axis',(0.,0.,-1.));
#3243=DIRECTION('ref_axis',(0.,-1.,0.));
#3244=DIRECTION('center_axis',(0.,0.,1.));
#3245=DIRECTION('ref_axis',(0.,1.,0.));
#3246=DIRECTION('',(0.,0.,-1.));
#3247=DIRECTION('center_axis',(-1.,0.,0.));
#3248=DIRECTION('ref_axis',(0.,0.,1.));
#3249=DIRECTION('',(0.,1.,0.));
#3250=DIRECTION('',(0.,0.,-1.));
#3251=DIRECTION('center_axis',(-0.707106781186548,0.707106781186548,0.));
#3252=DIRECTION('ref_axis',(-0.707106781186548,-0.707106781186548,0.));
#3253=DIRECTION('',(0.707106781186548,0.707106781186548,0.));
#3254=DIRECTION('',(0.,0.,-1.));
#3255=DIRECTION('center_axis',(0.,0.,-1.));
#3256=DIRECTION('ref_axis',(0.,-1.,0.));
#3257=DIRECTION('center_axis',(0.,0.,1.));
#3258=DIRECTION('ref_axis',(0.,1.,0.));
#3259=DIRECTION('',(0.,0.,-1.));
#3260=DIRECTION('center_axis',(0.,0.,-1.));
#3261=DIRECTION('ref_axis',(0.,-1.,0.));
#3262=DIRECTION('center_axis',(0.,0.,1.));
#3263=DIRECTION('ref_axis',(0.,1.,0.));
#3264=DIRECTION('',(0.,0.,-1.));
#3265=DIRECTION('',(0.,0.,-1.));
#3266=DIRECTION('center_axis',(0.707106781186548,0.707106781186548,0.));
#3267=DIRECTION('ref_axis',(-0.707106781186548,0.707106781186548,0.));
#3268=DIRECTION('',(0.707106781186548,-0.707106781186548,0.));
#3269=DIRECTION('center_axis',(0.707106781186548,0.707106781186548,0.));
#3270=DIRECTION('ref_axis',(-0.707106781186548,0.707106781186548,0.));
#3271=DIRECTION('',(0.707106781186548,-0.707106781186548,0.));
#3272=DIRECTION('',(0.,0.,-1.));
#3273=DIRECTION('center_axis',(0.,0.,-1.));
#3274=DIRECTION('ref_axis',(0.,-1.,0.));
#3275=DIRECTION('center_axis',(0.,0.,1.));
#3276=DIRECTION('ref_axis',(0.,1.,0.));
#3277=DIRECTION('',(0.,0.,-1.));
#3278=DIRECTION('center_axis',(0.,1.,0.));
#3279=DIRECTION('ref_axis',(0.,0.,-1.));
#3280=DIRECTION('',(1.,0.,0.));
#3281=DIRECTION('center_axis',(0.707106781186548,-0.707106781186548,0.));
#3282=DIRECTION('ref_axis',(0.707106781186548,0.707106781186548,0.));
#3283=DIRECTION('',(-0.707106781186548,-0.707106781186548,0.));
#3284=DIRECTION('',(0.,0.,-1.));
#3285=DIRECTION('center_axis',(0.,0.,-1.));
#3286=DIRECTION('ref_axis',(0.,-1.,0.));
#3287=DIRECTION('center_axis',(0.,0.,1.));
#3288=DIRECTION('ref_axis',(0.,1.,0.));
#3289=DIRECTION('',(0.,0.,-1.));
#3290=DIRECTION('center_axis',(0.,0.,-1.));
#3291=DIRECTION('ref_axis',(0.,-1.,0.));
#3292=DIRECTION('center_axis',(0.,0.,1.));
#3293=DIRECTION('ref_axis',(0.,1.,0.));
#3294=DIRECTION('',(0.,0.,-1.));
#3295=DIRECTION('center_axis',(0.707106781186548,0.707106781186548,0.));
#3296=DIRECTION('ref_axis',(-0.707106781186548,0.707106781186548,0.));
#3297=DIRECTION('',(0.707106781186547,-0.707106781186547,0.));
#3298=DIRECTION('center_axis',(0.,1.,0.));
#3299=DIRECTION('ref_axis',(0.,0.,-1.));
#3300=DIRECTION('',(1.,0.,0.));
#3301=DIRECTION('',(0.,0.,-1.));
#3302=DIRECTION('center_axis',(0.,0.,-1.));
#3303=DIRECTION('ref_axis',(0.,-1.,0.));
#3304=DIRECTION('center_axis',(0.,0.,1.));
#3305=DIRECTION('ref_axis',(0.,1.,0.));
#3306=DIRECTION('',(0.,0.,-1.));
#3307=DIRECTION('center_axis',(-0.707106781186548,0.707106781186548,0.));
#3308=DIRECTION('ref_axis',(-0.707106781186548,-0.707106781186548,0.));
#3309=DIRECTION('',(0.707106781186548,0.707106781186548,0.));
#3310=DIRECTION('center_axis',(0.,-1.,0.));
#3311=DIRECTION('ref_axis',(0.,0.,1.));
#3312=DIRECTION('',(-1.,0.,0.));
#3313=DIRECTION('',(0.,0.,-1.));
#3314=DIRECTION('center_axis',(0.,0.,-1.));
#3315=DIRECTION('ref_axis',(0.,-1.,0.));
#3316=DIRECTION('center_axis',(0.,0.,1.));
#3317=DIRECTION('ref_axis',(0.,1.,0.));
#3318=DIRECTION('',(0.,0.,-1.));
#3319=DIRECTION('center_axis',(0.707106781186548,-0.707106781186548,0.));
#3320=DIRECTION('ref_axis',(0.707106781186548,0.707106781186548,0.));
#3321=DIRECTION('',(0.,0.,-1.));
#3322=DIRECTION('',(-0.707106781186547,-0.707106781186547,0.));
#3323=DIRECTION('',(0.,0.,-1.));
#3324=DIRECTION('center_axis',(0.707106781186548,0.707106781186548,0.));
#3325=DIRECTION('ref_axis',(-0.707106781186548,0.707106781186548,0.));
#3326=DIRECTION('',(0.,0.,-1.));
#3327=DIRECTION('',(0.,0.,-1.));
#3328=DIRECTION('',(0.707106781186547,-0.707106781186547,0.));
#3329=DIRECTION('center_axis',(0.707106781186548,0.707106781186548,0.));
#3330=DIRECTION('ref_axis',(-0.707106781186548,0.707106781186548,0.));
#3331=DIRECTION('',(0.707106781186548,-0.707106781186548,0.));
#3332=DIRECTION('',(0.,0.,-1.));
#3333=DIRECTION('center_axis',(-0.707106781186548,-0.707106781186548,0.));
#3334=DIRECTION('ref_axis',(0.707106781186548,-0.707106781186548,0.));
#3335=DIRECTION('',(-0.707106781186548,0.707106781186548,0.));
#3336=DIRECTION('',(0.,0.,-1.));
#3337=DIRECTION('center_axis',(0.,0.,-1.));
#3338=DIRECTION('ref_axis',(0.,-1.,0.));
#3339=DIRECTION('center_axis',(0.,0.,1.));
#3340=DIRECTION('ref_axis',(0.,1.,0.));
#3341=DIRECTION('',(0.,0.,-1.));
#3342=DIRECTION('center_axis',(0.707106781186548,-0.707106781186548,0.));
#3343=DIRECTION('ref_axis',(0.707106781186548,0.707106781186548,0.));
#3344=DIRECTION('',(-0.707106781186547,-0.707106781186547,0.));
#3345=DIRECTION('center_axis',(-0.707106781186548,0.707106781186548,0.));
#3346=DIRECTION('ref_axis',(-0.707106781186548,-0.707106781186548,0.));
#3347=DIRECTION('',(0.707106781186547,0.707106781186547,0.));
#3348=DIRECTION('',(0.,0.,-1.));
#3349=DIRECTION('center_axis',(-0.707106781186548,-0.707106781186548,0.));
#3350=DIRECTION('ref_axis',(0.707106781186548,-0.707106781186548,0.));
#3351=DIRECTION('',(-0.707106781186547,0.707106781186547,0.));
#3352=DIRECTION('center_axis',(0.707106781186548,0.707106781186548,0.));
#3353=DIRECTION('ref_axis',(-0.707106781186548,0.707106781186548,0.));
#3354=DIRECTION('',(0.707106781186547,-0.707106781186547,0.));
#3355=DIRECTION('center_axis',(-0.707106781186548,-0.707106781186548,0.));
#3356=DIRECTION('ref_axis',(0.707106781186548,-0.707106781186548,0.));
#3357=DIRECTION('',(-0.707106781186548,0.707106781186548,0.));
#3358=DIRECTION('center_axis',(0.,0.,-1.));
#3359=DIRECTION('ref_axis',(0.,-1.,0.));
#3360=DIRECTION('center_axis',(0.,0.,1.));
#3361=DIRECTION('ref_axis',(0.,1.,0.));
#3362=DIRECTION('center_axis',(-1.,0.,0.));
#3363=DIRECTION('ref_axis',(0.,0.,1.));
#3364=DIRECTION('',(0.,1.,0.));
#3365=DIRECTION('center_axis',(0.,0.,-1.));
#3366=DIRECTION('ref_axis',(0.,-1.,0.));
#3367=DIRECTION('center_axis',(0.,0.,1.));
#3368=DIRECTION('ref_axis',(0.,1.,0.));
#3369=DIRECTION('center_axis',(0.,0.,-1.));
#3370=DIRECTION('ref_axis',(0.000366457427048097,0.999999932854475,0.));
#3371=DIRECTION('center_axis',(0.,0.,1.));
#3372=DIRECTION('ref_axis',(0.,1.,0.));
#3373=DIRECTION('center_axis',(0.,0.,-1.));
#3374=DIRECTION('ref_axis',(0.,-1.,0.));
#3375=DIRECTION('center_axis',(0.,0.,1.));
#3376=DIRECTION('ref_axis',(0.,1.,0.));
#3377=DIRECTION('center_axis',(0.,0.,-1.));
#3378=DIRECTION('ref_axis',(0.,-1.,0.));
#3379=DIRECTION('center_axis',(0.,0.,1.));
#3380=DIRECTION('ref_axis',(0.,1.,0.));
#3381=DIRECTION('center_axis',(0.,0.,-1.));
#3382=DIRECTION('ref_axis',(0.,-1.,0.));
#3383=DIRECTION('center_axis',(0.,0.,1.));
#3384=DIRECTION('ref_axis',(0.,1.,0.));
#3385=DIRECTION('center_axis',(0.,0.,-1.));
#3386=DIRECTION('ref_axis',(0.000341153298321436,0.999999941807212,0.));
#3387=DIRECTION('center_axis',(0.,0.,1.));
#3388=DIRECTION('ref_axis',(0.,1.,0.));
#3389=DIRECTION('center_axis',(0.,0.,-1.));
#3390=DIRECTION('ref_axis',(0.,-1.,0.));
#3391=DIRECTION('center_axis',(0.,0.,1.));
#3392=DIRECTION('ref_axis',(0.,1.,0.));
#3393=DIRECTION('center_axis',(-1.,0.,0.));
#3394=DIRECTION('ref_axis',(0.,0.,1.));
#3395=DIRECTION('',(0.,1.,0.));
#3396=DIRECTION('center_axis',(1.,0.,0.));
#3397=DIRECTION('ref_axis',(0.,0.,-1.));
#3398=DIRECTION('',(0.,-1.,0.));
#3399=DIRECTION('center_axis',(1.,0.,0.));
#3400=DIRECTION('ref_axis',(0.,0.,-1.));
#3401=DIRECTION('',(0.,-1.,0.));
#3402=DIRECTION('center_axis',(0.,0.,-1.));
#3403=DIRECTION('ref_axis',(0.,-1.,0.));
#3404=DIRECTION('center_axis',(0.,0.,1.));
#3405=DIRECTION('ref_axis',(0.,1.,0.));
#3406=DIRECTION('',(0.,0.,1.));
#3407=DIRECTION('center_axis',(0.707106781186548,-0.707106781186548,0.));
#3408=DIRECTION('ref_axis',(0.707106781186548,0.707106781186548,0.));
#3409=DIRECTION('',(-0.707106781186548,-0.707106781186548,0.));
#3410=DIRECTION('center_axis',(0.,0.,-1.));
#3411=DIRECTION('ref_axis',(0.,-1.,0.));
#3412=DIRECTION('center_axis',(0.,0.,1.));
#3413=DIRECTION('ref_axis',(0.,1.,0.));
#3414=DIRECTION('center_axis',(0.,0.,-1.));
#3415=DIRECTION('ref_axis',(0.,-1.,0.));
#3416=DIRECTION('center_axis',(0.,0.,1.));
#3417=DIRECTION('ref_axis',(0.,1.,0.));
#3418=DIRECTION('center_axis',(0.,-1.,0.));
#3419=DIRECTION('ref_axis',(0.,0.,1.));
#3420=DIRECTION('',(-1.,0.,0.));
#3421=DIRECTION('center_axis',(0.,0.,1.));
#3422=DIRECTION('ref_axis',(0.,1.,0.));
#3423=DIRECTION('center_axis',(0.,0.,1.));
#3424=DIRECTION('ref_axis',(0.,-1.,0.));
#3425=DIRECTION('center_axis',(0.,0.,1.));
#3426=DIRECTION('ref_axis',(0.,-1.,0.));
#3427=DIRECTION('center_axis',(0.,0.,1.));
#3428=DIRECTION('ref_axis',(0.,-1.,0.));
#3429=DIRECTION('center_axis',(0.,0.,1.));
#3430=DIRECTION('ref_axis',(0.,-1.,0.));
#3431=DIRECTION('center_axis',(0.,0.,-1.));
#3432=DIRECTION('ref_axis',(0.,1.,0.));
#3433=DIRECTION('center_axis',(0.,0.,-1.));
#3434=DIRECTION('ref_axis',(0.,1.,0.));
#3435=DIRECTION('center_axis',(0.,0.,-1.));
#3436=DIRECTION('ref_axis',(0.,1.,0.));
#3437=DIRECTION('center_axis',(0.,0.,-1.));
#3438=DIRECTION('ref_axis',(0.,1.,0.));
#3439=DIRECTION('center_axis',(0.,0.,-1.));
#3440=DIRECTION('ref_axis',(0.,-1.,0.));
#3441=DIRECTION('center_axis',(0.,0.,-1.));
#3442=DIRECTION('ref_axis',(0.,-1.,0.));
#3443=DIRECTION('center_axis',(0.,0.,-1.));
#3444=DIRECTION('ref_axis',(0.,-1.,0.));
#3445=DIRECTION('center_axis',(0.,0.,-1.));
#3446=DIRECTION('ref_axis',(0.,-1.,0.));
#3447=DIRECTION('center_axis',(0.,0.,-1.));
#3448=DIRECTION('ref_axis',(0.,-1.,0.));
#3449=DIRECTION('',(0.,0.,-1.));
#3450=DIRECTION('center_axis',(0.,0.,-1.));
#3451=DIRECTION('ref_axis',(0.,-1.,0.));
#3452=DIRECTION('',(0.,0.,-1.));
#3453=DIRECTION('center_axis',(0.,0.,-1.));
#3454=DIRECTION('ref_axis',(0.,-1.,0.));
#3455=DIRECTION('',(0.,0.,-1.));
#3456=DIRECTION('center_axis',(0.,0.,-1.));
#3457=DIRECTION('ref_axis',(0.,-1.,0.));
#3458=DIRECTION('',(0.,0.,-1.));
#3459=DIRECTION('center_axis',(0.,0.,-1.));
#3460=DIRECTION('ref_axis',(-0.000395460686433557,0.99999992180542,0.));
#3461=DIRECTION('center_axis',(0.,0.,-1.));
#3462=DIRECTION('ref_axis',(0.000395460312860758,-0.999999921805567,0.));
#3463=DIRECTION('center_axis',(0.,0.,-1.));
#3464=DIRECTION('ref_axis',(0.999999921805463,0.000395460576573039,0.));
#3465=DIRECTION('center_axis',(0.,0.,-1.));
#3466=DIRECTION('ref_axis',(-1.,0.,0.));
#3467=DIRECTION('center_axis',(0.,0.,1.));
#3468=DIRECTION('ref_axis',(0.,-1.,0.));
#3469=DIRECTION('',(0.,0.,1.));
#3470=DIRECTION('center_axis',(0.,0.,1.));
#3471=DIRECTION('ref_axis',(0.,-1.,0.));
#3472=DIRECTION('',(0.,0.,1.));
#3473=DIRECTION('center_axis',(0.,0.,1.));
#3474=DIRECTION('ref_axis',(0.,-1.,0.));
#3475=DIRECTION('',(0.,0.,1.));
#3476=DIRECTION('center_axis',(0.,0.,1.));
#3477=DIRECTION('ref_axis',(0.,-1.,0.));
#3478=DIRECTION('',(0.,0.,1.));
#3479=CARTESIAN_POINT('',(0.,0.,0.));
#3480=CARTESIAN_POINT('Origin',(335.949290756,349.10204012,313.753918311));
#3481=CARTESIAN_POINT('',(256.436952248,425.113802532,313.753918311));
#3482=CARTESIAN_POINT('',(225.978268235,351.626759024,313.753918311));
#3483=CARTESIAN_POINT('Origin',(335.949290756,349.10204012,313.753918311));
#3484=CARTESIAN_POINT('',(225.978268235,351.626759024,310.753918311));
#3485=CARTESIAN_POINT('',(225.978268235,351.626759024,313.753918311));
#3486=CARTESIAN_POINT('',(256.436952248,425.113802532,310.753918311));
#3487=CARTESIAN_POINT('Origin',(335.949290756,349.10204012,310.753918311));
#3488=CARTESIAN_POINT('',(256.436952248,425.113802532,313.753918311));
#3489=CARTESIAN_POINT('Origin',(335.949290756,349.10204012,313.753918311));
#3490=CARTESIAN_POINT('',(225.977144358,346.626759024,313.753918311));
#3491=CARTESIAN_POINT('',(256.402789139,273.126030219,313.753918311));
#3492=CARTESIAN_POINT('Origin',(335.949290756,349.10204012,313.753918311));
#3493=CARTESIAN_POINT('',(256.402789139,273.126030219,310.753918311));
#3494=CARTESIAN_POINT('',(256.402789139,273.126030219,313.753918311));
#3495=CARTESIAN_POINT('',(225.977144358,346.626759024,310.753918311));
#3496=CARTESIAN_POINT('Origin',(335.949290756,349.10204012,310.753918311));
#3497=CARTESIAN_POINT('',(225.977144358,346.626759024,313.753918311));
#3498=CARTESIAN_POINT('Origin',(335.949290756,349.10204012,313.753918311));
#3499=CARTESIAN_POINT('',(259.937528344,269.589701612,313.753918311));
#3500=CARTESIAN_POINT('',(333.424571852,239.131017598,313.753918311));
#3501=CARTESIAN_POINT('Origin',(335.949290756,349.10204012,313.753918311));
#3502=CARTESIAN_POINT('',(333.424571852,239.131017598,310.753918311));
#3503=CARTESIAN_POINT('',(333.424571852,239.131017598,313.753918311));
#3504=CARTESIAN_POINT('',(259.937528344,269.589701612,310.753918311));
#3505=CARTESIAN_POINT('Origin',(335.949290756,349.10204012,310.753918311));
#3506=CARTESIAN_POINT('',(259.937528344,269.589701612,313.753918311));
#3507=CARTESIAN_POINT('Origin',(335.949290756,349.10204012,313.753918311));
#3508=CARTESIAN_POINT('',(338.424571852,239.129893721,313.753918311));
#3509=CARTESIAN_POINT('',(411.925300657,269.555538503,313.753918311));
#3510=CARTESIAN_POINT('Origin',(335.949290756,349.10204012,313.753918311));
#3511=CARTESIAN_POINT('',(411.925300657,269.555538503,310.753918311));
#3512=CARTESIAN_POINT('',(411.925300657,269.555538503,313.753918311));
#3513=CARTESIAN_POINT('',(338.424571852,239.129893721,310.753918311));
#3514=CARTESIAN_POINT('Origin',(335.949290756,349.10204012,310.753918311));
#3515=CARTESIAN_POINT('',(338.424571852,239.129893721,313.753918311));
#3516=CARTESIAN_POINT('Origin',(335.949290756,349.10204012,313.753918311));
#3517=CARTESIAN_POINT('',(415.461629264,273.090277708,313.753918311));
#3518=CARTESIAN_POINT('',(445.920313278,346.577321215,313.753918311));
#3519=CARTESIAN_POINT('Origin',(335.949290756,349.10204012,313.753918311));
#3520=CARTESIAN_POINT('',(445.920313278,346.577321215,310.753918311));
#3521=CARTESIAN_POINT('',(445.920313278,346.577321215,313.753918311));
#3522=CARTESIAN_POINT('',(415.461629264,273.090277708,310.753918311));
#3523=CARTESIAN_POINT('Origin',(335.949290756,349.10204012,310.753918311));
#3524=CARTESIAN_POINT('',(415.461629264,273.090277708,313.753918311));
#3525=CARTESIAN_POINT('Origin',(335.949290756,349.10204012,313.753918311));
#3526=CARTESIAN_POINT('',(445.921437155,351.577321215,313.753918311));
#3527=CARTESIAN_POINT('',(415.495792373,425.078050021,313.753918311));
#3528=CARTESIAN_POINT('Origin',(335.949290756,349.10204012,313.753918311));
#3529=CARTESIAN_POINT('',(415.495792373,425.078050021,310.753918311));
#3530=CARTESIAN_POINT('',(415.495792373,425.078050021,313.753918311));
#3531=CARTESIAN_POINT('',(445.921437155,351.577321215,310.753918311));
#3532=CARTESIAN_POINT('Origin',(335.949290756,349.10204012,310.753918311));
#3533=CARTESIAN_POINT('',(445.921437155,351.577321215,313.753918311));
#3534=CARTESIAN_POINT('Origin',(335.949290756,349.10204012,313.753918311));
#3535=CARTESIAN_POINT('',(411.961053168,428.614378628,313.753918311));
#3536=CARTESIAN_POINT('',(338.474009661,459.073062642,313.753918311));
#3537=CARTESIAN_POINT('Origin',(335.949290756,349.10204012,313.753918311));
#3538=CARTESIAN_POINT('',(338.474009661,459.073062642,310.753918311));
#3539=CARTESIAN_POINT('',(338.474009661,459.073062642,313.753918311));
#3540=CARTESIAN_POINT('',(411.961053168,428.614378628,310.753918311));
#3541=CARTESIAN_POINT('Origin',(335.949290756,349.10204012,310.753918311));
#3542=CARTESIAN_POINT('',(411.961053168,428.614378628,313.753918311));
#3543=CARTESIAN_POINT('Origin',(335.949290756,349.10204012,315.753918311));
#3544=CARTESIAN_POINT('',(320.964161059,349.769788532,310.753918311));
#3545=CARTESIAN_POINT('',(320.964161059,349.769788532,313.753918311));
#3546=CARTESIAN_POINT('',(320.964161059,349.769788532,310.753918311));
#3547=CARTESIAN_POINT('',(335.269690499,364.086636994,310.753918311));
#3548=CARTESIAN_POINT('Origin',(335.949290756,349.10204012,310.753918311));
#3549=CARTESIAN_POINT('',(335.269690499,364.086636994,313.753918311));
#3550=CARTESIAN_POINT('',(335.269690499,364.086636994,313.753918311));
#3551=CARTESIAN_POINT('Origin',(335.949290756,349.10204012,313.753918311));
#3552=CARTESIAN_POINT('Origin',(335.949290756,349.10204012,315.753918311));
#3553=CARTESIAN_POINT('',(320.964693882,348.422439862,313.753918311));
#3554=CARTESIAN_POINT('',(320.964693882,348.422439862,310.753918311));
#3555=CARTESIAN_POINT('',(320.964693882,348.422439862,313.753918311));
#3556=CARTESIAN_POINT('',(335.281542344,334.116910422,313.753918311));
#3557=CARTESIAN_POINT('Origin',(335.949290756,349.10204012,313.753918311));
#3558=CARTESIAN_POINT('',(335.281542344,334.116910422,310.753918311));
#3559=CARTESIAN_POINT('',(335.281542344,334.116910422,310.753918311));
#3560=CARTESIAN_POINT('Origin',(335.949290756,349.10204012,310.753918311));
#3561=CARTESIAN_POINT('Origin',(335.949290756,349.10204012,315.753918311));
#3562=CARTESIAN_POINT('',(350.934420454,348.434291708,310.753918311));
#3563=CARTESIAN_POINT('',(350.934420454,348.434291708,313.753918311));
#3564=CARTESIAN_POINT('',(350.934420454,348.434291708,310.753918311));
#3565=CARTESIAN_POINT('',(336.628891014,334.117443245,310.753918311));
#3566=CARTESIAN_POINT('Origin',(335.949290756,349.10204012,310.753918311));
#3567=CARTESIAN_POINT('',(336.628891014,334.117443245,313.753918311));
#3568=CARTESIAN_POINT('',(336.628891014,334.117443245,313.753918311));
#3569=CARTESIAN_POINT('Origin',(335.949290756,349.10204012,313.753918311));
#3570=CARTESIAN_POINT('Origin',(335.949290756,349.10204012,315.753918311));
#3571=CARTESIAN_POINT('',(350.933887631,349.781640377,313.753918311));
#3572=CARTESIAN_POINT('',(350.933887631,349.781640377,310.753918311));
#3573=CARTESIAN_POINT('',(350.933887631,349.781640377,313.753918311));
#3574=CARTESIAN_POINT('',(336.617039168,364.087169818,313.753918311));
#3575=CARTESIAN_POINT('Origin',(335.949290756,349.10204012,313.753918311));
#3576=CARTESIAN_POINT('',(336.617039168,364.087169818,310.753918311));
#3577=CARTESIAN_POINT('',(336.617039168,364.087169818,310.753918311));
#3578=CARTESIAN_POINT('Origin',(335.949290756,349.10204012,310.753918311));
#3579=CARTESIAN_POINT('Origin',(1335.949290756,-100.89795988,313.753918311));
#3580=CARTESIAN_POINT('',(335.949290756,469.10204012,313.753918311));
#3581=CARTESIAN_POINT('Origin',(335.949290756,349.10204012,313.753918311));
#3582=CARTESIAN_POINT('',(417.238247247,431.927548338,313.753918311));
#3583=CARTESIAN_POINT('Origin',(417.238247247,430.427548338,313.753918311));
#3584=CARTESIAN_POINT('',(254.660334266,269.276531902,313.753918311));
#3585=CARTESIAN_POINT('Origin',(254.660334266,267.776531902,313.753918311));
#3586=CARTESIAN_POINT('',(254.623782538,431.89099661,313.753918311));
#3587=CARTESIAN_POINT('Origin',(254.623782538,430.39099661,313.753918311));
#3588=CARTESIAN_POINT('',(417.274798974,269.31308363,313.753918311));
#3589=CARTESIAN_POINT('Origin',(417.274798974,267.81308363,313.753918311));
#3590=CARTESIAN_POINT('',(333.474009661,459.074186518,313.753918311));
#3591=CARTESIAN_POINT('',(259.973280855,428.648541737,313.753918311));
#3592=CARTESIAN_POINT('Origin',(335.949290756,349.10204012,313.753918311));
#3593=CARTESIAN_POINT('',(333.474009661,451.572147876,313.753918311));
#3594=CARTESIAN_POINT('',(333.474009661,451.572147876,313.753918311));
#3595=CARTESIAN_POINT('',(265.278081434,423.343741158,313.753918311));
#3596=CARTESIAN_POINT('Origin',(335.949290756,349.10204012,313.753918311));
#3597=CARTESIAN_POINT('',(265.278081434,423.343741158,313.753918311));
#3598=CARTESIAN_POINT('',(406.656310771,423.309636231,313.753918311));
#3599=CARTESIAN_POINT('',(406.656310771,423.309636231,313.753918311));
#3600=CARTESIAN_POINT('',(338.474009661,451.570941717,313.753918311));
#3601=CARTESIAN_POINT('Origin',(335.949290756,349.10204012,313.753918311));
#3602=CARTESIAN_POINT('',(338.474009661,451.570941717,313.753918311));
#3603=CARTESIAN_POINT('',(438.419398512,351.577321215,313.753918311));
#3604=CARTESIAN_POINT('',(438.419398512,351.577321215,313.753918311));
#3605=CARTESIAN_POINT('',(410.190991794,419.773249442,313.753918311));
#3606=CARTESIAN_POINT('Origin',(335.949290756,349.10204012,313.753918311));
#3607=CARTESIAN_POINT('',(410.190991794,419.773249442,313.753918311));
#3608=CARTESIAN_POINT('',(410.156886867,278.395020105,313.753918311));
#3609=CARTESIAN_POINT('',(410.156886867,278.395020105,313.753918311));
#3610=CARTESIAN_POINT('',(438.418192353,346.577321215,313.753918311));
#3611=CARTESIAN_POINT('Origin',(335.949290756,349.10204012,313.753918311));
#3612=CARTESIAN_POINT('',(438.418192353,346.577321215,313.753918311));
#3613=CARTESIAN_POINT('',(338.424571852,246.631932364,313.753918311));
#3614=CARTESIAN_POINT('',(338.424571852,246.631932364,313.753918311));
#3615=CARTESIAN_POINT('',(406.620500078,274.860339082,313.753918311));
#3616=CARTESIAN_POINT('Origin',(335.949290756,349.10204012,313.753918311));
#3617=CARTESIAN_POINT('',(406.620500078,274.860339082,313.753918311));
#3618=CARTESIAN_POINT('',(265.242270741,274.894444009,313.753918311));
#3619=CARTESIAN_POINT('',(265.242270741,274.894444009,313.753918311));
#3620=CARTESIAN_POINT('',(333.424571852,246.633138523,313.753918311));
#3621=CARTESIAN_POINT('Origin',(335.949290756,349.10204012,313.753918311));
#3622=CARTESIAN_POINT('',(333.424571852,246.633138523,313.753918311));
#3623=CARTESIAN_POINT('',(233.479183,346.626759024,313.753918311));
#3624=CARTESIAN_POINT('',(233.479183,346.626759024,313.753918311));
#3625=CARTESIAN_POINT('',(261.707589719,278.430830798,313.753918311));
#3626=CARTESIAN_POINT('Origin',(335.949290756,349.10204012,313.753918311));
#3627=CARTESIAN_POINT('',(261.707589719,278.430830798,313.753918311));
#3628=CARTESIAN_POINT('',(388.96868438,398.550942027,313.753918311));
#3629=CARTESIAN_POINT('',(406.654329832,416.23658748,313.753918311));
#3630=CARTESIAN_POINT('',(388.96868438,398.550942027,313.753918311));
#3631=CARTESIAN_POINT('',(406.620268671,281.931638301,313.753918311));
#3632=CARTESIAN_POINT('Origin',(335.949290756,349.10204012,313.753918311));
#3633=CARTESIAN_POINT('',(388.934932729,299.616974244,313.753918311));
#3634=CARTESIAN_POINT('',(388.934932729,299.616974244,313.753918311));
#3635=CARTESIAN_POINT('Origin',(335.949290756,349.10204012,313.753918311));
#3636=CARTESIAN_POINT('',(403.119692575,419.773018035,313.753918311));
#3637=CARTESIAN_POINT('',(268.814743396,419.807079196,313.753918311));
#3638=CARTESIAN_POINT('Origin',(335.949290756,349.10204012,313.753918311));
#3639=CARTESIAN_POINT('',(385.434356633,402.087682092,313.753918311));
#3640=CARTESIAN_POINT('',(385.434356633,402.087682092,313.753918311));
#3641=CARTESIAN_POINT('',(286.500388849,402.121433743,313.753918311));
#3642=CARTESIAN_POINT('Origin',(335.949290756,349.10204012,313.753918311));
#3643=CARTESIAN_POINT('',(286.500388849,402.121433743,313.753918311));
#3644=CARTESIAN_POINT('',(307.698553959,317.350727227,313.753918311));
#3645=CARTESIAN_POINT('',(290.001974129,299.654147397,313.753918311));
#3646=CARTESIAN_POINT('',(307.698553959,317.350727227,313.753918311));
#3647=CARTESIAN_POINT('',(364.163009834,317.317829326,313.753918311));
#3648=CARTESIAN_POINT('Origin',(335.949290756,349.10204012,313.753918311));
#3649=CARTESIAN_POINT('',(381.860353951,299.62048521,313.753918311));
#3650=CARTESIAN_POINT('',(364.163009834,317.317829326,313.753918311));
#3651=CARTESIAN_POINT('Origin',(335.949290756,349.10204012,313.753918311));
#3652=CARTESIAN_POINT('',(282.963648784,398.587105996,313.753918311));
#3653=CARTESIAN_POINT('',(265.278312841,416.272441939,313.753918311));
#3654=CARTESIAN_POINT('',(282.963648784,398.587105996,313.753918311));
#3655=CARTESIAN_POINT('',(282.929897133,299.653138213,313.753918311));
#3656=CARTESIAN_POINT('Origin',(335.949290756,349.10204012,313.753918311));
#3657=CARTESIAN_POINT('',(265.24425168,281.96749276,313.753918311));
#3658=CARTESIAN_POINT('',(282.929897133,299.653138213,313.753918311));
#3659=CARTESIAN_POINT('Origin',(335.949290756,349.10204012,313.753918311));
#3660=CARTESIAN_POINT('',(304.197977863,377.352776917,313.753918311));
#3661=CARTESIAN_POINT('',(304.165079962,320.888321042,313.753918311));
#3662=CARTESIAN_POINT('Origin',(335.949290756,349.10204012,313.753918311));
#3663=CARTESIAN_POINT('',(286.467735846,303.190976925,313.753918311));
#3664=CARTESIAN_POINT('',(304.165079962,320.888321042,313.753918311));
#3665=CARTESIAN_POINT('',(286.501398033,395.049356747,313.753918311));
#3666=CARTESIAN_POINT('Origin',(335.949290756,349.10204012,313.753918311));
#3667=CARTESIAN_POINT('',(304.197977863,377.352776917,313.753918311));
#3668=CARTESIAN_POINT('',(364.200027553,380.853353013,313.753918311));
#3669=CARTESIAN_POINT('',(381.896607384,398.549932843,313.753918311));
#3670=CARTESIAN_POINT('',(364.200027553,380.853353013,313.753918311));
#3671=CARTESIAN_POINT('',(307.735571678,380.886250914,313.753918311));
#3672=CARTESIAN_POINT('Origin',(335.949290756,349.10204012,313.753918311));
#3673=CARTESIAN_POINT('',(290.038227562,398.58359503,313.753918311));
#3674=CARTESIAN_POINT('',(307.735571678,380.886250914,313.753918311));
#3675=CARTESIAN_POINT('Origin',(335.949290756,349.10204012,313.753918311));
#3676=CARTESIAN_POINT('',(367.73350155,377.315759198,313.753918311));
#3677=CARTESIAN_POINT('',(385.430845667,395.013103314,313.753918311));
#3678=CARTESIAN_POINT('',(367.73350155,377.315759198,313.753918311));
#3679=CARTESIAN_POINT('',(385.397183479,303.154723493,313.753918311));
#3680=CARTESIAN_POINT('Origin',(335.949290756,349.10204012,313.753918311));
#3681=CARTESIAN_POINT('',(367.700603649,320.851303323,313.753918311));
#3682=CARTESIAN_POINT('',(367.700603649,320.851303323,313.753918311));
#3683=CARTESIAN_POINT('Origin',(335.949290756,349.10204012,313.753918311));
#3684=CARTESIAN_POINT('',(385.398192664,296.082646497,313.753918311));
#3685=CARTESIAN_POINT('',(403.083838116,278.397001044,313.753918311));
#3686=CARTESIAN_POINT('',(385.398192664,296.082646497,313.753918311));
#3687=CARTESIAN_POINT('',(268.778888937,278.431062205,313.753918311));
#3688=CARTESIAN_POINT('Origin',(335.949290756,349.10204012,313.753918311));
#3689=CARTESIAN_POINT('',(286.46422488,296.116398148,313.753918311));
#3690=CARTESIAN_POINT('',(286.46422488,296.116398148,313.753918311));
#3691=CARTESIAN_POINT('Origin',(335.949290756,349.10204012,313.753918311));
#3692=CARTESIAN_POINT('Origin',(319.349292054,349.095475475,313.753918311));
#3693=CARTESIAN_POINT('Origin',(335.942726111,365.702038822,313.753918311));
#3694=CARTESIAN_POINT('Origin',(352.549289458,349.108604765,313.753918311));
#3695=CARTESIAN_POINT('Origin',(335.955855401,332.502041418,313.753918311));
#3696=CARTESIAN_POINT('',(316.608195685,364.942559096,313.753918311));
#3697=CARTESIAN_POINT('',(311.077101579,351.626759024,313.753918311));
#3698=CARTESIAN_POINT('Origin',(335.949290756,349.10204012,313.753918311));
#3699=CARTESIAN_POINT('',(298.534376692,351.626759024,313.753918311));
#3700=CARTESIAN_POINT('',(311.077101579,351.626759024,313.753918311));
#3701=CARTESIAN_POINT('',(307.740327538,373.810427242,313.753918311));
#3702=CARTESIAN_POINT('Origin',(335.949290756,349.10204012,313.753918311));
#3703=CARTESIAN_POINT('',(316.608195685,364.942559096,313.753918311));
#3704=CARTESIAN_POINT('',(355.290385828,333.261521144,313.753918311));
#3705=CARTESIAN_POINT('',(360.821479933,346.577321215,313.753918311));
#3706=CARTESIAN_POINT('Origin',(335.949290756,349.10204012,313.753918311));
#3707=CARTESIAN_POINT('',(373.364204821,346.577321215,313.753918311));
#3708=CARTESIAN_POINT('',(360.821479933,346.577321215,313.753918311));
#3709=CARTESIAN_POINT('',(364.158253974,324.393652998,313.753918311));
#3710=CARTESIAN_POINT('Origin',(335.949290756,349.10204012,313.753918311));
#3711=CARTESIAN_POINT('',(355.290385828,333.261521144,313.753918311));
#3712=CARTESIAN_POINT('',(333.474009661,386.520257388,313.753918311));
#3713=CARTESIAN_POINT('',(311.278197162,377.34362543,313.753918311));
#3714=CARTESIAN_POINT('Origin',(335.949290756,349.10204012,313.753918311));
#3715=CARTESIAN_POINT('',(333.474009661,373.979197986,313.753918311));
#3716=CARTESIAN_POINT('',(333.474009661,373.979197986,313.753918311));
#3717=CARTESIAN_POINT('',(320.147242984,368.474579608,313.753918311));
#3718=CARTESIAN_POINT('Origin',(335.949290756,349.10204012,313.753918311));
#3719=CARTESIAN_POINT('',(320.147242984,368.474579608,313.753918311));
#3720=CARTESIAN_POINT('',(355.321830244,364.904087892,313.753918311));
#3721=CARTESIAN_POINT('',(364.190876067,373.773133714,313.753918311));
#3722=CARTESIAN_POINT('',(355.321830244,364.904087892,313.753918311));
#3723=CARTESIAN_POINT('',(373.367508024,351.577321215,313.753918311));
#3724=CARTESIAN_POINT('Origin',(335.949290756,349.10204012,313.753918311));
#3725=CARTESIAN_POINT('',(360.826448623,351.577321215,313.753918311));
#3726=CARTESIAN_POINT('',(360.826448623,351.577321215,313.753918311));
#3727=CARTESIAN_POINT('Origin',(335.949290756,349.10204012,313.753918311));
#3728=CARTESIAN_POINT('',(360.657677878,377.311003338,313.753918311));
#3729=CARTESIAN_POINT('',(338.474009661,386.516954184,313.753918311));
#3730=CARTESIAN_POINT('Origin',(335.949290756,349.10204012,313.753918311));
#3731=CARTESIAN_POINT('',(351.789809732,368.443135192,313.753918311));
#3732=CARTESIAN_POINT('',(351.789809732,368.443135192,313.753918311));
#3733=CARTESIAN_POINT('',(338.474009661,373.974229297,313.753918311));
#3734=CARTESIAN_POINT('Origin',(335.949290756,349.10204012,313.753918311));
#3735=CARTESIAN_POINT('',(338.474009661,373.974229297,313.753918311));
#3736=CARTESIAN_POINT('',(311.07213289,346.626759024,313.753918311));
#3737=CARTESIAN_POINT('',(298.531073489,346.626759024,313.753918311));
#3738=CARTESIAN_POINT('',(311.07213289,346.626759024,313.753918311));
#3739=CARTESIAN_POINT('',(316.576751268,333.299992348,313.753918311));
#3740=CARTESIAN_POINT('Origin',(335.949290756,349.10204012,313.753918311));
#3741=CARTESIAN_POINT('',(307.707705446,324.430946525,313.753918311));
#3742=CARTESIAN_POINT('',(316.576751268,333.299992348,313.753918311));
#3743=CARTESIAN_POINT('Origin',(335.949290756,349.10204012,313.753918311));
#3744=CARTESIAN_POINT('',(338.424571852,324.224882254,313.753918311));
#3745=CARTESIAN_POINT('',(338.424571852,311.683822852,313.753918311));
#3746=CARTESIAN_POINT('',(338.424571852,324.224882254,313.753918311));
#3747=CARTESIAN_POINT('',(351.751338528,329.729500632,313.753918311));
#3748=CARTESIAN_POINT('Origin',(335.949290756,349.10204012,313.753918311));
#3749=CARTESIAN_POINT('',(360.620384351,320.860454809,313.753918311));
#3750=CARTESIAN_POINT('',(351.751338528,329.729500632,313.753918311));
#3751=CARTESIAN_POINT('Origin',(335.949290756,349.10204012,313.753918311));
#3752=CARTESIAN_POINT('',(320.10877178,329.760945048,313.753918311));
#3753=CARTESIAN_POINT('',(311.240903634,320.893076902,313.753918311));
#3754=CARTESIAN_POINT('',(320.10877178,329.760945048,313.753918311));
#3755=CARTESIAN_POINT('',(333.424571852,324.229850943,313.753918311));
#3756=CARTESIAN_POINT('Origin',(335.949290756,349.10204012,313.753918311));
#3757=CARTESIAN_POINT('',(333.424571852,311.687126055,313.753918311));
#3758=CARTESIAN_POINT('',(333.424571852,324.229850943,313.753918311));
#3759=CARTESIAN_POINT('Origin',(335.949290756,349.10204012,313.753918311));
#3760=CARTESIAN_POINT('',(233.48038916,351.626759024,313.753918311));
#3761=CARTESIAN_POINT('',(233.48038916,351.626759024,313.753918311));
#3762=CARTESIAN_POINT('',(261.741694645,419.809060135,313.753918311));
#3763=CARTESIAN_POINT('',(261.741694645,419.809060135,313.753918311));
#3764=CARTESIAN_POINT('Origin',(335.949290756,349.10204012,313.753918311));
#3765=CARTESIAN_POINT('',(220.949290756,350.60204012,313.753918311));
#3766=CARTESIAN_POINT('Origin',(220.949290756,349.10204012,313.753918311));
#3767=CARTESIAN_POINT('',(335.949290756,235.60204012,313.753918311));
#3768=CARTESIAN_POINT('Origin',(335.949290756,234.10204012,313.753918311));
#3769=CARTESIAN_POINT('',(335.949290756,465.60204012,313.753918311));
#3770=CARTESIAN_POINT('Origin',(335.949290756,464.10204012,313.753918311));
#3771=CARTESIAN_POINT('',(450.949290756,350.60204012,313.753918311));
#3772=CARTESIAN_POINT('Origin',(450.949290756,349.10204012,313.753918311));
#3773=CARTESIAN_POINT('Origin',(335.949290756,349.10204012,313.753918311));
#3774=CARTESIAN_POINT('',(286.501398033,395.049356747,310.753918311));
#3775=CARTESIAN_POINT('',(286.501398033,395.049356747,313.753918311));
#3776=CARTESIAN_POINT('',(286.467735846,303.190976925,310.753918311));
#3777=CARTESIAN_POINT('',(286.467735846,303.190976925,313.753918311));
#3778=CARTESIAN_POINT('Origin',(335.949290756,349.10204012,310.753918311));
#3779=CARTESIAN_POINT('Origin',(290.039725907,391.511028873,313.753918311));
#3780=CARTESIAN_POINT('',(304.197977863,377.352776917,310.753918311));
#3781=CARTESIAN_POINT('',(304.197977863,377.352776917,310.753918311));
#3782=CARTESIAN_POINT('',(304.197977863,377.352776917,313.753918311));
#3783=CARTESIAN_POINT('Origin',(335.949290756,349.10204012,313.753918311));
#3784=CARTESIAN_POINT('',(388.96868438,398.550942027,310.753918311));
#3785=CARTESIAN_POINT('',(388.96868438,398.550942027,313.753918311));
#3786=CARTESIAN_POINT('',(388.934932729,299.616974244,310.753918311));
#3787=CARTESIAN_POINT('',(388.934932729,299.616974244,313.753918311));
#3788=CARTESIAN_POINT('Origin',(335.949290756,349.10204012,310.753918311));
#3789=CARTESIAN_POINT('Origin',(392.506103706,402.088361354,313.753918311));
#3790=CARTESIAN_POINT('',(406.654329832,416.23658748,310.753918311));
#3791=CARTESIAN_POINT('',(388.96868438,398.550942027,310.753918311));
#3792=CARTESIAN_POINT('',(406.654329832,416.23658748,313.753918311));
#3793=CARTESIAN_POINT('Origin',(335.949290756,349.10204012,313.753918311));
#3794=CARTESIAN_POINT('',(316.608195685,364.942559096,310.753918311));
#3795=CARTESIAN_POINT('',(311.077101579,351.626759024,310.753918311));
#3796=CARTESIAN_POINT('Origin',(335.949290756,349.10204012,310.753918311));
#3797=CARTESIAN_POINT('',(311.077101579,351.626759024,313.753918311));
#3798=CARTESIAN_POINT('',(316.608195685,364.942559096,313.753918311));
#3799=CARTESIAN_POINT('Origin',(306.062882583,351.626759024,313.753918311));
#3800=CARTESIAN_POINT('',(298.534376692,351.626759024,310.753918311));
#3801=CARTESIAN_POINT('',(311.077101579,351.626759024,310.753918311));
#3802=CARTESIAN_POINT('',(298.534376692,351.626759024,313.753918311));
#3803=CARTESIAN_POINT('Origin',(335.949290756,349.10204012,313.753918311));
#3804=CARTESIAN_POINT('',(307.740327538,373.810427242,310.753918311));
#3805=CARTESIAN_POINT('Origin',(335.949290756,349.10204012,310.753918311));
#3806=CARTESIAN_POINT('',(307.740327538,373.810427242,313.753918311));
#3807=CARTESIAN_POINT('Origin',(335.949290756,349.10204012,313.753918311));
#3808=CARTESIAN_POINT('',(385.430845667,395.013103314,310.753918311));
#3809=CARTESIAN_POINT('',(385.430845667,395.013103314,313.753918311));
#3810=CARTESIAN_POINT('',(385.397183479,303.154723493,310.753918311));
#3811=CARTESIAN_POINT('Origin',(335.949290756,349.10204012,310.753918311));
#3812=CARTESIAN_POINT('',(385.397183479,303.154723493,313.753918311));
#3813=CARTESIAN_POINT('Origin',(335.949290756,349.10204012,313.753918311));
#3814=CARTESIAN_POINT('',(355.290385828,333.261521144,310.753918311));
#3815=CARTESIAN_POINT('',(360.821479933,346.577321215,310.753918311));
#3816=CARTESIAN_POINT('Origin',(335.949290756,349.10204012,310.753918311));
#3817=CARTESIAN_POINT('',(360.821479933,346.577321215,313.753918311));
#3818=CARTESIAN_POINT('',(355.290385828,333.261521144,313.753918311));
#3819=CARTESIAN_POINT('Origin',(365.83569893,346.577321215,313.753918311));
#3820=CARTESIAN_POINT('',(373.364204821,346.577321215,310.753918311));
#3821=CARTESIAN_POINT('',(360.821479933,346.577321215,310.753918311));
#3822=CARTESIAN_POINT('',(373.364204821,346.577321215,313.753918311));
#3823=CARTESIAN_POINT('Origin',(335.949290756,349.10204012,313.753918311));
#3824=CARTESIAN_POINT('',(364.158253974,324.393652998,310.753918311));
#3825=CARTESIAN_POINT('Origin',(335.949290756,349.10204012,310.753918311));
#3826=CARTESIAN_POINT('',(364.158253974,324.393652998,313.753918311));
#3827=CARTESIAN_POINT('Origin',(371.274096598,380.856354246,313.753918311));
#3828=CARTESIAN_POINT('',(367.73350155,377.315759198,310.753918311));
#3829=CARTESIAN_POINT('',(367.73350155,377.315759198,310.753918311));
#3830=CARTESIAN_POINT('',(367.73350155,377.315759198,313.753918311));
#3831=CARTESIAN_POINT('Origin',(335.949290756,349.10204012,313.753918311));
#3832=CARTESIAN_POINT('',(304.165079962,320.888321042,310.753918311));
#3833=CARTESIAN_POINT('',(304.165079962,320.888321042,313.753918311));
#3834=CARTESIAN_POINT('Origin',(335.949290756,349.10204012,310.753918311));
#3835=CARTESIAN_POINT('Origin',(335.949290756,349.10204012,313.753918311));
#3836=CARTESIAN_POINT('',(333.474009661,386.520257388,310.753918311));
#3837=CARTESIAN_POINT('',(311.278197162,377.34362543,310.753918311));
#3838=CARTESIAN_POINT('Origin',(335.949290756,349.10204012,310.753918311));
#3839=CARTESIAN_POINT('',(333.474009661,386.520257388,313.753918311));
#3840=CARTESIAN_POINT('',(311.278197162,377.34362543,313.753918311));
#3841=CARTESIAN_POINT('Origin',(333.474009661,378.992863554,313.753918311));
#3842=CARTESIAN_POINT('',(333.474009661,373.979197986,310.753918311));
#3843=CARTESIAN_POINT('',(333.474009661,373.979197986,310.753918311));
#3844=CARTESIAN_POINT('',(333.474009661,373.979197986,313.753918311));
#3845=CARTESIAN_POINT('Origin',(335.949290756,349.10204012,313.753918311));
#3846=CARTESIAN_POINT('',(320.147242984,368.474579608,310.753918311));
#3847=CARTESIAN_POINT('Origin',(335.949290756,349.10204012,310.753918311));
#3848=CARTESIAN_POINT('',(320.147242984,368.474579608,313.753918311));
#3849=CARTESIAN_POINT('Origin',(358.867418499,368.449676147,313.753918311));
#3850=CARTESIAN_POINT('',(355.321830244,364.904087892,310.753918311));
#3851=CARTESIAN_POINT('',(364.190876067,373.773133714,310.753918311));
#3852=CARTESIAN_POINT('',(355.321830244,364.904087892,310.753918311));
#3853=CARTESIAN_POINT('',(364.190876067,373.773133714,313.753918311));
#3854=CARTESIAN_POINT('',(355.321830244,364.904087892,313.753918311));
#3855=CARTESIAN_POINT('Origin',(335.949290756,349.10204012,313.753918311));
#3856=CARTESIAN_POINT('',(373.367508024,351.577321215,310.753918311));
#3857=CARTESIAN_POINT('Origin',(335.949290756,349.10204012,310.753918311));
#3858=CARTESIAN_POINT('',(373.367508024,351.577321215,313.753918311));
#3859=CARTESIAN_POINT('Origin',(365.84011419,351.577321215,313.753918311));
#3860=CARTESIAN_POINT('',(360.826448623,351.577321215,310.753918311));
#3861=CARTESIAN_POINT('',(360.826448623,351.577321215,310.753918311));
#3862=CARTESIAN_POINT('',(360.826448623,351.577321215,313.753918311));
#3863=CARTESIAN_POINT('Origin',(335.949290756,349.10204012,313.753918311));
#3864=CARTESIAN_POINT('',(360.657677878,377.311003338,310.753918311));
#3865=CARTESIAN_POINT('',(338.474009661,386.516954184,310.753918311));
#3866=CARTESIAN_POINT('Origin',(335.949290756,349.10204012,310.753918311));
#3867=CARTESIAN_POINT('',(360.657677878,377.311003338,313.753918311));
#3868=CARTESIAN_POINT('',(338.474009661,386.516954184,313.753918311));
#3869=CARTESIAN_POINT('Origin',(355.335006654,371.988332113,313.753918311));
#3870=CARTESIAN_POINT('',(351.789809732,368.443135192,310.753918311));
#3871=CARTESIAN_POINT('',(351.789809732,368.443135192,310.753918311));
#3872=CARTESIAN_POINT('',(351.789809732,368.443135192,313.753918311));
#3873=CARTESIAN_POINT('Origin',(335.949290756,349.10204012,313.753918311));
#3874=CARTESIAN_POINT('',(338.474009661,373.974229297,310.753918311));
#3875=CARTESIAN_POINT('Origin',(335.949290756,349.10204012,310.753918311));
#3876=CARTESIAN_POINT('',(338.474009661,373.974229297,313.753918311));
#3877=CARTESIAN_POINT('Origin',(367.740425921,384.393751381,313.753918311));
#3878=CARTESIAN_POINT('',(364.200027553,380.853353013,310.753918311));
#3879=CARTESIAN_POINT('',(364.200027553,380.853353013,313.753918311));
#3880=CARTESIAN_POINT('',(381.896607384,398.549932843,310.753918311));
#3881=CARTESIAN_POINT('',(381.896607384,398.549932843,313.753918311));
#3882=CARTESIAN_POINT('',(364.200027553,380.853353013,310.753918311));
#3883=CARTESIAN_POINT('Origin',(335.949290756,349.10204012,313.753918311));
#3884=CARTESIAN_POINT('',(307.735571678,380.886250914,310.753918311));
#3885=CARTESIAN_POINT('',(307.735571678,380.886250914,313.753918311));
#3886=CARTESIAN_POINT('Origin',(335.949290756,349.10204012,310.753918311));
#3887=CARTESIAN_POINT('Origin',(306.058467322,346.626759024,313.753918311));
#3888=CARTESIAN_POINT('',(311.07213289,346.626759024,310.753918311));
#3889=CARTESIAN_POINT('',(298.531073489,346.626759024,310.753918311));
#3890=CARTESIAN_POINT('',(311.07213289,346.626759024,310.753918311));
#3891=CARTESIAN_POINT('',(311.07213289,346.626759024,313.753918311));
#3892=CARTESIAN_POINT('',(298.531073489,346.626759024,313.753918311));
#3893=CARTESIAN_POINT('Origin',(335.949290756,349.10204012,313.753918311));
#3894=CARTESIAN_POINT('',(316.576751268,333.299992348,310.753918311));
#3895=CARTESIAN_POINT('Origin',(335.949290756,349.10204012,310.753918311));
#3896=CARTESIAN_POINT('',(316.576751268,333.299992348,313.753918311));
#3897=CARTESIAN_POINT('Origin',(313.031163014,329.754404093,313.753918311));
#3898=CARTESIAN_POINT('',(307.707705446,324.430946525,310.753918311));
#3899=CARTESIAN_POINT('',(316.576751268,333.299992348,310.753918311));
#3900=CARTESIAN_POINT('',(307.707705446,324.430946525,313.753918311));
#3901=CARTESIAN_POINT('Origin',(293.576668296,395.045154296,313.753918311));
#3902=CARTESIAN_POINT('',(290.038227562,398.58359503,310.753918311));
#3903=CARTESIAN_POINT('',(307.735571678,380.886250914,310.753918311));
#3904=CARTESIAN_POINT('',(290.038227562,398.58359503,313.753918311));
#3905=CARTESIAN_POINT('Origin',(338.424571852,319.211216686,313.753918311));
#3906=CARTESIAN_POINT('',(338.424571852,324.224882254,310.753918311));
#3907=CARTESIAN_POINT('',(338.424571852,311.683822852,310.753918311));
#3908=CARTESIAN_POINT('',(338.424571852,324.224882254,310.753918311));
#3909=CARTESIAN_POINT('',(338.424571852,324.224882254,313.753918311));
#3910=CARTESIAN_POINT('',(338.424571852,311.683822852,313.753918311));
#3911=CARTESIAN_POINT('Origin',(335.949290756,349.10204012,313.753918311));
#3912=CARTESIAN_POINT('',(351.751338528,329.729500632,310.753918311));
#3913=CARTESIAN_POINT('Origin',(335.949290756,349.10204012,310.753918311));
#3914=CARTESIAN_POINT('',(351.751338528,329.729500632,313.753918311));
#3915=CARTESIAN_POINT('Origin',(355.296926783,326.183912377,313.753918311));
#3916=CARTESIAN_POINT('',(360.620384351,320.860454809,310.753918311));
#3917=CARTESIAN_POINT('',(351.751338528,329.729500632,310.753918311));
#3918=CARTESIAN_POINT('',(360.620384351,320.860454809,313.753918311));
#3919=CARTESIAN_POINT('Origin',(300.624484914,317.347725994,313.753918311));
#3920=CARTESIAN_POINT('',(304.165079962,320.888321042,310.753918311));
#3921=CARTESIAN_POINT('Origin',(316.563574859,326.215748126,313.753918311));
#3922=CARTESIAN_POINT('',(320.10877178,329.760945048,310.753918311));
#3923=CARTESIAN_POINT('',(311.240903634,320.893076902,310.753918311));
#3924=CARTESIAN_POINT('',(320.10877178,329.760945048,310.753918311));
#3925=CARTESIAN_POINT('',(320.10877178,329.760945048,313.753918311));
#3926=CARTESIAN_POINT('',(311.240903634,320.893076902,313.753918311));
#3927=CARTESIAN_POINT('Origin',(335.949290756,349.10204012,313.753918311));
#3928=CARTESIAN_POINT('',(333.424571852,324.229850943,310.753918311));
#3929=CARTESIAN_POINT('Origin',(335.949290756,349.10204012,310.753918311));
#3930=CARTESIAN_POINT('',(333.424571852,324.229850943,313.753918311));
#3931=CARTESIAN_POINT('Origin',(333.424571852,319.215631947,313.753918311));
#3932=CARTESIAN_POINT('',(333.424571852,311.687126055,310.753918311));
#3933=CARTESIAN_POINT('',(333.424571852,324.229850943,310.753918311));
#3934=CARTESIAN_POINT('',(333.424571852,311.687126055,313.753918311));
#3935=CARTESIAN_POINT('Origin',(371.241002017,317.310904955,313.753918311));
#3936=CARTESIAN_POINT('',(367.700603649,320.851303323,310.753918311));
#3937=CARTESIAN_POINT('',(367.700603649,320.851303323,313.753918311));
#3938=CARTESIAN_POINT('',(367.700603649,320.851303323,310.753918311));
#3939=CARTESIAN_POINT('Origin',(335.949290756,349.10204012,313.753918311));
#3940=CARTESIAN_POINT('Origin',(335.949290756,349.10204012,310.753918311));
#3941=CARTESIAN_POINT('Origin',(304.158155591,313.810328859,313.753918311));
#3942=CARTESIAN_POINT('',(307.698553959,317.350727227,310.753918311));
#3943=CARTESIAN_POINT('',(307.698553959,317.350727227,313.753918311));
#3944=CARTESIAN_POINT('',(290.001974129,299.654147397,310.753918311));
#3945=CARTESIAN_POINT('',(290.001974129,299.654147397,313.753918311));
#3946=CARTESIAN_POINT('',(307.698553959,317.350727227,310.753918311));
#3947=CARTESIAN_POINT('Origin',(335.949290756,349.10204012,313.753918311));
#3948=CARTESIAN_POINT('',(364.163009834,317.317829326,310.753918311));
#3949=CARTESIAN_POINT('Origin',(335.949290756,349.10204012,310.753918311));
#3950=CARTESIAN_POINT('',(364.163009834,317.317829326,313.753918311));
#3951=CARTESIAN_POINT('Origin',(279.426302629,402.124452151,313.753918311));
#3952=CARTESIAN_POINT('',(282.963648784,398.587105996,310.753918311));
#3953=CARTESIAN_POINT('',(282.963648784,398.587105996,313.753918311));
#3954=CARTESIAN_POINT('',(265.278312841,416.272441939,310.753918311));
#3955=CARTESIAN_POINT('',(265.278312841,416.272441939,313.753918311));
#3956=CARTESIAN_POINT('',(282.963648784,398.587105996,310.753918311));
#3957=CARTESIAN_POINT('Origin',(335.949290756,349.10204012,313.753918311));
#3958=CARTESIAN_POINT('',(282.929897133,299.653138213,310.753918311));
#3959=CARTESIAN_POINT('',(282.929897133,299.653138213,313.753918311));
#3960=CARTESIAN_POINT('Origin',(335.949290756,349.10204012,310.753918311));
#3961=CARTESIAN_POINT('Origin',(282.962969522,405.65885307,313.753918311));
#3962=CARTESIAN_POINT('',(286.500388849,402.121433743,310.753918311));
#3963=CARTESIAN_POINT('',(286.500388849,402.121433743,313.753918311));
#3964=CARTESIAN_POINT('',(268.814743396,419.807079196,310.753918311));
#3965=CARTESIAN_POINT('',(286.500388849,402.121433743,310.753918311));
#3966=CARTESIAN_POINT('',(268.814743396,419.807079196,313.753918311));
#3967=CARTESIAN_POINT('Origin',(335.949290756,349.10204012,313.753918311));
#3968=CARTESIAN_POINT('',(403.119692575,419.773018035,310.753918311));
#3969=CARTESIAN_POINT('Origin',(335.949290756,349.10204012,310.753918311));
#3970=CARTESIAN_POINT('',(403.119692575,419.773018035,313.753918311));
#3971=CARTESIAN_POINT('Origin',(335.949290756,349.10204012,313.753918311));
#3972=CARTESIAN_POINT('',(265.24425168,281.96749276,310.753918311));
#3973=CARTESIAN_POINT('',(265.24425168,281.96749276,313.753918311));
#3974=CARTESIAN_POINT('Origin',(335.949290756,349.10204012,310.753918311));
#3975=CARTESIAN_POINT('Origin',(261.741569942,426.88025265,313.753918311));
#3976=CARTESIAN_POINT('',(265.278081434,423.343741158,310.753918311));
#3977=CARTESIAN_POINT('',(259.973280855,428.648541737,310.753918311));
#3978=CARTESIAN_POINT('',(265.278081434,423.343741158,310.753918311));
#3979=CARTESIAN_POINT('',(259.973280855,428.648541737,313.753918311));
#3980=CARTESIAN_POINT('',(265.278081434,423.343741158,313.753918311));
#3981=CARTESIAN_POINT('Origin',(335.949290756,349.10204012,313.753918311));
#3982=CARTESIAN_POINT('',(333.474009661,459.074186518,310.753918311));
#3983=CARTESIAN_POINT('Origin',(335.949290756,349.10204012,310.753918311));
#3984=CARTESIAN_POINT('',(333.474009661,459.074186518,313.753918311));
#3985=CARTESIAN_POINT('Origin',(333.474009661,456.573476757,313.753918311));
#3986=CARTESIAN_POINT('',(333.474009661,451.572147876,310.753918311));
#3987=CARTESIAN_POINT('',(333.474009661,451.572147876,310.753918311));
#3988=CARTESIAN_POINT('',(333.474009661,451.572147876,313.753918311));
#3989=CARTESIAN_POINT('Origin',(410.192784339,426.846109798,313.753918311));
#3990=CARTESIAN_POINT('',(406.656310771,423.309636231,310.753918311));
#3991=CARTESIAN_POINT('',(406.656310771,423.309636231,310.753918311));
#3992=CARTESIAN_POINT('',(406.656310771,423.309636231,313.753918311));
#3993=CARTESIAN_POINT('Origin',(335.949290756,349.10204012,313.753918311));
#3994=CARTESIAN_POINT('',(338.474009661,451.570941717,310.753918311));
#3995=CARTESIAN_POINT('Origin',(335.949290756,349.10204012,310.753918311));
#3996=CARTESIAN_POINT('',(338.474009661,451.570941717,313.753918311));
#3997=CARTESIAN_POINT('Origin',(335.949290756,349.10204012,313.753918311));
#3998=CARTESIAN_POINT('',(338.424571852,246.631932364,310.753918311));
#3999=CARTESIAN_POINT('',(406.620500078,274.860339082,310.753918311));
#4000=CARTESIAN_POINT('Origin',(335.949290756,349.10204012,310.753918311));
#4001=CARTESIAN_POINT('',(406.620500078,274.860339082,313.753918311));
#4002=CARTESIAN_POINT('',(338.424571852,246.631932364,313.753918311));
#4003=CARTESIAN_POINT('Origin',(410.157011571,271.323827589,313.753918311));
#4004=CARTESIAN_POINT('',(406.620500078,274.860339082,310.753918311));
#4005=CARTESIAN_POINT('Origin',(413.693360434,274.858546538,313.753918311));
#4006=CARTESIAN_POINT('',(410.156886867,278.395020105,310.753918311));
#4007=CARTESIAN_POINT('',(410.156886867,278.395020105,310.753918311));
#4008=CARTESIAN_POINT('',(410.156886867,278.395020105,313.753918311));
#4009=CARTESIAN_POINT('Origin',(335.949290756,349.10204012,313.753918311));
#4010=CARTESIAN_POINT('',(438.418192353,346.577321215,310.753918311));
#4011=CARTESIAN_POINT('Origin',(335.949290756,349.10204012,310.753918311));
#4012=CARTESIAN_POINT('',(438.418192353,346.577321215,313.753918311));
#4013=CARTESIAN_POINT('Origin',(443.41957487,346.577321215,313.753918311));
#4014=CARTESIAN_POINT('',(438.418192353,346.577321215,310.753918311));
#4015=CARTESIAN_POINT('Origin',(261.705797174,271.357970442,313.753918311));
#4016=CARTESIAN_POINT('',(265.242270741,274.894444009,310.753918311));
#4017=CARTESIAN_POINT('',(265.242270741,274.894444009,310.753918311));
#4018=CARTESIAN_POINT('',(265.242270741,274.894444009,313.753918311));
#4019=CARTESIAN_POINT('Origin',(335.949290756,349.10204012,313.753918311));
#4020=CARTESIAN_POINT('',(333.424571852,246.633138523,310.753918311));
#4021=CARTESIAN_POINT('Origin',(335.949290756,349.10204012,310.753918311));
#4022=CARTESIAN_POINT('',(333.424571852,246.633138523,313.753918311));
#4023=CARTESIAN_POINT('Origin',(335.949290756,349.10204012,313.753918311));
#4024=CARTESIAN_POINT('',(406.620268671,281.931638301,310.753918311));
#4025=CARTESIAN_POINT('Origin',(335.949290756,349.10204012,310.753918311));
#4026=CARTESIAN_POINT('',(406.620268671,281.931638301,313.753918311));
#4027=CARTESIAN_POINT('Origin',(403.083464495,285.468442478,313.753918311));
#4028=CARTESIAN_POINT('',(388.934932729,299.616974244,310.753918311));
#4029=CARTESIAN_POINT('Origin',(443.420727394,351.577321215,313.753918311));
#4030=CARTESIAN_POINT('',(438.419398512,351.577321215,310.753918311));
#4031=CARTESIAN_POINT('',(438.419398512,351.577321215,310.753918311));
#4032=CARTESIAN_POINT('',(438.419398512,351.577321215,313.753918311));
#4033=CARTESIAN_POINT('Origin',(335.949290756,349.10204012,313.753918311));
#4034=CARTESIAN_POINT('',(410.190991794,419.773249442,310.753918311));
#4035=CARTESIAN_POINT('Origin',(335.949290756,349.10204012,310.753918311));
#4036=CARTESIAN_POINT('',(410.190991794,419.773249442,313.753918311));
#4037=CARTESIAN_POINT('Origin',(413.727503287,423.309760934,313.753918311));
#4038=CARTESIAN_POINT('',(410.190991794,419.773249442,310.753918311));
#4039=CARTESIAN_POINT('Origin',(228.477854119,346.626759024,313.753918311));
#4040=CARTESIAN_POINT('',(233.479183,346.626759024,310.753918311));
#4041=CARTESIAN_POINT('',(233.479183,346.626759024,310.753918311));
#4042=CARTESIAN_POINT('',(233.479183,346.626759024,313.753918311));
#4043=CARTESIAN_POINT('Origin',(335.949290756,349.10204012,313.753918311));
#4044=CARTESIAN_POINT('',(261.707589719,278.430830798,310.753918311));
#4045=CARTESIAN_POINT('Origin',(335.949290756,349.10204012,310.753918311));
#4046=CARTESIAN_POINT('',(261.707589719,278.430830798,313.753918311));
#4047=CARTESIAN_POINT('Origin',(282.926878725,292.579051993,313.753918311));
#4048=CARTESIAN_POINT('',(268.778888937,278.431062205,310.753918311));
#4049=CARTESIAN_POINT('',(268.778888937,278.431062205,313.753918311));
#4050=CARTESIAN_POINT('',(286.46422488,296.116398148,310.753918311));
#4051=CARTESIAN_POINT('',(286.46422488,296.116398148,310.753918311));
#4052=CARTESIAN_POINT('',(286.46422488,296.116398148,313.753918311));
#4053=CARTESIAN_POINT('Origin',(399.546982663,281.933856497,313.753918311));
#4054=CARTESIAN_POINT('',(403.083838116,278.397001044,310.753918311));
#4055=CARTESIAN_POINT('',(403.083838116,278.397001044,313.753918311));
#4056=CARTESIAN_POINT('',(385.398192664,296.082646497,310.753918311));
#4057=CARTESIAN_POINT('',(385.398192664,296.082646497,313.753918311));
#4058=CARTESIAN_POINT('',(385.398192664,296.082646497,310.753918311));
#4059=CARTESIAN_POINT('Origin',(367.703604882,313.777234278,313.753918311));
#4060=CARTESIAN_POINT('',(381.860353951,299.62048521,310.753918311));
#4061=CARTESIAN_POINT('',(364.163009834,317.317829326,310.753918311));
#4062=CARTESIAN_POINT('',(381.860353951,299.62048521,313.753918311));
#4063=CARTESIAN_POINT('Origin',(258.205221078,423.345533702,313.753918311));
#4064=CARTESIAN_POINT('',(261.741694645,419.809060135,310.753918311));
#4065=CARTESIAN_POINT('',(261.741694645,419.809060135,310.753918311));
#4066=CARTESIAN_POINT('',(261.741694645,419.809060135,313.753918311));
#4067=CARTESIAN_POINT('Origin',(335.949290756,349.10204012,313.753918311));
#4068=CARTESIAN_POINT('',(233.48038916,351.626759024,310.753918311));
#4069=CARTESIAN_POINT('Origin',(335.949290756,349.10204012,310.753918311));
#4070=CARTESIAN_POINT('',(233.48038916,351.626759024,313.753918311));
#4071=CARTESIAN_POINT('Origin',(279.392477806,296.115718886,313.753918311));
#4072=CARTESIAN_POINT('',(282.929897133,299.653138213,310.753918311));
#4073=CARTESIAN_POINT('Origin',(388.971702787,405.625028247,313.753918311));
#4074=CARTESIAN_POINT('',(385.434356633,402.087682092,310.753918311));
#4075=CARTESIAN_POINT('',(385.434356633,402.087682092,310.753918311));
#4076=CARTESIAN_POINT('',(385.434356633,402.087682092,313.753918311));
#4077=CARTESIAN_POINT('Origin',(313.062998763,368.487756018,313.753918311));
#4078=CARTESIAN_POINT('',(316.608195685,364.942559096,310.753918311));
#4079=CARTESIAN_POINT('Origin',(358.83558275,329.716324222,313.753918311));
#4080=CARTESIAN_POINT('',(355.290385828,333.261521144,310.753918311));
#4081=CARTESIAN_POINT('Origin',(316.60165473,372.020167863,313.753918311));
#4082=CARTESIAN_POINT('',(320.147242984,368.474579608,310.753918311));
#4083=CARTESIAN_POINT('Origin',(335.949290756,349.10204012,313.753918311));
#4084=CARTESIAN_POINT('Origin',(335.949290756,349.10204012,310.753918311));
#4085=CARTESIAN_POINT('Origin',(338.474009661,378.988448293,313.753918311));
#4086=CARTESIAN_POINT('',(338.474009661,373.974229297,310.753918311));
#4087=CARTESIAN_POINT('Origin',(335.949290756,349.10204012,313.753918311));
#4088=CARTESIAN_POINT('Origin',(335.949290756,349.10204012,310.753918311));
#4089=CARTESIAN_POINT('Origin',(335.949290756,349.10204012,313.753918311));
#4090=CARTESIAN_POINT('Origin',(335.949290756,349.10204012,310.753918311));
#4091=CARTESIAN_POINT('Origin',(335.949290756,349.10204012,313.753918311));
#4092=CARTESIAN_POINT('Origin',(335.949290756,349.10204012,310.753918311));
#4093=CARTESIAN_POINT('Origin',(335.949290756,349.10204012,313.753918311));
#4094=CARTESIAN_POINT('Origin',(335.949290756,349.10204012,310.753918311));
#4095=CARTESIAN_POINT('Origin',(335.949290756,349.10204012,313.753918311));
#4096=CARTESIAN_POINT('Origin',(335.949290756,349.10204012,310.753918311));
#4097=CARTESIAN_POINT('Origin',(335.949290756,349.10204012,313.753918311));
#4098=CARTESIAN_POINT('Origin',(335.949290756,349.10204012,310.753918311));
#4099=CARTESIAN_POINT('Origin',(335.949290756,349.10204012,313.753918311));
#4100=CARTESIAN_POINT('Origin',(335.949290756,349.10204012,310.753918311));
#4101=CARTESIAN_POINT('Origin',(338.474009661,456.572324233,313.753918311));
#4102=CARTESIAN_POINT('',(338.474009661,451.570941717,310.753918311));
#4103=CARTESIAN_POINT('Origin',(338.424571852,241.630603482,313.753918311));
#4104=CARTESIAN_POINT('',(338.424571852,246.631932364,310.753918311));
#4105=CARTESIAN_POINT('Origin',(333.424571852,241.631756007,313.753918311));
#4106=CARTESIAN_POINT('',(333.424571852,246.633138523,310.753918311));
#4107=CARTESIAN_POINT('Origin',(335.949290756,349.10204012,313.753918311));
#4108=CARTESIAN_POINT('',(335.949290756,469.10204012,310.753918311));
#4109=CARTESIAN_POINT('Origin',(335.949290756,349.10204012,310.753918311));
#4110=CARTESIAN_POINT('',(335.949290756,469.10204012,313.753918311));
#4111=CARTESIAN_POINT('Origin',(258.171078226,274.894319305,313.753918311));
#4112=CARTESIAN_POINT('',(261.707589719,278.430830798,310.753918311));
#4113=CARTESIAN_POINT('Origin',(335.949290756,349.10204012,313.753918311));
#4114=CARTESIAN_POINT('Origin',(335.949290756,349.10204012,310.753918311));
#4115=CARTESIAN_POINT('Origin',(335.949290756,349.10204012,313.753918311));
#4116=CARTESIAN_POINT('Origin',(335.949290756,349.10204012,310.753918311));
#4117=CARTESIAN_POINT('Origin',(228.479006643,351.626759024,313.753918311));
#4118=CARTESIAN_POINT('',(233.48038916,351.626759024,310.753918311));
#4119=CARTESIAN_POINT('Origin',(1335.949290756,-100.89795988,310.753918311));
#4120=CARTESIAN_POINT('',(417.238247247,431.927548338,310.753918311));
#4121=CARTESIAN_POINT('Origin',(417.238247247,430.427548338,310.753918311));
#4122=CARTESIAN_POINT('',(254.660334266,269.276531902,310.753918311));
#4123=CARTESIAN_POINT('Origin',(254.660334266,267.776531902,310.753918311));
#4124=CARTESIAN_POINT('',(254.623782538,431.89099661,310.753918311));
#4125=CARTESIAN_POINT('Origin',(254.623782538,430.39099661,310.753918311));
#4126=CARTESIAN_POINT('',(417.274798974,269.31308363,310.753918311));
#4127=CARTESIAN_POINT('Origin',(417.274798974,267.81308363,310.753918311));
#4128=CARTESIAN_POINT('Origin',(319.349292054,349.095475475,310.753918311));
#4129=CARTESIAN_POINT('Origin',(335.955855401,332.502041418,310.753918311));
#4130=CARTESIAN_POINT('Origin',(352.549289458,349.108604765,310.753918311));
#4131=CARTESIAN_POINT('Origin',(335.942726111,365.702038822,310.753918311));
#4132=CARTESIAN_POINT('',(220.949290756,350.60204012,310.753918311));
#4133=CARTESIAN_POINT('Origin',(220.949290756,349.10204012,310.753918311));
#4134=CARTESIAN_POINT('',(335.949290756,235.60204012,310.753918311));
#4135=CARTESIAN_POINT('Origin',(335.949290756,234.10204012,310.753918311));
#4136=CARTESIAN_POINT('',(335.949290756,465.60204012,310.753918311));
#4137=CARTESIAN_POINT('Origin',(335.949290756,464.10204012,310.753918311));
#4138=CARTESIAN_POINT('',(450.949290756,350.60204012,310.753918311));
#4139=CARTESIAN_POINT('Origin',(450.949290756,349.10204012,310.753918311));
#4140=CARTESIAN_POINT('Origin',(450.949290756,349.10204012,393.753918311));
#4141=CARTESIAN_POINT('',(450.949290756,350.60204012,393.753918311));
#4142=CARTESIAN_POINT('Origin',(335.949290756,464.10204012,393.753918311));
#4143=CARTESIAN_POINT('',(335.949290756,465.60204012,393.753918311));
#4144=CARTESIAN_POINT('Origin',(335.949290756,234.10204012,393.753918311));
#4145=CARTESIAN_POINT('',(335.949290756,235.60204012,393.753918311));
#4146=CARTESIAN_POINT('Origin',(220.949290756,349.10204012,393.753918311));
#4147=CARTESIAN_POINT('',(220.949290756,350.60204012,393.753918311));
#4148=CARTESIAN_POINT('Origin',(335.942726111,365.702038822,314.353918311));
#4149=CARTESIAN_POINT('Origin',(335.955855401,332.502041418,314.353918311));
#4150=CARTESIAN_POINT('Origin',(352.549289458,349.108604765,314.353918311));
#4151=CARTESIAN_POINT('Origin',(319.349292054,349.095475475,314.353918311));
#4152=CARTESIAN_POINT('Origin',(417.274798974,267.81308363,268.753918311));
#4153=CARTESIAN_POINT('',(417.274798974,269.31308363,268.753918311));
#4154=CARTESIAN_POINT('Origin',(254.623782538,430.39099661,268.753918311));
#4155=CARTESIAN_POINT('',(254.623782538,431.89099661,268.753918311));
#4156=CARTESIAN_POINT('Origin',(254.660334266,267.776531902,268.753918311));
#4157=CARTESIAN_POINT('',(254.660334266,269.276531902,268.753918311));
#4158=CARTESIAN_POINT('Origin',(417.238247247,430.427548338,268.753918311));
#4159=CARTESIAN_POINT('',(417.238247247,431.927548338,268.753918311));
#4160=UNCERTAINTY_MEASURE_WITH_UNIT(LENGTH_MEASURE(0.01),#4164,
'DISTANCE_ACCURACY_VALUE',
'Maximum model space distance between geometric entities at asserted c
onnectivities');
#4161=UNCERTAINTY_MEASURE_WITH_UNIT(LENGTH_MEASURE(0.01),#4164,
'DISTANCE_ACCURACY_VALUE',
'Maximum model space distance between geometric entities at asserted c
onnectivities');
#4162=(
GEOMETRIC_REPRESENTATION_CONTEXT(3)
GLOBAL_UNCERTAINTY_ASSIGNED_CONTEXT((#4160))
GLOBAL_UNIT_ASSIGNED_CONTEXT((#4164,#4166,#4167))
REPRESENTATION_CONTEXT('','3D')
);
#4163=(
GEOMETRIC_REPRESENTATION_CONTEXT(3)
GLOBAL_UNCERTAINTY_ASSIGNED_CONTEXT((#4161))
GLOBAL_UNIT_ASSIGNED_CONTEXT((#4164,#4166,#4167))
REPRESENTATION_CONTEXT('','3D')
);
#4164=(
LENGTH_UNIT()
NAMED_UNIT(*)
SI_UNIT(.MILLI.,.METRE.)
);
#4165=(
LENGTH_UNIT()
NAMED_UNIT(*)
SI_UNIT(.CENTI.,.METRE.)
);
#4166=(
NAMED_UNIT(*)
PLANE_ANGLE_UNIT()
SI_UNIT($,.RADIAN.)
);
#4167=(
NAMED_UNIT(*)
SI_UNIT($,.STERADIAN.)
SOLID_ANGLE_UNIT()
);
#4168=SHAPE_DEFINITION_REPRESENTATION(#4169,#4170);
#4169=PRODUCT_DEFINITION_SHAPE('',$,#4172);
#4170=SHAPE_REPRESENTATION('',(#2532),#4162);
#4171=PRODUCT_DEFINITION_CONTEXT('part definition',#4176,'design');
#4172=PRODUCT_DEFINITION('Part17','Part17',#4173,#4171);
#4173=PRODUCT_DEFINITION_FORMATION('',$,#4178);
#4174=PRODUCT_RELATED_PRODUCT_CATEGORY('Part17','Part17',(#4178));
#4175=APPLICATION_PROTOCOL_DEFINITION('international standard',
'automotive_design',2009,#4176);
#4176=APPLICATION_CONTEXT(
'Core Data for Automotive Mechanical Design Process');
#4177=PRODUCT_CONTEXT('part definition',#4176,'mechanical');
#4178=PRODUCT('Part17','Part17',$,(#4177));
#4179=PRESENTATION_STYLE_ASSIGNMENT((#4181));
#4180=PRESENTATION_STYLE_ASSIGNMENT((#4182));
#4181=SURFACE_STYLE_USAGE(.BOTH.,#4187);
#4182=SURFACE_STYLE_USAGE(.BOTH.,#4188);
#4183=SURFACE_STYLE_RENDERING_WITH_PROPERTIES($,#4195,(#4185));
#4184=SURFACE_STYLE_RENDERING_WITH_PROPERTIES($,#4196,(#4186));
#4185=SURFACE_STYLE_TRANSPARENT(0.);
#4186=SURFACE_STYLE_TRANSPARENT(0.);
#4187=SURFACE_SIDE_STYLE('',(#4189,#4183));
#4188=SURFACE_SIDE_STYLE('',(#4190,#4184));
#4189=SURFACE_STYLE_FILL_AREA(#4191);
#4190=SURFACE_STYLE_FILL_AREA(#4192);
#4191=FILL_AREA_STYLE('',(#4193));
#4192=FILL_AREA_STYLE('',(#4194));
#4193=FILL_AREA_STYLE_COLOUR('',#4195);
#4194=FILL_AREA_STYLE_COLOUR('',#4196);
#4195=COLOUR_RGB('',0.0196078431372549,0.0196078431372549,0.0196078431372549);
#4196=COLOUR_RGB('',0.494117647058824,0.494117647058824,0.525490196078431);
ENDSEC;
END-ISO-10303-21;
