ISO-10303-21;
HEADER;
/* Generated by software containing ST-Developer
 * from STEP Tools, Inc. (www.steptools.com) 
 */

FILE_DESCRIPTION(
/* description */ (''),
/* implementation_level */ '2;1');

FILE_NAME(
/* name */ 
'I:\\ASU_FOE\\graduation project\\quadcopter\\matlab xml\\231123\\\\Pa
rt16_ipt_fb07ed32.STEP',
/* time_stamp */ '2023-11-23T19:53:47+02:00',
/* author */ ('Lenovo'),
/* organization */ (''),
/* preprocessor_version */ 'ST-DEVELOPER v18.1',
/* originating_system */ 'Autodesk Inventor 2021',
/* authorisation */ '');

FILE_SCHEMA (('AUTOMOTIVE_DESIGN { 1 0 10303 214 3 1 1 }'));
ENDSEC;

DATA;
#10=MECHANICAL_DESIGN_GEOMETRIC_PRESENTATION_REPRESENTATION('',(#4054,#4055,
#4056,#4057,#4058,#4059,#4060,#4061,#4062,#4063,#4064,#4065,#4066,#4067,
#4068,#4069,#4070,#4071,#4072,#4073,#4074,#4075,#4076,#4077,#4078,#4079,
#4080,#4081,#4082,#4083,#4084,#4085,#4086,#4087,#4088,#4089,#4090,#4091,
#4092,#4093,#4094,#4095,#4096,#4097,#4098,#4099,#4100,#4101,#4102,#4103,
#4104,#4105,#4106,#4107,#4108,#4109,#4110,#4111,#4112,#4113,#4114,#4115,
#4116,#4117,#4118,#4119,#4120,#4121,#4122,#4123,#4124,#4125,#4126,#4127,
#4128,#4129,#4130,#4131,#4132,#4133,#4134,#4135,#4136,#4137,#4138,#4139,
#4140,#4141,#4142,#4143,#4144,#4145,#4146,#4147,#4148,#4149,#4150,#4151,
#4152,#4153,#4154,#4155,#4156,#4157,#4158,#4159,#4160,#4161,#4162,#4163,
#4164,#4165,#4166,#4167,#4168,#4169,#4170,#4171,#4172,#4173,#4174,#4175,
#4176,#4177,#4178,#4179,#4180,#4181,#4182,#4183,#4184,#4185,#4186,#4187,
#4188,#4189,#4190,#4191,#4192,#4193,#4194,#4195,#4196,#4197,#4198,#4199,
#4200,#4201,#4202,#4203,#4204,#4205,#4206,#4207,#4208,#4209,#4210,#4211,
#4212,#4213,#4214,#4215,#4216,#4217,#4218,#4219,#4220,#4221,#4222,#4223,
#4224,#4225,#4226,#4227,#4228,#4229,#4230,#4231,#4232,#4233,#4234,#4235,
#4236,#4237,#4238,#4239,#4240,#4241,#4242,#4243,#4244,#4245,#4246,#4247,
#4248,#4249,#4250,#4251,#4252,#4253,#4254,#4255,#4256,#4257),#7327);
#11=SHAPE_REPRESENTATION_RELATIONSHIP('SRR','None',#7334,#12);
#12=ADVANCED_BREP_SHAPE_REPRESENTATION('',(#13),#7326);
#13=MANIFOLD_SOLID_BREP('Solid1',#4461);
#14=FACE_BOUND('',#435,.T.);
#15=FACE_BOUND('',#436,.T.);
#16=FACE_BOUND('',#437,.T.);
#17=FACE_BOUND('',#438,.T.);
#18=FACE_BOUND('',#439,.T.);
#19=FACE_BOUND('',#440,.T.);
#20=FACE_BOUND('',#441,.T.);
#21=FACE_BOUND('',#442,.T.);
#22=FACE_BOUND('',#443,.T.);
#23=FACE_BOUND('',#444,.T.);
#24=FACE_BOUND('',#445,.T.);
#25=FACE_BOUND('',#446,.T.);
#26=FACE_BOUND('',#447,.T.);
#27=FACE_BOUND('',#448,.T.);
#28=FACE_BOUND('',#449,.T.);
#29=FACE_BOUND('',#450,.T.);
#30=FACE_BOUND('',#451,.T.);
#31=FACE_BOUND('',#452,.T.);
#32=FACE_BOUND('',#453,.T.);
#33=FACE_BOUND('',#454,.T.);
#34=FACE_BOUND('',#455,.T.);
#35=FACE_BOUND('',#456,.T.);
#36=FACE_BOUND('',#457,.T.);
#37=FACE_BOUND('',#458,.T.);
#38=FACE_BOUND('',#459,.T.);
#39=FACE_BOUND('',#460,.T.);
#40=FACE_BOUND('',#461,.T.);
#41=FACE_BOUND('',#462,.T.);
#42=FACE_BOUND('',#463,.T.);
#43=FACE_BOUND('',#464,.T.);
#44=FACE_BOUND('',#465,.T.);
#45=FACE_BOUND('',#466,.T.);
#46=FACE_BOUND('',#467,.T.);
#47=FACE_BOUND('',#468,.T.);
#48=FACE_BOUND('',#469,.T.);
#49=FACE_BOUND('',#470,.T.);
#50=FACE_BOUND('',#471,.T.);
#51=FACE_BOUND('',#472,.T.);
#52=FACE_BOUND('',#473,.T.);
#53=FACE_BOUND('',#474,.T.);
#54=FACE_BOUND('',#475,.T.);
#55=FACE_BOUND('',#476,.T.);
#56=FACE_BOUND('',#477,.T.);
#57=FACE_BOUND('',#478,.T.);
#58=FACE_BOUND('',#479,.T.);
#59=FACE_BOUND('',#480,.T.);
#60=FACE_BOUND('',#481,.T.);
#61=FACE_BOUND('',#482,.T.);
#62=FACE_BOUND('',#483,.T.);
#63=FACE_BOUND('',#484,.T.);
#64=FACE_BOUND('',#485,.T.);
#65=FACE_BOUND('',#486,.T.);
#66=FACE_BOUND('',#487,.T.);
#67=FACE_BOUND('',#488,.T.);
#68=FACE_BOUND('',#489,.T.);
#69=FACE_BOUND('',#490,.T.);
#70=FACE_BOUND('',#678,.T.);
#71=FACE_BOUND('',#679,.T.);
#72=FACE_BOUND('',#680,.T.);
#73=FACE_BOUND('',#681,.T.);
#74=FACE_BOUND('',#682,.T.);
#75=FACE_BOUND('',#683,.T.);
#76=FACE_BOUND('',#684,.T.);
#77=FACE_BOUND('',#685,.T.);
#78=FACE_BOUND('',#686,.T.);
#79=FACE_BOUND('',#687,.T.);
#80=FACE_BOUND('',#688,.T.);
#81=FACE_BOUND('',#689,.T.);
#82=FACE_BOUND('',#690,.T.);
#83=FACE_BOUND('',#691,.T.);
#84=FACE_BOUND('',#692,.T.);
#85=FACE_BOUND('',#693,.T.);
#86=FACE_BOUND('',#694,.T.);
#87=FACE_BOUND('',#695,.T.);
#88=FACE_BOUND('',#696,.T.);
#89=FACE_BOUND('',#697,.T.);
#90=FACE_BOUND('',#698,.T.);
#91=FACE_BOUND('',#699,.T.);
#92=FACE_BOUND('',#700,.T.);
#93=FACE_BOUND('',#701,.T.);
#94=FACE_BOUND('',#702,.T.);
#95=FACE_BOUND('',#703,.T.);
#96=FACE_BOUND('',#704,.T.);
#97=FACE_BOUND('',#705,.T.);
#98=FACE_BOUND('',#706,.T.);
#99=FACE_BOUND('',#707,.T.);
#100=FACE_BOUND('',#708,.T.);
#101=FACE_BOUND('',#709,.T.);
#102=FACE_BOUND('',#710,.T.);
#103=FACE_BOUND('',#711,.T.);
#104=FACE_BOUND('',#712,.T.);
#105=FACE_BOUND('',#713,.T.);
#106=FACE_BOUND('',#714,.T.);
#107=FACE_BOUND('',#715,.T.);
#108=FACE_BOUND('',#716,.T.);
#109=FACE_BOUND('',#717,.T.);
#110=FACE_BOUND('',#718,.T.);
#111=FACE_BOUND('',#719,.T.);
#112=FACE_BOUND('',#720,.T.);
#113=FACE_BOUND('',#721,.T.);
#114=FACE_BOUND('',#722,.T.);
#115=FACE_BOUND('',#723,.T.);
#116=FACE_BOUND('',#724,.T.);
#117=FACE_BOUND('',#725,.T.);
#118=FACE_BOUND('',#726,.T.);
#119=FACE_BOUND('',#727,.T.);
#120=FACE_BOUND('',#728,.T.);
#121=FACE_BOUND('',#729,.T.);
#122=FACE_BOUND('',#730,.T.);
#123=FACE_BOUND('',#731,.T.);
#124=FACE_BOUND('',#732,.T.);
#125=FACE_BOUND('',#733,.T.);
#126=PLANE('',#4502);
#127=PLANE('',#4601);
#128=PLANE('',#4604);
#129=PLANE('',#4605);
#130=PLANE('',#4608);
#131=PLANE('',#4609);
#132=PLANE('',#4612);
#133=PLANE('',#4615);
#134=PLANE('',#4620);
#135=PLANE('',#4625);
#136=PLANE('',#4630);
#137=PLANE('',#4635);
#138=PLANE('',#4638);
#139=PLANE('',#4641);
#140=PLANE('',#4644);
#141=PLANE('',#4647);
#142=PLANE('',#4650);
#143=PLANE('',#4653);
#144=PLANE('',#4656);
#145=PLANE('',#4659);
#146=PLANE('',#4660);
#147=PLANE('',#4663);
#148=PLANE('',#4664);
#149=PLANE('',#4667);
#150=PLANE('',#4668);
#151=PLANE('',#4671);
#152=PLANE('',#4672);
#153=PLANE('',#4675);
#154=PLANE('',#4676);
#155=PLANE('',#4679);
#156=PLANE('',#4680);
#157=PLANE('',#4683);
#158=PLANE('',#4686);
#159=PLANE('',#4689);
#160=PLANE('',#4692);
#161=PLANE('',#4695);
#162=PLANE('',#4698);
#163=PLANE('',#4701);
#164=PLANE('',#4702);
#165=PLANE('',#4705);
#166=PLANE('',#4708);
#167=PLANE('',#4713);
#168=PLANE('',#4716);
#169=PLANE('',#4719);
#170=PLANE('',#4720);
#171=PLANE('',#4725);
#172=PLANE('',#4730);
#173=PLANE('',#4731);
#174=PLANE('',#4734);
#175=PLANE('',#4735);
#176=PLANE('',#4740);
#177=PLANE('',#4743);
#178=PLANE('',#4746);
#179=PLANE('',#4747);
#180=PLANE('',#4752);
#181=PLANE('',#4757);
#182=PLANE('',#4760);
#183=PLANE('',#4763);
#184=PLANE('',#4764);
#185=PLANE('',#4767);
#186=PLANE('',#4768);
#187=PLANE('',#4771);
#188=PLANE('',#4772);
#189=PLANE('',#4775);
#190=PLANE('',#4778);
#191=PLANE('',#4781);
#192=PLANE('',#4784);
#193=PLANE('',#4787);
#194=PLANE('',#4790);
#195=PLANE('',#4795);
#196=PLANE('',#4798);
#197=PLANE('',#4801);
#198=PLANE('',#4802);
#199=PLANE('',#4805);
#200=PLANE('',#4810);
#201=PLANE('',#4811);
#202=PLANE('',#4812);
#203=PLANE('',#4813);
#204=PLANE('',#4814);
#205=PLANE('',#4817);
#206=PLANE('',#4820);
#207=PLANE('',#4835);
#208=PLANE('',#4838);
#209=PLANE('',#4843);
#210=PLANE('',#4844);
#211=PLANE('',#4847);
#212=PLANE('',#4848);
#213=PLANE('',#4849);
#214=PLANE('',#4850);
#215=PLANE('',#4853);
#216=PLANE('',#4854);
#217=PLANE('',#4855);
#218=PLANE('',#4856);
#219=PLANE('',#4865);
#220=PLANE('',#4868);
#221=PLANE('',#4869);
#222=PLANE('',#4870);
#223=PLANE('',#4877);
#224=FACE_OUTER_BOUND('',#427,.T.);
#225=FACE_OUTER_BOUND('',#428,.T.);
#226=FACE_OUTER_BOUND('',#429,.T.);
#227=FACE_OUTER_BOUND('',#430,.T.);
#228=FACE_OUTER_BOUND('',#431,.T.);
#229=FACE_OUTER_BOUND('',#432,.T.);
#230=FACE_OUTER_BOUND('',#433,.T.);
#231=FACE_OUTER_BOUND('',#434,.T.);
#232=FACE_OUTER_BOUND('',#491,.T.);
#233=FACE_OUTER_BOUND('',#492,.T.);
#234=FACE_OUTER_BOUND('',#493,.T.);
#235=FACE_OUTER_BOUND('',#494,.T.);
#236=FACE_OUTER_BOUND('',#495,.T.);
#237=FACE_OUTER_BOUND('',#496,.T.);
#238=FACE_OUTER_BOUND('',#497,.T.);
#239=FACE_OUTER_BOUND('',#498,.T.);
#240=FACE_OUTER_BOUND('',#499,.T.);
#241=FACE_OUTER_BOUND('',#500,.T.);
#242=FACE_OUTER_BOUND('',#501,.T.);
#243=FACE_OUTER_BOUND('',#502,.T.);
#244=FACE_OUTER_BOUND('',#503,.T.);
#245=FACE_OUTER_BOUND('',#504,.T.);
#246=FACE_OUTER_BOUND('',#505,.T.);
#247=FACE_OUTER_BOUND('',#506,.T.);
#248=FACE_OUTER_BOUND('',#507,.T.);
#249=FACE_OUTER_BOUND('',#508,.T.);
#250=FACE_OUTER_BOUND('',#509,.T.);
#251=FACE_OUTER_BOUND('',#510,.T.);
#252=FACE_OUTER_BOUND('',#511,.T.);
#253=FACE_OUTER_BOUND('',#512,.T.);
#254=FACE_OUTER_BOUND('',#513,.T.);
#255=FACE_OUTER_BOUND('',#514,.T.);
#256=FACE_OUTER_BOUND('',#515,.T.);
#257=FACE_OUTER_BOUND('',#516,.T.);
#258=FACE_OUTER_BOUND('',#517,.T.);
#259=FACE_OUTER_BOUND('',#518,.T.);
#260=FACE_OUTER_BOUND('',#519,.T.);
#261=FACE_OUTER_BOUND('',#520,.T.);
#262=FACE_OUTER_BOUND('',#521,.T.);
#263=FACE_OUTER_BOUND('',#522,.T.);
#264=FACE_OUTER_BOUND('',#523,.T.);
#265=FACE_OUTER_BOUND('',#524,.T.);
#266=FACE_OUTER_BOUND('',#525,.T.);
#267=FACE_OUTER_BOUND('',#526,.T.);
#268=FACE_OUTER_BOUND('',#527,.T.);
#269=FACE_OUTER_BOUND('',#528,.T.);
#270=FACE_OUTER_BOUND('',#529,.T.);
#271=FACE_OUTER_BOUND('',#530,.T.);
#272=FACE_OUTER_BOUND('',#531,.T.);
#273=FACE_OUTER_BOUND('',#532,.T.);
#274=FACE_OUTER_BOUND('',#533,.T.);
#275=FACE_OUTER_BOUND('',#534,.T.);
#276=FACE_OUTER_BOUND('',#535,.T.);
#277=FACE_OUTER_BOUND('',#536,.T.);
#278=FACE_OUTER_BOUND('',#537,.T.);
#279=FACE_OUTER_BOUND('',#538,.T.);
#280=FACE_OUTER_BOUND('',#539,.T.);
#281=FACE_OUTER_BOUND('',#540,.T.);
#282=FACE_OUTER_BOUND('',#541,.T.);
#283=FACE_OUTER_BOUND('',#542,.T.);
#284=FACE_OUTER_BOUND('',#543,.T.);
#285=FACE_OUTER_BOUND('',#544,.T.);
#286=FACE_OUTER_BOUND('',#545,.T.);
#287=FACE_OUTER_BOUND('',#546,.T.);
#288=FACE_OUTER_BOUND('',#547,.T.);
#289=FACE_OUTER_BOUND('',#548,.T.);
#290=FACE_OUTER_BOUND('',#549,.T.);
#291=FACE_OUTER_BOUND('',#550,.T.);
#292=FACE_OUTER_BOUND('',#551,.T.);
#293=FACE_OUTER_BOUND('',#552,.T.);
#294=FACE_OUTER_BOUND('',#553,.T.);
#295=FACE_OUTER_BOUND('',#554,.T.);
#296=FACE_OUTER_BOUND('',#555,.T.);
#297=FACE_OUTER_BOUND('',#556,.T.);
#298=FACE_OUTER_BOUND('',#557,.T.);
#299=FACE_OUTER_BOUND('',#558,.T.);
#300=FACE_OUTER_BOUND('',#559,.T.);
#301=FACE_OUTER_BOUND('',#560,.T.);
#302=FACE_OUTER_BOUND('',#561,.T.);
#303=FACE_OUTER_BOUND('',#562,.T.);
#304=FACE_OUTER_BOUND('',#563,.T.);
#305=FACE_OUTER_BOUND('',#564,.T.);
#306=FACE_OUTER_BOUND('',#565,.T.);
#307=FACE_OUTER_BOUND('',#566,.T.);
#308=FACE_OUTER_BOUND('',#567,.T.);
#309=FACE_OUTER_BOUND('',#568,.T.);
#310=FACE_OUTER_BOUND('',#569,.T.);
#311=FACE_OUTER_BOUND('',#570,.T.);
#312=FACE_OUTER_BOUND('',#571,.T.);
#313=FACE_OUTER_BOUND('',#572,.T.);
#314=FACE_OUTER_BOUND('',#573,.T.);
#315=FACE_OUTER_BOUND('',#574,.T.);
#316=FACE_OUTER_BOUND('',#575,.T.);
#317=FACE_OUTER_BOUND('',#576,.T.);
#318=FACE_OUTER_BOUND('',#577,.T.);
#319=FACE_OUTER_BOUND('',#578,.T.);
#320=FACE_OUTER_BOUND('',#579,.T.);
#321=FACE_OUTER_BOUND('',#580,.T.);
#322=FACE_OUTER_BOUND('',#581,.T.);
#323=FACE_OUTER_BOUND('',#582,.T.);
#324=FACE_OUTER_BOUND('',#583,.T.);
#325=FACE_OUTER_BOUND('',#584,.T.);
#326=FACE_OUTER_BOUND('',#585,.T.);
#327=FACE_OUTER_BOUND('',#586,.T.);
#328=FACE_OUTER_BOUND('',#587,.T.);
#329=FACE_OUTER_BOUND('',#588,.T.);
#330=FACE_OUTER_BOUND('',#589,.T.);
#331=FACE_OUTER_BOUND('',#590,.T.);
#332=FACE_OUTER_BOUND('',#591,.T.);
#333=FACE_OUTER_BOUND('',#592,.T.);
#334=FACE_OUTER_BOUND('',#593,.T.);
#335=FACE_OUTER_BOUND('',#594,.T.);
#336=FACE_OUTER_BOUND('',#595,.T.);
#337=FACE_OUTER_BOUND('',#596,.T.);
#338=FACE_OUTER_BOUND('',#597,.T.);
#339=FACE_OUTER_BOUND('',#598,.T.);
#340=FACE_OUTER_BOUND('',#599,.T.);
#341=FACE_OUTER_BOUND('',#600,.T.);
#342=FACE_OUTER_BOUND('',#601,.T.);
#343=FACE_OUTER_BOUND('',#602,.T.);
#344=FACE_OUTER_BOUND('',#603,.T.);
#345=FACE_OUTER_BOUND('',#604,.T.);
#346=FACE_OUTER_BOUND('',#605,.T.);
#347=FACE_OUTER_BOUND('',#606,.T.);
#348=FACE_OUTER_BOUND('',#607,.T.);
#349=FACE_OUTER_BOUND('',#608,.T.);
#350=FACE_OUTER_BOUND('',#609,.T.);
#351=FACE_OUTER_BOUND('',#610,.T.);
#352=FACE_OUTER_BOUND('',#611,.T.);
#353=FACE_OUTER_BOUND('',#612,.T.);
#354=FACE_OUTER_BOUND('',#613,.T.);
#355=FACE_OUTER_BOUND('',#614,.T.);
#356=FACE_OUTER_BOUND('',#615,.T.);
#357=FACE_OUTER_BOUND('',#616,.T.);
#358=FACE_OUTER_BOUND('',#617,.T.);
#359=FACE_OUTER_BOUND('',#618,.T.);
#360=FACE_OUTER_BOUND('',#619,.T.);
#361=FACE_OUTER_BOUND('',#620,.T.);
#362=FACE_OUTER_BOUND('',#621,.T.);
#363=FACE_OUTER_BOUND('',#622,.T.);
#364=FACE_OUTER_BOUND('',#623,.T.);
#365=FACE_OUTER_BOUND('',#624,.T.);
#366=FACE_OUTER_BOUND('',#625,.T.);
#367=FACE_OUTER_BOUND('',#626,.T.);
#368=FACE_OUTER_BOUND('',#627,.T.);
#369=FACE_OUTER_BOUND('',#628,.T.);
#370=FACE_OUTER_BOUND('',#629,.T.);
#371=FACE_OUTER_BOUND('',#630,.T.);
#372=FACE_OUTER_BOUND('',#631,.T.);
#373=FACE_OUTER_BOUND('',#632,.T.);
#374=FACE_OUTER_BOUND('',#633,.T.);
#375=FACE_OUTER_BOUND('',#634,.T.);
#376=FACE_OUTER_BOUND('',#635,.T.);
#377=FACE_OUTER_BOUND('',#636,.T.);
#378=FACE_OUTER_BOUND('',#637,.T.);
#379=FACE_OUTER_BOUND('',#638,.T.);
#380=FACE_OUTER_BOUND('',#639,.T.);
#381=FACE_OUTER_BOUND('',#640,.T.);
#382=FACE_OUTER_BOUND('',#641,.T.);
#383=FACE_OUTER_BOUND('',#642,.T.);
#384=FACE_OUTER_BOUND('',#643,.T.);
#385=FACE_OUTER_BOUND('',#644,.T.);
#386=FACE_OUTER_BOUND('',#645,.T.);
#387=FACE_OUTER_BOUND('',#646,.T.);
#388=FACE_OUTER_BOUND('',#647,.T.);
#389=FACE_OUTER_BOUND('',#648,.T.);
#390=FACE_OUTER_BOUND('',#649,.T.);
#391=FACE_OUTER_BOUND('',#650,.T.);
#392=FACE_OUTER_BOUND('',#651,.T.);
#393=FACE_OUTER_BOUND('',#652,.T.);
#394=FACE_OUTER_BOUND('',#653,.T.);
#395=FACE_OUTER_BOUND('',#654,.T.);
#396=FACE_OUTER_BOUND('',#655,.T.);
#397=FACE_OUTER_BOUND('',#656,.T.);
#398=FACE_OUTER_BOUND('',#657,.T.);
#399=FACE_OUTER_BOUND('',#658,.T.);
#400=FACE_OUTER_BOUND('',#659,.T.);
#401=FACE_OUTER_BOUND('',#660,.T.);
#402=FACE_OUTER_BOUND('',#661,.T.);
#403=FACE_OUTER_BOUND('',#662,.T.);
#404=FACE_OUTER_BOUND('',#663,.T.);
#405=FACE_OUTER_BOUND('',#664,.T.);
#406=FACE_OUTER_BOUND('',#665,.T.);
#407=FACE_OUTER_BOUND('',#666,.T.);
#408=FACE_OUTER_BOUND('',#667,.T.);
#409=FACE_OUTER_BOUND('',#668,.T.);
#410=FACE_OUTER_BOUND('',#669,.T.);
#411=FACE_OUTER_BOUND('',#670,.T.);
#412=FACE_OUTER_BOUND('',#671,.T.);
#413=FACE_OUTER_BOUND('',#672,.T.);
#414=FACE_OUTER_BOUND('',#673,.T.);
#415=FACE_OUTER_BOUND('',#674,.T.);
#416=FACE_OUTER_BOUND('',#675,.T.);
#417=FACE_OUTER_BOUND('',#676,.T.);
#418=FACE_OUTER_BOUND('',#677,.T.);
#419=FACE_OUTER_BOUND('',#734,.T.);
#420=FACE_OUTER_BOUND('',#735,.T.);
#421=FACE_OUTER_BOUND('',#736,.T.);
#422=FACE_OUTER_BOUND('',#737,.T.);
#423=FACE_OUTER_BOUND('',#738,.T.);
#424=FACE_OUTER_BOUND('',#739,.T.);
#425=FACE_OUTER_BOUND('',#740,.T.);
#426=FACE_OUTER_BOUND('',#741,.T.);
#427=EDGE_LOOP('',(#2743,#2744,#2745,#2746));
#428=EDGE_LOOP('',(#2747,#2748,#2749,#2750));
#429=EDGE_LOOP('',(#2751,#2752,#2753,#2754));
#430=EDGE_LOOP('',(#2755,#2756,#2757,#2758));
#431=EDGE_LOOP('',(#2759,#2760,#2761,#2762));
#432=EDGE_LOOP('',(#2763,#2764,#2765,#2766));
#433=EDGE_LOOP('',(#2767,#2768,#2769,#2770));
#434=EDGE_LOOP('',(#2771));
#435=EDGE_LOOP('',(#2772));
#436=EDGE_LOOP('',(#2773));
#437=EDGE_LOOP('',(#2774));
#438=EDGE_LOOP('',(#2775));
#439=EDGE_LOOP('',(#2776,#2777,#2778,#2779));
#440=EDGE_LOOP('',(#2780,#2781,#2782,#2783));
#441=EDGE_LOOP('',(#2784,#2785,#2786,#2787));
#442=EDGE_LOOP('',(#2788,#2789,#2790,#2791));
#443=EDGE_LOOP('',(#2792,#2793,#2794,#2795));
#444=EDGE_LOOP('',(#2796,#2797,#2798,#2799));
#445=EDGE_LOOP('',(#2800,#2801,#2802,#2803));
#446=EDGE_LOOP('',(#2804,#2805,#2806,#2807));
#447=EDGE_LOOP('',(#2808,#2809,#2810,#2811));
#448=EDGE_LOOP('',(#2812,#2813,#2814,#2815));
#449=EDGE_LOOP('',(#2816,#2817,#2818,#2819));
#450=EDGE_LOOP('',(#2820,#2821,#2822,#2823));
#451=EDGE_LOOP('',(#2824,#2825,#2826,#2827));
#452=EDGE_LOOP('',(#2828,#2829,#2830,#2831));
#453=EDGE_LOOP('',(#2832,#2833,#2834,#2835));
#454=EDGE_LOOP('',(#2836,#2837,#2838,#2839));
#455=EDGE_LOOP('',(#2840,#2841,#2842,#2843));
#456=EDGE_LOOP('',(#2844,#2845,#2846,#2847));
#457=EDGE_LOOP('',(#2848,#2849,#2850,#2851));
#458=EDGE_LOOP('',(#2852,#2853,#2854,#2855));
#459=EDGE_LOOP('',(#2856,#2857,#2858,#2859));
#460=EDGE_LOOP('',(#2860,#2861,#2862,#2863));
#461=EDGE_LOOP('',(#2864,#2865,#2866,#2867));
#462=EDGE_LOOP('',(#2868,#2869,#2870,#2871));
#463=EDGE_LOOP('',(#2872,#2873,#2874,#2875));
#464=EDGE_LOOP('',(#2876,#2877,#2878,#2879));
#465=EDGE_LOOP('',(#2880,#2881,#2882,#2883));
#466=EDGE_LOOP('',(#2884,#2885,#2886,#2887));
#467=EDGE_LOOP('',(#2888,#2889,#2890,#2891));
#468=EDGE_LOOP('',(#2892,#2893,#2894,#2895));
#469=EDGE_LOOP('',(#2896,#2897,#2898,#2899));
#470=EDGE_LOOP('',(#2900,#2901,#2902,#2903));
#471=EDGE_LOOP('',(#2904,#2905,#2906,#2907));
#472=EDGE_LOOP('',(#2908,#2909,#2910,#2911));
#473=EDGE_LOOP('',(#2912,#2913,#2914,#2915));
#474=EDGE_LOOP('',(#2916,#2917,#2918,#2919));
#475=EDGE_LOOP('',(#2920,#2921,#2922,#2923));
#476=EDGE_LOOP('',(#2924,#2925,#2926,#2927));
#477=EDGE_LOOP('',(#2928,#2929,#2930,#2931));
#478=EDGE_LOOP('',(#2932,#2933,#2934,#2935));
#479=EDGE_LOOP('',(#2936,#2937,#2938,#2939));
#480=EDGE_LOOP('',(#2940,#2941,#2942,#2943));
#481=EDGE_LOOP('',(#2944,#2945,#2946,#2947));
#482=EDGE_LOOP('',(#2948,#2949,#2950,#2951));
#483=EDGE_LOOP('',(#2952,#2953,#2954,#2955));
#484=EDGE_LOOP('',(#2956,#2957,#2958,#2959));
#485=EDGE_LOOP('',(#2960,#2961,#2962,#2963));
#486=EDGE_LOOP('',(#2964,#2965,#2966,#2967));
#487=EDGE_LOOP('',(#2968));
#488=EDGE_LOOP('',(#2969));
#489=EDGE_LOOP('',(#2970));
#490=EDGE_LOOP('',(#2971));
#491=EDGE_LOOP('',(#2972,#2973,#2974,#2975));
#492=EDGE_LOOP('',(#2976,#2977,#2978,#2979));
#493=EDGE_LOOP('',(#2980,#2981,#2982,#2983));
#494=EDGE_LOOP('',(#2984,#2985,#2986,#2987));
#495=EDGE_LOOP('',(#2988,#2989,#2990,#2991));
#496=EDGE_LOOP('',(#2992,#2993,#2994,#2995));
#497=EDGE_LOOP('',(#2996,#2997,#2998,#2999));
#498=EDGE_LOOP('',(#3000,#3001,#3002,#3003));
#499=EDGE_LOOP('',(#3004,#3005,#3006,#3007));
#500=EDGE_LOOP('',(#3008,#3009,#3010,#3011));
#501=EDGE_LOOP('',(#3012,#3013,#3014,#3015));
#502=EDGE_LOOP('',(#3016,#3017,#3018,#3019));
#503=EDGE_LOOP('',(#3020,#3021,#3022,#3023));
#504=EDGE_LOOP('',(#3024,#3025,#3026,#3027));
#505=EDGE_LOOP('',(#3028,#3029,#3030,#3031));
#506=EDGE_LOOP('',(#3032,#3033,#3034,#3035));
#507=EDGE_LOOP('',(#3036,#3037,#3038,#3039));
#508=EDGE_LOOP('',(#3040,#3041,#3042,#3043));
#509=EDGE_LOOP('',(#3044,#3045,#3046,#3047));
#510=EDGE_LOOP('',(#3048,#3049,#3050,#3051));
#511=EDGE_LOOP('',(#3052,#3053,#3054,#3055));
#512=EDGE_LOOP('',(#3056,#3057,#3058,#3059));
#513=EDGE_LOOP('',(#3060,#3061,#3062,#3063));
#514=EDGE_LOOP('',(#3064,#3065,#3066,#3067));
#515=EDGE_LOOP('',(#3068,#3069,#3070,#3071));
#516=EDGE_LOOP('',(#3072,#3073,#3074,#3075));
#517=EDGE_LOOP('',(#3076,#3077,#3078,#3079));
#518=EDGE_LOOP('',(#3080,#3081,#3082,#3083));
#519=EDGE_LOOP('',(#3084,#3085,#3086,#3087));
#520=EDGE_LOOP('',(#3088,#3089,#3090,#3091));
#521=EDGE_LOOP('',(#3092,#3093,#3094,#3095));
#522=EDGE_LOOP('',(#3096,#3097,#3098,#3099));
#523=EDGE_LOOP('',(#3100,#3101,#3102,#3103));
#524=EDGE_LOOP('',(#3104,#3105,#3106,#3107));
#525=EDGE_LOOP('',(#3108,#3109,#3110,#3111));
#526=EDGE_LOOP('',(#3112,#3113,#3114,#3115));
#527=EDGE_LOOP('',(#3116,#3117,#3118,#3119));
#528=EDGE_LOOP('',(#3120,#3121,#3122,#3123));
#529=EDGE_LOOP('',(#3124,#3125,#3126,#3127));
#530=EDGE_LOOP('',(#3128,#3129,#3130,#3131));
#531=EDGE_LOOP('',(#3132,#3133,#3134,#3135));
#532=EDGE_LOOP('',(#3136,#3137,#3138,#3139));
#533=EDGE_LOOP('',(#3140,#3141,#3142,#3143));
#534=EDGE_LOOP('',(#3144,#3145,#3146,#3147));
#535=EDGE_LOOP('',(#3148,#3149,#3150,#3151));
#536=EDGE_LOOP('',(#3152,#3153,#3154,#3155));
#537=EDGE_LOOP('',(#3156,#3157,#3158,#3159));
#538=EDGE_LOOP('',(#3160,#3161,#3162,#3163));
#539=EDGE_LOOP('',(#3164,#3165,#3166,#3167));
#540=EDGE_LOOP('',(#3168,#3169,#3170,#3171));
#541=EDGE_LOOP('',(#3172,#3173,#3174,#3175));
#542=EDGE_LOOP('',(#3176,#3177,#3178,#3179));
#543=EDGE_LOOP('',(#3180,#3181,#3182,#3183));
#544=EDGE_LOOP('',(#3184,#3185,#3186,#3187));
#545=EDGE_LOOP('',(#3188,#3189,#3190,#3191));
#546=EDGE_LOOP('',(#3192,#3193,#3194,#3195));
#547=EDGE_LOOP('',(#3196,#3197,#3198,#3199));
#548=EDGE_LOOP('',(#3200,#3201,#3202,#3203));
#549=EDGE_LOOP('',(#3204,#3205,#3206,#3207));
#550=EDGE_LOOP('',(#3208,#3209,#3210,#3211));
#551=EDGE_LOOP('',(#3212,#3213,#3214,#3215));
#552=EDGE_LOOP('',(#3216,#3217,#3218,#3219));
#553=EDGE_LOOP('',(#3220,#3221,#3222,#3223));
#554=EDGE_LOOP('',(#3224,#3225,#3226,#3227));
#555=EDGE_LOOP('',(#3228,#3229,#3230,#3231));
#556=EDGE_LOOP('',(#3232,#3233,#3234,#3235));
#557=EDGE_LOOP('',(#3236,#3237,#3238,#3239));
#558=EDGE_LOOP('',(#3240,#3241,#3242,#3243));
#559=EDGE_LOOP('',(#3244,#3245,#3246,#3247));
#560=EDGE_LOOP('',(#3248,#3249,#3250,#3251));
#561=EDGE_LOOP('',(#3252,#3253,#3254,#3255));
#562=EDGE_LOOP('',(#3256,#3257,#3258,#3259));
#563=EDGE_LOOP('',(#3260,#3261,#3262,#3263));
#564=EDGE_LOOP('',(#3264,#3265,#3266,#3267));
#565=EDGE_LOOP('',(#3268,#3269,#3270,#3271));
#566=EDGE_LOOP('',(#3272,#3273,#3274,#3275));
#567=EDGE_LOOP('',(#3276,#3277,#3278,#3279));
#568=EDGE_LOOP('',(#3280,#3281,#3282,#3283));
#569=EDGE_LOOP('',(#3284,#3285,#3286,#3287));
#570=EDGE_LOOP('',(#3288,#3289,#3290,#3291));
#571=EDGE_LOOP('',(#3292,#3293,#3294,#3295));
#572=EDGE_LOOP('',(#3296,#3297,#3298,#3299));
#573=EDGE_LOOP('',(#3300,#3301,#3302,#3303));
#574=EDGE_LOOP('',(#3304,#3305,#3306,#3307));
#575=EDGE_LOOP('',(#3308,#3309,#3310,#3311));
#576=EDGE_LOOP('',(#3312,#3313,#3314,#3315));
#577=EDGE_LOOP('',(#3316,#3317,#3318,#3319));
#578=EDGE_LOOP('',(#3320,#3321,#3322,#3323));
#579=EDGE_LOOP('',(#3324,#3325,#3326,#3327));
#580=EDGE_LOOP('',(#3328,#3329,#3330,#3331));
#581=EDGE_LOOP('',(#3332,#3333,#3334,#3335));
#582=EDGE_LOOP('',(#3336,#3337,#3338,#3339));
#583=EDGE_LOOP('',(#3340,#3341,#3342,#3343));
#584=EDGE_LOOP('',(#3344,#3345,#3346,#3347));
#585=EDGE_LOOP('',(#3348,#3349,#3350,#3351));
#586=EDGE_LOOP('',(#3352,#3353,#3354,#3355));
#587=EDGE_LOOP('',(#3356,#3357,#3358,#3359));
#588=EDGE_LOOP('',(#3360,#3361,#3362,#3363));
#589=EDGE_LOOP('',(#3364,#3365,#3366,#3367));
#590=EDGE_LOOP('',(#3368,#3369,#3370,#3371));
#591=EDGE_LOOP('',(#3372,#3373,#3374,#3375));
#592=EDGE_LOOP('',(#3376,#3377,#3378,#3379));
#593=EDGE_LOOP('',(#3380,#3381,#3382,#3383));
#594=EDGE_LOOP('',(#3384,#3385,#3386,#3387));
#595=EDGE_LOOP('',(#3388,#3389,#3390,#3391));
#596=EDGE_LOOP('',(#3392,#3393,#3394,#3395));
#597=EDGE_LOOP('',(#3396,#3397,#3398,#3399));
#598=EDGE_LOOP('',(#3400,#3401,#3402,#3403));
#599=EDGE_LOOP('',(#3404,#3405,#3406,#3407));
#600=EDGE_LOOP('',(#3408,#3409,#3410,#3411));
#601=EDGE_LOOP('',(#3412,#3413,#3414,#3415));
#602=EDGE_LOOP('',(#3416,#3417,#3418,#3419));
#603=EDGE_LOOP('',(#3420,#3421,#3422,#3423));
#604=EDGE_LOOP('',(#3424,#3425,#3426,#3427));
#605=EDGE_LOOP('',(#3428,#3429,#3430,#3431));
#606=EDGE_LOOP('',(#3432,#3433,#3434,#3435));
#607=EDGE_LOOP('',(#3436,#3437,#3438,#3439));
#608=EDGE_LOOP('',(#3440,#3441,#3442,#3443));
#609=EDGE_LOOP('',(#3444,#3445,#3446,#3447));
#610=EDGE_LOOP('',(#3448,#3449,#3450,#3451));
#611=EDGE_LOOP('',(#3452,#3453,#3454,#3455));
#612=EDGE_LOOP('',(#3456,#3457,#3458,#3459));
#613=EDGE_LOOP('',(#3460,#3461,#3462,#3463));
#614=EDGE_LOOP('',(#3464,#3465,#3466,#3467));
#615=EDGE_LOOP('',(#3468,#3469,#3470,#3471));
#616=EDGE_LOOP('',(#3472,#3473,#3474,#3475));
#617=EDGE_LOOP('',(#3476,#3477,#3478,#3479));
#618=EDGE_LOOP('',(#3480,#3481,#3482,#3483));
#619=EDGE_LOOP('',(#3484,#3485,#3486,#3487));
#620=EDGE_LOOP('',(#3488,#3489,#3490,#3491));
#621=EDGE_LOOP('',(#3492,#3493,#3494,#3495));
#622=EDGE_LOOP('',(#3496,#3497,#3498,#3499));
#623=EDGE_LOOP('',(#3500,#3501,#3502,#3503));
#624=EDGE_LOOP('',(#3504,#3505,#3506,#3507));
#625=EDGE_LOOP('',(#3508,#3509,#3510,#3511));
#626=EDGE_LOOP('',(#3512,#3513,#3514,#3515));
#627=EDGE_LOOP('',(#3516,#3517,#3518,#3519));
#628=EDGE_LOOP('',(#3520,#3521,#3522,#3523));
#629=EDGE_LOOP('',(#3524,#3525,#3526,#3527));
#630=EDGE_LOOP('',(#3528,#3529,#3530,#3531));
#631=EDGE_LOOP('',(#3532,#3533,#3534,#3535));
#632=EDGE_LOOP('',(#3536,#3537,#3538,#3539));
#633=EDGE_LOOP('',(#3540,#3541,#3542,#3543));
#634=EDGE_LOOP('',(#3544,#3545,#3546,#3547));
#635=EDGE_LOOP('',(#3548,#3549,#3550,#3551));
#636=EDGE_LOOP('',(#3552,#3553,#3554,#3555));
#637=EDGE_LOOP('',(#3556,#3557,#3558,#3559));
#638=EDGE_LOOP('',(#3560,#3561,#3562,#3563));
#639=EDGE_LOOP('',(#3564,#3565,#3566,#3567));
#640=EDGE_LOOP('',(#3568,#3569,#3570,#3571));
#641=EDGE_LOOP('',(#3572,#3573,#3574,#3575));
#642=EDGE_LOOP('',(#3576,#3577,#3578,#3579));
#643=EDGE_LOOP('',(#3580,#3581,#3582,#3583));
#644=EDGE_LOOP('',(#3584,#3585,#3586,#3587));
#645=EDGE_LOOP('',(#3588,#3589,#3590,#3591));
#646=EDGE_LOOP('',(#3592,#3593,#3594,#3595));
#647=EDGE_LOOP('',(#3596,#3597,#3598,#3599));
#648=EDGE_LOOP('',(#3600,#3601,#3602,#3603));
#649=EDGE_LOOP('',(#3604,#3605,#3606,#3607));
#650=EDGE_LOOP('',(#3608,#3609,#3610,#3611));
#651=EDGE_LOOP('',(#3612,#3613,#3614,#3615));
#652=EDGE_LOOP('',(#3616,#3617,#3618,#3619));
#653=EDGE_LOOP('',(#3620,#3621,#3622,#3623));
#654=EDGE_LOOP('',(#3624,#3625,#3626,#3627));
#655=EDGE_LOOP('',(#3628,#3629,#3630,#3631));
#656=EDGE_LOOP('',(#3632,#3633,#3634,#3635));
#657=EDGE_LOOP('',(#3636,#3637,#3638,#3639));
#658=EDGE_LOOP('',(#3640,#3641,#3642,#3643));
#659=EDGE_LOOP('',(#3644,#3645,#3646,#3647));
#660=EDGE_LOOP('',(#3648,#3649,#3650,#3651));
#661=EDGE_LOOP('',(#3652,#3653,#3654,#3655));
#662=EDGE_LOOP('',(#3656,#3657,#3658,#3659));
#663=EDGE_LOOP('',(#3660,#3661,#3662,#3663));
#664=EDGE_LOOP('',(#3664,#3665,#3666,#3667));
#665=EDGE_LOOP('',(#3668,#3669,#3670,#3671));
#666=EDGE_LOOP('',(#3672,#3673,#3674,#3675));
#667=EDGE_LOOP('',(#3676,#3677,#3678,#3679));
#668=EDGE_LOOP('',(#3680,#3681,#3682,#3683));
#669=EDGE_LOOP('',(#3684,#3685,#3686,#3687));
#670=EDGE_LOOP('',(#3688,#3689,#3690,#3691));
#671=EDGE_LOOP('',(#3692,#3693,#3694,#3695));
#672=EDGE_LOOP('',(#3696,#3697,#3698,#3699));
#673=EDGE_LOOP('',(#3700,#3701,#3702,#3703));
#674=EDGE_LOOP('',(#3704,#3705,#3706,#3707));
#675=EDGE_LOOP('',(#3708,#3709,#3710,#3711));
#676=EDGE_LOOP('',(#3712,#3713,#3714,#3715));
#677=EDGE_LOOP('',(#3716));
#678=EDGE_LOOP('',(#3717,#3718,#3719,#3720));
#679=EDGE_LOOP('',(#3721,#3722,#3723,#3724));
#680=EDGE_LOOP('',(#3725,#3726,#3727,#3728));
#681=EDGE_LOOP('',(#3729,#3730,#3731,#3732));
#682=EDGE_LOOP('',(#3733,#3734,#3735,#3736));
#683=EDGE_LOOP('',(#3737,#3738,#3739,#3740));
#684=EDGE_LOOP('',(#3741,#3742,#3743,#3744));
#685=EDGE_LOOP('',(#3745,#3746,#3747,#3748));
#686=EDGE_LOOP('',(#3749,#3750,#3751,#3752));
#687=EDGE_LOOP('',(#3753,#3754,#3755,#3756));
#688=EDGE_LOOP('',(#3757,#3758,#3759,#3760));
#689=EDGE_LOOP('',(#3761,#3762,#3763,#3764));
#690=EDGE_LOOP('',(#3765,#3766,#3767,#3768));
#691=EDGE_LOOP('',(#3769,#3770,#3771,#3772));
#692=EDGE_LOOP('',(#3773,#3774,#3775,#3776));
#693=EDGE_LOOP('',(#3777,#3778,#3779,#3780));
#694=EDGE_LOOP('',(#3781,#3782,#3783,#3784));
#695=EDGE_LOOP('',(#3785,#3786,#3787,#3788));
#696=EDGE_LOOP('',(#3789,#3790,#3791,#3792));
#697=EDGE_LOOP('',(#3793,#3794,#3795,#3796));
#698=EDGE_LOOP('',(#3797,#3798,#3799,#3800));
#699=EDGE_LOOP('',(#3801,#3802,#3803,#3804));
#700=EDGE_LOOP('',(#3805,#3806,#3807,#3808));
#701=EDGE_LOOP('',(#3809,#3810,#3811,#3812));
#702=EDGE_LOOP('',(#3813,#3814,#3815,#3816));
#703=EDGE_LOOP('',(#3817,#3818,#3819,#3820));
#704=EDGE_LOOP('',(#3821,#3822,#3823,#3824));
#705=EDGE_LOOP('',(#3825,#3826,#3827,#3828));
#706=EDGE_LOOP('',(#3829,#3830,#3831,#3832));
#707=EDGE_LOOP('',(#3833,#3834,#3835,#3836));
#708=EDGE_LOOP('',(#3837,#3838,#3839,#3840));
#709=EDGE_LOOP('',(#3841,#3842,#3843,#3844));
#710=EDGE_LOOP('',(#3845));
#711=EDGE_LOOP('',(#3846));
#712=EDGE_LOOP('',(#3847));
#713=EDGE_LOOP('',(#3848));
#714=EDGE_LOOP('',(#3849));
#715=EDGE_LOOP('',(#3850));
#716=EDGE_LOOP('',(#3851));
#717=EDGE_LOOP('',(#3852));
#718=EDGE_LOOP('',(#3853,#3854,#3855,#3856));
#719=EDGE_LOOP('',(#3857,#3858,#3859,#3860));
#720=EDGE_LOOP('',(#3861,#3862,#3863,#3864));
#721=EDGE_LOOP('',(#3865,#3866,#3867,#3868));
#722=EDGE_LOOP('',(#3869,#3870,#3871,#3872));
#723=EDGE_LOOP('',(#3873,#3874,#3875,#3876));
#724=EDGE_LOOP('',(#3877,#3878,#3879,#3880));
#725=EDGE_LOOP('',(#3881,#3882,#3883,#3884));
#726=EDGE_LOOP('',(#3885,#3886,#3887,#3888));
#727=EDGE_LOOP('',(#3889,#3890,#3891,#3892));
#728=EDGE_LOOP('',(#3893,#3894,#3895,#3896));
#729=EDGE_LOOP('',(#3897,#3898,#3899,#3900));
#730=EDGE_LOOP('',(#3901,#3902,#3903,#3904));
#731=EDGE_LOOP('',(#3905,#3906,#3907,#3908));
#732=EDGE_LOOP('',(#3909,#3910,#3911,#3912));
#733=EDGE_LOOP('',(#3913,#3914,#3915,#3916));
#734=EDGE_LOOP('',(#3917,#3918,#3919,#3920));
#735=EDGE_LOOP('',(#3921,#3922,#3923,#3924));
#736=EDGE_LOOP('',(#3925,#3926,#3927,#3928));
#737=EDGE_LOOP('',(#3929,#3930,#3931,#3932));
#738=EDGE_LOOP('',(#3933,#3934,#3935,#3936));
#739=EDGE_LOOP('',(#3937,#3938,#3939,#3940));
#740=EDGE_LOOP('',(#3941,#3942,#3943,#3944));
#741=EDGE_LOOP('',(#3945,#3946,#3947,#3948));
#742=LINE('',#6121,#1135);
#743=LINE('',#6124,#1136);
#744=LINE('',#6130,#1137);
#745=LINE('',#6133,#1138);
#746=LINE('',#6139,#1139);
#747=LINE('',#6142,#1140);
#748=LINE('',#6148,#1141);
#749=LINE('',#6151,#1142);
#750=LINE('',#6157,#1143);
#751=LINE('',#6160,#1144);
#752=LINE('',#6166,#1145);
#753=LINE('',#6169,#1146);
#754=LINE('',#6175,#1147);
#755=LINE('',#6178,#1148);
#756=LINE('',#6194,#1149);
#757=LINE('',#6197,#1150);
#758=LINE('',#6199,#1151);
#759=LINE('',#6202,#1152);
#760=LINE('',#6204,#1153);
#761=LINE('',#6207,#1154);
#762=LINE('',#6209,#1155);
#763=LINE('',#6212,#1156);
#764=LINE('',#6214,#1157);
#765=LINE('',#6217,#1158);
#766=LINE('',#6219,#1159);
#767=LINE('',#6222,#1160);
#768=LINE('',#6224,#1161);
#769=LINE('',#6227,#1162);
#770=LINE('',#6230,#1163);
#771=LINE('',#6234,#1164);
#772=LINE('',#6238,#1165);
#773=LINE('',#6242,#1166);
#774=LINE('',#6246,#1167);
#775=LINE('',#6250,#1168);
#776=LINE('',#6256,#1169);
#777=LINE('',#6259,#1170);
#778=LINE('',#6264,#1171);
#779=LINE('',#6267,#1172);
#780=LINE('',#6272,#1173);
#781=LINE('',#6275,#1174);
#782=LINE('',#6280,#1175);
#783=LINE('',#6283,#1176);
#784=LINE('',#6288,#1177);
#785=LINE('',#6291,#1178);
#786=LINE('',#6294,#1179);
#787=LINE('',#6298,#1180);
#788=LINE('',#6304,#1181);
#789=LINE('',#6307,#1182);
#790=LINE('',#6310,#1183);
#791=LINE('',#6314,#1184);
#792=LINE('',#6320,#1185);
#793=LINE('',#6323,#1186);
#794=LINE('',#6326,#1187);
#795=LINE('',#6330,#1188);
#796=LINE('',#6334,#1189);
#797=LINE('',#6338,#1190);
#798=LINE('',#6342,#1191);
#799=LINE('',#6346,#1192);
#800=LINE('',#6350,#1193);
#801=LINE('',#6354,#1194);
#802=LINE('',#6358,#1195);
#803=LINE('',#6362,#1196);
#804=LINE('',#6366,#1197);
#805=LINE('',#6370,#1198);
#806=LINE('',#6374,#1199);
#807=LINE('',#6378,#1200);
#808=LINE('',#6384,#1201);
#809=LINE('',#6387,#1202);
#810=LINE('',#6390,#1203);
#811=LINE('',#6394,#1204);
#812=LINE('',#6400,#1205);
#813=LINE('',#6403,#1206);
#814=LINE('',#6406,#1207);
#815=LINE('',#6410,#1208);
#816=LINE('',#6414,#1209);
#817=LINE('',#6418,#1210);
#818=LINE('',#6424,#1211);
#819=LINE('',#6427,#1212);
#820=LINE('',#6432,#1213);
#821=LINE('',#6435,#1214);
#822=LINE('',#6440,#1215);
#823=LINE('',#6443,#1216);
#824=LINE('',#6448,#1217);
#825=LINE('',#6451,#1218);
#826=LINE('',#6456,#1219);
#827=LINE('',#6459,#1220);
#828=LINE('',#6464,#1221);
#829=LINE('',#6467,#1222);
#830=LINE('',#6470,#1223);
#831=LINE('',#6474,#1224);
#832=LINE('',#6478,#1225);
#833=LINE('',#6482,#1226);
#834=LINE('',#6486,#1227);
#835=LINE('',#6490,#1228);
#836=LINE('',#6494,#1229);
#837=LINE('',#6498,#1230);
#838=LINE('',#6504,#1231);
#839=LINE('',#6507,#1232);
#840=LINE('',#6510,#1233);
#841=LINE('',#6514,#1234);
#842=LINE('',#6520,#1235);
#843=LINE('',#6523,#1236);
#844=LINE('',#6528,#1237);
#845=LINE('',#6531,#1238);
#846=LINE('',#6534,#1239);
#847=LINE('',#6538,#1240);
#848=LINE('',#6542,#1241);
#849=LINE('',#6546,#1242);
#850=LINE('',#6549,#1243);
#851=LINE('',#6551,#1244);
#852=LINE('',#6564,#1245);
#853=LINE('',#6565,#1246);
#854=LINE('',#6566,#1247);
#855=LINE('',#6570,#1248);
#856=LINE('',#6573,#1249);
#857=LINE('',#6574,#1250);
#858=LINE('',#6578,#1251);
#859=LINE('',#6579,#1252);
#860=LINE('',#6580,#1253);
#861=LINE('',#6584,#1254);
#862=LINE('',#6587,#1255);
#863=LINE('',#6588,#1256);
#864=LINE('',#6592,#1257);
#865=LINE('',#6593,#1258);
#866=LINE('',#6594,#1259);
#867=LINE('',#6598,#1260);
#868=LINE('',#6601,#1261);
#869=LINE('',#6602,#1262);
#870=LINE('',#6607,#1263);
#871=LINE('',#6608,#1264);
#872=LINE('',#6611,#1265);
#873=LINE('',#6612,#1266);
#874=LINE('',#6616,#1267);
#875=LINE('',#6621,#1268);
#876=LINE('',#6622,#1269);
#877=LINE('',#6625,#1270);
#878=LINE('',#6626,#1271);
#879=LINE('',#6630,#1272);
#880=LINE('',#6635,#1273);
#881=LINE('',#6636,#1274);
#882=LINE('',#6639,#1275);
#883=LINE('',#6640,#1276);
#884=LINE('',#6644,#1277);
#885=LINE('',#6649,#1278);
#886=LINE('',#6650,#1279);
#887=LINE('',#6653,#1280);
#888=LINE('',#6654,#1281);
#889=LINE('',#6658,#1282);
#890=LINE('',#6663,#1283);
#891=LINE('',#6664,#1284);
#892=LINE('',#6667,#1285);
#893=LINE('',#6668,#1286);
#894=LINE('',#6672,#1287);
#895=LINE('',#6676,#1288);
#896=LINE('',#6677,#1289);
#897=LINE('',#6678,#1290);
#898=LINE('',#6682,#1291);
#899=LINE('',#6685,#1292);
#900=LINE('',#6686,#1293);
#901=LINE('',#6691,#1294);
#902=LINE('',#6692,#1295);
#903=LINE('',#6695,#1296);
#904=LINE('',#6696,#1297);
#905=LINE('',#6700,#1298);
#906=LINE('',#6704,#1299);
#907=LINE('',#6705,#1300);
#908=LINE('',#6706,#1301);
#909=LINE('',#6710,#1302);
#910=LINE('',#6713,#1303);
#911=LINE('',#6714,#1304);
#912=LINE('',#6719,#1305);
#913=LINE('',#6720,#1306);
#914=LINE('',#6723,#1307);
#915=LINE('',#6724,#1308);
#916=LINE('',#6728,#1309);
#917=LINE('',#6732,#1310);
#918=LINE('',#6733,#1311);
#919=LINE('',#6734,#1312);
#920=LINE('',#6738,#1313);
#921=LINE('',#6741,#1314);
#922=LINE('',#6742,#1315);
#923=LINE('',#6746,#1316);
#924=LINE('',#6747,#1317);
#925=LINE('',#6748,#1318);
#926=LINE('',#6752,#1319);
#927=LINE('',#6755,#1320);
#928=LINE('',#6756,#1321);
#929=LINE('',#6760,#1322);
#930=LINE('',#6761,#1323);
#931=LINE('',#6762,#1324);
#932=LINE('',#6766,#1325);
#933=LINE('',#6769,#1326);
#934=LINE('',#6770,#1327);
#935=LINE('',#6774,#1328);
#936=LINE('',#6775,#1329);
#937=LINE('',#6776,#1330);
#938=LINE('',#6780,#1331);
#939=LINE('',#6783,#1332);
#940=LINE('',#6784,#1333);
#941=LINE('',#6788,#1334);
#942=LINE('',#6789,#1335);
#943=LINE('',#6790,#1336);
#944=LINE('',#6794,#1337);
#945=LINE('',#6797,#1338);
#946=LINE('',#6798,#1339);
#947=LINE('',#6802,#1340);
#948=LINE('',#6803,#1341);
#949=LINE('',#6804,#1342);
#950=LINE('',#6808,#1343);
#951=LINE('',#6811,#1344);
#952=LINE('',#6812,#1345);
#953=LINE('',#6816,#1346);
#954=LINE('',#6817,#1347);
#955=LINE('',#6818,#1348);
#956=LINE('',#6822,#1349);
#957=LINE('',#6825,#1350);
#958=LINE('',#6826,#1351);
#959=LINE('',#6831,#1352);
#960=LINE('',#6832,#1353);
#961=LINE('',#6835,#1354);
#962=LINE('',#6836,#1355);
#963=LINE('',#6840,#1356);
#964=LINE('',#6844,#1357);
#965=LINE('',#6845,#1358);
#966=LINE('',#6846,#1359);
#967=LINE('',#6850,#1360);
#968=LINE('',#6853,#1361);
#969=LINE('',#6854,#1362);
#970=LINE('',#6859,#1363);
#971=LINE('',#6860,#1364);
#972=LINE('',#6863,#1365);
#973=LINE('',#6864,#1366);
#974=LINE('',#6868,#1367);
#975=LINE('',#6872,#1368);
#976=LINE('',#6873,#1369);
#977=LINE('',#6874,#1370);
#978=LINE('',#6878,#1371);
#979=LINE('',#6881,#1372);
#980=LINE('',#6882,#1373);
#981=LINE('',#6886,#1374);
#982=LINE('',#6887,#1375);
#983=LINE('',#6888,#1376);
#984=LINE('',#6892,#1377);
#985=LINE('',#6895,#1378);
#986=LINE('',#6896,#1379);
#987=LINE('',#6901,#1380);
#988=LINE('',#6902,#1381);
#989=LINE('',#6905,#1382);
#990=LINE('',#6906,#1383);
#991=LINE('',#6910,#1384);
#992=LINE('',#6915,#1385);
#993=LINE('',#6916,#1386);
#994=LINE('',#6919,#1387);
#995=LINE('',#6920,#1388);
#996=LINE('',#6924,#1389);
#997=LINE('',#6928,#1390);
#998=LINE('',#6929,#1391);
#999=LINE('',#6930,#1392);
#1000=LINE('',#6934,#1393);
#1001=LINE('',#6937,#1394);
#1002=LINE('',#6938,#1395);
#1003=LINE('',#6941,#1396);
#1004=LINE('',#6942,#1397);
#1005=LINE('',#6946,#1398);
#1006=LINE('',#6951,#1399);
#1007=LINE('',#6952,#1400);
#1008=LINE('',#6955,#1401);
#1009=LINE('',#6956,#1402);
#1010=LINE('',#6960,#1403);
#1011=LINE('',#6965,#1404);
#1012=LINE('',#6966,#1405);
#1013=LINE('',#6968,#1406);
#1014=LINE('',#6971,#1407);
#1015=LINE('',#6972,#1408);
#1016=LINE('',#6976,#1409);
#1017=LINE('',#6978,#1410);
#1018=LINE('',#6981,#1411);
#1019=LINE('',#6982,#1412);
#1020=LINE('',#6986,#1413);
#1021=LINE('',#6991,#1414);
#1022=LINE('',#6992,#1415);
#1023=LINE('',#6995,#1416);
#1024=LINE('',#6996,#1417);
#1025=LINE('',#7000,#1418);
#1026=LINE('',#7003,#1419);
#1027=LINE('',#7004,#1420);
#1028=LINE('',#7008,#1421);
#1029=LINE('',#7010,#1422);
#1030=LINE('',#7013,#1423);
#1031=LINE('',#7014,#1424);
#1032=LINE('',#7018,#1425);
#1033=LINE('',#7023,#1426);
#1034=LINE('',#7024,#1427);
#1035=LINE('',#7027,#1428);
#1036=LINE('',#7028,#1429);
#1037=LINE('',#7032,#1430);
#1038=LINE('',#7037,#1431);
#1039=LINE('',#7038,#1432);
#1040=LINE('',#7041,#1433);
#1041=LINE('',#7042,#1434);
#1042=LINE('',#7046,#1435);
#1043=LINE('',#7050,#1436);
#1044=LINE('',#7051,#1437);
#1045=LINE('',#7052,#1438);
#1046=LINE('',#7056,#1439);
#1047=LINE('',#7059,#1440);
#1048=LINE('',#7060,#1441);
#1049=LINE('',#7064,#1442);
#1050=LINE('',#7065,#1443);
#1051=LINE('',#7066,#1444);
#1052=LINE('',#7070,#1445);
#1053=LINE('',#7073,#1446);
#1054=LINE('',#7074,#1447);
#1055=LINE('',#7078,#1448);
#1056=LINE('',#7079,#1449);
#1057=LINE('',#7080,#1450);
#1058=LINE('',#7084,#1451);
#1059=LINE('',#7087,#1452);
#1060=LINE('',#7088,#1453);
#1061=LINE('',#7092,#1454);
#1062=LINE('',#7093,#1455);
#1063=LINE('',#7094,#1456);
#1064=LINE('',#7098,#1457);
#1065=LINE('',#7101,#1458);
#1066=LINE('',#7102,#1459);
#1067=LINE('',#7107,#1460);
#1068=LINE('',#7108,#1461);
#1069=LINE('',#7111,#1462);
#1070=LINE('',#7112,#1463);
#1071=LINE('',#7116,#1464);
#1072=LINE('',#7120,#1465);
#1073=LINE('',#7121,#1466);
#1074=LINE('',#7122,#1467);
#1075=LINE('',#7126,#1468);
#1076=LINE('',#7129,#1469);
#1077=LINE('',#7130,#1470);
#1078=LINE('',#7135,#1471);
#1079=LINE('',#7136,#1472);
#1080=LINE('',#7139,#1473);
#1081=LINE('',#7140,#1474);
#1082=LINE('',#7144,#1475);
#1083=LINE('',#7147,#1476);
#1084=LINE('',#7148,#1477);
#1085=LINE('',#7152,#1478);
#1086=LINE('',#7157,#1479);
#1087=LINE('',#7158,#1480);
#1088=LINE('',#7161,#1481);
#1089=LINE('',#7162,#1482);
#1090=LINE('',#7166,#1483);
#1091=LINE('',#7170,#1484);
#1092=LINE('',#7171,#1485);
#1093=LINE('',#7172,#1486);
#1094=LINE('',#7176,#1487);
#1095=LINE('',#7179,#1488);
#1096=LINE('',#7180,#1489);
#1097=LINE('',#7184,#1490);
#1098=LINE('',#7185,#1491);
#1099=LINE('',#7186,#1492);
#1100=LINE('',#7190,#1493);
#1101=LINE('',#7193,#1494);
#1102=LINE('',#7194,#1495);
#1103=LINE('',#7200,#1496);
#1104=LINE('',#7202,#1497);
#1105=LINE('',#7204,#1498);
#1106=LINE('',#7206,#1499);
#1107=LINE('',#7208,#1500);
#1108=LINE('',#7212,#1501);
#1109=LINE('',#7216,#1502);
#1110=LINE('',#7232,#1503);
#1111=LINE('',#7236,#1504);
#1112=LINE('',#7242,#1505);
#1113=LINE('',#7244,#1506);
#1114=LINE('',#7248,#1507);
#1115=LINE('',#7250,#1508);
#1116=LINE('',#7252,#1509);
#1117=LINE('',#7254,#1510);
#1118=LINE('',#7258,#1511);
#1119=LINE('',#7260,#1512);
#1120=LINE('',#7262,#1513);
#1121=LINE('',#7264,#1514);
#1122=LINE('',#7266,#1515);
#1123=LINE('',#7276,#1516);
#1124=LINE('',#7280,#1517);
#1125=LINE('',#7282,#1518);
#1126=LINE('',#7284,#1519);
#1127=LINE('',#7309,#1520);
#1128=LINE('',#7311,#1521);
#1129=LINE('',#7313,#1522);
#1130=LINE('',#7315,#1523);
#1131=LINE('',#7317,#1524);
#1132=LINE('',#7319,#1525);
#1133=LINE('',#7321,#1526);
#1134=LINE('',#7323,#1527);
#1135=VECTOR('',#4900,3.);
#1136=VECTOR('',#4903,3.);
#1137=VECTOR('',#4908,3.);
#1138=VECTOR('',#4911,3.);
#1139=VECTOR('',#4916,3.);
#1140=VECTOR('',#4919,3.);
#1141=VECTOR('',#4924,3.);
#1142=VECTOR('',#4927,3.);
#1143=VECTOR('',#4932,3.);
#1144=VECTOR('',#4935,3.);
#1145=VECTOR('',#4940,3.);
#1146=VECTOR('',#4943,3.);
#1147=VECTOR('',#4948,3.);
#1148=VECTOR('',#4951,3.);
#1149=VECTOR('',#4966,7.502038643);
#1150=VECTOR('',#4969,7.5021209230208);
#1151=VECTOR('',#4970,7.50203864102083);
#1152=VECTOR('',#4973,7.502120925);
#1153=VECTOR('',#4974,7.502038643);
#1154=VECTOR('',#4977,7.5021209230208);
#1155=VECTOR('',#4978,7.50203864102083);
#1156=VECTOR('',#4981,7.502120925);
#1157=VECTOR('',#4982,7.502038643);
#1158=VECTOR('',#4985,7.5021209230208);
#1159=VECTOR('',#4986,7.50203864102083);
#1160=VECTOR('',#4989,7.502120925);
#1161=VECTOR('',#4990,7.502038643);
#1162=VECTOR('',#4993,7.5021209230208);
#1163=VECTOR('',#4994,10.008221752);
#1164=VECTOR('',#4997,10.0079025323597);
#1165=VECTOR('',#5000,10.008221752);
#1166=VECTOR('',#5003,10.0079025323597);
#1167=VECTOR('',#5006,10.005332776);
#1168=VECTOR('',#5009,10.0051258103605);
#1169=VECTOR('',#5014,10.0053327733604);
#1170=VECTOR('',#5017,10.005125813);
#1171=VECTOR('',#5020,15.057011782);
#1172=VECTOR('',#5023,15.0547876630283);
#1173=VECTOR('',#5026,10.0082217493597);
#1174=VECTOR('',#5029,10.007902535);
#1175=VECTOR('',#5032,15.057011782);
#1176=VECTOR('',#5035,15.0547876630283);
#1177=VECTOR('',#5038,10.014315069358);
#1178=VECTOR('',#5041,10.013758776);
#1179=VECTOR('',#5042,10.0137587733582);
#1180=VECTOR('',#5045,10.014315072);
#1181=VECTOR('',#5050,15.054787667);
#1182=VECTOR('',#5053,15.0570117780277);
#1183=VECTOR('',#5054,15.0570117780277);
#1184=VECTOR('',#5057,15.054787667);
#1185=VECTOR('',#5062,15.0547876630283);
#1186=VECTOR('',#5065,15.057011782);
#1187=VECTOR('',#5066,10.0137587733582);
#1188=VECTOR('',#5069,10.014315072);
#1189=VECTOR('',#5072,15.054787667);
#1190=VECTOR('',#5075,15.0570117780277);
#1191=VECTOR('',#5078,10.007902535);
#1192=VECTOR('',#5081,10.0082217493597);
#1193=VECTOR('',#5084,15.054787667);
#1194=VECTOR('',#5087,15.0570117780277);
#1195=VECTOR('',#5090,10.014315069358);
#1196=VECTOR('',#5093,10.013758776);
#1197=VECTOR('',#5096,15.0547876630283);
#1198=VECTOR('',#5099,15.057011782);
#1199=VECTOR('',#5102,10.0137587733582);
#1200=VECTOR('',#5105,10.014315072);
#1201=VECTOR('',#5110,10.0137587733582);
#1202=VECTOR('',#5113,10.014315072);
#1203=VECTOR('',#5114,10.0079025323597);
#1204=VECTOR('',#5117,10.008221752);
#1205=VECTOR('',#5122,10.0051258103605);
#1206=VECTOR('',#5125,10.005332776);
#1207=VECTOR('',#5126,10.0053327733604);
#1208=VECTOR('',#5129,10.005125813);
#1209=VECTOR('',#5132,10.003737901);
#1210=VECTOR('',#5135,10.0035928653609);
#1211=VECTOR('',#5140,10.003592868);
#1212=VECTOR('',#5143,10.0037378983608);
#1213=VECTOR('',#5146,10.0035928653609);
#1214=VECTOR('',#5149,10.003737901);
#1215=VECTOR('',#5152,10.007902535);
#1216=VECTOR('',#5155,10.0082217493597);
#1217=VECTOR('',#5158,10.0035928653609);
#1218=VECTOR('',#5161,10.003737901);
#1219=VECTOR('',#5164,10.005125813);
#1220=VECTOR('',#5167,10.0053327733604);
#1221=VECTOR('',#5170,10.007902535);
#1222=VECTOR('',#5173,10.0082217493597);
#1223=VECTOR('',#5174,10.003592868);
#1224=VECTOR('',#5177,10.0037378983608);
#1225=VECTOR('',#5180,10.003592868);
#1226=VECTOR('',#5183,10.0037378983608);
#1227=VECTOR('',#5186,10.005332776);
#1228=VECTOR('',#5189,10.0051258103605);
#1229=VECTOR('',#5192,10.003592868);
#1230=VECTOR('',#5195,10.0037378983608);
#1231=VECTOR('',#5200,10.003737901);
#1232=VECTOR('',#5203,10.0035928653609);
#1233=VECTOR('',#5204,10.013758776);
#1234=VECTOR('',#5207,10.014315069358);
#1235=VECTOR('',#5212,10.0079025323597);
#1236=VECTOR('',#5215,10.008221752);
#1237=VECTOR('',#5218,10.013758776);
#1238=VECTOR('',#5221,10.014315069358);
#1239=VECTOR('',#5222,10.005125813);
#1240=VECTOR('',#5225,10.0053327733604);
#1241=VECTOR('',#5228,10.0051258103605);
#1242=VECTOR('',#5231,10.005332776);
#1243=VECTOR('',#5234,7.502120925);
#1244=VECTOR('',#5235,7.50203864102083);
#1245=VECTOR('',#5248,10.008221752);
#1246=VECTOR('',#5249,3.);
#1247=VECTOR('',#5250,3.);
#1248=VECTOR('',#5255,3.);
#1249=VECTOR('',#5258,10.0079025323597);
#1250=VECTOR('',#5259,3.);
#1251=VECTOR('',#5262,10.008221752);
#1252=VECTOR('',#5263,3.);
#1253=VECTOR('',#5264,3.);
#1254=VECTOR('',#5269,3.);
#1255=VECTOR('',#5272,10.0079025323597);
#1256=VECTOR('',#5273,3.);
#1257=VECTOR('',#5276,10.005332776);
#1258=VECTOR('',#5277,3.);
#1259=VECTOR('',#5278,3.);
#1260=VECTOR('',#5283,3.);
#1261=VECTOR('',#5286,10.0051258103605);
#1262=VECTOR('',#5287,3.);
#1263=VECTOR('',#5292,3.);
#1264=VECTOR('',#5293,3.);
#1265=VECTOR('',#5296,10.0053327733604);
#1266=VECTOR('',#5297,3.);
#1267=VECTOR('',#5302,3.);
#1268=VECTOR('',#5307,3.);
#1269=VECTOR('',#5308,3.);
#1270=VECTOR('',#5311,15.057011782);
#1271=VECTOR('',#5312,3.);
#1272=VECTOR('',#5317,3.);
#1273=VECTOR('',#5322,3.);
#1274=VECTOR('',#5323,3.);
#1275=VECTOR('',#5326,10.0082217493597);
#1276=VECTOR('',#5327,3.);
#1277=VECTOR('',#5332,3.);
#1278=VECTOR('',#5337,3.);
#1279=VECTOR('',#5338,3.);
#1280=VECTOR('',#5341,15.057011782);
#1281=VECTOR('',#5342,3.);
#1282=VECTOR('',#5347,3.);
#1283=VECTOR('',#5352,3.);
#1284=VECTOR('',#5353,3.);
#1285=VECTOR('',#5356,10.014315069358);
#1286=VECTOR('',#5357,3.);
#1287=VECTOR('',#5362,3.);
#1288=VECTOR('',#5365,10.0137587733582);
#1289=VECTOR('',#5366,3.);
#1290=VECTOR('',#5367,3.);
#1291=VECTOR('',#5372,3.);
#1292=VECTOR('',#5375,10.014315072);
#1293=VECTOR('',#5376,3.);
#1294=VECTOR('',#5381,3.);
#1295=VECTOR('',#5382,3.);
#1296=VECTOR('',#5385,15.054787667);
#1297=VECTOR('',#5386,3.);
#1298=VECTOR('',#5391,3.);
#1299=VECTOR('',#5394,15.0570117780277);
#1300=VECTOR('',#5395,3.);
#1301=VECTOR('',#5396,3.);
#1302=VECTOR('',#5401,3.);
#1303=VECTOR('',#5404,15.054787667);
#1304=VECTOR('',#5405,3.);
#1305=VECTOR('',#5410,3.);
#1306=VECTOR('',#5411,3.);
#1307=VECTOR('',#5414,15.0547876630283);
#1308=VECTOR('',#5415,3.);
#1309=VECTOR('',#5420,3.);
#1310=VECTOR('',#5423,10.0137587733582);
#1311=VECTOR('',#5424,3.);
#1312=VECTOR('',#5425,3.);
#1313=VECTOR('',#5430,3.);
#1314=VECTOR('',#5433,10.014315072);
#1315=VECTOR('',#5434,3.);
#1316=VECTOR('',#5437,15.054787667);
#1317=VECTOR('',#5438,3.);
#1318=VECTOR('',#5439,3.);
#1319=VECTOR('',#5444,3.);
#1320=VECTOR('',#5447,15.0570117780277);
#1321=VECTOR('',#5448,3.);
#1322=VECTOR('',#5451,10.007902535);
#1323=VECTOR('',#5452,3.);
#1324=VECTOR('',#5453,3.);
#1325=VECTOR('',#5458,3.);
#1326=VECTOR('',#5461,10.0082217493597);
#1327=VECTOR('',#5462,3.);
#1328=VECTOR('',#5465,15.054787667);
#1329=VECTOR('',#5466,3.);
#1330=VECTOR('',#5467,3.);
#1331=VECTOR('',#5472,3.);
#1332=VECTOR('',#5475,15.0570117780277);
#1333=VECTOR('',#5476,3.);
#1334=VECTOR('',#5479,10.014315069358);
#1335=VECTOR('',#5480,3.);
#1336=VECTOR('',#5481,3.);
#1337=VECTOR('',#5486,3.);
#1338=VECTOR('',#5489,10.013758776);
#1339=VECTOR('',#5490,3.);
#1340=VECTOR('',#5493,15.0547876630283);
#1341=VECTOR('',#5494,3.);
#1342=VECTOR('',#5495,3.);
#1343=VECTOR('',#5500,3.);
#1344=VECTOR('',#5503,15.057011782);
#1345=VECTOR('',#5504,3.);
#1346=VECTOR('',#5507,10.0137587733582);
#1347=VECTOR('',#5508,3.);
#1348=VECTOR('',#5509,3.);
#1349=VECTOR('',#5514,3.);
#1350=VECTOR('',#5517,10.014315072);
#1351=VECTOR('',#5518,3.);
#1352=VECTOR('',#5523,3.);
#1353=VECTOR('',#5524,3.);
#1354=VECTOR('',#5527,10.0137587733582);
#1355=VECTOR('',#5528,3.);
#1356=VECTOR('',#5533,3.);
#1357=VECTOR('',#5536,10.0079025323597);
#1358=VECTOR('',#5537,3.);
#1359=VECTOR('',#5538,3.);
#1360=VECTOR('',#5543,3.);
#1361=VECTOR('',#5546,10.008221752);
#1362=VECTOR('',#5547,3.);
#1363=VECTOR('',#5552,3.);
#1364=VECTOR('',#5553,3.);
#1365=VECTOR('',#5556,10.0051258103605);
#1366=VECTOR('',#5557,3.);
#1367=VECTOR('',#5562,3.);
#1368=VECTOR('',#5565,10.0053327733604);
#1369=VECTOR('',#5566,3.);
#1370=VECTOR('',#5567,3.);
#1371=VECTOR('',#5572,3.);
#1372=VECTOR('',#5575,10.005125813);
#1373=VECTOR('',#5576,3.);
#1374=VECTOR('',#5579,10.003737901);
#1375=VECTOR('',#5580,3.);
#1376=VECTOR('',#5581,3.);
#1377=VECTOR('',#5586,3.);
#1378=VECTOR('',#5589,10.0035928653609);
#1379=VECTOR('',#5590,3.);
#1380=VECTOR('',#5595,3.);
#1381=VECTOR('',#5596,3.);
#1382=VECTOR('',#5599,10.003592868);
#1383=VECTOR('',#5600,3.);
#1384=VECTOR('',#5605,3.);
#1385=VECTOR('',#5610,3.);
#1386=VECTOR('',#5611,3.);
#1387=VECTOR('',#5614,10.0035928653609);
#1388=VECTOR('',#5615,3.);
#1389=VECTOR('',#5620,3.);
#1390=VECTOR('',#5623,7.5021209230208);
#1391=VECTOR('',#5624,3.);
#1392=VECTOR('',#5625,3.);
#1393=VECTOR('',#5630,3.);
#1394=VECTOR('',#5633,7.502038643);
#1395=VECTOR('',#5634,3.);
#1396=VECTOR('',#5637,7.50203864102083);
#1397=VECTOR('',#5638,3.);
#1398=VECTOR('',#5643,3.);
#1399=VECTOR('',#5648,3.);
#1400=VECTOR('',#5649,3.);
#1401=VECTOR('',#5652,10.007902535);
#1402=VECTOR('',#5653,3.);
#1403=VECTOR('',#5658,3.);
#1404=VECTOR('',#5663,3.);
#1405=VECTOR('',#5664,3.);
#1406=VECTOR('',#5667,7.5021209230208);
#1407=VECTOR('',#5670,7.50203864102083);
#1408=VECTOR('',#5671,3.);
#1409=VECTOR('',#5676,3.);
#1410=VECTOR('',#5679,7.502120925);
#1411=VECTOR('',#5682,7.50203864102083);
#1412=VECTOR('',#5683,3.);
#1413=VECTOR('',#5688,3.);
#1414=VECTOR('',#5693,3.);
#1415=VECTOR('',#5694,3.);
#1416=VECTOR('',#5697,10.0035928653609);
#1417=VECTOR('',#5698,3.);
#1418=VECTOR('',#5703,3.);
#1419=VECTOR('',#5706,7.502038643);
#1420=VECTOR('',#5707,3.);
#1421=VECTOR('',#5712,3.);
#1422=VECTOR('',#5715,7.5021209230208);
#1423=VECTOR('',#5718,7.502038643);
#1424=VECTOR('',#5719,3.);
#1425=VECTOR('',#5724,3.);
#1426=VECTOR('',#5729,3.);
#1427=VECTOR('',#5730,3.);
#1428=VECTOR('',#5733,10.005125813);
#1429=VECTOR('',#5734,3.);
#1430=VECTOR('',#5739,3.);
#1431=VECTOR('',#5744,3.);
#1432=VECTOR('',#5745,3.);
#1433=VECTOR('',#5748,10.007902535);
#1434=VECTOR('',#5749,3.);
#1435=VECTOR('',#5754,3.);
#1436=VECTOR('',#5757,10.003592868);
#1437=VECTOR('',#5758,3.);
#1438=VECTOR('',#5759,3.);
#1439=VECTOR('',#5764,3.);
#1440=VECTOR('',#5767,10.0037378983608);
#1441=VECTOR('',#5768,3.);
#1442=VECTOR('',#5771,10.003592868);
#1443=VECTOR('',#5772,3.);
#1444=VECTOR('',#5773,3.);
#1445=VECTOR('',#5778,3.);
#1446=VECTOR('',#5781,10.0037378983608);
#1447=VECTOR('',#5782,3.);
#1448=VECTOR('',#5785,10.005332776);
#1449=VECTOR('',#5786,3.);
#1450=VECTOR('',#5787,3.);
#1451=VECTOR('',#5792,3.);
#1452=VECTOR('',#5795,10.0051258103605);
#1453=VECTOR('',#5796,3.);
#1454=VECTOR('',#5799,10.003592868);
#1455=VECTOR('',#5800,3.);
#1456=VECTOR('',#5801,3.);
#1457=VECTOR('',#5806,3.);
#1458=VECTOR('',#5809,10.0037378983608);
#1459=VECTOR('',#5810,3.);
#1460=VECTOR('',#5815,3.);
#1461=VECTOR('',#5816,3.);
#1462=VECTOR('',#5819,10.003737901);
#1463=VECTOR('',#5820,3.);
#1464=VECTOR('',#5825,3.);
#1465=VECTOR('',#5828,10.013758776);
#1466=VECTOR('',#5829,3.);
#1467=VECTOR('',#5830,3.);
#1468=VECTOR('',#5835,3.);
#1469=VECTOR('',#5838,10.014315069358);
#1470=VECTOR('',#5839,3.);
#1471=VECTOR('',#5844,3.);
#1472=VECTOR('',#5845,3.);
#1473=VECTOR('',#5848,10.0079025323597);
#1474=VECTOR('',#5849,3.);
#1475=VECTOR('',#5854,3.);
#1476=VECTOR('',#5857,7.50203864102083);
#1477=VECTOR('',#5858,3.);
#1478=VECTOR('',#5863,3.);
#1479=VECTOR('',#5868,3.);
#1480=VECTOR('',#5869,3.);
#1481=VECTOR('',#5872,10.013758776);
#1482=VECTOR('',#5873,3.);
#1483=VECTOR('',#5878,3.);
#1484=VECTOR('',#5881,10.005125813);
#1485=VECTOR('',#5882,3.);
#1486=VECTOR('',#5883,3.);
#1487=VECTOR('',#5888,3.);
#1488=VECTOR('',#5891,10.0053327733604);
#1489=VECTOR('',#5892,3.);
#1490=VECTOR('',#5895,10.0051258103605);
#1491=VECTOR('',#5896,3.);
#1492=VECTOR('',#5897,3.);
#1493=VECTOR('',#5902,3.);
#1494=VECTOR('',#5905,10.005332776);
#1495=VECTOR('',#5906,3.);
#1496=VECTOR('',#5917,10.005125813);
#1497=VECTOR('',#5920,15.0547876630283);
#1498=VECTOR('',#5923,10.007902535);
#1499=VECTOR('',#5926,15.0547876630283);
#1500=VECTOR('',#5929,10.013758776);
#1501=VECTOR('',#5936,15.0570117780277);
#1502=VECTOR('',#5943,15.057011782);
#1503=VECTOR('',#5974,10.014315072);
#1504=VECTOR('',#5981,10.005332776);
#1505=VECTOR('',#5992,10.0037378983608);
#1506=VECTOR('',#5995,10.003737901);
#1507=VECTOR('',#6002,7.502120925);
#1508=VECTOR('',#6005,10.0082217493597);
#1509=VECTOR('',#6008,7.502038643);
#1510=VECTOR('',#6011,7.502120925);
#1511=VECTOR('',#6016,120.);
#1512=VECTOR('',#6019,10.003737901);
#1513=VECTOR('',#6022,7.5021209230208);
#1514=VECTOR('',#6025,10.0053327733604);
#1515=VECTOR('',#6028,10.0082217493597);
#1516=VECTOR('',#6047,10.0035928653609);
#1517=VECTOR('',#6054,10.008221752);
#1518=VECTOR('',#6057,7.502120925);
#1519=VECTOR('',#6060,10.014315069358);
#1520=VECTOR('',#6093,1.5);
#1521=VECTOR('',#6096,1.5);
#1522=VECTOR('',#6099,1.5);
#1523=VECTOR('',#6102,1.5);
#1524=VECTOR('',#6105,1.5);
#1525=VECTOR('',#6108,1.5);
#1526=VECTOR('',#6111,1.5);
#1527=VECTOR('',#6114,1.5);
#1528=CIRCLE('',#4482,110.);
#1529=CIRCLE('',#4483,110.);
#1530=CIRCLE('',#4485,110.);
#1531=CIRCLE('',#4486,110.);
#1532=CIRCLE('',#4488,110.);
#1533=CIRCLE('',#4489,110.);
#1534=CIRCLE('',#4491,110.);
#1535=CIRCLE('',#4492,110.);
#1536=CIRCLE('',#4494,110.);
#1537=CIRCLE('',#4495,110.);
#1538=CIRCLE('',#4497,110.);
#1539=CIRCLE('',#4498,110.);
#1540=CIRCLE('',#4500,110.);
#1541=CIRCLE('',#4501,110.);
#1542=CIRCLE('',#4503,120.);
#1543=CIRCLE('',#4504,1.5);
#1544=CIRCLE('',#4505,1.5);
#1545=CIRCLE('',#4506,1.5);
#1546=CIRCLE('',#4507,1.5);
#1547=CIRCLE('',#4508,110.);
#1548=CIRCLE('',#4509,102.5);
#1549=CIRCLE('',#4510,102.5);
#1550=CIRCLE('',#4511,102.5);
#1551=CIRCLE('',#4512,102.5);
#1552=CIRCLE('',#4513,102.5);
#1553=CIRCLE('',#4514,102.5);
#1554=CIRCLE('',#4515,102.5);
#1555=CIRCLE('',#4516,67.5);
#1556=CIRCLE('',#4517,57.5);
#1557=CIRCLE('',#4518,67.5);
#1558=CIRCLE('',#4519,57.5);
#1559=CIRCLE('',#4520,82.5);
#1560=CIRCLE('',#4521,72.5);
#1561=CIRCLE('',#4522,72.5);
#1562=CIRCLE('',#4523,82.5);
#1563=CIRCLE('',#4524,22.5);
#1564=CIRCLE('',#4525,37.5);
#1565=CIRCLE('',#4526,57.5);
#1566=CIRCLE('',#4527,67.5);
#1567=CIRCLE('',#4528,22.5);
#1568=CIRCLE('',#4529,37.5);
#1569=CIRCLE('',#4530,42.5);
#1570=CIRCLE('',#4531,52.5);
#1571=CIRCLE('',#4532,42.5);
#1572=CIRCLE('',#4533,52.5);
#1573=CIRCLE('',#4534,37.5);
#1574=CIRCLE('',#4535,22.5);
#1575=CIRCLE('',#4536,37.5);
#1576=CIRCLE('',#4537,22.5);
#1577=CIRCLE('',#4538,37.5);
#1578=CIRCLE('',#4539,22.5);
#1579=CIRCLE('',#4540,42.5);
#1580=CIRCLE('',#4541,52.5);
#1581=CIRCLE('',#4542,22.5);
#1582=CIRCLE('',#4543,37.5);
#1583=CIRCLE('',#4544,57.5);
#1584=CIRCLE('',#4545,67.5);
#1585=CIRCLE('',#4546,22.5);
#1586=CIRCLE('',#4547,37.5);
#1587=CIRCLE('',#4548,52.5);
#1588=CIRCLE('',#4549,42.5);
#1589=CIRCLE('',#4550,22.5);
#1590=CIRCLE('',#4551,37.5);
#1591=CIRCLE('',#4552,42.5);
#1592=CIRCLE('',#4553,52.5);
#1593=CIRCLE('',#4554,52.5);
#1594=CIRCLE('',#4555,42.5);
#1595=CIRCLE('',#4556,57.5);
#1596=CIRCLE('',#4557,67.5);
#1597=CIRCLE('',#4558,82.5);
#1598=CIRCLE('',#4559,72.5);
#1599=CIRCLE('',#4560,82.5);
#1600=CIRCLE('',#4561,72.5);
#1601=CIRCLE('',#4562,97.5);
#1602=CIRCLE('',#4563,87.5);
#1603=CIRCLE('',#4564,97.5);
#1604=CIRCLE('',#4565,87.5);
#1605=CIRCLE('',#4566,97.5);
#1606=CIRCLE('',#4567,87.5);
#1607=CIRCLE('',#4568,67.5);
#1608=CIRCLE('',#4569,57.5);
#1609=CIRCLE('',#4570,97.5);
#1610=CIRCLE('',#4571,87.5);
#1611=CIRCLE('',#4572,82.5);
#1612=CIRCLE('',#4573,72.5);
#1613=CIRCLE('',#4574,67.5);
#1614=CIRCLE('',#4575,57.5);
#1615=CIRCLE('',#4576,87.5);
#1616=CIRCLE('',#4577,97.5);
#1617=CIRCLE('',#4578,87.5);
#1618=CIRCLE('',#4579,97.5);
#1619=CIRCLE('',#4580,82.5);
#1620=CIRCLE('',#4581,72.5);
#1621=CIRCLE('',#4582,87.5);
#1622=CIRCLE('',#4583,97.5);
#1623=CIRCLE('',#4584,87.5);
#1624=CIRCLE('',#4585,97.5);
#1625=CIRCLE('',#4586,42.5);
#1626=CIRCLE('',#4587,52.5);
#1627=CIRCLE('',#4588,67.5);
#1628=CIRCLE('',#4589,57.5);
#1629=CIRCLE('',#4590,52.5);
#1630=CIRCLE('',#4591,42.5);
#1631=CIRCLE('',#4592,72.5);
#1632=CIRCLE('',#4593,82.5);
#1633=CIRCLE('',#4594,72.5);
#1634=CIRCLE('',#4595,82.5);
#1635=CIRCLE('',#4596,102.5);
#1636=CIRCLE('',#4597,1.5);
#1637=CIRCLE('',#4598,1.5);
#1638=CIRCLE('',#4599,1.5);
#1639=CIRCLE('',#4600,1.5);
#1640=CIRCLE('',#4603,67.5);
#1641=CIRCLE('',#4607,67.5);
#1642=CIRCLE('',#4611,82.5);
#1643=CIRCLE('',#4614,72.5);
#1644=CIRCLE('',#4617,82.5);
#1645=CIRCLE('',#4619,22.5);
#1646=CIRCLE('',#4622,37.5);
#1647=CIRCLE('',#4624,57.5);
#1648=CIRCLE('',#4627,67.5);
#1649=CIRCLE('',#4629,22.5);
#1650=CIRCLE('',#4632,37.5);
#1651=CIRCLE('',#4634,42.5);
#1652=CIRCLE('',#4637,52.5);
#1653=CIRCLE('',#4640,42.5);
#1654=CIRCLE('',#4643,37.5);
#1655=CIRCLE('',#4646,22.5);
#1656=CIRCLE('',#4649,37.5);
#1657=CIRCLE('',#4652,37.5);
#1658=CIRCLE('',#4655,22.5);
#1659=CIRCLE('',#4658,42.5);
#1660=CIRCLE('',#4662,22.5);
#1661=CIRCLE('',#4666,57.5);
#1662=CIRCLE('',#4670,22.5);
#1663=CIRCLE('',#4674,52.5);
#1664=CIRCLE('',#4678,22.5);
#1665=CIRCLE('',#4682,42.5);
#1666=CIRCLE('',#4685,52.5);
#1667=CIRCLE('',#4688,42.5);
#1668=CIRCLE('',#4691,57.5);
#1669=CIRCLE('',#4694,82.5);
#1670=CIRCLE('',#4697,72.5);
#1671=CIRCLE('',#4700,82.5);
#1672=CIRCLE('',#4704,97.5);
#1673=CIRCLE('',#4707,97.5);
#1674=CIRCLE('',#4710,87.5);
#1675=CIRCLE('',#4712,97.5);
#1676=CIRCLE('',#4715,87.5);
#1677=CIRCLE('',#4718,110.);
#1678=CIRCLE('',#4722,102.5);
#1679=CIRCLE('',#4724,67.5);
#1680=CIRCLE('',#4727,57.5);
#1681=CIRCLE('',#4729,102.5);
#1682=CIRCLE('',#4733,102.5);
#1683=CIRCLE('',#4737,102.5);
#1684=CIRCLE('',#4739,97.5);
#1685=CIRCLE('',#4742,87.5);
#1686=CIRCLE('',#4745,102.5);
#1687=CIRCLE('',#4749,102.5);
#1688=CIRCLE('',#4751,82.5);
#1689=CIRCLE('',#4754,72.5);
#1690=CIRCLE('',#4756,67.5);
#1691=CIRCLE('',#4759,57.5);
#1692=CIRCLE('',#4762,87.5);
#1693=CIRCLE('',#4766,87.5);
#1694=CIRCLE('',#4770,82.5);
#1695=CIRCLE('',#4774,87.5);
#1696=CIRCLE('',#4777,87.5);
#1697=CIRCLE('',#4780,97.5);
#1698=CIRCLE('',#4783,42.5);
#1699=CIRCLE('',#4786,67.5);
#1700=CIRCLE('',#4789,57.5);
#1701=CIRCLE('',#4792,102.5);
#1702=CIRCLE('',#4794,52.5);
#1703=CIRCLE('',#4797,42.5);
#1704=CIRCLE('',#4800,72.5);
#1705=CIRCLE('',#4804,72.5);
#1706=CIRCLE('',#4807,57.5);
#1707=CIRCLE('',#4809,72.5);
#1708=CIRCLE('',#4816,52.5);
#1709=CIRCLE('',#4819,22.5);
#1710=CIRCLE('',#4822,52.5);
#1711=CIRCLE('',#4824,37.5);
#1712=CIRCLE('',#4826,67.5);
#1713=CIRCLE('',#4828,37.5);
#1714=CIRCLE('',#4830,42.5);
#1715=CIRCLE('',#4832,37.5);
#1716=CIRCLE('',#4834,52.5);
#1717=CIRCLE('',#4837,67.5);
#1718=CIRCLE('',#4840,72.5);
#1719=CIRCLE('',#4842,87.5);
#1720=CIRCLE('',#4846,102.5);
#1721=CIRCLE('',#4852,120.);
#1722=CIRCLE('',#4858,97.5);
#1723=CIRCLE('',#4860,97.5);
#1724=CIRCLE('',#4862,72.5);
#1725=CIRCLE('',#4864,97.5);
#1726=CIRCLE('',#4867,52.5);
#1727=CIRCLE('',#4872,82.5);
#1728=CIRCLE('',#4874,82.5);
#1729=CIRCLE('',#4876,57.5);
#1730=CIRCLE('',#4878,1.5);
#1731=CIRCLE('',#4879,1.5);
#1732=CIRCLE('',#4880,1.5);
#1733=CIRCLE('',#4881,1.5);
#1734=CIRCLE('',#4882,1.5);
#1735=CIRCLE('',#4883,1.5);
#1736=CIRCLE('',#4884,1.5);
#1737=CIRCLE('',#4885,1.5);
#1738=VERTEX_POINT('',#6117);
#1739=VERTEX_POINT('',#6118);
#1740=VERTEX_POINT('',#6120);
#1741=VERTEX_POINT('',#6122);
#1742=VERTEX_POINT('',#6126);
#1743=VERTEX_POINT('',#6127);
#1744=VERTEX_POINT('',#6129);
#1745=VERTEX_POINT('',#6131);
#1746=VERTEX_POINT('',#6135);
#1747=VERTEX_POINT('',#6136);
#1748=VERTEX_POINT('',#6138);
#1749=VERTEX_POINT('',#6140);
#1750=VERTEX_POINT('',#6144);
#1751=VERTEX_POINT('',#6145);
#1752=VERTEX_POINT('',#6147);
#1753=VERTEX_POINT('',#6149);
#1754=VERTEX_POINT('',#6153);
#1755=VERTEX_POINT('',#6154);
#1756=VERTEX_POINT('',#6156);
#1757=VERTEX_POINT('',#6158);
#1758=VERTEX_POINT('',#6162);
#1759=VERTEX_POINT('',#6163);
#1760=VERTEX_POINT('',#6165);
#1761=VERTEX_POINT('',#6167);
#1762=VERTEX_POINT('',#6171);
#1763=VERTEX_POINT('',#6172);
#1764=VERTEX_POINT('',#6174);
#1765=VERTEX_POINT('',#6176);
#1766=VERTEX_POINT('',#6180);
#1767=VERTEX_POINT('',#6182);
#1768=VERTEX_POINT('',#6184);
#1769=VERTEX_POINT('',#6186);
#1770=VERTEX_POINT('',#6188);
#1771=VERTEX_POINT('',#6190);
#1772=VERTEX_POINT('',#6191);
#1773=VERTEX_POINT('',#6193);
#1774=VERTEX_POINT('',#6195);
#1775=VERTEX_POINT('',#6198);
#1776=VERTEX_POINT('',#6200);
#1777=VERTEX_POINT('',#6203);
#1778=VERTEX_POINT('',#6205);
#1779=VERTEX_POINT('',#6208);
#1780=VERTEX_POINT('',#6210);
#1781=VERTEX_POINT('',#6213);
#1782=VERTEX_POINT('',#6215);
#1783=VERTEX_POINT('',#6218);
#1784=VERTEX_POINT('',#6220);
#1785=VERTEX_POINT('',#6223);
#1786=VERTEX_POINT('',#6225);
#1787=VERTEX_POINT('',#6228);
#1788=VERTEX_POINT('',#6229);
#1789=VERTEX_POINT('',#6231);
#1790=VERTEX_POINT('',#6233);
#1791=VERTEX_POINT('',#6236);
#1792=VERTEX_POINT('',#6237);
#1793=VERTEX_POINT('',#6239);
#1794=VERTEX_POINT('',#6241);
#1795=VERTEX_POINT('',#6244);
#1796=VERTEX_POINT('',#6245);
#1797=VERTEX_POINT('',#6247);
#1798=VERTEX_POINT('',#6249);
#1799=VERTEX_POINT('',#6252);
#1800=VERTEX_POINT('',#6253);
#1801=VERTEX_POINT('',#6255);
#1802=VERTEX_POINT('',#6257);
#1803=VERTEX_POINT('',#6260);
#1804=VERTEX_POINT('',#6261);
#1805=VERTEX_POINT('',#6263);
#1806=VERTEX_POINT('',#6265);
#1807=VERTEX_POINT('',#6268);
#1808=VERTEX_POINT('',#6269);
#1809=VERTEX_POINT('',#6271);
#1810=VERTEX_POINT('',#6273);
#1811=VERTEX_POINT('',#6276);
#1812=VERTEX_POINT('',#6277);
#1813=VERTEX_POINT('',#6279);
#1814=VERTEX_POINT('',#6281);
#1815=VERTEX_POINT('',#6284);
#1816=VERTEX_POINT('',#6285);
#1817=VERTEX_POINT('',#6287);
#1818=VERTEX_POINT('',#6289);
#1819=VERTEX_POINT('',#6292);
#1820=VERTEX_POINT('',#6293);
#1821=VERTEX_POINT('',#6295);
#1822=VERTEX_POINT('',#6297);
#1823=VERTEX_POINT('',#6300);
#1824=VERTEX_POINT('',#6301);
#1825=VERTEX_POINT('',#6303);
#1826=VERTEX_POINT('',#6305);
#1827=VERTEX_POINT('',#6308);
#1828=VERTEX_POINT('',#6309);
#1829=VERTEX_POINT('',#6311);
#1830=VERTEX_POINT('',#6313);
#1831=VERTEX_POINT('',#6316);
#1832=VERTEX_POINT('',#6317);
#1833=VERTEX_POINT('',#6319);
#1834=VERTEX_POINT('',#6321);
#1835=VERTEX_POINT('',#6324);
#1836=VERTEX_POINT('',#6325);
#1837=VERTEX_POINT('',#6327);
#1838=VERTEX_POINT('',#6329);
#1839=VERTEX_POINT('',#6332);
#1840=VERTEX_POINT('',#6333);
#1841=VERTEX_POINT('',#6335);
#1842=VERTEX_POINT('',#6337);
#1843=VERTEX_POINT('',#6340);
#1844=VERTEX_POINT('',#6341);
#1845=VERTEX_POINT('',#6343);
#1846=VERTEX_POINT('',#6345);
#1847=VERTEX_POINT('',#6348);
#1848=VERTEX_POINT('',#6349);
#1849=VERTEX_POINT('',#6351);
#1850=VERTEX_POINT('',#6353);
#1851=VERTEX_POINT('',#6356);
#1852=VERTEX_POINT('',#6357);
#1853=VERTEX_POINT('',#6359);
#1854=VERTEX_POINT('',#6361);
#1855=VERTEX_POINT('',#6364);
#1856=VERTEX_POINT('',#6365);
#1857=VERTEX_POINT('',#6367);
#1858=VERTEX_POINT('',#6369);
#1859=VERTEX_POINT('',#6372);
#1860=VERTEX_POINT('',#6373);
#1861=VERTEX_POINT('',#6375);
#1862=VERTEX_POINT('',#6377);
#1863=VERTEX_POINT('',#6380);
#1864=VERTEX_POINT('',#6381);
#1865=VERTEX_POINT('',#6383);
#1866=VERTEX_POINT('',#6385);
#1867=VERTEX_POINT('',#6388);
#1868=VERTEX_POINT('',#6389);
#1869=VERTEX_POINT('',#6391);
#1870=VERTEX_POINT('',#6393);
#1871=VERTEX_POINT('',#6396);
#1872=VERTEX_POINT('',#6397);
#1873=VERTEX_POINT('',#6399);
#1874=VERTEX_POINT('',#6401);
#1875=VERTEX_POINT('',#6404);
#1876=VERTEX_POINT('',#6405);
#1877=VERTEX_POINT('',#6407);
#1878=VERTEX_POINT('',#6409);
#1879=VERTEX_POINT('',#6412);
#1880=VERTEX_POINT('',#6413);
#1881=VERTEX_POINT('',#6415);
#1882=VERTEX_POINT('',#6417);
#1883=VERTEX_POINT('',#6420);
#1884=VERTEX_POINT('',#6421);
#1885=VERTEX_POINT('',#6423);
#1886=VERTEX_POINT('',#6425);
#1887=VERTEX_POINT('',#6428);
#1888=VERTEX_POINT('',#6429);
#1889=VERTEX_POINT('',#6431);
#1890=VERTEX_POINT('',#6433);
#1891=VERTEX_POINT('',#6436);
#1892=VERTEX_POINT('',#6437);
#1893=VERTEX_POINT('',#6439);
#1894=VERTEX_POINT('',#6441);
#1895=VERTEX_POINT('',#6444);
#1896=VERTEX_POINT('',#6445);
#1897=VERTEX_POINT('',#6447);
#1898=VERTEX_POINT('',#6449);
#1899=VERTEX_POINT('',#6452);
#1900=VERTEX_POINT('',#6453);
#1901=VERTEX_POINT('',#6455);
#1902=VERTEX_POINT('',#6457);
#1903=VERTEX_POINT('',#6460);
#1904=VERTEX_POINT('',#6461);
#1905=VERTEX_POINT('',#6463);
#1906=VERTEX_POINT('',#6465);
#1907=VERTEX_POINT('',#6468);
#1908=VERTEX_POINT('',#6469);
#1909=VERTEX_POINT('',#6471);
#1910=VERTEX_POINT('',#6473);
#1911=VERTEX_POINT('',#6476);
#1912=VERTEX_POINT('',#6477);
#1913=VERTEX_POINT('',#6479);
#1914=VERTEX_POINT('',#6481);
#1915=VERTEX_POINT('',#6484);
#1916=VERTEX_POINT('',#6485);
#1917=VERTEX_POINT('',#6487);
#1918=VERTEX_POINT('',#6489);
#1919=VERTEX_POINT('',#6492);
#1920=VERTEX_POINT('',#6493);
#1921=VERTEX_POINT('',#6495);
#1922=VERTEX_POINT('',#6497);
#1923=VERTEX_POINT('',#6500);
#1924=VERTEX_POINT('',#6501);
#1925=VERTEX_POINT('',#6503);
#1926=VERTEX_POINT('',#6505);
#1927=VERTEX_POINT('',#6508);
#1928=VERTEX_POINT('',#6509);
#1929=VERTEX_POINT('',#6511);
#1930=VERTEX_POINT('',#6513);
#1931=VERTEX_POINT('',#6516);
#1932=VERTEX_POINT('',#6517);
#1933=VERTEX_POINT('',#6519);
#1934=VERTEX_POINT('',#6521);
#1935=VERTEX_POINT('',#6524);
#1936=VERTEX_POINT('',#6525);
#1937=VERTEX_POINT('',#6527);
#1938=VERTEX_POINT('',#6529);
#1939=VERTEX_POINT('',#6532);
#1940=VERTEX_POINT('',#6533);
#1941=VERTEX_POINT('',#6535);
#1942=VERTEX_POINT('',#6537);
#1943=VERTEX_POINT('',#6540);
#1944=VERTEX_POINT('',#6541);
#1945=VERTEX_POINT('',#6543);
#1946=VERTEX_POINT('',#6545);
#1947=VERTEX_POINT('',#6548);
#1948=VERTEX_POINT('',#6550);
#1949=VERTEX_POINT('',#6553);
#1950=VERTEX_POINT('',#6555);
#1951=VERTEX_POINT('',#6557);
#1952=VERTEX_POINT('',#6559);
#1953=VERTEX_POINT('',#6562);
#1954=VERTEX_POINT('',#6563);
#1955=VERTEX_POINT('',#6568);
#1956=VERTEX_POINT('',#6572);
#1957=VERTEX_POINT('',#6576);
#1958=VERTEX_POINT('',#6577);
#1959=VERTEX_POINT('',#6582);
#1960=VERTEX_POINT('',#6586);
#1961=VERTEX_POINT('',#6590);
#1962=VERTEX_POINT('',#6591);
#1963=VERTEX_POINT('',#6596);
#1964=VERTEX_POINT('',#6600);
#1965=VERTEX_POINT('',#6604);
#1966=VERTEX_POINT('',#6605);
#1967=VERTEX_POINT('',#6610);
#1968=VERTEX_POINT('',#6614);
#1969=VERTEX_POINT('',#6618);
#1970=VERTEX_POINT('',#6619);
#1971=VERTEX_POINT('',#6624);
#1972=VERTEX_POINT('',#6628);
#1973=VERTEX_POINT('',#6632);
#1974=VERTEX_POINT('',#6633);
#1975=VERTEX_POINT('',#6638);
#1976=VERTEX_POINT('',#6642);
#1977=VERTEX_POINT('',#6646);
#1978=VERTEX_POINT('',#6647);
#1979=VERTEX_POINT('',#6652);
#1980=VERTEX_POINT('',#6656);
#1981=VERTEX_POINT('',#6660);
#1982=VERTEX_POINT('',#6661);
#1983=VERTEX_POINT('',#6666);
#1984=VERTEX_POINT('',#6670);
#1985=VERTEX_POINT('',#6674);
#1986=VERTEX_POINT('',#6675);
#1987=VERTEX_POINT('',#6680);
#1988=VERTEX_POINT('',#6684);
#1989=VERTEX_POINT('',#6688);
#1990=VERTEX_POINT('',#6689);
#1991=VERTEX_POINT('',#6694);
#1992=VERTEX_POINT('',#6698);
#1993=VERTEX_POINT('',#6702);
#1994=VERTEX_POINT('',#6703);
#1995=VERTEX_POINT('',#6708);
#1996=VERTEX_POINT('',#6712);
#1997=VERTEX_POINT('',#6716);
#1998=VERTEX_POINT('',#6717);
#1999=VERTEX_POINT('',#6722);
#2000=VERTEX_POINT('',#6726);
#2001=VERTEX_POINT('',#6730);
#2002=VERTEX_POINT('',#6731);
#2003=VERTEX_POINT('',#6736);
#2004=VERTEX_POINT('',#6740);
#2005=VERTEX_POINT('',#6744);
#2006=VERTEX_POINT('',#6745);
#2007=VERTEX_POINT('',#6750);
#2008=VERTEX_POINT('',#6754);
#2009=VERTEX_POINT('',#6758);
#2010=VERTEX_POINT('',#6759);
#2011=VERTEX_POINT('',#6764);
#2012=VERTEX_POINT('',#6768);
#2013=VERTEX_POINT('',#6772);
#2014=VERTEX_POINT('',#6773);
#2015=VERTEX_POINT('',#6778);
#2016=VERTEX_POINT('',#6782);
#2017=VERTEX_POINT('',#6786);
#2018=VERTEX_POINT('',#6787);
#2019=VERTEX_POINT('',#6792);
#2020=VERTEX_POINT('',#6796);
#2021=VERTEX_POINT('',#6800);
#2022=VERTEX_POINT('',#6801);
#2023=VERTEX_POINT('',#6806);
#2024=VERTEX_POINT('',#6810);
#2025=VERTEX_POINT('',#6814);
#2026=VERTEX_POINT('',#6815);
#2027=VERTEX_POINT('',#6820);
#2028=VERTEX_POINT('',#6824);
#2029=VERTEX_POINT('',#6828);
#2030=VERTEX_POINT('',#6829);
#2031=VERTEX_POINT('',#6834);
#2032=VERTEX_POINT('',#6838);
#2033=VERTEX_POINT('',#6842);
#2034=VERTEX_POINT('',#6843);
#2035=VERTEX_POINT('',#6848);
#2036=VERTEX_POINT('',#6852);
#2037=VERTEX_POINT('',#6856);
#2038=VERTEX_POINT('',#6857);
#2039=VERTEX_POINT('',#6862);
#2040=VERTEX_POINT('',#6866);
#2041=VERTEX_POINT('',#6870);
#2042=VERTEX_POINT('',#6871);
#2043=VERTEX_POINT('',#6876);
#2044=VERTEX_POINT('',#6880);
#2045=VERTEX_POINT('',#6884);
#2046=VERTEX_POINT('',#6885);
#2047=VERTEX_POINT('',#6890);
#2048=VERTEX_POINT('',#6894);
#2049=VERTEX_POINT('',#6898);
#2050=VERTEX_POINT('',#6899);
#2051=VERTEX_POINT('',#6904);
#2052=VERTEX_POINT('',#6908);
#2053=VERTEX_POINT('',#6912);
#2054=VERTEX_POINT('',#6913);
#2055=VERTEX_POINT('',#6918);
#2056=VERTEX_POINT('',#6922);
#2057=VERTEX_POINT('',#6926);
#2058=VERTEX_POINT('',#6927);
#2059=VERTEX_POINT('',#6932);
#2060=VERTEX_POINT('',#6936);
#2061=VERTEX_POINT('',#6940);
#2062=VERTEX_POINT('',#6944);
#2063=VERTEX_POINT('',#6948);
#2064=VERTEX_POINT('',#6949);
#2065=VERTEX_POINT('',#6954);
#2066=VERTEX_POINT('',#6958);
#2067=VERTEX_POINT('',#6962);
#2068=VERTEX_POINT('',#6963);
#2069=VERTEX_POINT('',#6970);
#2070=VERTEX_POINT('',#6974);
#2071=VERTEX_POINT('',#6980);
#2072=VERTEX_POINT('',#6984);
#2073=VERTEX_POINT('',#6988);
#2074=VERTEX_POINT('',#6989);
#2075=VERTEX_POINT('',#6994);
#2076=VERTEX_POINT('',#6998);
#2077=VERTEX_POINT('',#7002);
#2078=VERTEX_POINT('',#7006);
#2079=VERTEX_POINT('',#7012);
#2080=VERTEX_POINT('',#7016);
#2081=VERTEX_POINT('',#7020);
#2082=VERTEX_POINT('',#7021);
#2083=VERTEX_POINT('',#7026);
#2084=VERTEX_POINT('',#7030);
#2085=VERTEX_POINT('',#7034);
#2086=VERTEX_POINT('',#7035);
#2087=VERTEX_POINT('',#7040);
#2088=VERTEX_POINT('',#7044);
#2089=VERTEX_POINT('',#7048);
#2090=VERTEX_POINT('',#7049);
#2091=VERTEX_POINT('',#7054);
#2092=VERTEX_POINT('',#7058);
#2093=VERTEX_POINT('',#7062);
#2094=VERTEX_POINT('',#7063);
#2095=VERTEX_POINT('',#7068);
#2096=VERTEX_POINT('',#7072);
#2097=VERTEX_POINT('',#7076);
#2098=VERTEX_POINT('',#7077);
#2099=VERTEX_POINT('',#7082);
#2100=VERTEX_POINT('',#7086);
#2101=VERTEX_POINT('',#7090);
#2102=VERTEX_POINT('',#7091);
#2103=VERTEX_POINT('',#7096);
#2104=VERTEX_POINT('',#7100);
#2105=VERTEX_POINT('',#7104);
#2106=VERTEX_POINT('',#7105);
#2107=VERTEX_POINT('',#7110);
#2108=VERTEX_POINT('',#7114);
#2109=VERTEX_POINT('',#7118);
#2110=VERTEX_POINT('',#7119);
#2111=VERTEX_POINT('',#7124);
#2112=VERTEX_POINT('',#7128);
#2113=VERTEX_POINT('',#7132);
#2114=VERTEX_POINT('',#7133);
#2115=VERTEX_POINT('',#7138);
#2116=VERTEX_POINT('',#7142);
#2117=VERTEX_POINT('',#7146);
#2118=VERTEX_POINT('',#7150);
#2119=VERTEX_POINT('',#7154);
#2120=VERTEX_POINT('',#7155);
#2121=VERTEX_POINT('',#7160);
#2122=VERTEX_POINT('',#7164);
#2123=VERTEX_POINT('',#7168);
#2124=VERTEX_POINT('',#7169);
#2125=VERTEX_POINT('',#7174);
#2126=VERTEX_POINT('',#7178);
#2127=VERTEX_POINT('',#7182);
#2128=VERTEX_POINT('',#7183);
#2129=VERTEX_POINT('',#7188);
#2130=VERTEX_POINT('',#7192);
#2131=VERTEX_POINT('',#7256);
#2132=VERTEX_POINT('',#7292);
#2133=VERTEX_POINT('',#7294);
#2134=VERTEX_POINT('',#7296);
#2135=VERTEX_POINT('',#7298);
#2136=VERTEX_POINT('',#7300);
#2137=VERTEX_POINT('',#7302);
#2138=VERTEX_POINT('',#7304);
#2139=VERTEX_POINT('',#7306);
#2140=EDGE_CURVE('',#1738,#1739,#1528,.T.);
#2141=EDGE_CURVE('',#1739,#1740,#742,.T.);
#2142=EDGE_CURVE('',#1741,#1740,#1529,.T.);
#2143=EDGE_CURVE('',#1738,#1741,#743,.T.);
#2144=EDGE_CURVE('',#1742,#1743,#1530,.T.);
#2145=EDGE_CURVE('',#1743,#1744,#744,.T.);
#2146=EDGE_CURVE('',#1745,#1744,#1531,.T.);
#2147=EDGE_CURVE('',#1742,#1745,#745,.T.);
#2148=EDGE_CURVE('',#1746,#1747,#1532,.T.);
#2149=EDGE_CURVE('',#1747,#1748,#746,.T.);
#2150=EDGE_CURVE('',#1749,#1748,#1533,.T.);
#2151=EDGE_CURVE('',#1746,#1749,#747,.T.);
#2152=EDGE_CURVE('',#1750,#1751,#1534,.T.);
#2153=EDGE_CURVE('',#1751,#1752,#748,.T.);
#2154=EDGE_CURVE('',#1753,#1752,#1535,.T.);
#2155=EDGE_CURVE('',#1750,#1753,#749,.T.);
#2156=EDGE_CURVE('',#1754,#1755,#1536,.T.);
#2157=EDGE_CURVE('',#1755,#1756,#750,.T.);
#2158=EDGE_CURVE('',#1757,#1756,#1537,.T.);
#2159=EDGE_CURVE('',#1754,#1757,#751,.T.);
#2160=EDGE_CURVE('',#1758,#1759,#1538,.T.);
#2161=EDGE_CURVE('',#1759,#1760,#752,.T.);
#2162=EDGE_CURVE('',#1761,#1760,#1539,.T.);
#2163=EDGE_CURVE('',#1758,#1761,#753,.T.);
#2164=EDGE_CURVE('',#1762,#1763,#1540,.T.);
#2165=EDGE_CURVE('',#1763,#1764,#754,.T.);
#2166=EDGE_CURVE('',#1765,#1764,#1541,.T.);
#2167=EDGE_CURVE('',#1762,#1765,#755,.T.);
#2168=EDGE_CURVE('',#1766,#1766,#1542,.T.);
#2169=EDGE_CURVE('',#1767,#1767,#1543,.T.);
#2170=EDGE_CURVE('',#1768,#1768,#1544,.T.);
#2171=EDGE_CURVE('',#1769,#1769,#1545,.T.);
#2172=EDGE_CURVE('',#1770,#1770,#1546,.T.);
#2173=EDGE_CURVE('',#1771,#1772,#1547,.T.);
#2174=EDGE_CURVE('',#1773,#1771,#756,.T.);
#2175=EDGE_CURVE('',#1773,#1774,#1548,.T.);
#2176=EDGE_CURVE('',#1774,#1772,#757,.T.);
#2177=EDGE_CURVE('',#1775,#1762,#758,.T.);
#2178=EDGE_CURVE('',#1775,#1776,#1549,.T.);
#2179=EDGE_CURVE('',#1776,#1763,#759,.T.);
#2180=EDGE_CURVE('',#1777,#1758,#760,.T.);
#2181=EDGE_CURVE('',#1777,#1778,#1550,.T.);
#2182=EDGE_CURVE('',#1778,#1759,#761,.T.);
#2183=EDGE_CURVE('',#1779,#1754,#762,.T.);
#2184=EDGE_CURVE('',#1779,#1780,#1551,.T.);
#2185=EDGE_CURVE('',#1780,#1755,#763,.T.);
#2186=EDGE_CURVE('',#1781,#1750,#764,.T.);
#2187=EDGE_CURVE('',#1781,#1782,#1552,.T.);
#2188=EDGE_CURVE('',#1782,#1751,#765,.T.);
#2189=EDGE_CURVE('',#1783,#1746,#766,.T.);
#2190=EDGE_CURVE('',#1783,#1784,#1553,.T.);
#2191=EDGE_CURVE('',#1784,#1747,#767,.T.);
#2192=EDGE_CURVE('',#1785,#1742,#768,.T.);
#2193=EDGE_CURVE('',#1785,#1786,#1554,.T.);
#2194=EDGE_CURVE('',#1786,#1743,#769,.T.);
#2195=EDGE_CURVE('',#1787,#1788,#770,.T.);
#2196=EDGE_CURVE('',#1789,#1788,#1555,.T.);
#2197=EDGE_CURVE('',#1790,#1789,#771,.T.);
#2198=EDGE_CURVE('',#1790,#1787,#1556,.T.);
#2199=EDGE_CURVE('',#1791,#1792,#772,.T.);
#2200=EDGE_CURVE('',#1793,#1792,#1557,.T.);
#2201=EDGE_CURVE('',#1794,#1793,#773,.T.);
#2202=EDGE_CURVE('',#1794,#1791,#1558,.T.);
#2203=EDGE_CURVE('',#1795,#1796,#774,.T.);
#2204=EDGE_CURVE('',#1797,#1796,#1559,.T.);
#2205=EDGE_CURVE('',#1798,#1797,#775,.T.);
#2206=EDGE_CURVE('',#1798,#1795,#1560,.T.);
#2207=EDGE_CURVE('',#1799,#1800,#1561,.T.);
#2208=EDGE_CURVE('',#1800,#1801,#776,.T.);
#2209=EDGE_CURVE('',#1802,#1801,#1562,.T.);
#2210=EDGE_CURVE('',#1799,#1802,#777,.T.);
#2211=EDGE_CURVE('',#1803,#1804,#1563,.T.);
#2212=EDGE_CURVE('',#1804,#1805,#778,.T.);
#2213=EDGE_CURVE('',#1806,#1805,#1564,.T.);
#2214=EDGE_CURVE('',#1803,#1806,#779,.T.);
#2215=EDGE_CURVE('',#1807,#1808,#1565,.T.);
#2216=EDGE_CURVE('',#1808,#1809,#780,.T.);
#2217=EDGE_CURVE('',#1810,#1809,#1566,.T.);
#2218=EDGE_CURVE('',#1807,#1810,#781,.T.);
#2219=EDGE_CURVE('',#1811,#1812,#1567,.T.);
#2220=EDGE_CURVE('',#1812,#1813,#782,.T.);
#2221=EDGE_CURVE('',#1814,#1813,#1568,.T.);
#2222=EDGE_CURVE('',#1811,#1814,#783,.T.);
#2223=EDGE_CURVE('',#1815,#1816,#1569,.T.);
#2224=EDGE_CURVE('',#1816,#1817,#784,.T.);
#2225=EDGE_CURVE('',#1818,#1817,#1570,.T.);
#2226=EDGE_CURVE('',#1815,#1818,#785,.T.);
#2227=EDGE_CURVE('',#1819,#1820,#786,.T.);
#2228=EDGE_CURVE('',#1819,#1821,#1571,.T.);
#2229=EDGE_CURVE('',#1821,#1822,#787,.T.);
#2230=EDGE_CURVE('',#1820,#1822,#1572,.T.);
#2231=EDGE_CURVE('',#1823,#1824,#1573,.T.);
#2232=EDGE_CURVE('',#1825,#1823,#788,.T.);
#2233=EDGE_CURVE('',#1825,#1826,#1574,.T.);
#2234=EDGE_CURVE('',#1826,#1824,#789,.T.);
#2235=EDGE_CURVE('',#1827,#1828,#790,.T.);
#2236=EDGE_CURVE('',#1829,#1828,#1575,.T.);
#2237=EDGE_CURVE('',#1830,#1829,#791,.T.);
#2238=EDGE_CURVE('',#1830,#1827,#1576,.T.);
#2239=EDGE_CURVE('',#1831,#1832,#1577,.T.);
#2240=EDGE_CURVE('',#1833,#1831,#792,.T.);
#2241=EDGE_CURVE('',#1833,#1834,#1578,.T.);
#2242=EDGE_CURVE('',#1834,#1832,#793,.T.);
#2243=EDGE_CURVE('',#1835,#1836,#794,.T.);
#2244=EDGE_CURVE('',#1835,#1837,#1579,.T.);
#2245=EDGE_CURVE('',#1837,#1838,#795,.T.);
#2246=EDGE_CURVE('',#1836,#1838,#1580,.T.);
#2247=EDGE_CURVE('',#1839,#1840,#796,.T.);
#2248=EDGE_CURVE('',#1839,#1841,#1581,.T.);
#2249=EDGE_CURVE('',#1841,#1842,#797,.T.);
#2250=EDGE_CURVE('',#1840,#1842,#1582,.T.);
#2251=EDGE_CURVE('',#1843,#1844,#798,.T.);
#2252=EDGE_CURVE('',#1843,#1845,#1583,.T.);
#2253=EDGE_CURVE('',#1845,#1846,#799,.T.);
#2254=EDGE_CURVE('',#1844,#1846,#1584,.T.);
#2255=EDGE_CURVE('',#1847,#1848,#800,.T.);
#2256=EDGE_CURVE('',#1847,#1849,#1585,.T.);
#2257=EDGE_CURVE('',#1849,#1850,#801,.T.);
#2258=EDGE_CURVE('',#1848,#1850,#1586,.T.);
#2259=EDGE_CURVE('',#1851,#1852,#802,.T.);
#2260=EDGE_CURVE('',#1853,#1852,#1587,.T.);
#2261=EDGE_CURVE('',#1854,#1853,#803,.T.);
#2262=EDGE_CURVE('',#1854,#1851,#1588,.T.);
#2263=EDGE_CURVE('',#1855,#1856,#804,.T.);
#2264=EDGE_CURVE('',#1855,#1857,#1589,.T.);
#2265=EDGE_CURVE('',#1857,#1858,#805,.T.);
#2266=EDGE_CURVE('',#1856,#1858,#1590,.T.);
#2267=EDGE_CURVE('',#1859,#1860,#806,.T.);
#2268=EDGE_CURVE('',#1859,#1861,#1591,.T.);
#2269=EDGE_CURVE('',#1861,#1862,#807,.T.);
#2270=EDGE_CURVE('',#1860,#1862,#1592,.T.);
#2271=EDGE_CURVE('',#1863,#1864,#1593,.T.);
#2272=EDGE_CURVE('',#1865,#1863,#808,.T.);
#2273=EDGE_CURVE('',#1865,#1866,#1594,.T.);
#2274=EDGE_CURVE('',#1866,#1864,#809,.T.);
#2275=EDGE_CURVE('',#1867,#1868,#810,.T.);
#2276=EDGE_CURVE('',#1867,#1869,#1595,.T.);
#2277=EDGE_CURVE('',#1869,#1870,#811,.T.);
#2278=EDGE_CURVE('',#1868,#1870,#1596,.T.);
#2279=EDGE_CURVE('',#1871,#1872,#1597,.T.);
#2280=EDGE_CURVE('',#1873,#1871,#812,.T.);
#2281=EDGE_CURVE('',#1873,#1874,#1598,.T.);
#2282=EDGE_CURVE('',#1874,#1872,#813,.T.);
#2283=EDGE_CURVE('',#1875,#1876,#814,.T.);
#2284=EDGE_CURVE('',#1877,#1876,#1599,.T.);
#2285=EDGE_CURVE('',#1878,#1877,#815,.T.);
#2286=EDGE_CURVE('',#1878,#1875,#1600,.T.);
#2287=EDGE_CURVE('',#1879,#1880,#816,.T.);
#2288=EDGE_CURVE('',#1881,#1880,#1601,.T.);
#2289=EDGE_CURVE('',#1882,#1881,#817,.T.);
#2290=EDGE_CURVE('',#1882,#1879,#1602,.T.);
#2291=EDGE_CURVE('',#1883,#1884,#1603,.T.);
#2292=EDGE_CURVE('',#1885,#1883,#818,.T.);
#2293=EDGE_CURVE('',#1885,#1886,#1604,.T.);
#2294=EDGE_CURVE('',#1886,#1884,#819,.T.);
#2295=EDGE_CURVE('',#1887,#1888,#1605,.T.);
#2296=EDGE_CURVE('',#1889,#1887,#820,.T.);
#2297=EDGE_CURVE('',#1889,#1890,#1606,.T.);
#2298=EDGE_CURVE('',#1890,#1888,#821,.T.);
#2299=EDGE_CURVE('',#1891,#1892,#1607,.T.);
#2300=EDGE_CURVE('',#1893,#1891,#822,.T.);
#2301=EDGE_CURVE('',#1893,#1894,#1608,.T.);
#2302=EDGE_CURVE('',#1894,#1892,#823,.T.);
#2303=EDGE_CURVE('',#1895,#1896,#1609,.T.);
#2304=EDGE_CURVE('',#1897,#1895,#824,.T.);
#2305=EDGE_CURVE('',#1897,#1898,#1610,.T.);
#2306=EDGE_CURVE('',#1898,#1896,#825,.T.);
#2307=EDGE_CURVE('',#1899,#1900,#1611,.T.);
#2308=EDGE_CURVE('',#1901,#1899,#826,.T.);
#2309=EDGE_CURVE('',#1901,#1902,#1612,.T.);
#2310=EDGE_CURVE('',#1902,#1900,#827,.T.);
#2311=EDGE_CURVE('',#1903,#1904,#1613,.T.);
#2312=EDGE_CURVE('',#1905,#1903,#828,.T.);
#2313=EDGE_CURVE('',#1905,#1906,#1614,.T.);
#2314=EDGE_CURVE('',#1906,#1904,#829,.T.);
#2315=EDGE_CURVE('',#1907,#1908,#830,.T.);
#2316=EDGE_CURVE('',#1907,#1909,#1615,.T.);
#2317=EDGE_CURVE('',#1909,#1910,#831,.T.);
#2318=EDGE_CURVE('',#1908,#1910,#1616,.T.);
#2319=EDGE_CURVE('',#1911,#1912,#832,.T.);
#2320=EDGE_CURVE('',#1911,#1913,#1617,.T.);
#2321=EDGE_CURVE('',#1913,#1914,#833,.T.);
#2322=EDGE_CURVE('',#1912,#1914,#1618,.T.);
#2323=EDGE_CURVE('',#1915,#1916,#834,.T.);
#2324=EDGE_CURVE('',#1917,#1916,#1619,.T.);
#2325=EDGE_CURVE('',#1918,#1917,#835,.T.);
#2326=EDGE_CURVE('',#1918,#1915,#1620,.T.);
#2327=EDGE_CURVE('',#1919,#1920,#836,.T.);
#2328=EDGE_CURVE('',#1919,#1921,#1621,.T.);
#2329=EDGE_CURVE('',#1921,#1922,#837,.T.);
#2330=EDGE_CURVE('',#1920,#1922,#1622,.T.);
#2331=EDGE_CURVE('',#1923,#1924,#1623,.T.);
#2332=EDGE_CURVE('',#1924,#1925,#838,.T.);
#2333=EDGE_CURVE('',#1926,#1925,#1624,.T.);
#2334=EDGE_CURVE('',#1923,#1926,#839,.T.);
#2335=EDGE_CURVE('',#1927,#1928,#840,.T.);
#2336=EDGE_CURVE('',#1927,#1929,#1625,.T.);
#2337=EDGE_CURVE('',#1929,#1930,#841,.T.);
#2338=EDGE_CURVE('',#1928,#1930,#1626,.T.);
#2339=EDGE_CURVE('',#1931,#1932,#1627,.T.);
#2340=EDGE_CURVE('',#1933,#1931,#842,.T.);
#2341=EDGE_CURVE('',#1933,#1934,#1628,.T.);
#2342=EDGE_CURVE('',#1934,#1932,#843,.T.);
#2343=EDGE_CURVE('',#1935,#1936,#1629,.T.);
#2344=EDGE_CURVE('',#1937,#1935,#844,.T.);
#2345=EDGE_CURVE('',#1937,#1938,#1630,.T.);
#2346=EDGE_CURVE('',#1938,#1936,#845,.T.);
#2347=EDGE_CURVE('',#1939,#1940,#846,.T.);
#2348=EDGE_CURVE('',#1939,#1941,#1631,.T.);
#2349=EDGE_CURVE('',#1941,#1942,#847,.T.);
#2350=EDGE_CURVE('',#1940,#1942,#1632,.T.);
#2351=EDGE_CURVE('',#1943,#1944,#848,.T.);
#2352=EDGE_CURVE('',#1943,#1945,#1633,.T.);
#2353=EDGE_CURVE('',#1945,#1946,#849,.T.);
#2354=EDGE_CURVE('',#1944,#1946,#1634,.T.);
#2355=EDGE_CURVE('',#1947,#1739,#850,.T.);
#2356=EDGE_CURVE('',#1948,#1738,#851,.T.);
#2357=EDGE_CURVE('',#1948,#1947,#1635,.T.);
#2358=EDGE_CURVE('',#1949,#1949,#1636,.T.);
#2359=EDGE_CURVE('',#1950,#1950,#1637,.T.);
#2360=EDGE_CURVE('',#1951,#1951,#1638,.T.);
#2361=EDGE_CURVE('',#1952,#1952,#1639,.T.);
#2362=EDGE_CURVE('',#1953,#1954,#852,.T.);
#2363=EDGE_CURVE('',#1788,#1954,#853,.T.);
#2364=EDGE_CURVE('',#1787,#1953,#854,.T.);
#2365=EDGE_CURVE('',#1955,#1954,#1640,.T.);
#2366=EDGE_CURVE('',#1789,#1955,#855,.T.);
#2367=EDGE_CURVE('',#1956,#1955,#856,.T.);
#2368=EDGE_CURVE('',#1790,#1956,#857,.T.);
#2369=EDGE_CURVE('',#1957,#1958,#858,.T.);
#2370=EDGE_CURVE('',#1792,#1958,#859,.T.);
#2371=EDGE_CURVE('',#1791,#1957,#860,.T.);
#2372=EDGE_CURVE('',#1959,#1958,#1641,.T.);
#2373=EDGE_CURVE('',#1793,#1959,#861,.T.);
#2374=EDGE_CURVE('',#1960,#1959,#862,.T.);
#2375=EDGE_CURVE('',#1794,#1960,#863,.T.);
#2376=EDGE_CURVE('',#1961,#1962,#864,.T.);
#2377=EDGE_CURVE('',#1796,#1962,#865,.T.);
#2378=EDGE_CURVE('',#1795,#1961,#866,.T.);
#2379=EDGE_CURVE('',#1963,#1962,#1642,.T.);
#2380=EDGE_CURVE('',#1797,#1963,#867,.T.);
#2381=EDGE_CURVE('',#1964,#1963,#868,.T.);
#2382=EDGE_CURVE('',#1798,#1964,#869,.T.);
#2383=EDGE_CURVE('',#1965,#1966,#1643,.T.);
#2384=EDGE_CURVE('',#1800,#1966,#870,.T.);
#2385=EDGE_CURVE('',#1799,#1965,#871,.T.);
#2386=EDGE_CURVE('',#1966,#1967,#872,.T.);
#2387=EDGE_CURVE('',#1801,#1967,#873,.T.);
#2388=EDGE_CURVE('',#1968,#1967,#1644,.T.);
#2389=EDGE_CURVE('',#1802,#1968,#874,.T.);
#2390=EDGE_CURVE('',#1969,#1970,#1645,.T.);
#2391=EDGE_CURVE('',#1804,#1970,#875,.T.);
#2392=EDGE_CURVE('',#1803,#1969,#876,.T.);
#2393=EDGE_CURVE('',#1970,#1971,#877,.T.);
#2394=EDGE_CURVE('',#1805,#1971,#878,.T.);
#2395=EDGE_CURVE('',#1972,#1971,#1646,.T.);
#2396=EDGE_CURVE('',#1806,#1972,#879,.T.);
#2397=EDGE_CURVE('',#1973,#1974,#1647,.T.);
#2398=EDGE_CURVE('',#1808,#1974,#880,.T.);
#2399=EDGE_CURVE('',#1807,#1973,#881,.T.);
#2400=EDGE_CURVE('',#1974,#1975,#882,.T.);
#2401=EDGE_CURVE('',#1809,#1975,#883,.T.);
#2402=EDGE_CURVE('',#1976,#1975,#1648,.T.);
#2403=EDGE_CURVE('',#1810,#1976,#884,.T.);
#2404=EDGE_CURVE('',#1977,#1978,#1649,.T.);
#2405=EDGE_CURVE('',#1812,#1978,#885,.T.);
#2406=EDGE_CURVE('',#1811,#1977,#886,.T.);
#2407=EDGE_CURVE('',#1978,#1979,#887,.T.);
#2408=EDGE_CURVE('',#1813,#1979,#888,.T.);
#2409=EDGE_CURVE('',#1980,#1979,#1650,.T.);
#2410=EDGE_CURVE('',#1814,#1980,#889,.T.);
#2411=EDGE_CURVE('',#1981,#1982,#1651,.T.);
#2412=EDGE_CURVE('',#1816,#1982,#890,.T.);
#2413=EDGE_CURVE('',#1815,#1981,#891,.T.);
#2414=EDGE_CURVE('',#1982,#1983,#892,.T.);
#2415=EDGE_CURVE('',#1817,#1983,#893,.T.);
#2416=EDGE_CURVE('',#1984,#1983,#1652,.T.);
#2417=EDGE_CURVE('',#1818,#1984,#894,.T.);
#2418=EDGE_CURVE('',#1985,#1986,#895,.T.);
#2419=EDGE_CURVE('',#1819,#1985,#896,.T.);
#2420=EDGE_CURVE('',#1820,#1986,#897,.T.);
#2421=EDGE_CURVE('',#1985,#1987,#1653,.T.);
#2422=EDGE_CURVE('',#1821,#1987,#898,.T.);
#2423=EDGE_CURVE('',#1987,#1988,#899,.T.);
#2424=EDGE_CURVE('',#1822,#1988,#900,.T.);
#2425=EDGE_CURVE('',#1989,#1990,#1654,.T.);
#2426=EDGE_CURVE('',#1823,#1989,#901,.T.);
#2427=EDGE_CURVE('',#1824,#1990,#902,.T.);
#2428=EDGE_CURVE('',#1991,#1989,#903,.T.);
#2429=EDGE_CURVE('',#1825,#1991,#904,.T.);
#2430=EDGE_CURVE('',#1991,#1992,#1655,.T.);
#2431=EDGE_CURVE('',#1826,#1992,#905,.T.);
#2432=EDGE_CURVE('',#1993,#1994,#906,.T.);
#2433=EDGE_CURVE('',#1828,#1994,#907,.T.);
#2434=EDGE_CURVE('',#1827,#1993,#908,.T.);
#2435=EDGE_CURVE('',#1995,#1994,#1656,.T.);
#2436=EDGE_CURVE('',#1829,#1995,#909,.T.);
#2437=EDGE_CURVE('',#1996,#1995,#910,.T.);
#2438=EDGE_CURVE('',#1830,#1996,#911,.T.);
#2439=EDGE_CURVE('',#1997,#1998,#1657,.T.);
#2440=EDGE_CURVE('',#1831,#1997,#912,.T.);
#2441=EDGE_CURVE('',#1832,#1998,#913,.T.);
#2442=EDGE_CURVE('',#1999,#1997,#914,.T.);
#2443=EDGE_CURVE('',#1833,#1999,#915,.T.);
#2444=EDGE_CURVE('',#1999,#2000,#1658,.T.);
#2445=EDGE_CURVE('',#1834,#2000,#916,.T.);
#2446=EDGE_CURVE('',#2001,#2002,#917,.T.);
#2447=EDGE_CURVE('',#1835,#2001,#918,.T.);
#2448=EDGE_CURVE('',#1836,#2002,#919,.T.);
#2449=EDGE_CURVE('',#2001,#2003,#1659,.T.);
#2450=EDGE_CURVE('',#1837,#2003,#920,.T.);
#2451=EDGE_CURVE('',#2003,#2004,#921,.T.);
#2452=EDGE_CURVE('',#1838,#2004,#922,.T.);
#2453=EDGE_CURVE('',#2005,#2006,#923,.T.);
#2454=EDGE_CURVE('',#1839,#2005,#924,.T.);
#2455=EDGE_CURVE('',#1840,#2006,#925,.T.);
#2456=EDGE_CURVE('',#2005,#2007,#1660,.T.);
#2457=EDGE_CURVE('',#1841,#2007,#926,.T.);
#2458=EDGE_CURVE('',#2007,#2008,#927,.T.);
#2459=EDGE_CURVE('',#1842,#2008,#928,.T.);
#2460=EDGE_CURVE('',#2009,#2010,#929,.T.);
#2461=EDGE_CURVE('',#1843,#2009,#930,.T.);
#2462=EDGE_CURVE('',#1844,#2010,#931,.T.);
#2463=EDGE_CURVE('',#2009,#2011,#1661,.T.);
#2464=EDGE_CURVE('',#1845,#2011,#932,.T.);
#2465=EDGE_CURVE('',#2011,#2012,#933,.T.);
#2466=EDGE_CURVE('',#1846,#2012,#934,.T.);
#2467=EDGE_CURVE('',#2013,#2014,#935,.T.);
#2468=EDGE_CURVE('',#1847,#2013,#936,.T.);
#2469=EDGE_CURVE('',#1848,#2014,#937,.T.);
#2470=EDGE_CURVE('',#2013,#2015,#1662,.T.);
#2471=EDGE_CURVE('',#1849,#2015,#938,.T.);
#2472=EDGE_CURVE('',#2015,#2016,#939,.T.);
#2473=EDGE_CURVE('',#1850,#2016,#940,.T.);
#2474=EDGE_CURVE('',#2017,#2018,#941,.T.);
#2475=EDGE_CURVE('',#1852,#2018,#942,.T.);
#2476=EDGE_CURVE('',#1851,#2017,#943,.T.);
#2477=EDGE_CURVE('',#2019,#2018,#1663,.T.);
#2478=EDGE_CURVE('',#1853,#2019,#944,.T.);
#2479=EDGE_CURVE('',#2020,#2019,#945,.T.);
#2480=EDGE_CURVE('',#1854,#2020,#946,.T.);
#2481=EDGE_CURVE('',#2021,#2022,#947,.T.);
#2482=EDGE_CURVE('',#1855,#2021,#948,.T.);
#2483=EDGE_CURVE('',#1856,#2022,#949,.T.);
#2484=EDGE_CURVE('',#2021,#2023,#1664,.T.);
#2485=EDGE_CURVE('',#1857,#2023,#950,.T.);
#2486=EDGE_CURVE('',#2023,#2024,#951,.T.);
#2487=EDGE_CURVE('',#1858,#2024,#952,.T.);
#2488=EDGE_CURVE('',#2025,#2026,#953,.T.);
#2489=EDGE_CURVE('',#1859,#2025,#954,.T.);
#2490=EDGE_CURVE('',#1860,#2026,#955,.T.);
#2491=EDGE_CURVE('',#2025,#2027,#1665,.T.);
#2492=EDGE_CURVE('',#1861,#2027,#956,.T.);
#2493=EDGE_CURVE('',#2027,#2028,#957,.T.);
#2494=EDGE_CURVE('',#1862,#2028,#958,.T.);
#2495=EDGE_CURVE('',#2029,#2030,#1666,.T.);
#2496=EDGE_CURVE('',#1863,#2029,#959,.T.);
#2497=EDGE_CURVE('',#1864,#2030,#960,.T.);
#2498=EDGE_CURVE('',#2031,#2029,#961,.T.);
#2499=EDGE_CURVE('',#1865,#2031,#962,.T.);
#2500=EDGE_CURVE('',#2031,#2032,#1667,.T.);
#2501=EDGE_CURVE('',#1866,#2032,#963,.T.);
#2502=EDGE_CURVE('',#2033,#2034,#964,.T.);
#2503=EDGE_CURVE('',#1867,#2033,#965,.T.);
#2504=EDGE_CURVE('',#1868,#2034,#966,.T.);
#2505=EDGE_CURVE('',#2033,#2035,#1668,.T.);
#2506=EDGE_CURVE('',#1869,#2035,#967,.T.);
#2507=EDGE_CURVE('',#2035,#2036,#968,.T.);
#2508=EDGE_CURVE('',#1870,#2036,#969,.T.);
#2509=EDGE_CURVE('',#2037,#2038,#1669,.T.);
#2510=EDGE_CURVE('',#1871,#2037,#970,.T.);
#2511=EDGE_CURVE('',#1872,#2038,#971,.T.);
#2512=EDGE_CURVE('',#2039,#2037,#972,.T.);
#2513=EDGE_CURVE('',#1873,#2039,#973,.T.);
#2514=EDGE_CURVE('',#2039,#2040,#1670,.T.);
#2515=EDGE_CURVE('',#1874,#2040,#974,.T.);
#2516=EDGE_CURVE('',#2041,#2042,#975,.T.);
#2517=EDGE_CURVE('',#1876,#2042,#976,.T.);
#2518=EDGE_CURVE('',#1875,#2041,#977,.T.);
#2519=EDGE_CURVE('',#2043,#2042,#1671,.T.);
#2520=EDGE_CURVE('',#1877,#2043,#978,.T.);
#2521=EDGE_CURVE('',#2044,#2043,#979,.T.);
#2522=EDGE_CURVE('',#1878,#2044,#980,.T.);
#2523=EDGE_CURVE('',#2045,#2046,#981,.T.);
#2524=EDGE_CURVE('',#1880,#2046,#982,.T.);
#2525=EDGE_CURVE('',#1879,#2045,#983,.T.);
#2526=EDGE_CURVE('',#2047,#2046,#1672,.T.);
#2527=EDGE_CURVE('',#1881,#2047,#984,.T.);
#2528=EDGE_CURVE('',#2048,#2047,#985,.T.);
#2529=EDGE_CURVE('',#1882,#2048,#986,.T.);
#2530=EDGE_CURVE('',#2049,#2050,#1673,.T.);
#2531=EDGE_CURVE('',#1883,#2049,#987,.T.);
#2532=EDGE_CURVE('',#1884,#2050,#988,.T.);
#2533=EDGE_CURVE('',#2051,#2049,#989,.T.);
#2534=EDGE_CURVE('',#1885,#2051,#990,.T.);
#2535=EDGE_CURVE('',#2051,#2052,#1674,.T.);
#2536=EDGE_CURVE('',#1886,#2052,#991,.T.);
#2537=EDGE_CURVE('',#2053,#2054,#1675,.T.);
#2538=EDGE_CURVE('',#1887,#2053,#992,.T.);
#2539=EDGE_CURVE('',#1888,#2054,#993,.T.);
#2540=EDGE_CURVE('',#2055,#2053,#994,.T.);
#2541=EDGE_CURVE('',#1889,#2055,#995,.T.);
#2542=EDGE_CURVE('',#2055,#2056,#1676,.T.);
#2543=EDGE_CURVE('',#1890,#2056,#996,.T.);
#2544=EDGE_CURVE('',#2057,#2058,#997,.T.);
#2545=EDGE_CURVE('',#1772,#2058,#998,.T.);
#2546=EDGE_CURVE('',#1774,#2057,#999,.T.);
#2547=EDGE_CURVE('',#2059,#2058,#1677,.T.);
#2548=EDGE_CURVE('',#1771,#2059,#1000,.T.);
#2549=EDGE_CURVE('',#2060,#2059,#1001,.T.);
#2550=EDGE_CURVE('',#1773,#2060,#1002,.T.);
#2551=EDGE_CURVE('',#2061,#1765,#1003,.T.);
#2552=EDGE_CURVE('',#1775,#2061,#1004,.T.);
#2553=EDGE_CURVE('',#2061,#2062,#1678,.T.);
#2554=EDGE_CURVE('',#1776,#2062,#1005,.T.);
#2555=EDGE_CURVE('',#2063,#2064,#1679,.T.);
#2556=EDGE_CURVE('',#1891,#2063,#1006,.T.);
#2557=EDGE_CURVE('',#1892,#2064,#1007,.T.);
#2558=EDGE_CURVE('',#2065,#2063,#1008,.T.);
#2559=EDGE_CURVE('',#1893,#2065,#1009,.T.);
#2560=EDGE_CURVE('',#2065,#2066,#1680,.T.);
#2561=EDGE_CURVE('',#1894,#2066,#1010,.T.);
#2562=EDGE_CURVE('',#2067,#2068,#1681,.T.);
#2563=EDGE_CURVE('',#1782,#2068,#1011,.T.);
#2564=EDGE_CURVE('',#1781,#2067,#1012,.T.);
#2565=EDGE_CURVE('',#2068,#1752,#1013,.T.);
#2566=EDGE_CURVE('',#2069,#1757,#1014,.T.);
#2567=EDGE_CURVE('',#1779,#2069,#1015,.T.);
#2568=EDGE_CURVE('',#2069,#2070,#1682,.T.);
#2569=EDGE_CURVE('',#1780,#2070,#1016,.T.);
#2570=EDGE_CURVE('',#2070,#1756,#1017,.T.);
#2571=EDGE_CURVE('',#2071,#1749,#1018,.T.);
#2572=EDGE_CURVE('',#1783,#2071,#1019,.T.);
#2573=EDGE_CURVE('',#2071,#2072,#1683,.T.);
#2574=EDGE_CURVE('',#1784,#2072,#1020,.T.);
#2575=EDGE_CURVE('',#2073,#2074,#1684,.T.);
#2576=EDGE_CURVE('',#1895,#2073,#1021,.T.);
#2577=EDGE_CURVE('',#1896,#2074,#1022,.T.);
#2578=EDGE_CURVE('',#2075,#2073,#1023,.T.);
#2579=EDGE_CURVE('',#1897,#2075,#1024,.T.);
#2580=EDGE_CURVE('',#2075,#2076,#1685,.T.);
#2581=EDGE_CURVE('',#1898,#2076,#1025,.T.);
#2582=EDGE_CURVE('',#2077,#1761,#1026,.T.);
#2583=EDGE_CURVE('',#1777,#2077,#1027,.T.);
#2584=EDGE_CURVE('',#2077,#2078,#1686,.T.);
#2585=EDGE_CURVE('',#1778,#2078,#1028,.T.);
#2586=EDGE_CURVE('',#2078,#1760,#1029,.T.);
#2587=EDGE_CURVE('',#2079,#1745,#1030,.T.);
#2588=EDGE_CURVE('',#1785,#2079,#1031,.T.);
#2589=EDGE_CURVE('',#2079,#2080,#1687,.T.);
#2590=EDGE_CURVE('',#1786,#2080,#1032,.T.);
#2591=EDGE_CURVE('',#2081,#2082,#1688,.T.);
#2592=EDGE_CURVE('',#1899,#2081,#1033,.T.);
#2593=EDGE_CURVE('',#1900,#2082,#1034,.T.);
#2594=EDGE_CURVE('',#2083,#2081,#1035,.T.);
#2595=EDGE_CURVE('',#1901,#2083,#1036,.T.);
#2596=EDGE_CURVE('',#2083,#2084,#1689,.T.);
#2597=EDGE_CURVE('',#1902,#2084,#1037,.T.);
#2598=EDGE_CURVE('',#2085,#2086,#1690,.T.);
#2599=EDGE_CURVE('',#1903,#2085,#1038,.T.);
#2600=EDGE_CURVE('',#1904,#2086,#1039,.T.);
#2601=EDGE_CURVE('',#2087,#2085,#1040,.T.);
#2602=EDGE_CURVE('',#1905,#2087,#1041,.T.);
#2603=EDGE_CURVE('',#2087,#2088,#1691,.T.);
#2604=EDGE_CURVE('',#1906,#2088,#1042,.T.);
#2605=EDGE_CURVE('',#2089,#2090,#1043,.T.);
#2606=EDGE_CURVE('',#1907,#2089,#1044,.T.);
#2607=EDGE_CURVE('',#1908,#2090,#1045,.T.);
#2608=EDGE_CURVE('',#2089,#2091,#1692,.T.);
#2609=EDGE_CURVE('',#1909,#2091,#1046,.T.);
#2610=EDGE_CURVE('',#2091,#2092,#1047,.T.);
#2611=EDGE_CURVE('',#1910,#2092,#1048,.T.);
#2612=EDGE_CURVE('',#2093,#2094,#1049,.T.);
#2613=EDGE_CURVE('',#1911,#2093,#1050,.T.);
#2614=EDGE_CURVE('',#1912,#2094,#1051,.T.);
#2615=EDGE_CURVE('',#2093,#2095,#1693,.T.);
#2616=EDGE_CURVE('',#1913,#2095,#1052,.T.);
#2617=EDGE_CURVE('',#2095,#2096,#1053,.T.);
#2618=EDGE_CURVE('',#1914,#2096,#1054,.T.);
#2619=EDGE_CURVE('',#2097,#2098,#1055,.T.);
#2620=EDGE_CURVE('',#1916,#2098,#1056,.T.);
#2621=EDGE_CURVE('',#1915,#2097,#1057,.T.);
#2622=EDGE_CURVE('',#2099,#2098,#1694,.T.);
#2623=EDGE_CURVE('',#1917,#2099,#1058,.T.);
#2624=EDGE_CURVE('',#2100,#2099,#1059,.T.);
#2625=EDGE_CURVE('',#1918,#2100,#1060,.T.);
#2626=EDGE_CURVE('',#2101,#2102,#1061,.T.);
#2627=EDGE_CURVE('',#1919,#2101,#1062,.T.);
#2628=EDGE_CURVE('',#1920,#2102,#1063,.T.);
#2629=EDGE_CURVE('',#2101,#2103,#1695,.T.);
#2630=EDGE_CURVE('',#1921,#2103,#1064,.T.);
#2631=EDGE_CURVE('',#2103,#2104,#1065,.T.);
#2632=EDGE_CURVE('',#1922,#2104,#1066,.T.);
#2633=EDGE_CURVE('',#2105,#2106,#1696,.T.);
#2634=EDGE_CURVE('',#1924,#2106,#1067,.T.);
#2635=EDGE_CURVE('',#1923,#2105,#1068,.T.);
#2636=EDGE_CURVE('',#2106,#2107,#1069,.T.);
#2637=EDGE_CURVE('',#1925,#2107,#1070,.T.);
#2638=EDGE_CURVE('',#2108,#2107,#1697,.T.);
#2639=EDGE_CURVE('',#1926,#2108,#1071,.T.);
#2640=EDGE_CURVE('',#2109,#2110,#1072,.T.);
#2641=EDGE_CURVE('',#1927,#2109,#1073,.T.);
#2642=EDGE_CURVE('',#1928,#2110,#1074,.T.);
#2643=EDGE_CURVE('',#2109,#2111,#1698,.T.);
#2644=EDGE_CURVE('',#1929,#2111,#1075,.T.);
#2645=EDGE_CURVE('',#2111,#2112,#1076,.T.);
#2646=EDGE_CURVE('',#1930,#2112,#1077,.T.);
#2647=EDGE_CURVE('',#2113,#2114,#1699,.T.);
#2648=EDGE_CURVE('',#1931,#2113,#1078,.T.);
#2649=EDGE_CURVE('',#1932,#2114,#1079,.T.);
#2650=EDGE_CURVE('',#2115,#2113,#1080,.T.);
#2651=EDGE_CURVE('',#1933,#2115,#1081,.T.);
#2652=EDGE_CURVE('',#2115,#2116,#1700,.T.);
#2653=EDGE_CURVE('',#1934,#2116,#1082,.T.);
#2654=EDGE_CURVE('',#2117,#1741,#1083,.T.);
#2655=EDGE_CURVE('',#1948,#2117,#1084,.T.);
#2656=EDGE_CURVE('',#2117,#2118,#1701,.T.);
#2657=EDGE_CURVE('',#1947,#2118,#1085,.T.);
#2658=EDGE_CURVE('',#2119,#2120,#1702,.T.);
#2659=EDGE_CURVE('',#1935,#2119,#1086,.T.);
#2660=EDGE_CURVE('',#1936,#2120,#1087,.T.);
#2661=EDGE_CURVE('',#2121,#2119,#1088,.T.);
#2662=EDGE_CURVE('',#1937,#2121,#1089,.T.);
#2663=EDGE_CURVE('',#2121,#2122,#1703,.T.);
#2664=EDGE_CURVE('',#1938,#2122,#1090,.T.);
#2665=EDGE_CURVE('',#2123,#2124,#1091,.T.);
#2666=EDGE_CURVE('',#1939,#2123,#1092,.T.);
#2667=EDGE_CURVE('',#1940,#2124,#1093,.T.);
#2668=EDGE_CURVE('',#2123,#2125,#1704,.T.);
#2669=EDGE_CURVE('',#1941,#2125,#1094,.T.);
#2670=EDGE_CURVE('',#2125,#2126,#1095,.T.);
#2671=EDGE_CURVE('',#1942,#2126,#1096,.T.);
#2672=EDGE_CURVE('',#2127,#2128,#1097,.T.);
#2673=EDGE_CURVE('',#1943,#2127,#1098,.T.);
#2674=EDGE_CURVE('',#1944,#2128,#1099,.T.);
#2675=EDGE_CURVE('',#2127,#2129,#1705,.T.);
#2676=EDGE_CURVE('',#1945,#2129,#1100,.T.);
#2677=EDGE_CURVE('',#2129,#2130,#1101,.T.);
#2678=EDGE_CURVE('',#1946,#2130,#1102,.T.);
#2679=EDGE_CURVE('',#1960,#1957,#1706,.T.);
#2680=EDGE_CURVE('',#1964,#1961,#1707,.T.);
#2681=EDGE_CURVE('',#1965,#1968,#1103,.T.);
#2682=EDGE_CURVE('',#1969,#1972,#1104,.T.);
#2683=EDGE_CURVE('',#1973,#1976,#1105,.T.);
#2684=EDGE_CURVE('',#1977,#1980,#1106,.T.);
#2685=EDGE_CURVE('',#1981,#1984,#1107,.T.);
#2686=EDGE_CURVE('',#1986,#1988,#1708,.T.);
#2687=EDGE_CURVE('',#1992,#1990,#1108,.T.);
#2688=EDGE_CURVE('',#1996,#1993,#1709,.T.);
#2689=EDGE_CURVE('',#2000,#1998,#1109,.T.);
#2690=EDGE_CURVE('',#2002,#2004,#1710,.T.);
#2691=EDGE_CURVE('',#2006,#2008,#1711,.T.);
#2692=EDGE_CURVE('',#2010,#2012,#1712,.T.);
#2693=EDGE_CURVE('',#2014,#2016,#1713,.T.);
#2694=EDGE_CURVE('',#2020,#2017,#1714,.T.);
#2695=EDGE_CURVE('',#2022,#2024,#1715,.T.);
#2696=EDGE_CURVE('',#2026,#2028,#1716,.T.);
#2697=EDGE_CURVE('',#2032,#2030,#1110,.T.);
#2698=EDGE_CURVE('',#2034,#2036,#1717,.T.);
#2699=EDGE_CURVE('',#2040,#2038,#1111,.T.);
#2700=EDGE_CURVE('',#2044,#2041,#1718,.T.);
#2701=EDGE_CURVE('',#2048,#2045,#1719,.T.);
#2702=EDGE_CURVE('',#2052,#2050,#1112,.T.);
#2703=EDGE_CURVE('',#2056,#2054,#1113,.T.);
#2704=EDGE_CURVE('',#2060,#2057,#1720,.T.);
#2705=EDGE_CURVE('',#2062,#1764,#1114,.T.);
#2706=EDGE_CURVE('',#2066,#2064,#1115,.T.);
#2707=EDGE_CURVE('',#2067,#1753,#1116,.T.);
#2708=EDGE_CURVE('',#2072,#1748,#1117,.T.);
#2709=EDGE_CURVE('',#2131,#2131,#1721,.T.);
#2710=EDGE_CURVE('',#2131,#1766,#1118,.T.);
#2711=EDGE_CURVE('',#2076,#2074,#1119,.T.);
#2712=EDGE_CURVE('',#2080,#1744,#1120,.T.);
#2713=EDGE_CURVE('',#2084,#2082,#1121,.T.);
#2714=EDGE_CURVE('',#2088,#2086,#1122,.T.);
#2715=EDGE_CURVE('',#2090,#2092,#1722,.T.);
#2716=EDGE_CURVE('',#2094,#2096,#1723,.T.);
#2717=EDGE_CURVE('',#2100,#2097,#1724,.T.);
#2718=EDGE_CURVE('',#2102,#2104,#1725,.T.);
#2719=EDGE_CURVE('',#2105,#2108,#1123,.T.);
#2720=EDGE_CURVE('',#2110,#2112,#1726,.T.);
#2721=EDGE_CURVE('',#2116,#2114,#1124,.T.);
#2722=EDGE_CURVE('',#2118,#1740,#1125,.T.);
#2723=EDGE_CURVE('',#2122,#2120,#1126,.T.);
#2724=EDGE_CURVE('',#2124,#2126,#1727,.T.);
#2725=EDGE_CURVE('',#2128,#2130,#1728,.T.);
#2726=EDGE_CURVE('',#1956,#1953,#1729,.T.);
#2727=EDGE_CURVE('',#2132,#2132,#1730,.T.);
#2728=EDGE_CURVE('',#2133,#2133,#1731,.T.);
#2729=EDGE_CURVE('',#2134,#2134,#1732,.T.);
#2730=EDGE_CURVE('',#2135,#2135,#1733,.T.);
#2731=EDGE_CURVE('',#2136,#2136,#1734,.T.);
#2732=EDGE_CURVE('',#2137,#2137,#1735,.T.);
#2733=EDGE_CURVE('',#2138,#2138,#1736,.T.);
#2734=EDGE_CURVE('',#2139,#2139,#1737,.T.);
#2735=EDGE_CURVE('',#1952,#2139,#1127,.T.);
#2736=EDGE_CURVE('',#1951,#2138,#1128,.T.);
#2737=EDGE_CURVE('',#1950,#2137,#1129,.T.);
#2738=EDGE_CURVE('',#1949,#2136,#1130,.T.);
#2739=EDGE_CURVE('',#1770,#2135,#1131,.T.);
#2740=EDGE_CURVE('',#1769,#2134,#1132,.T.);
#2741=EDGE_CURVE('',#1768,#2133,#1133,.T.);
#2742=EDGE_CURVE('',#1767,#2132,#1134,.T.);
#2743=ORIENTED_EDGE('',*,*,#2140,.T.);
#2744=ORIENTED_EDGE('',*,*,#2141,.T.);
#2745=ORIENTED_EDGE('',*,*,#2142,.F.);
#2746=ORIENTED_EDGE('',*,*,#2143,.F.);
#2747=ORIENTED_EDGE('',*,*,#2144,.T.);
#2748=ORIENTED_EDGE('',*,*,#2145,.T.);
#2749=ORIENTED_EDGE('',*,*,#2146,.F.);
#2750=ORIENTED_EDGE('',*,*,#2147,.F.);
#2751=ORIENTED_EDGE('',*,*,#2148,.T.);
#2752=ORIENTED_EDGE('',*,*,#2149,.T.);
#2753=ORIENTED_EDGE('',*,*,#2150,.F.);
#2754=ORIENTED_EDGE('',*,*,#2151,.F.);
#2755=ORIENTED_EDGE('',*,*,#2152,.T.);
#2756=ORIENTED_EDGE('',*,*,#2153,.T.);
#2757=ORIENTED_EDGE('',*,*,#2154,.F.);
#2758=ORIENTED_EDGE('',*,*,#2155,.F.);
#2759=ORIENTED_EDGE('',*,*,#2156,.T.);
#2760=ORIENTED_EDGE('',*,*,#2157,.T.);
#2761=ORIENTED_EDGE('',*,*,#2158,.F.);
#2762=ORIENTED_EDGE('',*,*,#2159,.F.);
#2763=ORIENTED_EDGE('',*,*,#2160,.T.);
#2764=ORIENTED_EDGE('',*,*,#2161,.T.);
#2765=ORIENTED_EDGE('',*,*,#2162,.F.);
#2766=ORIENTED_EDGE('',*,*,#2163,.F.);
#2767=ORIENTED_EDGE('',*,*,#2164,.T.);
#2768=ORIENTED_EDGE('',*,*,#2165,.T.);
#2769=ORIENTED_EDGE('',*,*,#2166,.F.);
#2770=ORIENTED_EDGE('',*,*,#2167,.F.);
#2771=ORIENTED_EDGE('',*,*,#2168,.T.);
#2772=ORIENTED_EDGE('',*,*,#2169,.F.);
#2773=ORIENTED_EDGE('',*,*,#2170,.F.);
#2774=ORIENTED_EDGE('',*,*,#2171,.F.);
#2775=ORIENTED_EDGE('',*,*,#2172,.F.);
#2776=ORIENTED_EDGE('',*,*,#2173,.F.);
#2777=ORIENTED_EDGE('',*,*,#2174,.F.);
#2778=ORIENTED_EDGE('',*,*,#2175,.T.);
#2779=ORIENTED_EDGE('',*,*,#2176,.T.);
#2780=ORIENTED_EDGE('',*,*,#2164,.F.);
#2781=ORIENTED_EDGE('',*,*,#2177,.F.);
#2782=ORIENTED_EDGE('',*,*,#2178,.T.);
#2783=ORIENTED_EDGE('',*,*,#2179,.T.);
#2784=ORIENTED_EDGE('',*,*,#2160,.F.);
#2785=ORIENTED_EDGE('',*,*,#2180,.F.);
#2786=ORIENTED_EDGE('',*,*,#2181,.T.);
#2787=ORIENTED_EDGE('',*,*,#2182,.T.);
#2788=ORIENTED_EDGE('',*,*,#2156,.F.);
#2789=ORIENTED_EDGE('',*,*,#2183,.F.);
#2790=ORIENTED_EDGE('',*,*,#2184,.T.);
#2791=ORIENTED_EDGE('',*,*,#2185,.T.);
#2792=ORIENTED_EDGE('',*,*,#2152,.F.);
#2793=ORIENTED_EDGE('',*,*,#2186,.F.);
#2794=ORIENTED_EDGE('',*,*,#2187,.T.);
#2795=ORIENTED_EDGE('',*,*,#2188,.T.);
#2796=ORIENTED_EDGE('',*,*,#2148,.F.);
#2797=ORIENTED_EDGE('',*,*,#2189,.F.);
#2798=ORIENTED_EDGE('',*,*,#2190,.T.);
#2799=ORIENTED_EDGE('',*,*,#2191,.T.);
#2800=ORIENTED_EDGE('',*,*,#2144,.F.);
#2801=ORIENTED_EDGE('',*,*,#2192,.F.);
#2802=ORIENTED_EDGE('',*,*,#2193,.T.);
#2803=ORIENTED_EDGE('',*,*,#2194,.T.);
#2804=ORIENTED_EDGE('',*,*,#2195,.T.);
#2805=ORIENTED_EDGE('',*,*,#2196,.F.);
#2806=ORIENTED_EDGE('',*,*,#2197,.F.);
#2807=ORIENTED_EDGE('',*,*,#2198,.T.);
#2808=ORIENTED_EDGE('',*,*,#2199,.T.);
#2809=ORIENTED_EDGE('',*,*,#2200,.F.);
#2810=ORIENTED_EDGE('',*,*,#2201,.F.);
#2811=ORIENTED_EDGE('',*,*,#2202,.T.);
#2812=ORIENTED_EDGE('',*,*,#2203,.T.);
#2813=ORIENTED_EDGE('',*,*,#2204,.F.);
#2814=ORIENTED_EDGE('',*,*,#2205,.F.);
#2815=ORIENTED_EDGE('',*,*,#2206,.T.);
#2816=ORIENTED_EDGE('',*,*,#2207,.T.);
#2817=ORIENTED_EDGE('',*,*,#2208,.T.);
#2818=ORIENTED_EDGE('',*,*,#2209,.F.);
#2819=ORIENTED_EDGE('',*,*,#2210,.F.);
#2820=ORIENTED_EDGE('',*,*,#2211,.T.);
#2821=ORIENTED_EDGE('',*,*,#2212,.T.);
#2822=ORIENTED_EDGE('',*,*,#2213,.F.);
#2823=ORIENTED_EDGE('',*,*,#2214,.F.);
#2824=ORIENTED_EDGE('',*,*,#2215,.T.);
#2825=ORIENTED_EDGE('',*,*,#2216,.T.);
#2826=ORIENTED_EDGE('',*,*,#2217,.F.);
#2827=ORIENTED_EDGE('',*,*,#2218,.F.);
#2828=ORIENTED_EDGE('',*,*,#2219,.T.);
#2829=ORIENTED_EDGE('',*,*,#2220,.T.);
#2830=ORIENTED_EDGE('',*,*,#2221,.F.);
#2831=ORIENTED_EDGE('',*,*,#2222,.F.);
#2832=ORIENTED_EDGE('',*,*,#2223,.T.);
#2833=ORIENTED_EDGE('',*,*,#2224,.T.);
#2834=ORIENTED_EDGE('',*,*,#2225,.F.);
#2835=ORIENTED_EDGE('',*,*,#2226,.F.);
#2836=ORIENTED_EDGE('',*,*,#2227,.F.);
#2837=ORIENTED_EDGE('',*,*,#2228,.T.);
#2838=ORIENTED_EDGE('',*,*,#2229,.T.);
#2839=ORIENTED_EDGE('',*,*,#2230,.F.);
#2840=ORIENTED_EDGE('',*,*,#2231,.F.);
#2841=ORIENTED_EDGE('',*,*,#2232,.F.);
#2842=ORIENTED_EDGE('',*,*,#2233,.T.);
#2843=ORIENTED_EDGE('',*,*,#2234,.T.);
#2844=ORIENTED_EDGE('',*,*,#2235,.T.);
#2845=ORIENTED_EDGE('',*,*,#2236,.F.);
#2846=ORIENTED_EDGE('',*,*,#2237,.F.);
#2847=ORIENTED_EDGE('',*,*,#2238,.T.);
#2848=ORIENTED_EDGE('',*,*,#2239,.F.);
#2849=ORIENTED_EDGE('',*,*,#2240,.F.);
#2850=ORIENTED_EDGE('',*,*,#2241,.T.);
#2851=ORIENTED_EDGE('',*,*,#2242,.T.);
#2852=ORIENTED_EDGE('',*,*,#2243,.F.);
#2853=ORIENTED_EDGE('',*,*,#2244,.T.);
#2854=ORIENTED_EDGE('',*,*,#2245,.T.);
#2855=ORIENTED_EDGE('',*,*,#2246,.F.);
#2856=ORIENTED_EDGE('',*,*,#2247,.F.);
#2857=ORIENTED_EDGE('',*,*,#2248,.T.);
#2858=ORIENTED_EDGE('',*,*,#2249,.T.);
#2859=ORIENTED_EDGE('',*,*,#2250,.F.);
#2860=ORIENTED_EDGE('',*,*,#2251,.F.);
#2861=ORIENTED_EDGE('',*,*,#2252,.T.);
#2862=ORIENTED_EDGE('',*,*,#2253,.T.);
#2863=ORIENTED_EDGE('',*,*,#2254,.F.);
#2864=ORIENTED_EDGE('',*,*,#2255,.F.);
#2865=ORIENTED_EDGE('',*,*,#2256,.T.);
#2866=ORIENTED_EDGE('',*,*,#2257,.T.);
#2867=ORIENTED_EDGE('',*,*,#2258,.F.);
#2868=ORIENTED_EDGE('',*,*,#2259,.T.);
#2869=ORIENTED_EDGE('',*,*,#2260,.F.);
#2870=ORIENTED_EDGE('',*,*,#2261,.F.);
#2871=ORIENTED_EDGE('',*,*,#2262,.T.);
#2872=ORIENTED_EDGE('',*,*,#2263,.F.);
#2873=ORIENTED_EDGE('',*,*,#2264,.T.);
#2874=ORIENTED_EDGE('',*,*,#2265,.T.);
#2875=ORIENTED_EDGE('',*,*,#2266,.F.);
#2876=ORIENTED_EDGE('',*,*,#2267,.F.);
#2877=ORIENTED_EDGE('',*,*,#2268,.T.);
#2878=ORIENTED_EDGE('',*,*,#2269,.T.);
#2879=ORIENTED_EDGE('',*,*,#2270,.F.);
#2880=ORIENTED_EDGE('',*,*,#2271,.F.);
#2881=ORIENTED_EDGE('',*,*,#2272,.F.);
#2882=ORIENTED_EDGE('',*,*,#2273,.T.);
#2883=ORIENTED_EDGE('',*,*,#2274,.T.);
#2884=ORIENTED_EDGE('',*,*,#2275,.F.);
#2885=ORIENTED_EDGE('',*,*,#2276,.T.);
#2886=ORIENTED_EDGE('',*,*,#2277,.T.);
#2887=ORIENTED_EDGE('',*,*,#2278,.F.);
#2888=ORIENTED_EDGE('',*,*,#2279,.F.);
#2889=ORIENTED_EDGE('',*,*,#2280,.F.);
#2890=ORIENTED_EDGE('',*,*,#2281,.T.);
#2891=ORIENTED_EDGE('',*,*,#2282,.T.);
#2892=ORIENTED_EDGE('',*,*,#2283,.T.);
#2893=ORIENTED_EDGE('',*,*,#2284,.F.);
#2894=ORIENTED_EDGE('',*,*,#2285,.F.);
#2895=ORIENTED_EDGE('',*,*,#2286,.T.);
#2896=ORIENTED_EDGE('',*,*,#2287,.T.);
#2897=ORIENTED_EDGE('',*,*,#2288,.F.);
#2898=ORIENTED_EDGE('',*,*,#2289,.F.);
#2899=ORIENTED_EDGE('',*,*,#2290,.T.);
#2900=ORIENTED_EDGE('',*,*,#2291,.F.);
#2901=ORIENTED_EDGE('',*,*,#2292,.F.);
#2902=ORIENTED_EDGE('',*,*,#2293,.T.);
#2903=ORIENTED_EDGE('',*,*,#2294,.T.);
#2904=ORIENTED_EDGE('',*,*,#2295,.F.);
#2905=ORIENTED_EDGE('',*,*,#2296,.F.);
#2906=ORIENTED_EDGE('',*,*,#2297,.T.);
#2907=ORIENTED_EDGE('',*,*,#2298,.T.);
#2908=ORIENTED_EDGE('',*,*,#2299,.F.);
#2909=ORIENTED_EDGE('',*,*,#2300,.F.);
#2910=ORIENTED_EDGE('',*,*,#2301,.T.);
#2911=ORIENTED_EDGE('',*,*,#2302,.T.);
#2912=ORIENTED_EDGE('',*,*,#2303,.F.);
#2913=ORIENTED_EDGE('',*,*,#2304,.F.);
#2914=ORIENTED_EDGE('',*,*,#2305,.T.);
#2915=ORIENTED_EDGE('',*,*,#2306,.T.);
#2916=ORIENTED_EDGE('',*,*,#2307,.F.);
#2917=ORIENTED_EDGE('',*,*,#2308,.F.);
#2918=ORIENTED_EDGE('',*,*,#2309,.T.);
#2919=ORIENTED_EDGE('',*,*,#2310,.T.);
#2920=ORIENTED_EDGE('',*,*,#2311,.F.);
#2921=ORIENTED_EDGE('',*,*,#2312,.F.);
#2922=ORIENTED_EDGE('',*,*,#2313,.T.);
#2923=ORIENTED_EDGE('',*,*,#2314,.T.);
#2924=ORIENTED_EDGE('',*,*,#2315,.F.);
#2925=ORIENTED_EDGE('',*,*,#2316,.T.);
#2926=ORIENTED_EDGE('',*,*,#2317,.T.);
#2927=ORIENTED_EDGE('',*,*,#2318,.F.);
#2928=ORIENTED_EDGE('',*,*,#2319,.F.);
#2929=ORIENTED_EDGE('',*,*,#2320,.T.);
#2930=ORIENTED_EDGE('',*,*,#2321,.T.);
#2931=ORIENTED_EDGE('',*,*,#2322,.F.);
#2932=ORIENTED_EDGE('',*,*,#2323,.T.);
#2933=ORIENTED_EDGE('',*,*,#2324,.F.);
#2934=ORIENTED_EDGE('',*,*,#2325,.F.);
#2935=ORIENTED_EDGE('',*,*,#2326,.T.);
#2936=ORIENTED_EDGE('',*,*,#2327,.F.);
#2937=ORIENTED_EDGE('',*,*,#2328,.T.);
#2938=ORIENTED_EDGE('',*,*,#2329,.T.);
#2939=ORIENTED_EDGE('',*,*,#2330,.F.);
#2940=ORIENTED_EDGE('',*,*,#2331,.T.);
#2941=ORIENTED_EDGE('',*,*,#2332,.T.);
#2942=ORIENTED_EDGE('',*,*,#2333,.F.);
#2943=ORIENTED_EDGE('',*,*,#2334,.F.);
#2944=ORIENTED_EDGE('',*,*,#2335,.F.);
#2945=ORIENTED_EDGE('',*,*,#2336,.T.);
#2946=ORIENTED_EDGE('',*,*,#2337,.T.);
#2947=ORIENTED_EDGE('',*,*,#2338,.F.);
#2948=ORIENTED_EDGE('',*,*,#2339,.F.);
#2949=ORIENTED_EDGE('',*,*,#2340,.F.);
#2950=ORIENTED_EDGE('',*,*,#2341,.T.);
#2951=ORIENTED_EDGE('',*,*,#2342,.T.);
#2952=ORIENTED_EDGE('',*,*,#2343,.F.);
#2953=ORIENTED_EDGE('',*,*,#2344,.F.);
#2954=ORIENTED_EDGE('',*,*,#2345,.T.);
#2955=ORIENTED_EDGE('',*,*,#2346,.T.);
#2956=ORIENTED_EDGE('',*,*,#2347,.F.);
#2957=ORIENTED_EDGE('',*,*,#2348,.T.);
#2958=ORIENTED_EDGE('',*,*,#2349,.T.);
#2959=ORIENTED_EDGE('',*,*,#2350,.F.);
#2960=ORIENTED_EDGE('',*,*,#2351,.F.);
#2961=ORIENTED_EDGE('',*,*,#2352,.T.);
#2962=ORIENTED_EDGE('',*,*,#2353,.T.);
#2963=ORIENTED_EDGE('',*,*,#2354,.F.);
#2964=ORIENTED_EDGE('',*,*,#2355,.T.);
#2965=ORIENTED_EDGE('',*,*,#2140,.F.);
#2966=ORIENTED_EDGE('',*,*,#2356,.F.);
#2967=ORIENTED_EDGE('',*,*,#2357,.T.);
#2968=ORIENTED_EDGE('',*,*,#2358,.F.);
#2969=ORIENTED_EDGE('',*,*,#2359,.F.);
#2970=ORIENTED_EDGE('',*,*,#2360,.F.);
#2971=ORIENTED_EDGE('',*,*,#2361,.F.);
#2972=ORIENTED_EDGE('',*,*,#2362,.T.);
#2973=ORIENTED_EDGE('',*,*,#2363,.F.);
#2974=ORIENTED_EDGE('',*,*,#2195,.F.);
#2975=ORIENTED_EDGE('',*,*,#2364,.T.);
#2976=ORIENTED_EDGE('',*,*,#2365,.F.);
#2977=ORIENTED_EDGE('',*,*,#2366,.F.);
#2978=ORIENTED_EDGE('',*,*,#2196,.T.);
#2979=ORIENTED_EDGE('',*,*,#2363,.T.);
#2980=ORIENTED_EDGE('',*,*,#2367,.F.);
#2981=ORIENTED_EDGE('',*,*,#2368,.F.);
#2982=ORIENTED_EDGE('',*,*,#2197,.T.);
#2983=ORIENTED_EDGE('',*,*,#2366,.T.);
#2984=ORIENTED_EDGE('',*,*,#2369,.T.);
#2985=ORIENTED_EDGE('',*,*,#2370,.F.);
#2986=ORIENTED_EDGE('',*,*,#2199,.F.);
#2987=ORIENTED_EDGE('',*,*,#2371,.T.);
#2988=ORIENTED_EDGE('',*,*,#2372,.F.);
#2989=ORIENTED_EDGE('',*,*,#2373,.F.);
#2990=ORIENTED_EDGE('',*,*,#2200,.T.);
#2991=ORIENTED_EDGE('',*,*,#2370,.T.);
#2992=ORIENTED_EDGE('',*,*,#2374,.F.);
#2993=ORIENTED_EDGE('',*,*,#2375,.F.);
#2994=ORIENTED_EDGE('',*,*,#2201,.T.);
#2995=ORIENTED_EDGE('',*,*,#2373,.T.);
#2996=ORIENTED_EDGE('',*,*,#2376,.T.);
#2997=ORIENTED_EDGE('',*,*,#2377,.F.);
#2998=ORIENTED_EDGE('',*,*,#2203,.F.);
#2999=ORIENTED_EDGE('',*,*,#2378,.T.);
#3000=ORIENTED_EDGE('',*,*,#2379,.F.);
#3001=ORIENTED_EDGE('',*,*,#2380,.F.);
#3002=ORIENTED_EDGE('',*,*,#2204,.T.);
#3003=ORIENTED_EDGE('',*,*,#2377,.T.);
#3004=ORIENTED_EDGE('',*,*,#2381,.F.);
#3005=ORIENTED_EDGE('',*,*,#2382,.F.);
#3006=ORIENTED_EDGE('',*,*,#2205,.T.);
#3007=ORIENTED_EDGE('',*,*,#2380,.T.);
#3008=ORIENTED_EDGE('',*,*,#2383,.T.);
#3009=ORIENTED_EDGE('',*,*,#2384,.F.);
#3010=ORIENTED_EDGE('',*,*,#2207,.F.);
#3011=ORIENTED_EDGE('',*,*,#2385,.T.);
#3012=ORIENTED_EDGE('',*,*,#2386,.T.);
#3013=ORIENTED_EDGE('',*,*,#2387,.F.);
#3014=ORIENTED_EDGE('',*,*,#2208,.F.);
#3015=ORIENTED_EDGE('',*,*,#2384,.T.);
#3016=ORIENTED_EDGE('',*,*,#2388,.F.);
#3017=ORIENTED_EDGE('',*,*,#2389,.F.);
#3018=ORIENTED_EDGE('',*,*,#2209,.T.);
#3019=ORIENTED_EDGE('',*,*,#2387,.T.);
#3020=ORIENTED_EDGE('',*,*,#2390,.T.);
#3021=ORIENTED_EDGE('',*,*,#2391,.F.);
#3022=ORIENTED_EDGE('',*,*,#2211,.F.);
#3023=ORIENTED_EDGE('',*,*,#2392,.T.);
#3024=ORIENTED_EDGE('',*,*,#2393,.T.);
#3025=ORIENTED_EDGE('',*,*,#2394,.F.);
#3026=ORIENTED_EDGE('',*,*,#2212,.F.);
#3027=ORIENTED_EDGE('',*,*,#2391,.T.);
#3028=ORIENTED_EDGE('',*,*,#2395,.F.);
#3029=ORIENTED_EDGE('',*,*,#2396,.F.);
#3030=ORIENTED_EDGE('',*,*,#2213,.T.);
#3031=ORIENTED_EDGE('',*,*,#2394,.T.);
#3032=ORIENTED_EDGE('',*,*,#2397,.T.);
#3033=ORIENTED_EDGE('',*,*,#2398,.F.);
#3034=ORIENTED_EDGE('',*,*,#2215,.F.);
#3035=ORIENTED_EDGE('',*,*,#2399,.T.);
#3036=ORIENTED_EDGE('',*,*,#2400,.T.);
#3037=ORIENTED_EDGE('',*,*,#2401,.F.);
#3038=ORIENTED_EDGE('',*,*,#2216,.F.);
#3039=ORIENTED_EDGE('',*,*,#2398,.T.);
#3040=ORIENTED_EDGE('',*,*,#2402,.F.);
#3041=ORIENTED_EDGE('',*,*,#2403,.F.);
#3042=ORIENTED_EDGE('',*,*,#2217,.T.);
#3043=ORIENTED_EDGE('',*,*,#2401,.T.);
#3044=ORIENTED_EDGE('',*,*,#2404,.T.);
#3045=ORIENTED_EDGE('',*,*,#2405,.F.);
#3046=ORIENTED_EDGE('',*,*,#2219,.F.);
#3047=ORIENTED_EDGE('',*,*,#2406,.T.);
#3048=ORIENTED_EDGE('',*,*,#2407,.T.);
#3049=ORIENTED_EDGE('',*,*,#2408,.F.);
#3050=ORIENTED_EDGE('',*,*,#2220,.F.);
#3051=ORIENTED_EDGE('',*,*,#2405,.T.);
#3052=ORIENTED_EDGE('',*,*,#2409,.F.);
#3053=ORIENTED_EDGE('',*,*,#2410,.F.);
#3054=ORIENTED_EDGE('',*,*,#2221,.T.);
#3055=ORIENTED_EDGE('',*,*,#2408,.T.);
#3056=ORIENTED_EDGE('',*,*,#2411,.T.);
#3057=ORIENTED_EDGE('',*,*,#2412,.F.);
#3058=ORIENTED_EDGE('',*,*,#2223,.F.);
#3059=ORIENTED_EDGE('',*,*,#2413,.T.);
#3060=ORIENTED_EDGE('',*,*,#2414,.T.);
#3061=ORIENTED_EDGE('',*,*,#2415,.F.);
#3062=ORIENTED_EDGE('',*,*,#2224,.F.);
#3063=ORIENTED_EDGE('',*,*,#2412,.T.);
#3064=ORIENTED_EDGE('',*,*,#2416,.F.);
#3065=ORIENTED_EDGE('',*,*,#2417,.F.);
#3066=ORIENTED_EDGE('',*,*,#2225,.T.);
#3067=ORIENTED_EDGE('',*,*,#2415,.T.);
#3068=ORIENTED_EDGE('',*,*,#2418,.F.);
#3069=ORIENTED_EDGE('',*,*,#2419,.F.);
#3070=ORIENTED_EDGE('',*,*,#2227,.T.);
#3071=ORIENTED_EDGE('',*,*,#2420,.T.);
#3072=ORIENTED_EDGE('',*,*,#2421,.T.);
#3073=ORIENTED_EDGE('',*,*,#2422,.F.);
#3074=ORIENTED_EDGE('',*,*,#2228,.F.);
#3075=ORIENTED_EDGE('',*,*,#2419,.T.);
#3076=ORIENTED_EDGE('',*,*,#2423,.T.);
#3077=ORIENTED_EDGE('',*,*,#2424,.F.);
#3078=ORIENTED_EDGE('',*,*,#2229,.F.);
#3079=ORIENTED_EDGE('',*,*,#2422,.T.);
#3080=ORIENTED_EDGE('',*,*,#2425,.F.);
#3081=ORIENTED_EDGE('',*,*,#2426,.F.);
#3082=ORIENTED_EDGE('',*,*,#2231,.T.);
#3083=ORIENTED_EDGE('',*,*,#2427,.T.);
#3084=ORIENTED_EDGE('',*,*,#2428,.F.);
#3085=ORIENTED_EDGE('',*,*,#2429,.F.);
#3086=ORIENTED_EDGE('',*,*,#2232,.T.);
#3087=ORIENTED_EDGE('',*,*,#2426,.T.);
#3088=ORIENTED_EDGE('',*,*,#2430,.T.);
#3089=ORIENTED_EDGE('',*,*,#2431,.F.);
#3090=ORIENTED_EDGE('',*,*,#2233,.F.);
#3091=ORIENTED_EDGE('',*,*,#2429,.T.);
#3092=ORIENTED_EDGE('',*,*,#2432,.T.);
#3093=ORIENTED_EDGE('',*,*,#2433,.F.);
#3094=ORIENTED_EDGE('',*,*,#2235,.F.);
#3095=ORIENTED_EDGE('',*,*,#2434,.T.);
#3096=ORIENTED_EDGE('',*,*,#2435,.F.);
#3097=ORIENTED_EDGE('',*,*,#2436,.F.);
#3098=ORIENTED_EDGE('',*,*,#2236,.T.);
#3099=ORIENTED_EDGE('',*,*,#2433,.T.);
#3100=ORIENTED_EDGE('',*,*,#2437,.F.);
#3101=ORIENTED_EDGE('',*,*,#2438,.F.);
#3102=ORIENTED_EDGE('',*,*,#2237,.T.);
#3103=ORIENTED_EDGE('',*,*,#2436,.T.);
#3104=ORIENTED_EDGE('',*,*,#2439,.F.);
#3105=ORIENTED_EDGE('',*,*,#2440,.F.);
#3106=ORIENTED_EDGE('',*,*,#2239,.T.);
#3107=ORIENTED_EDGE('',*,*,#2441,.T.);
#3108=ORIENTED_EDGE('',*,*,#2442,.F.);
#3109=ORIENTED_EDGE('',*,*,#2443,.F.);
#3110=ORIENTED_EDGE('',*,*,#2240,.T.);
#3111=ORIENTED_EDGE('',*,*,#2440,.T.);
#3112=ORIENTED_EDGE('',*,*,#2444,.T.);
#3113=ORIENTED_EDGE('',*,*,#2445,.F.);
#3114=ORIENTED_EDGE('',*,*,#2241,.F.);
#3115=ORIENTED_EDGE('',*,*,#2443,.T.);
#3116=ORIENTED_EDGE('',*,*,#2446,.F.);
#3117=ORIENTED_EDGE('',*,*,#2447,.F.);
#3118=ORIENTED_EDGE('',*,*,#2243,.T.);
#3119=ORIENTED_EDGE('',*,*,#2448,.T.);
#3120=ORIENTED_EDGE('',*,*,#2449,.T.);
#3121=ORIENTED_EDGE('',*,*,#2450,.F.);
#3122=ORIENTED_EDGE('',*,*,#2244,.F.);
#3123=ORIENTED_EDGE('',*,*,#2447,.T.);
#3124=ORIENTED_EDGE('',*,*,#2451,.T.);
#3125=ORIENTED_EDGE('',*,*,#2452,.F.);
#3126=ORIENTED_EDGE('',*,*,#2245,.F.);
#3127=ORIENTED_EDGE('',*,*,#2450,.T.);
#3128=ORIENTED_EDGE('',*,*,#2453,.F.);
#3129=ORIENTED_EDGE('',*,*,#2454,.F.);
#3130=ORIENTED_EDGE('',*,*,#2247,.T.);
#3131=ORIENTED_EDGE('',*,*,#2455,.T.);
#3132=ORIENTED_EDGE('',*,*,#2456,.T.);
#3133=ORIENTED_EDGE('',*,*,#2457,.F.);
#3134=ORIENTED_EDGE('',*,*,#2248,.F.);
#3135=ORIENTED_EDGE('',*,*,#2454,.T.);
#3136=ORIENTED_EDGE('',*,*,#2458,.T.);
#3137=ORIENTED_EDGE('',*,*,#2459,.F.);
#3138=ORIENTED_EDGE('',*,*,#2249,.F.);
#3139=ORIENTED_EDGE('',*,*,#2457,.T.);
#3140=ORIENTED_EDGE('',*,*,#2460,.F.);
#3141=ORIENTED_EDGE('',*,*,#2461,.F.);
#3142=ORIENTED_EDGE('',*,*,#2251,.T.);
#3143=ORIENTED_EDGE('',*,*,#2462,.T.);
#3144=ORIENTED_EDGE('',*,*,#2463,.T.);
#3145=ORIENTED_EDGE('',*,*,#2464,.F.);
#3146=ORIENTED_EDGE('',*,*,#2252,.F.);
#3147=ORIENTED_EDGE('',*,*,#2461,.T.);
#3148=ORIENTED_EDGE('',*,*,#2465,.T.);
#3149=ORIENTED_EDGE('',*,*,#2466,.F.);
#3150=ORIENTED_EDGE('',*,*,#2253,.F.);
#3151=ORIENTED_EDGE('',*,*,#2464,.T.);
#3152=ORIENTED_EDGE('',*,*,#2467,.F.);
#3153=ORIENTED_EDGE('',*,*,#2468,.F.);
#3154=ORIENTED_EDGE('',*,*,#2255,.T.);
#3155=ORIENTED_EDGE('',*,*,#2469,.T.);
#3156=ORIENTED_EDGE('',*,*,#2470,.T.);
#3157=ORIENTED_EDGE('',*,*,#2471,.F.);
#3158=ORIENTED_EDGE('',*,*,#2256,.F.);
#3159=ORIENTED_EDGE('',*,*,#2468,.T.);
#3160=ORIENTED_EDGE('',*,*,#2472,.T.);
#3161=ORIENTED_EDGE('',*,*,#2473,.F.);
#3162=ORIENTED_EDGE('',*,*,#2257,.F.);
#3163=ORIENTED_EDGE('',*,*,#2471,.T.);
#3164=ORIENTED_EDGE('',*,*,#2474,.T.);
#3165=ORIENTED_EDGE('',*,*,#2475,.F.);
#3166=ORIENTED_EDGE('',*,*,#2259,.F.);
#3167=ORIENTED_EDGE('',*,*,#2476,.T.);
#3168=ORIENTED_EDGE('',*,*,#2477,.F.);
#3169=ORIENTED_EDGE('',*,*,#2478,.F.);
#3170=ORIENTED_EDGE('',*,*,#2260,.T.);
#3171=ORIENTED_EDGE('',*,*,#2475,.T.);
#3172=ORIENTED_EDGE('',*,*,#2479,.F.);
#3173=ORIENTED_EDGE('',*,*,#2480,.F.);
#3174=ORIENTED_EDGE('',*,*,#2261,.T.);
#3175=ORIENTED_EDGE('',*,*,#2478,.T.);
#3176=ORIENTED_EDGE('',*,*,#2481,.F.);
#3177=ORIENTED_EDGE('',*,*,#2482,.F.);
#3178=ORIENTED_EDGE('',*,*,#2263,.T.);
#3179=ORIENTED_EDGE('',*,*,#2483,.T.);
#3180=ORIENTED_EDGE('',*,*,#2484,.T.);
#3181=ORIENTED_EDGE('',*,*,#2485,.F.);
#3182=ORIENTED_EDGE('',*,*,#2264,.F.);
#3183=ORIENTED_EDGE('',*,*,#2482,.T.);
#3184=ORIENTED_EDGE('',*,*,#2486,.T.);
#3185=ORIENTED_EDGE('',*,*,#2487,.F.);
#3186=ORIENTED_EDGE('',*,*,#2265,.F.);
#3187=ORIENTED_EDGE('',*,*,#2485,.T.);
#3188=ORIENTED_EDGE('',*,*,#2488,.F.);
#3189=ORIENTED_EDGE('',*,*,#2489,.F.);
#3190=ORIENTED_EDGE('',*,*,#2267,.T.);
#3191=ORIENTED_EDGE('',*,*,#2490,.T.);
#3192=ORIENTED_EDGE('',*,*,#2491,.T.);
#3193=ORIENTED_EDGE('',*,*,#2492,.F.);
#3194=ORIENTED_EDGE('',*,*,#2268,.F.);
#3195=ORIENTED_EDGE('',*,*,#2489,.T.);
#3196=ORIENTED_EDGE('',*,*,#2493,.T.);
#3197=ORIENTED_EDGE('',*,*,#2494,.F.);
#3198=ORIENTED_EDGE('',*,*,#2269,.F.);
#3199=ORIENTED_EDGE('',*,*,#2492,.T.);
#3200=ORIENTED_EDGE('',*,*,#2495,.F.);
#3201=ORIENTED_EDGE('',*,*,#2496,.F.);
#3202=ORIENTED_EDGE('',*,*,#2271,.T.);
#3203=ORIENTED_EDGE('',*,*,#2497,.T.);
#3204=ORIENTED_EDGE('',*,*,#2498,.F.);
#3205=ORIENTED_EDGE('',*,*,#2499,.F.);
#3206=ORIENTED_EDGE('',*,*,#2272,.T.);
#3207=ORIENTED_EDGE('',*,*,#2496,.T.);
#3208=ORIENTED_EDGE('',*,*,#2500,.T.);
#3209=ORIENTED_EDGE('',*,*,#2501,.F.);
#3210=ORIENTED_EDGE('',*,*,#2273,.F.);
#3211=ORIENTED_EDGE('',*,*,#2499,.T.);
#3212=ORIENTED_EDGE('',*,*,#2502,.F.);
#3213=ORIENTED_EDGE('',*,*,#2503,.F.);
#3214=ORIENTED_EDGE('',*,*,#2275,.T.);
#3215=ORIENTED_EDGE('',*,*,#2504,.T.);
#3216=ORIENTED_EDGE('',*,*,#2505,.T.);
#3217=ORIENTED_EDGE('',*,*,#2506,.F.);
#3218=ORIENTED_EDGE('',*,*,#2276,.F.);
#3219=ORIENTED_EDGE('',*,*,#2503,.T.);
#3220=ORIENTED_EDGE('',*,*,#2507,.T.);
#3221=ORIENTED_EDGE('',*,*,#2508,.F.);
#3222=ORIENTED_EDGE('',*,*,#2277,.F.);
#3223=ORIENTED_EDGE('',*,*,#2506,.T.);
#3224=ORIENTED_EDGE('',*,*,#2509,.F.);
#3225=ORIENTED_EDGE('',*,*,#2510,.F.);
#3226=ORIENTED_EDGE('',*,*,#2279,.T.);
#3227=ORIENTED_EDGE('',*,*,#2511,.T.);
#3228=ORIENTED_EDGE('',*,*,#2512,.F.);
#3229=ORIENTED_EDGE('',*,*,#2513,.F.);
#3230=ORIENTED_EDGE('',*,*,#2280,.T.);
#3231=ORIENTED_EDGE('',*,*,#2510,.T.);
#3232=ORIENTED_EDGE('',*,*,#2514,.T.);
#3233=ORIENTED_EDGE('',*,*,#2515,.F.);
#3234=ORIENTED_EDGE('',*,*,#2281,.F.);
#3235=ORIENTED_EDGE('',*,*,#2513,.T.);
#3236=ORIENTED_EDGE('',*,*,#2516,.T.);
#3237=ORIENTED_EDGE('',*,*,#2517,.F.);
#3238=ORIENTED_EDGE('',*,*,#2283,.F.);
#3239=ORIENTED_EDGE('',*,*,#2518,.T.);
#3240=ORIENTED_EDGE('',*,*,#2519,.F.);
#3241=ORIENTED_EDGE('',*,*,#2520,.F.);
#3242=ORIENTED_EDGE('',*,*,#2284,.T.);
#3243=ORIENTED_EDGE('',*,*,#2517,.T.);
#3244=ORIENTED_EDGE('',*,*,#2521,.F.);
#3245=ORIENTED_EDGE('',*,*,#2522,.F.);
#3246=ORIENTED_EDGE('',*,*,#2285,.T.);
#3247=ORIENTED_EDGE('',*,*,#2520,.T.);
#3248=ORIENTED_EDGE('',*,*,#2523,.T.);
#3249=ORIENTED_EDGE('',*,*,#2524,.F.);
#3250=ORIENTED_EDGE('',*,*,#2287,.F.);
#3251=ORIENTED_EDGE('',*,*,#2525,.T.);
#3252=ORIENTED_EDGE('',*,*,#2526,.F.);
#3253=ORIENTED_EDGE('',*,*,#2527,.F.);
#3254=ORIENTED_EDGE('',*,*,#2288,.T.);
#3255=ORIENTED_EDGE('',*,*,#2524,.T.);
#3256=ORIENTED_EDGE('',*,*,#2528,.F.);
#3257=ORIENTED_EDGE('',*,*,#2529,.F.);
#3258=ORIENTED_EDGE('',*,*,#2289,.T.);
#3259=ORIENTED_EDGE('',*,*,#2527,.T.);
#3260=ORIENTED_EDGE('',*,*,#2530,.F.);
#3261=ORIENTED_EDGE('',*,*,#2531,.F.);
#3262=ORIENTED_EDGE('',*,*,#2291,.T.);
#3263=ORIENTED_EDGE('',*,*,#2532,.T.);
#3264=ORIENTED_EDGE('',*,*,#2533,.F.);
#3265=ORIENTED_EDGE('',*,*,#2534,.F.);
#3266=ORIENTED_EDGE('',*,*,#2292,.T.);
#3267=ORIENTED_EDGE('',*,*,#2531,.T.);
#3268=ORIENTED_EDGE('',*,*,#2535,.T.);
#3269=ORIENTED_EDGE('',*,*,#2536,.F.);
#3270=ORIENTED_EDGE('',*,*,#2293,.F.);
#3271=ORIENTED_EDGE('',*,*,#2534,.T.);
#3272=ORIENTED_EDGE('',*,*,#2537,.F.);
#3273=ORIENTED_EDGE('',*,*,#2538,.F.);
#3274=ORIENTED_EDGE('',*,*,#2295,.T.);
#3275=ORIENTED_EDGE('',*,*,#2539,.T.);
#3276=ORIENTED_EDGE('',*,*,#2540,.F.);
#3277=ORIENTED_EDGE('',*,*,#2541,.F.);
#3278=ORIENTED_EDGE('',*,*,#2296,.T.);
#3279=ORIENTED_EDGE('',*,*,#2538,.T.);
#3280=ORIENTED_EDGE('',*,*,#2542,.T.);
#3281=ORIENTED_EDGE('',*,*,#2543,.F.);
#3282=ORIENTED_EDGE('',*,*,#2297,.F.);
#3283=ORIENTED_EDGE('',*,*,#2541,.T.);
#3284=ORIENTED_EDGE('',*,*,#2544,.T.);
#3285=ORIENTED_EDGE('',*,*,#2545,.F.);
#3286=ORIENTED_EDGE('',*,*,#2176,.F.);
#3287=ORIENTED_EDGE('',*,*,#2546,.T.);
#3288=ORIENTED_EDGE('',*,*,#2547,.F.);
#3289=ORIENTED_EDGE('',*,*,#2548,.F.);
#3290=ORIENTED_EDGE('',*,*,#2173,.T.);
#3291=ORIENTED_EDGE('',*,*,#2545,.T.);
#3292=ORIENTED_EDGE('',*,*,#2549,.F.);
#3293=ORIENTED_EDGE('',*,*,#2550,.F.);
#3294=ORIENTED_EDGE('',*,*,#2174,.T.);
#3295=ORIENTED_EDGE('',*,*,#2548,.T.);
#3296=ORIENTED_EDGE('',*,*,#2551,.F.);
#3297=ORIENTED_EDGE('',*,*,#2552,.F.);
#3298=ORIENTED_EDGE('',*,*,#2177,.T.);
#3299=ORIENTED_EDGE('',*,*,#2167,.T.);
#3300=ORIENTED_EDGE('',*,*,#2553,.T.);
#3301=ORIENTED_EDGE('',*,*,#2554,.F.);
#3302=ORIENTED_EDGE('',*,*,#2178,.F.);
#3303=ORIENTED_EDGE('',*,*,#2552,.T.);
#3304=ORIENTED_EDGE('',*,*,#2555,.F.);
#3305=ORIENTED_EDGE('',*,*,#2556,.F.);
#3306=ORIENTED_EDGE('',*,*,#2299,.T.);
#3307=ORIENTED_EDGE('',*,*,#2557,.T.);
#3308=ORIENTED_EDGE('',*,*,#2558,.F.);
#3309=ORIENTED_EDGE('',*,*,#2559,.F.);
#3310=ORIENTED_EDGE('',*,*,#2300,.T.);
#3311=ORIENTED_EDGE('',*,*,#2556,.T.);
#3312=ORIENTED_EDGE('',*,*,#2560,.T.);
#3313=ORIENTED_EDGE('',*,*,#2561,.F.);
#3314=ORIENTED_EDGE('',*,*,#2301,.F.);
#3315=ORIENTED_EDGE('',*,*,#2559,.T.);
#3316=ORIENTED_EDGE('',*,*,#2562,.T.);
#3317=ORIENTED_EDGE('',*,*,#2563,.F.);
#3318=ORIENTED_EDGE('',*,*,#2187,.F.);
#3319=ORIENTED_EDGE('',*,*,#2564,.T.);
#3320=ORIENTED_EDGE('',*,*,#2565,.T.);
#3321=ORIENTED_EDGE('',*,*,#2153,.F.);
#3322=ORIENTED_EDGE('',*,*,#2188,.F.);
#3323=ORIENTED_EDGE('',*,*,#2563,.T.);
#3324=ORIENTED_EDGE('',*,*,#2566,.F.);
#3325=ORIENTED_EDGE('',*,*,#2567,.F.);
#3326=ORIENTED_EDGE('',*,*,#2183,.T.);
#3327=ORIENTED_EDGE('',*,*,#2159,.T.);
#3328=ORIENTED_EDGE('',*,*,#2568,.T.);
#3329=ORIENTED_EDGE('',*,*,#2569,.F.);
#3330=ORIENTED_EDGE('',*,*,#2184,.F.);
#3331=ORIENTED_EDGE('',*,*,#2567,.T.);
#3332=ORIENTED_EDGE('',*,*,#2570,.T.);
#3333=ORIENTED_EDGE('',*,*,#2157,.F.);
#3334=ORIENTED_EDGE('',*,*,#2185,.F.);
#3335=ORIENTED_EDGE('',*,*,#2569,.T.);
#3336=ORIENTED_EDGE('',*,*,#2571,.F.);
#3337=ORIENTED_EDGE('',*,*,#2572,.F.);
#3338=ORIENTED_EDGE('',*,*,#2189,.T.);
#3339=ORIENTED_EDGE('',*,*,#2151,.T.);
#3340=ORIENTED_EDGE('',*,*,#2573,.T.);
#3341=ORIENTED_EDGE('',*,*,#2574,.F.);
#3342=ORIENTED_EDGE('',*,*,#2190,.F.);
#3343=ORIENTED_EDGE('',*,*,#2572,.T.);
#3344=ORIENTED_EDGE('',*,*,#2575,.F.);
#3345=ORIENTED_EDGE('',*,*,#2576,.F.);
#3346=ORIENTED_EDGE('',*,*,#2303,.T.);
#3347=ORIENTED_EDGE('',*,*,#2577,.T.);
#3348=ORIENTED_EDGE('',*,*,#2578,.F.);
#3349=ORIENTED_EDGE('',*,*,#2579,.F.);
#3350=ORIENTED_EDGE('',*,*,#2304,.T.);
#3351=ORIENTED_EDGE('',*,*,#2576,.T.);
#3352=ORIENTED_EDGE('',*,*,#2580,.T.);
#3353=ORIENTED_EDGE('',*,*,#2581,.F.);
#3354=ORIENTED_EDGE('',*,*,#2305,.F.);
#3355=ORIENTED_EDGE('',*,*,#2579,.T.);
#3356=ORIENTED_EDGE('',*,*,#2582,.F.);
#3357=ORIENTED_EDGE('',*,*,#2583,.F.);
#3358=ORIENTED_EDGE('',*,*,#2180,.T.);
#3359=ORIENTED_EDGE('',*,*,#2163,.T.);
#3360=ORIENTED_EDGE('',*,*,#2584,.T.);
#3361=ORIENTED_EDGE('',*,*,#2585,.F.);
#3362=ORIENTED_EDGE('',*,*,#2181,.F.);
#3363=ORIENTED_EDGE('',*,*,#2583,.T.);
#3364=ORIENTED_EDGE('',*,*,#2586,.T.);
#3365=ORIENTED_EDGE('',*,*,#2161,.F.);
#3366=ORIENTED_EDGE('',*,*,#2182,.F.);
#3367=ORIENTED_EDGE('',*,*,#2585,.T.);
#3368=ORIENTED_EDGE('',*,*,#2587,.F.);
#3369=ORIENTED_EDGE('',*,*,#2588,.F.);
#3370=ORIENTED_EDGE('',*,*,#2192,.T.);
#3371=ORIENTED_EDGE('',*,*,#2147,.T.);
#3372=ORIENTED_EDGE('',*,*,#2589,.T.);
#3373=ORIENTED_EDGE('',*,*,#2590,.F.);
#3374=ORIENTED_EDGE('',*,*,#2193,.F.);
#3375=ORIENTED_EDGE('',*,*,#2588,.T.);
#3376=ORIENTED_EDGE('',*,*,#2591,.F.);
#3377=ORIENTED_EDGE('',*,*,#2592,.F.);
#3378=ORIENTED_EDGE('',*,*,#2307,.T.);
#3379=ORIENTED_EDGE('',*,*,#2593,.T.);
#3380=ORIENTED_EDGE('',*,*,#2594,.F.);
#3381=ORIENTED_EDGE('',*,*,#2595,.F.);
#3382=ORIENTED_EDGE('',*,*,#2308,.T.);
#3383=ORIENTED_EDGE('',*,*,#2592,.T.);
#3384=ORIENTED_EDGE('',*,*,#2596,.T.);
#3385=ORIENTED_EDGE('',*,*,#2597,.F.);
#3386=ORIENTED_EDGE('',*,*,#2309,.F.);
#3387=ORIENTED_EDGE('',*,*,#2595,.T.);
#3388=ORIENTED_EDGE('',*,*,#2598,.F.);
#3389=ORIENTED_EDGE('',*,*,#2599,.F.);
#3390=ORIENTED_EDGE('',*,*,#2311,.T.);
#3391=ORIENTED_EDGE('',*,*,#2600,.T.);
#3392=ORIENTED_EDGE('',*,*,#2601,.F.);
#3393=ORIENTED_EDGE('',*,*,#2602,.F.);
#3394=ORIENTED_EDGE('',*,*,#2312,.T.);
#3395=ORIENTED_EDGE('',*,*,#2599,.T.);
#3396=ORIENTED_EDGE('',*,*,#2603,.T.);
#3397=ORIENTED_EDGE('',*,*,#2604,.F.);
#3398=ORIENTED_EDGE('',*,*,#2313,.F.);
#3399=ORIENTED_EDGE('',*,*,#2602,.T.);
#3400=ORIENTED_EDGE('',*,*,#2605,.F.);
#3401=ORIENTED_EDGE('',*,*,#2606,.F.);
#3402=ORIENTED_EDGE('',*,*,#2315,.T.);
#3403=ORIENTED_EDGE('',*,*,#2607,.T.);
#3404=ORIENTED_EDGE('',*,*,#2608,.T.);
#3405=ORIENTED_EDGE('',*,*,#2609,.F.);
#3406=ORIENTED_EDGE('',*,*,#2316,.F.);
#3407=ORIENTED_EDGE('',*,*,#2606,.T.);
#3408=ORIENTED_EDGE('',*,*,#2610,.T.);
#3409=ORIENTED_EDGE('',*,*,#2611,.F.);
#3410=ORIENTED_EDGE('',*,*,#2317,.F.);
#3411=ORIENTED_EDGE('',*,*,#2609,.T.);
#3412=ORIENTED_EDGE('',*,*,#2612,.F.);
#3413=ORIENTED_EDGE('',*,*,#2613,.F.);
#3414=ORIENTED_EDGE('',*,*,#2319,.T.);
#3415=ORIENTED_EDGE('',*,*,#2614,.T.);
#3416=ORIENTED_EDGE('',*,*,#2615,.T.);
#3417=ORIENTED_EDGE('',*,*,#2616,.F.);
#3418=ORIENTED_EDGE('',*,*,#2320,.F.);
#3419=ORIENTED_EDGE('',*,*,#2613,.T.);
#3420=ORIENTED_EDGE('',*,*,#2617,.T.);
#3421=ORIENTED_EDGE('',*,*,#2618,.F.);
#3422=ORIENTED_EDGE('',*,*,#2321,.F.);
#3423=ORIENTED_EDGE('',*,*,#2616,.T.);
#3424=ORIENTED_EDGE('',*,*,#2619,.T.);
#3425=ORIENTED_EDGE('',*,*,#2620,.F.);
#3426=ORIENTED_EDGE('',*,*,#2323,.F.);
#3427=ORIENTED_EDGE('',*,*,#2621,.T.);
#3428=ORIENTED_EDGE('',*,*,#2622,.F.);
#3429=ORIENTED_EDGE('',*,*,#2623,.F.);
#3430=ORIENTED_EDGE('',*,*,#2324,.T.);
#3431=ORIENTED_EDGE('',*,*,#2620,.T.);
#3432=ORIENTED_EDGE('',*,*,#2624,.F.);
#3433=ORIENTED_EDGE('',*,*,#2625,.F.);
#3434=ORIENTED_EDGE('',*,*,#2325,.T.);
#3435=ORIENTED_EDGE('',*,*,#2623,.T.);
#3436=ORIENTED_EDGE('',*,*,#2626,.F.);
#3437=ORIENTED_EDGE('',*,*,#2627,.F.);
#3438=ORIENTED_EDGE('',*,*,#2327,.T.);
#3439=ORIENTED_EDGE('',*,*,#2628,.T.);
#3440=ORIENTED_EDGE('',*,*,#2629,.T.);
#3441=ORIENTED_EDGE('',*,*,#2630,.F.);
#3442=ORIENTED_EDGE('',*,*,#2328,.F.);
#3443=ORIENTED_EDGE('',*,*,#2627,.T.);
#3444=ORIENTED_EDGE('',*,*,#2631,.T.);
#3445=ORIENTED_EDGE('',*,*,#2632,.F.);
#3446=ORIENTED_EDGE('',*,*,#2329,.F.);
#3447=ORIENTED_EDGE('',*,*,#2630,.T.);
#3448=ORIENTED_EDGE('',*,*,#2633,.T.);
#3449=ORIENTED_EDGE('',*,*,#2634,.F.);
#3450=ORIENTED_EDGE('',*,*,#2331,.F.);
#3451=ORIENTED_EDGE('',*,*,#2635,.T.);
#3452=ORIENTED_EDGE('',*,*,#2636,.T.);
#3453=ORIENTED_EDGE('',*,*,#2637,.F.);
#3454=ORIENTED_EDGE('',*,*,#2332,.F.);
#3455=ORIENTED_EDGE('',*,*,#2634,.T.);
#3456=ORIENTED_EDGE('',*,*,#2638,.F.);
#3457=ORIENTED_EDGE('',*,*,#2639,.F.);
#3458=ORIENTED_EDGE('',*,*,#2333,.T.);
#3459=ORIENTED_EDGE('',*,*,#2637,.T.);
#3460=ORIENTED_EDGE('',*,*,#2640,.F.);
#3461=ORIENTED_EDGE('',*,*,#2641,.F.);
#3462=ORIENTED_EDGE('',*,*,#2335,.T.);
#3463=ORIENTED_EDGE('',*,*,#2642,.T.);
#3464=ORIENTED_EDGE('',*,*,#2643,.T.);
#3465=ORIENTED_EDGE('',*,*,#2644,.F.);
#3466=ORIENTED_EDGE('',*,*,#2336,.F.);
#3467=ORIENTED_EDGE('',*,*,#2641,.T.);
#3468=ORIENTED_EDGE('',*,*,#2645,.T.);
#3469=ORIENTED_EDGE('',*,*,#2646,.F.);
#3470=ORIENTED_EDGE('',*,*,#2337,.F.);
#3471=ORIENTED_EDGE('',*,*,#2644,.T.);
#3472=ORIENTED_EDGE('',*,*,#2647,.F.);
#3473=ORIENTED_EDGE('',*,*,#2648,.F.);
#3474=ORIENTED_EDGE('',*,*,#2339,.T.);
#3475=ORIENTED_EDGE('',*,*,#2649,.T.);
#3476=ORIENTED_EDGE('',*,*,#2650,.F.);
#3477=ORIENTED_EDGE('',*,*,#2651,.F.);
#3478=ORIENTED_EDGE('',*,*,#2340,.T.);
#3479=ORIENTED_EDGE('',*,*,#2648,.T.);
#3480=ORIENTED_EDGE('',*,*,#2652,.T.);
#3481=ORIENTED_EDGE('',*,*,#2653,.F.);
#3482=ORIENTED_EDGE('',*,*,#2341,.F.);
#3483=ORIENTED_EDGE('',*,*,#2651,.T.);
#3484=ORIENTED_EDGE('',*,*,#2654,.F.);
#3485=ORIENTED_EDGE('',*,*,#2655,.F.);
#3486=ORIENTED_EDGE('',*,*,#2356,.T.);
#3487=ORIENTED_EDGE('',*,*,#2143,.T.);
#3488=ORIENTED_EDGE('',*,*,#2656,.T.);
#3489=ORIENTED_EDGE('',*,*,#2657,.F.);
#3490=ORIENTED_EDGE('',*,*,#2357,.F.);
#3491=ORIENTED_EDGE('',*,*,#2655,.T.);
#3492=ORIENTED_EDGE('',*,*,#2658,.F.);
#3493=ORIENTED_EDGE('',*,*,#2659,.F.);
#3494=ORIENTED_EDGE('',*,*,#2343,.T.);
#3495=ORIENTED_EDGE('',*,*,#2660,.T.);
#3496=ORIENTED_EDGE('',*,*,#2661,.F.);
#3497=ORIENTED_EDGE('',*,*,#2662,.F.);
#3498=ORIENTED_EDGE('',*,*,#2344,.T.);
#3499=ORIENTED_EDGE('',*,*,#2659,.T.);
#3500=ORIENTED_EDGE('',*,*,#2663,.T.);
#3501=ORIENTED_EDGE('',*,*,#2664,.F.);
#3502=ORIENTED_EDGE('',*,*,#2345,.F.);
#3503=ORIENTED_EDGE('',*,*,#2662,.T.);
#3504=ORIENTED_EDGE('',*,*,#2665,.F.);
#3505=ORIENTED_EDGE('',*,*,#2666,.F.);
#3506=ORIENTED_EDGE('',*,*,#2347,.T.);
#3507=ORIENTED_EDGE('',*,*,#2667,.T.);
#3508=ORIENTED_EDGE('',*,*,#2668,.T.);
#3509=ORIENTED_EDGE('',*,*,#2669,.F.);
#3510=ORIENTED_EDGE('',*,*,#2348,.F.);
#3511=ORIENTED_EDGE('',*,*,#2666,.T.);
#3512=ORIENTED_EDGE('',*,*,#2670,.T.);
#3513=ORIENTED_EDGE('',*,*,#2671,.F.);
#3514=ORIENTED_EDGE('',*,*,#2349,.F.);
#3515=ORIENTED_EDGE('',*,*,#2669,.T.);
#3516=ORIENTED_EDGE('',*,*,#2672,.F.);
#3517=ORIENTED_EDGE('',*,*,#2673,.F.);
#3518=ORIENTED_EDGE('',*,*,#2351,.T.);
#3519=ORIENTED_EDGE('',*,*,#2674,.T.);
#3520=ORIENTED_EDGE('',*,*,#2675,.T.);
#3521=ORIENTED_EDGE('',*,*,#2676,.F.);
#3522=ORIENTED_EDGE('',*,*,#2352,.F.);
#3523=ORIENTED_EDGE('',*,*,#2673,.T.);
#3524=ORIENTED_EDGE('',*,*,#2677,.T.);
#3525=ORIENTED_EDGE('',*,*,#2678,.F.);
#3526=ORIENTED_EDGE('',*,*,#2353,.F.);
#3527=ORIENTED_EDGE('',*,*,#2676,.T.);
#3528=ORIENTED_EDGE('',*,*,#2679,.T.);
#3529=ORIENTED_EDGE('',*,*,#2371,.F.);
#3530=ORIENTED_EDGE('',*,*,#2202,.F.);
#3531=ORIENTED_EDGE('',*,*,#2375,.T.);
#3532=ORIENTED_EDGE('',*,*,#2680,.T.);
#3533=ORIENTED_EDGE('',*,*,#2378,.F.);
#3534=ORIENTED_EDGE('',*,*,#2206,.F.);
#3535=ORIENTED_EDGE('',*,*,#2382,.T.);
#3536=ORIENTED_EDGE('',*,*,#2681,.F.);
#3537=ORIENTED_EDGE('',*,*,#2385,.F.);
#3538=ORIENTED_EDGE('',*,*,#2210,.T.);
#3539=ORIENTED_EDGE('',*,*,#2389,.T.);
#3540=ORIENTED_EDGE('',*,*,#2682,.F.);
#3541=ORIENTED_EDGE('',*,*,#2392,.F.);
#3542=ORIENTED_EDGE('',*,*,#2214,.T.);
#3543=ORIENTED_EDGE('',*,*,#2396,.T.);
#3544=ORIENTED_EDGE('',*,*,#2683,.F.);
#3545=ORIENTED_EDGE('',*,*,#2399,.F.);
#3546=ORIENTED_EDGE('',*,*,#2218,.T.);
#3547=ORIENTED_EDGE('',*,*,#2403,.T.);
#3548=ORIENTED_EDGE('',*,*,#2684,.F.);
#3549=ORIENTED_EDGE('',*,*,#2406,.F.);
#3550=ORIENTED_EDGE('',*,*,#2222,.T.);
#3551=ORIENTED_EDGE('',*,*,#2410,.T.);
#3552=ORIENTED_EDGE('',*,*,#2685,.F.);
#3553=ORIENTED_EDGE('',*,*,#2413,.F.);
#3554=ORIENTED_EDGE('',*,*,#2226,.T.);
#3555=ORIENTED_EDGE('',*,*,#2417,.T.);
#3556=ORIENTED_EDGE('',*,*,#2686,.F.);
#3557=ORIENTED_EDGE('',*,*,#2420,.F.);
#3558=ORIENTED_EDGE('',*,*,#2230,.T.);
#3559=ORIENTED_EDGE('',*,*,#2424,.T.);
#3560=ORIENTED_EDGE('',*,*,#2687,.T.);
#3561=ORIENTED_EDGE('',*,*,#2427,.F.);
#3562=ORIENTED_EDGE('',*,*,#2234,.F.);
#3563=ORIENTED_EDGE('',*,*,#2431,.T.);
#3564=ORIENTED_EDGE('',*,*,#2688,.T.);
#3565=ORIENTED_EDGE('',*,*,#2434,.F.);
#3566=ORIENTED_EDGE('',*,*,#2238,.F.);
#3567=ORIENTED_EDGE('',*,*,#2438,.T.);
#3568=ORIENTED_EDGE('',*,*,#2689,.T.);
#3569=ORIENTED_EDGE('',*,*,#2441,.F.);
#3570=ORIENTED_EDGE('',*,*,#2242,.F.);
#3571=ORIENTED_EDGE('',*,*,#2445,.T.);
#3572=ORIENTED_EDGE('',*,*,#2690,.F.);
#3573=ORIENTED_EDGE('',*,*,#2448,.F.);
#3574=ORIENTED_EDGE('',*,*,#2246,.T.);
#3575=ORIENTED_EDGE('',*,*,#2452,.T.);
#3576=ORIENTED_EDGE('',*,*,#2691,.F.);
#3577=ORIENTED_EDGE('',*,*,#2455,.F.);
#3578=ORIENTED_EDGE('',*,*,#2250,.T.);
#3579=ORIENTED_EDGE('',*,*,#2459,.T.);
#3580=ORIENTED_EDGE('',*,*,#2692,.F.);
#3581=ORIENTED_EDGE('',*,*,#2462,.F.);
#3582=ORIENTED_EDGE('',*,*,#2254,.T.);
#3583=ORIENTED_EDGE('',*,*,#2466,.T.);
#3584=ORIENTED_EDGE('',*,*,#2693,.F.);
#3585=ORIENTED_EDGE('',*,*,#2469,.F.);
#3586=ORIENTED_EDGE('',*,*,#2258,.T.);
#3587=ORIENTED_EDGE('',*,*,#2473,.T.);
#3588=ORIENTED_EDGE('',*,*,#2694,.T.);
#3589=ORIENTED_EDGE('',*,*,#2476,.F.);
#3590=ORIENTED_EDGE('',*,*,#2262,.F.);
#3591=ORIENTED_EDGE('',*,*,#2480,.T.);
#3592=ORIENTED_EDGE('',*,*,#2695,.F.);
#3593=ORIENTED_EDGE('',*,*,#2483,.F.);
#3594=ORIENTED_EDGE('',*,*,#2266,.T.);
#3595=ORIENTED_EDGE('',*,*,#2487,.T.);
#3596=ORIENTED_EDGE('',*,*,#2696,.F.);
#3597=ORIENTED_EDGE('',*,*,#2490,.F.);
#3598=ORIENTED_EDGE('',*,*,#2270,.T.);
#3599=ORIENTED_EDGE('',*,*,#2494,.T.);
#3600=ORIENTED_EDGE('',*,*,#2697,.T.);
#3601=ORIENTED_EDGE('',*,*,#2497,.F.);
#3602=ORIENTED_EDGE('',*,*,#2274,.F.);
#3603=ORIENTED_EDGE('',*,*,#2501,.T.);
#3604=ORIENTED_EDGE('',*,*,#2698,.F.);
#3605=ORIENTED_EDGE('',*,*,#2504,.F.);
#3606=ORIENTED_EDGE('',*,*,#2278,.T.);
#3607=ORIENTED_EDGE('',*,*,#2508,.T.);
#3608=ORIENTED_EDGE('',*,*,#2699,.T.);
#3609=ORIENTED_EDGE('',*,*,#2511,.F.);
#3610=ORIENTED_EDGE('',*,*,#2282,.F.);
#3611=ORIENTED_EDGE('',*,*,#2515,.T.);
#3612=ORIENTED_EDGE('',*,*,#2700,.T.);
#3613=ORIENTED_EDGE('',*,*,#2518,.F.);
#3614=ORIENTED_EDGE('',*,*,#2286,.F.);
#3615=ORIENTED_EDGE('',*,*,#2522,.T.);
#3616=ORIENTED_EDGE('',*,*,#2701,.T.);
#3617=ORIENTED_EDGE('',*,*,#2525,.F.);
#3618=ORIENTED_EDGE('',*,*,#2290,.F.);
#3619=ORIENTED_EDGE('',*,*,#2529,.T.);
#3620=ORIENTED_EDGE('',*,*,#2702,.T.);
#3621=ORIENTED_EDGE('',*,*,#2532,.F.);
#3622=ORIENTED_EDGE('',*,*,#2294,.F.);
#3623=ORIENTED_EDGE('',*,*,#2536,.T.);
#3624=ORIENTED_EDGE('',*,*,#2703,.T.);
#3625=ORIENTED_EDGE('',*,*,#2539,.F.);
#3626=ORIENTED_EDGE('',*,*,#2298,.F.);
#3627=ORIENTED_EDGE('',*,*,#2543,.T.);
#3628=ORIENTED_EDGE('',*,*,#2704,.T.);
#3629=ORIENTED_EDGE('',*,*,#2546,.F.);
#3630=ORIENTED_EDGE('',*,*,#2175,.F.);
#3631=ORIENTED_EDGE('',*,*,#2550,.T.);
#3632=ORIENTED_EDGE('',*,*,#2705,.T.);
#3633=ORIENTED_EDGE('',*,*,#2165,.F.);
#3634=ORIENTED_EDGE('',*,*,#2179,.F.);
#3635=ORIENTED_EDGE('',*,*,#2554,.T.);
#3636=ORIENTED_EDGE('',*,*,#2706,.T.);
#3637=ORIENTED_EDGE('',*,*,#2557,.F.);
#3638=ORIENTED_EDGE('',*,*,#2302,.F.);
#3639=ORIENTED_EDGE('',*,*,#2561,.T.);
#3640=ORIENTED_EDGE('',*,*,#2707,.F.);
#3641=ORIENTED_EDGE('',*,*,#2564,.F.);
#3642=ORIENTED_EDGE('',*,*,#2186,.T.);
#3643=ORIENTED_EDGE('',*,*,#2155,.T.);
#3644=ORIENTED_EDGE('',*,*,#2708,.T.);
#3645=ORIENTED_EDGE('',*,*,#2149,.F.);
#3646=ORIENTED_EDGE('',*,*,#2191,.F.);
#3647=ORIENTED_EDGE('',*,*,#2574,.T.);
#3648=ORIENTED_EDGE('',*,*,#2709,.T.);
#3649=ORIENTED_EDGE('',*,*,#2710,.T.);
#3650=ORIENTED_EDGE('',*,*,#2168,.F.);
#3651=ORIENTED_EDGE('',*,*,#2710,.F.);
#3652=ORIENTED_EDGE('',*,*,#2711,.T.);
#3653=ORIENTED_EDGE('',*,*,#2577,.F.);
#3654=ORIENTED_EDGE('',*,*,#2306,.F.);
#3655=ORIENTED_EDGE('',*,*,#2581,.T.);
#3656=ORIENTED_EDGE('',*,*,#2712,.T.);
#3657=ORIENTED_EDGE('',*,*,#2145,.F.);
#3658=ORIENTED_EDGE('',*,*,#2194,.F.);
#3659=ORIENTED_EDGE('',*,*,#2590,.T.);
#3660=ORIENTED_EDGE('',*,*,#2713,.T.);
#3661=ORIENTED_EDGE('',*,*,#2593,.F.);
#3662=ORIENTED_EDGE('',*,*,#2310,.F.);
#3663=ORIENTED_EDGE('',*,*,#2597,.T.);
#3664=ORIENTED_EDGE('',*,*,#2714,.T.);
#3665=ORIENTED_EDGE('',*,*,#2600,.F.);
#3666=ORIENTED_EDGE('',*,*,#2314,.F.);
#3667=ORIENTED_EDGE('',*,*,#2604,.T.);
#3668=ORIENTED_EDGE('',*,*,#2715,.F.);
#3669=ORIENTED_EDGE('',*,*,#2607,.F.);
#3670=ORIENTED_EDGE('',*,*,#2318,.T.);
#3671=ORIENTED_EDGE('',*,*,#2611,.T.);
#3672=ORIENTED_EDGE('',*,*,#2716,.F.);
#3673=ORIENTED_EDGE('',*,*,#2614,.F.);
#3674=ORIENTED_EDGE('',*,*,#2322,.T.);
#3675=ORIENTED_EDGE('',*,*,#2618,.T.);
#3676=ORIENTED_EDGE('',*,*,#2717,.T.);
#3677=ORIENTED_EDGE('',*,*,#2621,.F.);
#3678=ORIENTED_EDGE('',*,*,#2326,.F.);
#3679=ORIENTED_EDGE('',*,*,#2625,.T.);
#3680=ORIENTED_EDGE('',*,*,#2718,.F.);
#3681=ORIENTED_EDGE('',*,*,#2628,.F.);
#3682=ORIENTED_EDGE('',*,*,#2330,.T.);
#3683=ORIENTED_EDGE('',*,*,#2632,.T.);
#3684=ORIENTED_EDGE('',*,*,#2719,.F.);
#3685=ORIENTED_EDGE('',*,*,#2635,.F.);
#3686=ORIENTED_EDGE('',*,*,#2334,.T.);
#3687=ORIENTED_EDGE('',*,*,#2639,.T.);
#3688=ORIENTED_EDGE('',*,*,#2720,.F.);
#3689=ORIENTED_EDGE('',*,*,#2642,.F.);
#3690=ORIENTED_EDGE('',*,*,#2338,.T.);
#3691=ORIENTED_EDGE('',*,*,#2646,.T.);
#3692=ORIENTED_EDGE('',*,*,#2721,.T.);
#3693=ORIENTED_EDGE('',*,*,#2649,.F.);
#3694=ORIENTED_EDGE('',*,*,#2342,.F.);
#3695=ORIENTED_EDGE('',*,*,#2653,.T.);
#3696=ORIENTED_EDGE('',*,*,#2722,.T.);
#3697=ORIENTED_EDGE('',*,*,#2141,.F.);
#3698=ORIENTED_EDGE('',*,*,#2355,.F.);
#3699=ORIENTED_EDGE('',*,*,#2657,.T.);
#3700=ORIENTED_EDGE('',*,*,#2723,.T.);
#3701=ORIENTED_EDGE('',*,*,#2660,.F.);
#3702=ORIENTED_EDGE('',*,*,#2346,.F.);
#3703=ORIENTED_EDGE('',*,*,#2664,.T.);
#3704=ORIENTED_EDGE('',*,*,#2724,.F.);
#3705=ORIENTED_EDGE('',*,*,#2667,.F.);
#3706=ORIENTED_EDGE('',*,*,#2350,.T.);
#3707=ORIENTED_EDGE('',*,*,#2671,.T.);
#3708=ORIENTED_EDGE('',*,*,#2725,.F.);
#3709=ORIENTED_EDGE('',*,*,#2674,.F.);
#3710=ORIENTED_EDGE('',*,*,#2354,.T.);
#3711=ORIENTED_EDGE('',*,*,#2678,.T.);
#3712=ORIENTED_EDGE('',*,*,#2726,.T.);
#3713=ORIENTED_EDGE('',*,*,#2364,.F.);
#3714=ORIENTED_EDGE('',*,*,#2198,.F.);
#3715=ORIENTED_EDGE('',*,*,#2368,.T.);
#3716=ORIENTED_EDGE('',*,*,#2709,.F.);
#3717=ORIENTED_EDGE('',*,*,#2150,.T.);
#3718=ORIENTED_EDGE('',*,*,#2708,.F.);
#3719=ORIENTED_EDGE('',*,*,#2573,.F.);
#3720=ORIENTED_EDGE('',*,*,#2571,.T.);
#3721=ORIENTED_EDGE('',*,*,#2566,.T.);
#3722=ORIENTED_EDGE('',*,*,#2158,.T.);
#3723=ORIENTED_EDGE('',*,*,#2570,.F.);
#3724=ORIENTED_EDGE('',*,*,#2568,.F.);
#3725=ORIENTED_EDGE('',*,*,#2562,.F.);
#3726=ORIENTED_EDGE('',*,*,#2707,.T.);
#3727=ORIENTED_EDGE('',*,*,#2154,.T.);
#3728=ORIENTED_EDGE('',*,*,#2565,.F.);
#3729=ORIENTED_EDGE('',*,*,#2555,.T.);
#3730=ORIENTED_EDGE('',*,*,#2706,.F.);
#3731=ORIENTED_EDGE('',*,*,#2560,.F.);
#3732=ORIENTED_EDGE('',*,*,#2558,.T.);
#3733=ORIENTED_EDGE('',*,*,#2166,.T.);
#3734=ORIENTED_EDGE('',*,*,#2705,.F.);
#3735=ORIENTED_EDGE('',*,*,#2553,.F.);
#3736=ORIENTED_EDGE('',*,*,#2551,.T.);
#3737=ORIENTED_EDGE('',*,*,#2544,.F.);
#3738=ORIENTED_EDGE('',*,*,#2704,.F.);
#3739=ORIENTED_EDGE('',*,*,#2549,.T.);
#3740=ORIENTED_EDGE('',*,*,#2547,.T.);
#3741=ORIENTED_EDGE('',*,*,#2537,.T.);
#3742=ORIENTED_EDGE('',*,*,#2703,.F.);
#3743=ORIENTED_EDGE('',*,*,#2542,.F.);
#3744=ORIENTED_EDGE('',*,*,#2540,.T.);
#3745=ORIENTED_EDGE('',*,*,#2530,.T.);
#3746=ORIENTED_EDGE('',*,*,#2702,.F.);
#3747=ORIENTED_EDGE('',*,*,#2535,.F.);
#3748=ORIENTED_EDGE('',*,*,#2533,.T.);
#3749=ORIENTED_EDGE('',*,*,#2523,.F.);
#3750=ORIENTED_EDGE('',*,*,#2701,.F.);
#3751=ORIENTED_EDGE('',*,*,#2528,.T.);
#3752=ORIENTED_EDGE('',*,*,#2526,.T.);
#3753=ORIENTED_EDGE('',*,*,#2516,.F.);
#3754=ORIENTED_EDGE('',*,*,#2700,.F.);
#3755=ORIENTED_EDGE('',*,*,#2521,.T.);
#3756=ORIENTED_EDGE('',*,*,#2519,.T.);
#3757=ORIENTED_EDGE('',*,*,#2509,.T.);
#3758=ORIENTED_EDGE('',*,*,#2699,.F.);
#3759=ORIENTED_EDGE('',*,*,#2514,.F.);
#3760=ORIENTED_EDGE('',*,*,#2512,.T.);
#3761=ORIENTED_EDGE('',*,*,#2502,.T.);
#3762=ORIENTED_EDGE('',*,*,#2698,.T.);
#3763=ORIENTED_EDGE('',*,*,#2507,.F.);
#3764=ORIENTED_EDGE('',*,*,#2505,.F.);
#3765=ORIENTED_EDGE('',*,*,#2495,.T.);
#3766=ORIENTED_EDGE('',*,*,#2697,.F.);
#3767=ORIENTED_EDGE('',*,*,#2500,.F.);
#3768=ORIENTED_EDGE('',*,*,#2498,.T.);
#3769=ORIENTED_EDGE('',*,*,#2488,.T.);
#3770=ORIENTED_EDGE('',*,*,#2696,.T.);
#3771=ORIENTED_EDGE('',*,*,#2493,.F.);
#3772=ORIENTED_EDGE('',*,*,#2491,.F.);
#3773=ORIENTED_EDGE('',*,*,#2481,.T.);
#3774=ORIENTED_EDGE('',*,*,#2695,.T.);
#3775=ORIENTED_EDGE('',*,*,#2486,.F.);
#3776=ORIENTED_EDGE('',*,*,#2484,.F.);
#3777=ORIENTED_EDGE('',*,*,#2474,.F.);
#3778=ORIENTED_EDGE('',*,*,#2694,.F.);
#3779=ORIENTED_EDGE('',*,*,#2479,.T.);
#3780=ORIENTED_EDGE('',*,*,#2477,.T.);
#3781=ORIENTED_EDGE('',*,*,#2467,.T.);
#3782=ORIENTED_EDGE('',*,*,#2693,.T.);
#3783=ORIENTED_EDGE('',*,*,#2472,.F.);
#3784=ORIENTED_EDGE('',*,*,#2470,.F.);
#3785=ORIENTED_EDGE('',*,*,#2460,.T.);
#3786=ORIENTED_EDGE('',*,*,#2692,.T.);
#3787=ORIENTED_EDGE('',*,*,#2465,.F.);
#3788=ORIENTED_EDGE('',*,*,#2463,.F.);
#3789=ORIENTED_EDGE('',*,*,#2453,.T.);
#3790=ORIENTED_EDGE('',*,*,#2691,.T.);
#3791=ORIENTED_EDGE('',*,*,#2458,.F.);
#3792=ORIENTED_EDGE('',*,*,#2456,.F.);
#3793=ORIENTED_EDGE('',*,*,#2446,.T.);
#3794=ORIENTED_EDGE('',*,*,#2690,.T.);
#3795=ORIENTED_EDGE('',*,*,#2451,.F.);
#3796=ORIENTED_EDGE('',*,*,#2449,.F.);
#3797=ORIENTED_EDGE('',*,*,#2439,.T.);
#3798=ORIENTED_EDGE('',*,*,#2689,.F.);
#3799=ORIENTED_EDGE('',*,*,#2444,.F.);
#3800=ORIENTED_EDGE('',*,*,#2442,.T.);
#3801=ORIENTED_EDGE('',*,*,#2432,.F.);
#3802=ORIENTED_EDGE('',*,*,#2688,.F.);
#3803=ORIENTED_EDGE('',*,*,#2437,.T.);
#3804=ORIENTED_EDGE('',*,*,#2435,.T.);
#3805=ORIENTED_EDGE('',*,*,#2425,.T.);
#3806=ORIENTED_EDGE('',*,*,#2687,.F.);
#3807=ORIENTED_EDGE('',*,*,#2430,.F.);
#3808=ORIENTED_EDGE('',*,*,#2428,.T.);
#3809=ORIENTED_EDGE('',*,*,#2418,.T.);
#3810=ORIENTED_EDGE('',*,*,#2686,.T.);
#3811=ORIENTED_EDGE('',*,*,#2423,.F.);
#3812=ORIENTED_EDGE('',*,*,#2421,.F.);
#3813=ORIENTED_EDGE('',*,*,#2411,.F.);
#3814=ORIENTED_EDGE('',*,*,#2685,.T.);
#3815=ORIENTED_EDGE('',*,*,#2416,.T.);
#3816=ORIENTED_EDGE('',*,*,#2414,.F.);
#3817=ORIENTED_EDGE('',*,*,#2404,.F.);
#3818=ORIENTED_EDGE('',*,*,#2684,.T.);
#3819=ORIENTED_EDGE('',*,*,#2409,.T.);
#3820=ORIENTED_EDGE('',*,*,#2407,.F.);
#3821=ORIENTED_EDGE('',*,*,#2397,.F.);
#3822=ORIENTED_EDGE('',*,*,#2683,.T.);
#3823=ORIENTED_EDGE('',*,*,#2402,.T.);
#3824=ORIENTED_EDGE('',*,*,#2400,.F.);
#3825=ORIENTED_EDGE('',*,*,#2390,.F.);
#3826=ORIENTED_EDGE('',*,*,#2682,.T.);
#3827=ORIENTED_EDGE('',*,*,#2395,.T.);
#3828=ORIENTED_EDGE('',*,*,#2393,.F.);
#3829=ORIENTED_EDGE('',*,*,#2383,.F.);
#3830=ORIENTED_EDGE('',*,*,#2681,.T.);
#3831=ORIENTED_EDGE('',*,*,#2388,.T.);
#3832=ORIENTED_EDGE('',*,*,#2386,.F.);
#3833=ORIENTED_EDGE('',*,*,#2376,.F.);
#3834=ORIENTED_EDGE('',*,*,#2680,.F.);
#3835=ORIENTED_EDGE('',*,*,#2381,.T.);
#3836=ORIENTED_EDGE('',*,*,#2379,.T.);
#3837=ORIENTED_EDGE('',*,*,#2369,.F.);
#3838=ORIENTED_EDGE('',*,*,#2679,.F.);
#3839=ORIENTED_EDGE('',*,*,#2374,.T.);
#3840=ORIENTED_EDGE('',*,*,#2372,.T.);
#3841=ORIENTED_EDGE('',*,*,#2362,.F.);
#3842=ORIENTED_EDGE('',*,*,#2726,.F.);
#3843=ORIENTED_EDGE('',*,*,#2367,.T.);
#3844=ORIENTED_EDGE('',*,*,#2365,.T.);
#3845=ORIENTED_EDGE('',*,*,#2727,.F.);
#3846=ORIENTED_EDGE('',*,*,#2728,.F.);
#3847=ORIENTED_EDGE('',*,*,#2729,.F.);
#3848=ORIENTED_EDGE('',*,*,#2730,.F.);
#3849=ORIENTED_EDGE('',*,*,#2731,.F.);
#3850=ORIENTED_EDGE('',*,*,#2732,.F.);
#3851=ORIENTED_EDGE('',*,*,#2733,.F.);
#3852=ORIENTED_EDGE('',*,*,#2734,.F.);
#3853=ORIENTED_EDGE('',*,*,#2672,.T.);
#3854=ORIENTED_EDGE('',*,*,#2725,.T.);
#3855=ORIENTED_EDGE('',*,*,#2677,.F.);
#3856=ORIENTED_EDGE('',*,*,#2675,.F.);
#3857=ORIENTED_EDGE('',*,*,#2665,.T.);
#3858=ORIENTED_EDGE('',*,*,#2724,.T.);
#3859=ORIENTED_EDGE('',*,*,#2670,.F.);
#3860=ORIENTED_EDGE('',*,*,#2668,.F.);
#3861=ORIENTED_EDGE('',*,*,#2658,.T.);
#3862=ORIENTED_EDGE('',*,*,#2723,.F.);
#3863=ORIENTED_EDGE('',*,*,#2663,.F.);
#3864=ORIENTED_EDGE('',*,*,#2661,.T.);
#3865=ORIENTED_EDGE('',*,*,#2142,.T.);
#3866=ORIENTED_EDGE('',*,*,#2722,.F.);
#3867=ORIENTED_EDGE('',*,*,#2656,.F.);
#3868=ORIENTED_EDGE('',*,*,#2654,.T.);
#3869=ORIENTED_EDGE('',*,*,#2647,.T.);
#3870=ORIENTED_EDGE('',*,*,#2721,.F.);
#3871=ORIENTED_EDGE('',*,*,#2652,.F.);
#3872=ORIENTED_EDGE('',*,*,#2650,.T.);
#3873=ORIENTED_EDGE('',*,*,#2640,.T.);
#3874=ORIENTED_EDGE('',*,*,#2720,.T.);
#3875=ORIENTED_EDGE('',*,*,#2645,.F.);
#3876=ORIENTED_EDGE('',*,*,#2643,.F.);
#3877=ORIENTED_EDGE('',*,*,#2633,.F.);
#3878=ORIENTED_EDGE('',*,*,#2719,.T.);
#3879=ORIENTED_EDGE('',*,*,#2638,.T.);
#3880=ORIENTED_EDGE('',*,*,#2636,.F.);
#3881=ORIENTED_EDGE('',*,*,#2626,.T.);
#3882=ORIENTED_EDGE('',*,*,#2718,.T.);
#3883=ORIENTED_EDGE('',*,*,#2631,.F.);
#3884=ORIENTED_EDGE('',*,*,#2629,.F.);
#3885=ORIENTED_EDGE('',*,*,#2619,.F.);
#3886=ORIENTED_EDGE('',*,*,#2717,.F.);
#3887=ORIENTED_EDGE('',*,*,#2624,.T.);
#3888=ORIENTED_EDGE('',*,*,#2622,.T.);
#3889=ORIENTED_EDGE('',*,*,#2612,.T.);
#3890=ORIENTED_EDGE('',*,*,#2716,.T.);
#3891=ORIENTED_EDGE('',*,*,#2617,.F.);
#3892=ORIENTED_EDGE('',*,*,#2615,.F.);
#3893=ORIENTED_EDGE('',*,*,#2605,.T.);
#3894=ORIENTED_EDGE('',*,*,#2715,.T.);
#3895=ORIENTED_EDGE('',*,*,#2610,.F.);
#3896=ORIENTED_EDGE('',*,*,#2608,.F.);
#3897=ORIENTED_EDGE('',*,*,#2598,.T.);
#3898=ORIENTED_EDGE('',*,*,#2714,.F.);
#3899=ORIENTED_EDGE('',*,*,#2603,.F.);
#3900=ORIENTED_EDGE('',*,*,#2601,.T.);
#3901=ORIENTED_EDGE('',*,*,#2591,.T.);
#3902=ORIENTED_EDGE('',*,*,#2713,.F.);
#3903=ORIENTED_EDGE('',*,*,#2596,.F.);
#3904=ORIENTED_EDGE('',*,*,#2594,.T.);
#3905=ORIENTED_EDGE('',*,*,#2146,.T.);
#3906=ORIENTED_EDGE('',*,*,#2712,.F.);
#3907=ORIENTED_EDGE('',*,*,#2589,.F.);
#3908=ORIENTED_EDGE('',*,*,#2587,.T.);
#3909=ORIENTED_EDGE('',*,*,#2582,.T.);
#3910=ORIENTED_EDGE('',*,*,#2162,.T.);
#3911=ORIENTED_EDGE('',*,*,#2586,.F.);
#3912=ORIENTED_EDGE('',*,*,#2584,.F.);
#3913=ORIENTED_EDGE('',*,*,#2575,.T.);
#3914=ORIENTED_EDGE('',*,*,#2711,.F.);
#3915=ORIENTED_EDGE('',*,*,#2580,.F.);
#3916=ORIENTED_EDGE('',*,*,#2578,.T.);
#3917=ORIENTED_EDGE('',*,*,#2361,.T.);
#3918=ORIENTED_EDGE('',*,*,#2735,.T.);
#3919=ORIENTED_EDGE('',*,*,#2734,.T.);
#3920=ORIENTED_EDGE('',*,*,#2735,.F.);
#3921=ORIENTED_EDGE('',*,*,#2360,.T.);
#3922=ORIENTED_EDGE('',*,*,#2736,.T.);
#3923=ORIENTED_EDGE('',*,*,#2733,.T.);
#3924=ORIENTED_EDGE('',*,*,#2736,.F.);
#3925=ORIENTED_EDGE('',*,*,#2359,.T.);
#3926=ORIENTED_EDGE('',*,*,#2737,.T.);
#3927=ORIENTED_EDGE('',*,*,#2732,.T.);
#3928=ORIENTED_EDGE('',*,*,#2737,.F.);
#3929=ORIENTED_EDGE('',*,*,#2358,.T.);
#3930=ORIENTED_EDGE('',*,*,#2738,.T.);
#3931=ORIENTED_EDGE('',*,*,#2731,.T.);
#3932=ORIENTED_EDGE('',*,*,#2738,.F.);
#3933=ORIENTED_EDGE('',*,*,#2172,.T.);
#3934=ORIENTED_EDGE('',*,*,#2739,.T.);
#3935=ORIENTED_EDGE('',*,*,#2730,.T.);
#3936=ORIENTED_EDGE('',*,*,#2739,.F.);
#3937=ORIENTED_EDGE('',*,*,#2171,.T.);
#3938=ORIENTED_EDGE('',*,*,#2740,.T.);
#3939=ORIENTED_EDGE('',*,*,#2729,.T.);
#3940=ORIENTED_EDGE('',*,*,#2740,.F.);
#3941=ORIENTED_EDGE('',*,*,#2170,.T.);
#3942=ORIENTED_EDGE('',*,*,#2741,.T.);
#3943=ORIENTED_EDGE('',*,*,#2728,.T.);
#3944=ORIENTED_EDGE('',*,*,#2741,.F.);
#3945=ORIENTED_EDGE('',*,*,#2169,.T.);
#3946=ORIENTED_EDGE('',*,*,#2742,.T.);
#3947=ORIENTED_EDGE('',*,*,#2727,.T.);
#3948=ORIENTED_EDGE('',*,*,#2742,.F.);
#3949=CYLINDRICAL_SURFACE('',#4481,110.);
#3950=CYLINDRICAL_SURFACE('',#4484,110.);
#3951=CYLINDRICAL_SURFACE('',#4487,110.);
#3952=CYLINDRICAL_SURFACE('',#4490,110.);
#3953=CYLINDRICAL_SURFACE('',#4493,110.);
#3954=CYLINDRICAL_SURFACE('',#4496,110.);
#3955=CYLINDRICAL_SURFACE('',#4499,110.);
#3956=CYLINDRICAL_SURFACE('',#4602,67.5);
#3957=CYLINDRICAL_SURFACE('',#4606,67.5);
#3958=CYLINDRICAL_SURFACE('',#4610,82.5);
#3959=CYLINDRICAL_SURFACE('',#4613,72.5);
#3960=CYLINDRICAL_SURFACE('',#4616,82.5);
#3961=CYLINDRICAL_SURFACE('',#4618,22.5);
#3962=CYLINDRICAL_SURFACE('',#4621,37.5);
#3963=CYLINDRICAL_SURFACE('',#4623,57.5);
#3964=CYLINDRICAL_SURFACE('',#4626,67.5);
#3965=CYLINDRICAL_SURFACE('',#4628,22.5);
#3966=CYLINDRICAL_SURFACE('',#4631,37.5);
#3967=CYLINDRICAL_SURFACE('',#4633,42.5);
#3968=CYLINDRICAL_SURFACE('',#4636,52.5);
#3969=CYLINDRICAL_SURFACE('',#4639,42.5);
#3970=CYLINDRICAL_SURFACE('',#4642,37.5);
#3971=CYLINDRICAL_SURFACE('',#4645,22.5);
#3972=CYLINDRICAL_SURFACE('',#4648,37.5);
#3973=CYLINDRICAL_SURFACE('',#4651,37.5);
#3974=CYLINDRICAL_SURFACE('',#4654,22.5);
#3975=CYLINDRICAL_SURFACE('',#4657,42.5);
#3976=CYLINDRICAL_SURFACE('',#4661,22.5);
#3977=CYLINDRICAL_SURFACE('',#4665,57.5);
#3978=CYLINDRICAL_SURFACE('',#4669,22.5);
#3979=CYLINDRICAL_SURFACE('',#4673,52.5);
#3980=CYLINDRICAL_SURFACE('',#4677,22.5);
#3981=CYLINDRICAL_SURFACE('',#4681,42.5);
#3982=CYLINDRICAL_SURFACE('',#4684,52.5);
#3983=CYLINDRICAL_SURFACE('',#4687,42.5);
#3984=CYLINDRICAL_SURFACE('',#4690,57.5);
#3985=CYLINDRICAL_SURFACE('',#4693,82.5);
#3986=CYLINDRICAL_SURFACE('',#4696,72.5);
#3987=CYLINDRICAL_SURFACE('',#4699,82.5);
#3988=CYLINDRICAL_SURFACE('',#4703,97.5);
#3989=CYLINDRICAL_SURFACE('',#4706,97.5);
#3990=CYLINDRICAL_SURFACE('',#4709,87.5);
#3991=CYLINDRICAL_SURFACE('',#4711,97.5);
#3992=CYLINDRICAL_SURFACE('',#4714,87.5);
#3993=CYLINDRICAL_SURFACE('',#4717,110.);
#3994=CYLINDRICAL_SURFACE('',#4721,102.5);
#3995=CYLINDRICAL_SURFACE('',#4723,67.5);
#3996=CYLINDRICAL_SURFACE('',#4726,57.5);
#3997=CYLINDRICAL_SURFACE('',#4728,102.5);
#3998=CYLINDRICAL_SURFACE('',#4732,102.5);
#3999=CYLINDRICAL_SURFACE('',#4736,102.5);
#4000=CYLINDRICAL_SURFACE('',#4738,97.5);
#4001=CYLINDRICAL_SURFACE('',#4741,87.5);
#4002=CYLINDRICAL_SURFACE('',#4744,102.5);
#4003=CYLINDRICAL_SURFACE('',#4748,102.5);
#4004=CYLINDRICAL_SURFACE('',#4750,82.5);
#4005=CYLINDRICAL_SURFACE('',#4753,72.5);
#4006=CYLINDRICAL_SURFACE('',#4755,67.5);
#4007=CYLINDRICAL_SURFACE('',#4758,57.5);
#4008=CYLINDRICAL_SURFACE('',#4761,87.5);
#4009=CYLINDRICAL_SURFACE('',#4765,87.5);
#4010=CYLINDRICAL_SURFACE('',#4769,82.5);
#4011=CYLINDRICAL_SURFACE('',#4773,87.5);
#4012=CYLINDRICAL_SURFACE('',#4776,87.5);
#4013=CYLINDRICAL_SURFACE('',#4779,97.5);
#4014=CYLINDRICAL_SURFACE('',#4782,42.5);
#4015=CYLINDRICAL_SURFACE('',#4785,67.5);
#4016=CYLINDRICAL_SURFACE('',#4788,57.5);
#4017=CYLINDRICAL_SURFACE('',#4791,102.5);
#4018=CYLINDRICAL_SURFACE('',#4793,52.5);
#4019=CYLINDRICAL_SURFACE('',#4796,42.5);
#4020=CYLINDRICAL_SURFACE('',#4799,72.5);
#4021=CYLINDRICAL_SURFACE('',#4803,72.5);
#4022=CYLINDRICAL_SURFACE('',#4806,57.5);
#4023=CYLINDRICAL_SURFACE('',#4808,72.5);
#4024=CYLINDRICAL_SURFACE('',#4815,52.5);
#4025=CYLINDRICAL_SURFACE('',#4818,22.5);
#4026=CYLINDRICAL_SURFACE('',#4821,52.5);
#4027=CYLINDRICAL_SURFACE('',#4823,37.5);
#4028=CYLINDRICAL_SURFACE('',#4825,67.5);
#4029=CYLINDRICAL_SURFACE('',#4827,37.5);
#4030=CYLINDRICAL_SURFACE('',#4829,42.5);
#4031=CYLINDRICAL_SURFACE('',#4831,37.5);
#4032=CYLINDRICAL_SURFACE('',#4833,52.5);
#4033=CYLINDRICAL_SURFACE('',#4836,67.5);
#4034=CYLINDRICAL_SURFACE('',#4839,72.5);
#4035=CYLINDRICAL_SURFACE('',#4841,87.5);
#4036=CYLINDRICAL_SURFACE('',#4845,102.5);
#4037=CYLINDRICAL_SURFACE('',#4851,120.);
#4038=CYLINDRICAL_SURFACE('',#4857,97.5);
#4039=CYLINDRICAL_SURFACE('',#4859,97.5);
#4040=CYLINDRICAL_SURFACE('',#4861,72.5);
#4041=CYLINDRICAL_SURFACE('',#4863,97.5);
#4042=CYLINDRICAL_SURFACE('',#4866,52.5);
#4043=CYLINDRICAL_SURFACE('',#4871,82.5);
#4044=CYLINDRICAL_SURFACE('',#4873,82.5);
#4045=CYLINDRICAL_SURFACE('',#4875,57.5);
#4046=CYLINDRICAL_SURFACE('',#4886,1.5);
#4047=CYLINDRICAL_SURFACE('',#4887,1.5);
#4048=CYLINDRICAL_SURFACE('',#4888,1.5);
#4049=CYLINDRICAL_SURFACE('',#4889,1.5);
#4050=CYLINDRICAL_SURFACE('',#4890,1.5);
#4051=CYLINDRICAL_SURFACE('',#4891,1.5);
#4052=CYLINDRICAL_SURFACE('',#4892,1.5);
#4053=CYLINDRICAL_SURFACE('',#4893,1.5);
#4054=STYLED_ITEM('',(#7344),#4258);
#4055=STYLED_ITEM('',(#7344),#4259);
#4056=STYLED_ITEM('',(#7344),#4260);
#4057=STYLED_ITEM('',(#7344),#4261);
#4058=STYLED_ITEM('',(#7344),#4262);
#4059=STYLED_ITEM('',(#7344),#4263);
#4060=STYLED_ITEM('',(#7344),#4264);
#4061=STYLED_ITEM('',(#7344),#4265);
#4062=STYLED_ITEM('',(#7344),#4266);
#4063=STYLED_ITEM('',(#7344),#4267);
#4064=STYLED_ITEM('',(#7344),#4268);
#4065=STYLED_ITEM('',(#7344),#4269);
#4066=STYLED_ITEM('',(#7344),#4270);
#4067=STYLED_ITEM('',(#7344),#4271);
#4068=STYLED_ITEM('',(#7344),#4272);
#4069=STYLED_ITEM('',(#7344),#4273);
#4070=STYLED_ITEM('',(#7344),#4274);
#4071=STYLED_ITEM('',(#7344),#4275);
#4072=STYLED_ITEM('',(#7344),#4276);
#4073=STYLED_ITEM('',(#7344),#4277);
#4074=STYLED_ITEM('',(#7344),#4278);
#4075=STYLED_ITEM('',(#7344),#4279);
#4076=STYLED_ITEM('',(#7344),#4280);
#4077=STYLED_ITEM('',(#7344),#4281);
#4078=STYLED_ITEM('',(#7344),#4282);
#4079=STYLED_ITEM('',(#7344),#4283);
#4080=STYLED_ITEM('',(#7344),#4284);
#4081=STYLED_ITEM('',(#7344),#4285);
#4082=STYLED_ITEM('',(#7344),#4286);
#4083=STYLED_ITEM('',(#7344),#4287);
#4084=STYLED_ITEM('',(#7344),#4288);
#4085=STYLED_ITEM('',(#7344),#4289);
#4086=STYLED_ITEM('',(#7344),#4290);
#4087=STYLED_ITEM('',(#7344),#4291);
#4088=STYLED_ITEM('',(#7344),#4292);
#4089=STYLED_ITEM('',(#7344),#4293);
#4090=STYLED_ITEM('',(#7344),#4294);
#4091=STYLED_ITEM('',(#7344),#4295);
#4092=STYLED_ITEM('',(#7344),#4296);
#4093=STYLED_ITEM('',(#7344),#4297);
#4094=STYLED_ITEM('',(#7344),#4298);
#4095=STYLED_ITEM('',(#7344),#4299);
#4096=STYLED_ITEM('',(#7344),#4300);
#4097=STYLED_ITEM('',(#7344),#4301);
#4098=STYLED_ITEM('',(#7344),#4302);
#4099=STYLED_ITEM('',(#7344),#4303);
#4100=STYLED_ITEM('',(#7344),#4304);
#4101=STYLED_ITEM('',(#7344),#4305);
#4102=STYLED_ITEM('',(#7344),#4306);
#4103=STYLED_ITEM('',(#7344),#4307);
#4104=STYLED_ITEM('',(#7344),#4308);
#4105=STYLED_ITEM('',(#7344),#4309);
#4106=STYLED_ITEM('',(#7344),#4310);
#4107=STYLED_ITEM('',(#7344),#4311);
#4108=STYLED_ITEM('',(#7344),#4312);
#4109=STYLED_ITEM('',(#7344),#4313);
#4110=STYLED_ITEM('',(#7344),#4314);
#4111=STYLED_ITEM('',(#7344),#4315);
#4112=STYLED_ITEM('',(#7344),#4316);
#4113=STYLED_ITEM('',(#7344),#4317);
#4114=STYLED_ITEM('',(#7344),#4318);
#4115=STYLED_ITEM('',(#7344),#4319);
#4116=STYLED_ITEM('',(#7344),#4320);
#4117=STYLED_ITEM('',(#7344),#4321);
#4118=STYLED_ITEM('',(#7344),#4322);
#4119=STYLED_ITEM('',(#7344),#4323);
#4120=STYLED_ITEM('',(#7344),#4324);
#4121=STYLED_ITEM('',(#7344),#4325);
#4122=STYLED_ITEM('',(#7344),#4326);
#4123=STYLED_ITEM('',(#7344),#4327);
#4124=STYLED_ITEM('',(#7344),#4328);
#4125=STYLED_ITEM('',(#7344),#4329);
#4126=STYLED_ITEM('',(#7344),#4330);
#4127=STYLED_ITEM('',(#7344),#4331);
#4128=STYLED_ITEM('',(#7344),#4332);
#4129=STYLED_ITEM('',(#7344),#4333);
#4130=STYLED_ITEM('',(#7344),#4334);
#4131=STYLED_ITEM('',(#7344),#4335);
#4132=STYLED_ITEM('',(#7344),#4336);
#4133=STYLED_ITEM('',(#7344),#4337);
#4134=STYLED_ITEM('',(#7344),#4338);
#4135=STYLED_ITEM('',(#7344),#4339);
#4136=STYLED_ITEM('',(#7344),#4340);
#4137=STYLED_ITEM('',(#7344),#4341);
#4138=STYLED_ITEM('',(#7344),#4342);
#4139=STYLED_ITEM('',(#7344),#4343);
#4140=STYLED_ITEM('',(#7344),#4344);
#4141=STYLED_ITEM('',(#7344),#4345);
#4142=STYLED_ITEM('',(#7344),#4346);
#4143=STYLED_ITEM('',(#7344),#4347);
#4144=STYLED_ITEM('',(#7344),#4348);
#4145=STYLED_ITEM('',(#7344),#4349);
#4146=STYLED_ITEM('',(#7344),#4350);
#4147=STYLED_ITEM('',(#7344),#4351);
#4148=STYLED_ITEM('',(#7344),#4352);
#4149=STYLED_ITEM('',(#7344),#4353);
#4150=STYLED_ITEM('',(#7344),#4354);
#4151=STYLED_ITEM('',(#7344),#4355);
#4152=STYLED_ITEM('',(#7344),#4356);
#4153=STYLED_ITEM('',(#7344),#4357);
#4154=STYLED_ITEM('',(#7344),#4358);
#4155=STYLED_ITEM('',(#7344),#4359);
#4156=STYLED_ITEM('',(#7344),#4360);
#4157=STYLED_ITEM('',(#7344),#4361);
#4158=STYLED_ITEM('',(#7344),#4362);
#4159=STYLED_ITEM('',(#7344),#4363);
#4160=STYLED_ITEM('',(#7344),#4364);
#4161=STYLED_ITEM('',(#7344),#4365);
#4162=STYLED_ITEM('',(#7344),#4366);
#4163=STYLED_ITEM('',(#7344),#4367);
#4164=STYLED_ITEM('',(#7344),#4368);
#4165=STYLED_ITEM('',(#7344),#4369);
#4166=STYLED_ITEM('',(#7344),#4370);
#4167=STYLED_ITEM('',(#7344),#4371);
#4168=STYLED_ITEM('',(#7344),#4372);
#4169=STYLED_ITEM('',(#7344),#4373);
#4170=STYLED_ITEM('',(#7344),#4374);
#4171=STYLED_ITEM('',(#7344),#4375);
#4172=STYLED_ITEM('',(#7344),#4376);
#4173=STYLED_ITEM('',(#7344),#4377);
#4174=STYLED_ITEM('',(#7344),#4378);
#4175=STYLED_ITEM('',(#7344),#4379);
#4176=STYLED_ITEM('',(#7344),#4380);
#4177=STYLED_ITEM('',(#7344),#4381);
#4178=STYLED_ITEM('',(#7344),#4382);
#4179=STYLED_ITEM('',(#7344),#4383);
#4180=STYLED_ITEM('',(#7344),#4384);
#4181=STYLED_ITEM('',(#7344),#4385);
#4182=STYLED_ITEM('',(#7344),#4386);
#4183=STYLED_ITEM('',(#7344),#4387);
#4184=STYLED_ITEM('',(#7344),#4388);
#4185=STYLED_ITEM('',(#7344),#4389);
#4186=STYLED_ITEM('',(#7344),#4390);
#4187=STYLED_ITEM('',(#7344),#4391);
#4188=STYLED_ITEM('',(#7344),#4392);
#4189=STYLED_ITEM('',(#7344),#4393);
#4190=STYLED_ITEM('',(#7344),#4394);
#4191=STYLED_ITEM('',(#7344),#4395);
#4192=STYLED_ITEM('',(#7344),#4396);
#4193=STYLED_ITEM('',(#7344),#4397);
#4194=STYLED_ITEM('',(#7344),#4398);
#4195=STYLED_ITEM('',(#7344),#4399);
#4196=STYLED_ITEM('',(#7344),#4400);
#4197=STYLED_ITEM('',(#7344),#4401);
#4198=STYLED_ITEM('',(#7344),#4402);
#4199=STYLED_ITEM('',(#7344),#4403);
#4200=STYLED_ITEM('',(#7344),#4404);
#4201=STYLED_ITEM('',(#7344),#4405);
#4202=STYLED_ITEM('',(#7344),#4406);
#4203=STYLED_ITEM('',(#7344),#4407);
#4204=STYLED_ITEM('',(#7344),#4408);
#4205=STYLED_ITEM('',(#7344),#4409);
#4206=STYLED_ITEM('',(#7344),#4410);
#4207=STYLED_ITEM('',(#7344),#4411);
#4208=STYLED_ITEM('',(#7344),#4412);
#4209=STYLED_ITEM('',(#7344),#4413);
#4210=STYLED_ITEM('',(#7344),#4414);
#4211=STYLED_ITEM('',(#7344),#4415);
#4212=STYLED_ITEM('',(#7344),#4416);
#4213=STYLED_ITEM('',(#7344),#4417);
#4214=STYLED_ITEM('',(#7344),#4418);
#4215=STYLED_ITEM('',(#7344),#4419);
#4216=STYLED_ITEM('',(#7344),#4420);
#4217=STYLED_ITEM('',(#7344),#4421);
#4218=STYLED_ITEM('',(#7344),#4422);
#4219=STYLED_ITEM('',(#7344),#4423);
#4220=STYLED_ITEM('',(#7344),#4424);
#4221=STYLED_ITEM('',(#7344),#4425);
#4222=STYLED_ITEM('',(#7344),#4426);
#4223=STYLED_ITEM('',(#7344),#4427);
#4224=STYLED_ITEM('',(#7344),#4428);
#4225=STYLED_ITEM('',(#7344),#4429);
#4226=STYLED_ITEM('',(#7344),#4430);
#4227=STYLED_ITEM('',(#7344),#4431);
#4228=STYLED_ITEM('',(#7344),#4432);
#4229=STYLED_ITEM('',(#7344),#4433);
#4230=STYLED_ITEM('',(#7344),#4434);
#4231=STYLED_ITEM('',(#7344),#4435);
#4232=STYLED_ITEM('',(#7344),#4436);
#4233=STYLED_ITEM('',(#7344),#4437);
#4234=STYLED_ITEM('',(#7344),#4438);
#4235=STYLED_ITEM('',(#7344),#4439);
#4236=STYLED_ITEM('',(#7344),#4440);
#4237=STYLED_ITEM('',(#7344),#4441);
#4238=STYLED_ITEM('',(#7344),#4442);
#4239=STYLED_ITEM('',(#7344),#4443);
#4240=STYLED_ITEM('',(#7344),#4444);
#4241=STYLED_ITEM('',(#7344),#4445);
#4242=STYLED_ITEM('',(#7344),#4446);
#4243=STYLED_ITEM('',(#7344),#4447);
#4244=STYLED_ITEM('',(#7344),#4448);
#4245=STYLED_ITEM('',(#7344),#4449);
#4246=STYLED_ITEM('',(#7344),#4450);
#4247=STYLED_ITEM('',(#7344),#4451);
#4248=STYLED_ITEM('',(#7344),#4452);
#4249=STYLED_ITEM('',(#7344),#4453);
#4250=STYLED_ITEM('',(#7344),#4454);
#4251=STYLED_ITEM('',(#7344),#4455);
#4252=STYLED_ITEM('',(#7344),#4456);
#4253=STYLED_ITEM('',(#7344),#4457);
#4254=STYLED_ITEM('',(#7344),#4458);
#4255=STYLED_ITEM('',(#7344),#4459);
#4256=STYLED_ITEM('',(#7344),#4460);
#4257=STYLED_ITEM('',(#7343),#13);
#4258=ADVANCED_FACE('',(#224),#3949,.F.);
#4259=ADVANCED_FACE('',(#225),#3950,.F.);
#4260=ADVANCED_FACE('',(#226),#3951,.F.);
#4261=ADVANCED_FACE('',(#227),#3952,.F.);
#4262=ADVANCED_FACE('',(#228),#3953,.F.);
#4263=ADVANCED_FACE('',(#229),#3954,.F.);
#4264=ADVANCED_FACE('',(#230),#3955,.F.);
#4265=ADVANCED_FACE('',(#231,#14,#15,#16,#17,#18,#19,#20,#21,#22,#23,#24,
#25,#26,#27,#28,#29,#30,#31,#32,#33,#34,#35,#36,#37,#38,#39,#40,#41,#42,
#43,#44,#45,#46,#47,#48,#49,#50,#51,#52,#53,#54,#55,#56,#57,#58,#59,#60,
#61,#62,#63,#64,#65,#66,#67,#68,#69),#126,.T.);
#4266=ADVANCED_FACE('',(#232),#127,.F.);
#4267=ADVANCED_FACE('',(#233),#3956,.F.);
#4268=ADVANCED_FACE('',(#234),#128,.T.);
#4269=ADVANCED_FACE('',(#235),#129,.F.);
#4270=ADVANCED_FACE('',(#236),#3957,.F.);
#4271=ADVANCED_FACE('',(#237),#130,.T.);
#4272=ADVANCED_FACE('',(#238),#131,.F.);
#4273=ADVANCED_FACE('',(#239),#3958,.F.);
#4274=ADVANCED_FACE('',(#240),#132,.T.);
#4275=ADVANCED_FACE('',(#241),#3959,.T.);
#4276=ADVANCED_FACE('',(#242),#133,.F.);
#4277=ADVANCED_FACE('',(#243),#3960,.F.);
#4278=ADVANCED_FACE('',(#244),#3961,.T.);
#4279=ADVANCED_FACE('',(#245),#134,.F.);
#4280=ADVANCED_FACE('',(#246),#3962,.F.);
#4281=ADVANCED_FACE('',(#247),#3963,.T.);
#4282=ADVANCED_FACE('',(#248),#135,.F.);
#4283=ADVANCED_FACE('',(#249),#3964,.F.);
#4284=ADVANCED_FACE('',(#250),#3965,.T.);
#4285=ADVANCED_FACE('',(#251),#136,.F.);
#4286=ADVANCED_FACE('',(#252),#3966,.F.);
#4287=ADVANCED_FACE('',(#253),#3967,.T.);
#4288=ADVANCED_FACE('',(#254),#137,.F.);
#4289=ADVANCED_FACE('',(#255),#3968,.F.);
#4290=ADVANCED_FACE('',(#256),#138,.T.);
#4291=ADVANCED_FACE('',(#257),#3969,.T.);
#4292=ADVANCED_FACE('',(#258),#139,.F.);
#4293=ADVANCED_FACE('',(#259),#3970,.F.);
#4294=ADVANCED_FACE('',(#260),#140,.T.);
#4295=ADVANCED_FACE('',(#261),#3971,.T.);
#4296=ADVANCED_FACE('',(#262),#141,.F.);
#4297=ADVANCED_FACE('',(#263),#3972,.F.);
#4298=ADVANCED_FACE('',(#264),#142,.T.);
#4299=ADVANCED_FACE('',(#265),#3973,.F.);
#4300=ADVANCED_FACE('',(#266),#143,.T.);
#4301=ADVANCED_FACE('',(#267),#3974,.T.);
#4302=ADVANCED_FACE('',(#268),#144,.T.);
#4303=ADVANCED_FACE('',(#269),#3975,.T.);
#4304=ADVANCED_FACE('',(#270),#145,.F.);
#4305=ADVANCED_FACE('',(#271),#146,.T.);
#4306=ADVANCED_FACE('',(#272),#3976,.T.);
#4307=ADVANCED_FACE('',(#273),#147,.F.);
#4308=ADVANCED_FACE('',(#274),#148,.T.);
#4309=ADVANCED_FACE('',(#275),#3977,.T.);
#4310=ADVANCED_FACE('',(#276),#149,.F.);
#4311=ADVANCED_FACE('',(#277),#150,.T.);
#4312=ADVANCED_FACE('',(#278),#3978,.T.);
#4313=ADVANCED_FACE('',(#279),#151,.F.);
#4314=ADVANCED_FACE('',(#280),#152,.F.);
#4315=ADVANCED_FACE('',(#281),#3979,.F.);
#4316=ADVANCED_FACE('',(#282),#153,.T.);
#4317=ADVANCED_FACE('',(#283),#154,.T.);
#4318=ADVANCED_FACE('',(#284),#3980,.T.);
#4319=ADVANCED_FACE('',(#285),#155,.F.);
#4320=ADVANCED_FACE('',(#286),#156,.T.);
#4321=ADVANCED_FACE('',(#287),#3981,.T.);
#4322=ADVANCED_FACE('',(#288),#157,.F.);
#4323=ADVANCED_FACE('',(#289),#3982,.F.);
#4324=ADVANCED_FACE('',(#290),#158,.T.);
#4325=ADVANCED_FACE('',(#291),#3983,.T.);
#4326=ADVANCED_FACE('',(#292),#159,.T.);
#4327=ADVANCED_FACE('',(#293),#3984,.T.);
#4328=ADVANCED_FACE('',(#294),#160,.F.);
#4329=ADVANCED_FACE('',(#295),#3985,.F.);
#4330=ADVANCED_FACE('',(#296),#161,.T.);
#4331=ADVANCED_FACE('',(#297),#3986,.T.);
#4332=ADVANCED_FACE('',(#298),#162,.F.);
#4333=ADVANCED_FACE('',(#299),#3987,.F.);
#4334=ADVANCED_FACE('',(#300),#163,.T.);
#4335=ADVANCED_FACE('',(#301),#164,.F.);
#4336=ADVANCED_FACE('',(#302),#3988,.F.);
#4337=ADVANCED_FACE('',(#303),#165,.T.);
#4338=ADVANCED_FACE('',(#304),#3989,.F.);
#4339=ADVANCED_FACE('',(#305),#166,.T.);
#4340=ADVANCED_FACE('',(#306),#3990,.T.);
#4341=ADVANCED_FACE('',(#307),#3991,.F.);
#4342=ADVANCED_FACE('',(#308),#167,.T.);
#4343=ADVANCED_FACE('',(#309),#3992,.T.);
#4344=ADVANCED_FACE('',(#310),#168,.F.);
#4345=ADVANCED_FACE('',(#311),#3993,.F.);
#4346=ADVANCED_FACE('',(#312),#169,.T.);
#4347=ADVANCED_FACE('',(#313),#170,.T.);
#4348=ADVANCED_FACE('',(#314),#3994,.T.);
#4349=ADVANCED_FACE('',(#315),#3995,.F.);
#4350=ADVANCED_FACE('',(#316),#171,.T.);
#4351=ADVANCED_FACE('',(#317),#3996,.T.);
#4352=ADVANCED_FACE('',(#318),#3997,.T.);
#4353=ADVANCED_FACE('',(#319),#172,.F.);
#4354=ADVANCED_FACE('',(#320),#173,.T.);
#4355=ADVANCED_FACE('',(#321),#3998,.T.);
#4356=ADVANCED_FACE('',(#322),#174,.F.);
#4357=ADVANCED_FACE('',(#323),#175,.T.);
#4358=ADVANCED_FACE('',(#324),#3999,.T.);
#4359=ADVANCED_FACE('',(#325),#4000,.F.);
#4360=ADVANCED_FACE('',(#326),#176,.T.);
#4361=ADVANCED_FACE('',(#327),#4001,.T.);
#4362=ADVANCED_FACE('',(#328),#177,.T.);
#4363=ADVANCED_FACE('',(#329),#4002,.T.);
#4364=ADVANCED_FACE('',(#330),#178,.F.);
#4365=ADVANCED_FACE('',(#331),#179,.T.);
#4366=ADVANCED_FACE('',(#332),#4003,.T.);
#4367=ADVANCED_FACE('',(#333),#4004,.F.);
#4368=ADVANCED_FACE('',(#334),#180,.T.);
#4369=ADVANCED_FACE('',(#335),#4005,.T.);
#4370=ADVANCED_FACE('',(#336),#4006,.F.);
#4371=ADVANCED_FACE('',(#337),#181,.T.);
#4372=ADVANCED_FACE('',(#338),#4007,.T.);
#4373=ADVANCED_FACE('',(#339),#182,.T.);
#4374=ADVANCED_FACE('',(#340),#4008,.T.);
#4375=ADVANCED_FACE('',(#341),#183,.F.);
#4376=ADVANCED_FACE('',(#342),#184,.T.);
#4377=ADVANCED_FACE('',(#343),#4009,.T.);
#4378=ADVANCED_FACE('',(#344),#185,.F.);
#4379=ADVANCED_FACE('',(#345),#186,.F.);
#4380=ADVANCED_FACE('',(#346),#4010,.F.);
#4381=ADVANCED_FACE('',(#347),#187,.T.);
#4382=ADVANCED_FACE('',(#348),#188,.T.);
#4383=ADVANCED_FACE('',(#349),#4011,.T.);
#4384=ADVANCED_FACE('',(#350),#189,.F.);
#4385=ADVANCED_FACE('',(#351),#4012,.T.);
#4386=ADVANCED_FACE('',(#352),#190,.F.);
#4387=ADVANCED_FACE('',(#353),#4013,.F.);
#4388=ADVANCED_FACE('',(#354),#191,.T.);
#4389=ADVANCED_FACE('',(#355),#4014,.T.);
#4390=ADVANCED_FACE('',(#356),#192,.F.);
#4391=ADVANCED_FACE('',(#357),#4015,.F.);
#4392=ADVANCED_FACE('',(#358),#193,.T.);
#4393=ADVANCED_FACE('',(#359),#4016,.T.);
#4394=ADVANCED_FACE('',(#360),#194,.T.);
#4395=ADVANCED_FACE('',(#361),#4017,.T.);
#4396=ADVANCED_FACE('',(#362),#4018,.F.);
#4397=ADVANCED_FACE('',(#363),#195,.T.);
#4398=ADVANCED_FACE('',(#364),#4019,.T.);
#4399=ADVANCED_FACE('',(#365),#196,.T.);
#4400=ADVANCED_FACE('',(#366),#4020,.T.);
#4401=ADVANCED_FACE('',(#367),#197,.F.);
#4402=ADVANCED_FACE('',(#368),#198,.T.);
#4403=ADVANCED_FACE('',(#369),#4021,.T.);
#4404=ADVANCED_FACE('',(#370),#199,.F.);
#4405=ADVANCED_FACE('',(#371),#4022,.T.);
#4406=ADVANCED_FACE('',(#372),#4023,.T.);
#4407=ADVANCED_FACE('',(#373),#200,.T.);
#4408=ADVANCED_FACE('',(#374),#201,.T.);
#4409=ADVANCED_FACE('',(#375),#202,.T.);
#4410=ADVANCED_FACE('',(#376),#203,.T.);
#4411=ADVANCED_FACE('',(#377),#204,.T.);
#4412=ADVANCED_FACE('',(#378),#4024,.F.);
#4413=ADVANCED_FACE('',(#379),#205,.F.);
#4414=ADVANCED_FACE('',(#380),#4025,.T.);
#4415=ADVANCED_FACE('',(#381),#206,.F.);
#4416=ADVANCED_FACE('',(#382),#4026,.F.);
#4417=ADVANCED_FACE('',(#383),#4027,.F.);
#4418=ADVANCED_FACE('',(#384),#4028,.F.);
#4419=ADVANCED_FACE('',(#385),#4029,.F.);
#4420=ADVANCED_FACE('',(#386),#4030,.T.);
#4421=ADVANCED_FACE('',(#387),#4031,.F.);
#4422=ADVANCED_FACE('',(#388),#4032,.F.);
#4423=ADVANCED_FACE('',(#389),#207,.F.);
#4424=ADVANCED_FACE('',(#390),#4033,.F.);
#4425=ADVANCED_FACE('',(#391),#208,.F.);
#4426=ADVANCED_FACE('',(#392),#4034,.T.);
#4427=ADVANCED_FACE('',(#393),#4035,.T.);
#4428=ADVANCED_FACE('',(#394),#209,.F.);
#4429=ADVANCED_FACE('',(#395),#210,.F.);
#4430=ADVANCED_FACE('',(#396),#4036,.T.);
#4431=ADVANCED_FACE('',(#397),#211,.F.);
#4432=ADVANCED_FACE('',(#398),#212,.F.);
#4433=ADVANCED_FACE('',(#399),#213,.T.);
#4434=ADVANCED_FACE('',(#400),#214,.F.);
#4435=ADVANCED_FACE('',(#401),#4037,.T.);
#4436=ADVANCED_FACE('',(#402),#215,.F.);
#4437=ADVANCED_FACE('',(#403),#216,.F.);
#4438=ADVANCED_FACE('',(#404),#217,.F.);
#4439=ADVANCED_FACE('',(#405),#218,.F.);
#4440=ADVANCED_FACE('',(#406),#4038,.F.);
#4441=ADVANCED_FACE('',(#407),#4039,.F.);
#4442=ADVANCED_FACE('',(#408),#4040,.T.);
#4443=ADVANCED_FACE('',(#409),#4041,.F.);
#4444=ADVANCED_FACE('',(#410),#219,.T.);
#4445=ADVANCED_FACE('',(#411),#4042,.F.);
#4446=ADVANCED_FACE('',(#412),#220,.F.);
#4447=ADVANCED_FACE('',(#413),#221,.F.);
#4448=ADVANCED_FACE('',(#414),#222,.F.);
#4449=ADVANCED_FACE('',(#415),#4043,.F.);
#4450=ADVANCED_FACE('',(#416),#4044,.F.);
#4451=ADVANCED_FACE('',(#417),#4045,.T.);
#4452=ADVANCED_FACE('',(#418,#70,#71,#72,#73,#74,#75,#76,#77,#78,#79,#80,
#81,#82,#83,#84,#85,#86,#87,#88,#89,#90,#91,#92,#93,#94,#95,#96,#97,#98,
#99,#100,#101,#102,#103,#104,#105,#106,#107,#108,#109,#110,#111,#112,#113,
#114,#115,#116,#117,#118,#119,#120,#121,#122,#123,#124,#125),#223,.F.);
#4453=ADVANCED_FACE('',(#419),#4046,.F.);
#4454=ADVANCED_FACE('',(#420),#4047,.F.);
#4455=ADVANCED_FACE('',(#421),#4048,.F.);
#4456=ADVANCED_FACE('',(#422),#4049,.F.);
#4457=ADVANCED_FACE('',(#423),#4050,.F.);
#4458=ADVANCED_FACE('',(#424),#4051,.F.);
#4459=ADVANCED_FACE('',(#425),#4052,.F.);
#4460=ADVANCED_FACE('',(#426),#4053,.F.);
#4461=CLOSED_SHELL('',(#4258,#4259,#4260,#4261,#4262,#4263,#4264,#4265,
#4266,#4267,#4268,#4269,#4270,#4271,#4272,#4273,#4274,#4275,#4276,#4277,
#4278,#4279,#4280,#4281,#4282,#4283,#4284,#4285,#4286,#4287,#4288,#4289,
#4290,#4291,#4292,#4293,#4294,#4295,#4296,#4297,#4298,#4299,#4300,#4301,
#4302,#4303,#4304,#4305,#4306,#4307,#4308,#4309,#4310,#4311,#4312,#4313,
#4314,#4315,#4316,#4317,#4318,#4319,#4320,#4321,#4322,#4323,#4324,#4325,
#4326,#4327,#4328,#4329,#4330,#4331,#4332,#4333,#4334,#4335,#4336,#4337,
#4338,#4339,#4340,#4341,#4342,#4343,#4344,#4345,#4346,#4347,#4348,#4349,
#4350,#4351,#4352,#4353,#4354,#4355,#4356,#4357,#4358,#4359,#4360,#4361,
#4362,#4363,#4364,#4365,#4366,#4367,#4368,#4369,#4370,#4371,#4372,#4373,
#4374,#4375,#4376,#4377,#4378,#4379,#4380,#4381,#4382,#4383,#4384,#4385,
#4386,#4387,#4388,#4389,#4390,#4391,#4392,#4393,#4394,#4395,#4396,#4397,
#4398,#4399,#4400,#4401,#4402,#4403,#4404,#4405,#4406,#4407,#4408,#4409,
#4410,#4411,#4412,#4413,#4414,#4415,#4416,#4417,#4418,#4419,#4420,#4421,
#4422,#4423,#4424,#4425,#4426,#4427,#4428,#4429,#4430,#4431,#4432,#4433,
#4434,#4435,#4436,#4437,#4438,#4439,#4440,#4441,#4442,#4443,#4444,#4445,
#4446,#4447,#4448,#4449,#4450,#4451,#4452,#4453,#4454,#4455,#4456,#4457,
#4458,#4459,#4460));
#4462=DERIVED_UNIT_ELEMENT(#4464,1.);
#4463=DERIVED_UNIT_ELEMENT(#7329,3.);
#4464=(
MASS_UNIT()
NAMED_UNIT(*)
SI_UNIT($,.GRAM.)
);
#4465=DERIVED_UNIT((#4462,#4463));
#4466=MEASURE_REPRESENTATION_ITEM('density measure',
POSITIVE_RATIO_MEASURE(1.188),#4465);
#4467=PROPERTY_DEFINITION_REPRESENTATION(#4472,#4469);
#4468=PROPERTY_DEFINITION_REPRESENTATION(#4473,#4470);
#4469=REPRESENTATION('material name',(#4471),#7326);
#4470=REPRESENTATION('density',(#4466),#7326);
#4471=DESCRIPTIVE_REPRESENTATION_ITEM('PMMA Plastic','PMMA Plastic');
#4472=PROPERTY_DEFINITION('material property','material name',#7336);
#4473=PROPERTY_DEFINITION('material property','density of part',#7336);
#4474=DATE_TIME_ROLE('creation_date');
#4475=APPLIED_DATE_AND_TIME_ASSIGNMENT(#4476,#4474,(#7336));
#4476=DATE_AND_TIME(#4477,#4478);
#4477=CALENDAR_DATE(2023,20,10);
#4478=LOCAL_TIME(0,0,0.,#4479);
#4479=COORDINATED_UNIVERSAL_TIME_OFFSET(0,0,.BEHIND.);
#4480=AXIS2_PLACEMENT_3D('placement',#6115,#4894,#4895);
#4481=AXIS2_PLACEMENT_3D('',#6116,#4896,#4897);
#4482=AXIS2_PLACEMENT_3D('',#6119,#4898,#4899);
#4483=AXIS2_PLACEMENT_3D('',#6123,#4901,#4902);
#4484=AXIS2_PLACEMENT_3D('',#6125,#4904,#4905);
#4485=AXIS2_PLACEMENT_3D('',#6128,#4906,#4907);
#4486=AXIS2_PLACEMENT_3D('',#6132,#4909,#4910);
#4487=AXIS2_PLACEMENT_3D('',#6134,#4912,#4913);
#4488=AXIS2_PLACEMENT_3D('',#6137,#4914,#4915);
#4489=AXIS2_PLACEMENT_3D('',#6141,#4917,#4918);
#4490=AXIS2_PLACEMENT_3D('',#6143,#4920,#4921);
#4491=AXIS2_PLACEMENT_3D('',#6146,#4922,#4923);
#4492=AXIS2_PLACEMENT_3D('',#6150,#4925,#4926);
#4493=AXIS2_PLACEMENT_3D('',#6152,#4928,#4929);
#4494=AXIS2_PLACEMENT_3D('',#6155,#4930,#4931);
#4495=AXIS2_PLACEMENT_3D('',#6159,#4933,#4934);
#4496=AXIS2_PLACEMENT_3D('',#6161,#4936,#4937);
#4497=AXIS2_PLACEMENT_3D('',#6164,#4938,#4939);
#4498=AXIS2_PLACEMENT_3D('',#6168,#4941,#4942);
#4499=AXIS2_PLACEMENT_3D('',#6170,#4944,#4945);
#4500=AXIS2_PLACEMENT_3D('',#6173,#4946,#4947);
#4501=AXIS2_PLACEMENT_3D('',#6177,#4949,#4950);
#4502=AXIS2_PLACEMENT_3D('',#6179,#4952,#4953);
#4503=AXIS2_PLACEMENT_3D('',#6181,#4954,#4955);
#4504=AXIS2_PLACEMENT_3D('',#6183,#4956,#4957);
#4505=AXIS2_PLACEMENT_3D('',#6185,#4958,#4959);
#4506=AXIS2_PLACEMENT_3D('',#6187,#4960,#4961);
#4507=AXIS2_PLACEMENT_3D('',#6189,#4962,#4963);
#4508=AXIS2_PLACEMENT_3D('',#6192,#4964,#4965);
#4509=AXIS2_PLACEMENT_3D('',#6196,#4967,#4968);
#4510=AXIS2_PLACEMENT_3D('',#6201,#4971,#4972);
#4511=AXIS2_PLACEMENT_3D('',#6206,#4975,#4976);
#4512=AXIS2_PLACEMENT_3D('',#6211,#4979,#4980);
#4513=AXIS2_PLACEMENT_3D('',#6216,#4983,#4984);
#4514=AXIS2_PLACEMENT_3D('',#6221,#4987,#4988);
#4515=AXIS2_PLACEMENT_3D('',#6226,#4991,#4992);
#4516=AXIS2_PLACEMENT_3D('',#6232,#4995,#4996);
#4517=AXIS2_PLACEMENT_3D('',#6235,#4998,#4999);
#4518=AXIS2_PLACEMENT_3D('',#6240,#5001,#5002);
#4519=AXIS2_PLACEMENT_3D('',#6243,#5004,#5005);
#4520=AXIS2_PLACEMENT_3D('',#6248,#5007,#5008);
#4521=AXIS2_PLACEMENT_3D('',#6251,#5010,#5011);
#4522=AXIS2_PLACEMENT_3D('',#6254,#5012,#5013);
#4523=AXIS2_PLACEMENT_3D('',#6258,#5015,#5016);
#4524=AXIS2_PLACEMENT_3D('',#6262,#5018,#5019);
#4525=AXIS2_PLACEMENT_3D('',#6266,#5021,#5022);
#4526=AXIS2_PLACEMENT_3D('',#6270,#5024,#5025);
#4527=AXIS2_PLACEMENT_3D('',#6274,#5027,#5028);
#4528=AXIS2_PLACEMENT_3D('',#6278,#5030,#5031);
#4529=AXIS2_PLACEMENT_3D('',#6282,#5033,#5034);
#4530=AXIS2_PLACEMENT_3D('',#6286,#5036,#5037);
#4531=AXIS2_PLACEMENT_3D('',#6290,#5039,#5040);
#4532=AXIS2_PLACEMENT_3D('',#6296,#5043,#5044);
#4533=AXIS2_PLACEMENT_3D('',#6299,#5046,#5047);
#4534=AXIS2_PLACEMENT_3D('',#6302,#5048,#5049);
#4535=AXIS2_PLACEMENT_3D('',#6306,#5051,#5052);
#4536=AXIS2_PLACEMENT_3D('',#6312,#5055,#5056);
#4537=AXIS2_PLACEMENT_3D('',#6315,#5058,#5059);
#4538=AXIS2_PLACEMENT_3D('',#6318,#5060,#5061);
#4539=AXIS2_PLACEMENT_3D('',#6322,#5063,#5064);
#4540=AXIS2_PLACEMENT_3D('',#6328,#5067,#5068);
#4541=AXIS2_PLACEMENT_3D('',#6331,#5070,#5071);
#4542=AXIS2_PLACEMENT_3D('',#6336,#5073,#5074);
#4543=AXIS2_PLACEMENT_3D('',#6339,#5076,#5077);
#4544=AXIS2_PLACEMENT_3D('',#6344,#5079,#5080);
#4545=AXIS2_PLACEMENT_3D('',#6347,#5082,#5083);
#4546=AXIS2_PLACEMENT_3D('',#6352,#5085,#5086);
#4547=AXIS2_PLACEMENT_3D('',#6355,#5088,#5089);
#4548=AXIS2_PLACEMENT_3D('',#6360,#5091,#5092);
#4549=AXIS2_PLACEMENT_3D('',#6363,#5094,#5095);
#4550=AXIS2_PLACEMENT_3D('',#6368,#5097,#5098);
#4551=AXIS2_PLACEMENT_3D('',#6371,#5100,#5101);
#4552=AXIS2_PLACEMENT_3D('',#6376,#5103,#5104);
#4553=AXIS2_PLACEMENT_3D('',#6379,#5106,#5107);
#4554=AXIS2_PLACEMENT_3D('',#6382,#5108,#5109);
#4555=AXIS2_PLACEMENT_3D('',#6386,#5111,#5112);
#4556=AXIS2_PLACEMENT_3D('',#6392,#5115,#5116);
#4557=AXIS2_PLACEMENT_3D('',#6395,#5118,#5119);
#4558=AXIS2_PLACEMENT_3D('',#6398,#5120,#5121);
#4559=AXIS2_PLACEMENT_3D('',#6402,#5123,#5124);
#4560=AXIS2_PLACEMENT_3D('',#6408,#5127,#5128);
#4561=AXIS2_PLACEMENT_3D('',#6411,#5130,#5131);
#4562=AXIS2_PLACEMENT_3D('',#6416,#5133,#5134);
#4563=AXIS2_PLACEMENT_3D('',#6419,#5136,#5137);
#4564=AXIS2_PLACEMENT_3D('',#6422,#5138,#5139);
#4565=AXIS2_PLACEMENT_3D('',#6426,#5141,#5142);
#4566=AXIS2_PLACEMENT_3D('',#6430,#5144,#5145);
#4567=AXIS2_PLACEMENT_3D('',#6434,#5147,#5148);
#4568=AXIS2_PLACEMENT_3D('',#6438,#5150,#5151);
#4569=AXIS2_PLACEMENT_3D('',#6442,#5153,#5154);
#4570=AXIS2_PLACEMENT_3D('',#6446,#5156,#5157);
#4571=AXIS2_PLACEMENT_3D('',#6450,#5159,#5160);
#4572=AXIS2_PLACEMENT_3D('',#6454,#5162,#5163);
#4573=AXIS2_PLACEMENT_3D('',#6458,#5165,#5166);
#4574=AXIS2_PLACEMENT_3D('',#6462,#5168,#5169);
#4575=AXIS2_PLACEMENT_3D('',#6466,#5171,#5172);
#4576=AXIS2_PLACEMENT_3D('',#6472,#5175,#5176);
#4577=AXIS2_PLACEMENT_3D('',#6475,#5178,#5179);
#4578=AXIS2_PLACEMENT_3D('',#6480,#5181,#5182);
#4579=AXIS2_PLACEMENT_3D('',#6483,#5184,#5185);
#4580=AXIS2_PLACEMENT_3D('',#6488,#5187,#5188);
#4581=AXIS2_PLACEMENT_3D('',#6491,#5190,#5191);
#4582=AXIS2_PLACEMENT_3D('',#6496,#5193,#5194);
#4583=AXIS2_PLACEMENT_3D('',#6499,#5196,#5197);
#4584=AXIS2_PLACEMENT_3D('',#6502,#5198,#5199);
#4585=AXIS2_PLACEMENT_3D('',#6506,#5201,#5202);
#4586=AXIS2_PLACEMENT_3D('',#6512,#5205,#5206);
#4587=AXIS2_PLACEMENT_3D('',#6515,#5208,#5209);
#4588=AXIS2_PLACEMENT_3D('',#6518,#5210,#5211);
#4589=AXIS2_PLACEMENT_3D('',#6522,#5213,#5214);
#4590=AXIS2_PLACEMENT_3D('',#6526,#5216,#5217);
#4591=AXIS2_PLACEMENT_3D('',#6530,#5219,#5220);
#4592=AXIS2_PLACEMENT_3D('',#6536,#5223,#5224);
#4593=AXIS2_PLACEMENT_3D('',#6539,#5226,#5227);
#4594=AXIS2_PLACEMENT_3D('',#6544,#5229,#5230);
#4595=AXIS2_PLACEMENT_3D('',#6547,#5232,#5233);
#4596=AXIS2_PLACEMENT_3D('',#6552,#5236,#5237);
#4597=AXIS2_PLACEMENT_3D('',#6554,#5238,#5239);
#4598=AXIS2_PLACEMENT_3D('',#6556,#5240,#5241);
#4599=AXIS2_PLACEMENT_3D('',#6558,#5242,#5243);
#4600=AXIS2_PLACEMENT_3D('',#6560,#5244,#5245);
#4601=AXIS2_PLACEMENT_3D('',#6561,#5246,#5247);
#4602=AXIS2_PLACEMENT_3D('',#6567,#5251,#5252);
#4603=AXIS2_PLACEMENT_3D('',#6569,#5253,#5254);
#4604=AXIS2_PLACEMENT_3D('',#6571,#5256,#5257);
#4605=AXIS2_PLACEMENT_3D('',#6575,#5260,#5261);
#4606=AXIS2_PLACEMENT_3D('',#6581,#5265,#5266);
#4607=AXIS2_PLACEMENT_3D('',#6583,#5267,#5268);
#4608=AXIS2_PLACEMENT_3D('',#6585,#5270,#5271);
#4609=AXIS2_PLACEMENT_3D('',#6589,#5274,#5275);
#4610=AXIS2_PLACEMENT_3D('',#6595,#5279,#5280);
#4611=AXIS2_PLACEMENT_3D('',#6597,#5281,#5282);
#4612=AXIS2_PLACEMENT_3D('',#6599,#5284,#5285);
#4613=AXIS2_PLACEMENT_3D('',#6603,#5288,#5289);
#4614=AXIS2_PLACEMENT_3D('',#6606,#5290,#5291);
#4615=AXIS2_PLACEMENT_3D('',#6609,#5294,#5295);
#4616=AXIS2_PLACEMENT_3D('',#6613,#5298,#5299);
#4617=AXIS2_PLACEMENT_3D('',#6615,#5300,#5301);
#4618=AXIS2_PLACEMENT_3D('',#6617,#5303,#5304);
#4619=AXIS2_PLACEMENT_3D('',#6620,#5305,#5306);
#4620=AXIS2_PLACEMENT_3D('',#6623,#5309,#5310);
#4621=AXIS2_PLACEMENT_3D('',#6627,#5313,#5314);
#4622=AXIS2_PLACEMENT_3D('',#6629,#5315,#5316);
#4623=AXIS2_PLACEMENT_3D('',#6631,#5318,#5319);
#4624=AXIS2_PLACEMENT_3D('',#6634,#5320,#5321);
#4625=AXIS2_PLACEMENT_3D('',#6637,#5324,#5325);
#4626=AXIS2_PLACEMENT_3D('',#6641,#5328,#5329);
#4627=AXIS2_PLACEMENT_3D('',#6643,#5330,#5331);
#4628=AXIS2_PLACEMENT_3D('',#6645,#5333,#5334);
#4629=AXIS2_PLACEMENT_3D('',#6648,#5335,#5336);
#4630=AXIS2_PLACEMENT_3D('',#6651,#5339,#5340);
#4631=AXIS2_PLACEMENT_3D('',#6655,#5343,#5344);
#4632=AXIS2_PLACEMENT_3D('',#6657,#5345,#5346);
#4633=AXIS2_PLACEMENT_3D('',#6659,#5348,#5349);
#4634=AXIS2_PLACEMENT_3D('',#6662,#5350,#5351);
#4635=AXIS2_PLACEMENT_3D('',#6665,#5354,#5355);
#4636=AXIS2_PLACEMENT_3D('',#6669,#5358,#5359);
#4637=AXIS2_PLACEMENT_3D('',#6671,#5360,#5361);
#4638=AXIS2_PLACEMENT_3D('',#6673,#5363,#5364);
#4639=AXIS2_PLACEMENT_3D('',#6679,#5368,#5369);
#4640=AXIS2_PLACEMENT_3D('',#6681,#5370,#5371);
#4641=AXIS2_PLACEMENT_3D('',#6683,#5373,#5374);
#4642=AXIS2_PLACEMENT_3D('',#6687,#5377,#5378);
#4643=AXIS2_PLACEMENT_3D('',#6690,#5379,#5380);
#4644=AXIS2_PLACEMENT_3D('',#6693,#5383,#5384);
#4645=AXIS2_PLACEMENT_3D('',#6697,#5387,#5388);
#4646=AXIS2_PLACEMENT_3D('',#6699,#5389,#5390);
#4647=AXIS2_PLACEMENT_3D('',#6701,#5392,#5393);
#4648=AXIS2_PLACEMENT_3D('',#6707,#5397,#5398);
#4649=AXIS2_PLACEMENT_3D('',#6709,#5399,#5400);
#4650=AXIS2_PLACEMENT_3D('',#6711,#5402,#5403);
#4651=AXIS2_PLACEMENT_3D('',#6715,#5406,#5407);
#4652=AXIS2_PLACEMENT_3D('',#6718,#5408,#5409);
#4653=AXIS2_PLACEMENT_3D('',#6721,#5412,#5413);
#4654=AXIS2_PLACEMENT_3D('',#6725,#5416,#5417);
#4655=AXIS2_PLACEMENT_3D('',#6727,#5418,#5419);
#4656=AXIS2_PLACEMENT_3D('',#6729,#5421,#5422);
#4657=AXIS2_PLACEMENT_3D('',#6735,#5426,#5427);
#4658=AXIS2_PLACEMENT_3D('',#6737,#5428,#5429);
#4659=AXIS2_PLACEMENT_3D('',#6739,#5431,#5432);
#4660=AXIS2_PLACEMENT_3D('',#6743,#5435,#5436);
#4661=AXIS2_PLACEMENT_3D('',#6749,#5440,#5441);
#4662=AXIS2_PLACEMENT_3D('',#6751,#5442,#5443);
#4663=AXIS2_PLACEMENT_3D('',#6753,#5445,#5446);
#4664=AXIS2_PLACEMENT_3D('',#6757,#5449,#5450);
#4665=AXIS2_PLACEMENT_3D('',#6763,#5454,#5455);
#4666=AXIS2_PLACEMENT_3D('',#6765,#5456,#5457);
#4667=AXIS2_PLACEMENT_3D('',#6767,#5459,#5460);
#4668=AXIS2_PLACEMENT_3D('',#6771,#5463,#5464);
#4669=AXIS2_PLACEMENT_3D('',#6777,#5468,#5469);
#4670=AXIS2_PLACEMENT_3D('',#6779,#5470,#5471);
#4671=AXIS2_PLACEMENT_3D('',#6781,#5473,#5474);
#4672=AXIS2_PLACEMENT_3D('',#6785,#5477,#5478);
#4673=AXIS2_PLACEMENT_3D('',#6791,#5482,#5483);
#4674=AXIS2_PLACEMENT_3D('',#6793,#5484,#5485);
#4675=AXIS2_PLACEMENT_3D('',#6795,#5487,#5488);
#4676=AXIS2_PLACEMENT_3D('',#6799,#5491,#5492);
#4677=AXIS2_PLACEMENT_3D('',#6805,#5496,#5497);
#4678=AXIS2_PLACEMENT_3D('',#6807,#5498,#5499);
#4679=AXIS2_PLACEMENT_3D('',#6809,#5501,#5502);
#4680=AXIS2_PLACEMENT_3D('',#6813,#5505,#5506);
#4681=AXIS2_PLACEMENT_3D('',#6819,#5510,#5511);
#4682=AXIS2_PLACEMENT_3D('',#6821,#5512,#5513);
#4683=AXIS2_PLACEMENT_3D('',#6823,#5515,#5516);
#4684=AXIS2_PLACEMENT_3D('',#6827,#5519,#5520);
#4685=AXIS2_PLACEMENT_3D('',#6830,#5521,#5522);
#4686=AXIS2_PLACEMENT_3D('',#6833,#5525,#5526);
#4687=AXIS2_PLACEMENT_3D('',#6837,#5529,#5530);
#4688=AXIS2_PLACEMENT_3D('',#6839,#5531,#5532);
#4689=AXIS2_PLACEMENT_3D('',#6841,#5534,#5535);
#4690=AXIS2_PLACEMENT_3D('',#6847,#5539,#5540);
#4691=AXIS2_PLACEMENT_3D('',#6849,#5541,#5542);
#4692=AXIS2_PLACEMENT_3D('',#6851,#5544,#5545);
#4693=AXIS2_PLACEMENT_3D('',#6855,#5548,#5549);
#4694=AXIS2_PLACEMENT_3D('',#6858,#5550,#5551);
#4695=AXIS2_PLACEMENT_3D('',#6861,#5554,#5555);
#4696=AXIS2_PLACEMENT_3D('',#6865,#5558,#5559);
#4697=AXIS2_PLACEMENT_3D('',#6867,#5560,#5561);
#4698=AXIS2_PLACEMENT_3D('',#6869,#5563,#5564);
#4699=AXIS2_PLACEMENT_3D('',#6875,#5568,#5569);
#4700=AXIS2_PLACEMENT_3D('',#6877,#5570,#5571);
#4701=AXIS2_PLACEMENT_3D('',#6879,#5573,#5574);
#4702=AXIS2_PLACEMENT_3D('',#6883,#5577,#5578);
#4703=AXIS2_PLACEMENT_3D('',#6889,#5582,#5583);
#4704=AXIS2_PLACEMENT_3D('',#6891,#5584,#5585);
#4705=AXIS2_PLACEMENT_3D('',#6893,#5587,#5588);
#4706=AXIS2_PLACEMENT_3D('',#6897,#5591,#5592);
#4707=AXIS2_PLACEMENT_3D('',#6900,#5593,#5594);
#4708=AXIS2_PLACEMENT_3D('',#6903,#5597,#5598);
#4709=AXIS2_PLACEMENT_3D('',#6907,#5601,#5602);
#4710=AXIS2_PLACEMENT_3D('',#6909,#5603,#5604);
#4711=AXIS2_PLACEMENT_3D('',#6911,#5606,#5607);
#4712=AXIS2_PLACEMENT_3D('',#6914,#5608,#5609);
#4713=AXIS2_PLACEMENT_3D('',#6917,#5612,#5613);
#4714=AXIS2_PLACEMENT_3D('',#6921,#5616,#5617);
#4715=AXIS2_PLACEMENT_3D('',#6923,#5618,#5619);
#4716=AXIS2_PLACEMENT_3D('',#6925,#5621,#5622);
#4717=AXIS2_PLACEMENT_3D('',#6931,#5626,#5627);
#4718=AXIS2_PLACEMENT_3D('',#6933,#5628,#5629);
#4719=AXIS2_PLACEMENT_3D('',#6935,#5631,#5632);
#4720=AXIS2_PLACEMENT_3D('',#6939,#5635,#5636);
#4721=AXIS2_PLACEMENT_3D('',#6943,#5639,#5640);
#4722=AXIS2_PLACEMENT_3D('',#6945,#5641,#5642);
#4723=AXIS2_PLACEMENT_3D('',#6947,#5644,#5645);
#4724=AXIS2_PLACEMENT_3D('',#6950,#5646,#5647);
#4725=AXIS2_PLACEMENT_3D('',#6953,#5650,#5651);
#4726=AXIS2_PLACEMENT_3D('',#6957,#5654,#5655);
#4727=AXIS2_PLACEMENT_3D('',#6959,#5656,#5657);
#4728=AXIS2_PLACEMENT_3D('',#6961,#5659,#5660);
#4729=AXIS2_PLACEMENT_3D('',#6964,#5661,#5662);
#4730=AXIS2_PLACEMENT_3D('',#6967,#5665,#5666);
#4731=AXIS2_PLACEMENT_3D('',#6969,#5668,#5669);
#4732=AXIS2_PLACEMENT_3D('',#6973,#5672,#5673);
#4733=AXIS2_PLACEMENT_3D('',#6975,#5674,#5675);
#4734=AXIS2_PLACEMENT_3D('',#6977,#5677,#5678);
#4735=AXIS2_PLACEMENT_3D('',#6979,#5680,#5681);
#4736=AXIS2_PLACEMENT_3D('',#6983,#5684,#5685);
#4737=AXIS2_PLACEMENT_3D('',#6985,#5686,#5687);
#4738=AXIS2_PLACEMENT_3D('',#6987,#5689,#5690);
#4739=AXIS2_PLACEMENT_3D('',#6990,#5691,#5692);
#4740=AXIS2_PLACEMENT_3D('',#6993,#5695,#5696);
#4741=AXIS2_PLACEMENT_3D('',#6997,#5699,#5700);
#4742=AXIS2_PLACEMENT_3D('',#6999,#5701,#5702);
#4743=AXIS2_PLACEMENT_3D('',#7001,#5704,#5705);
#4744=AXIS2_PLACEMENT_3D('',#7005,#5708,#5709);
#4745=AXIS2_PLACEMENT_3D('',#7007,#5710,#5711);
#4746=AXIS2_PLACEMENT_3D('',#7009,#5713,#5714);
#4747=AXIS2_PLACEMENT_3D('',#7011,#5716,#5717);
#4748=AXIS2_PLACEMENT_3D('',#7015,#5720,#5721);
#4749=AXIS2_PLACEMENT_3D('',#7017,#5722,#5723);
#4750=AXIS2_PLACEMENT_3D('',#7019,#5725,#5726);
#4751=AXIS2_PLACEMENT_3D('',#7022,#5727,#5728);
#4752=AXIS2_PLACEMENT_3D('',#7025,#5731,#5732);
#4753=AXIS2_PLACEMENT_3D('',#7029,#5735,#5736);
#4754=AXIS2_PLACEMENT_3D('',#7031,#5737,#5738);
#4755=AXIS2_PLACEMENT_3D('',#7033,#5740,#5741);
#4756=AXIS2_PLACEMENT_3D('',#7036,#5742,#5743);
#4757=AXIS2_PLACEMENT_3D('',#7039,#5746,#5747);
#4758=AXIS2_PLACEMENT_3D('',#7043,#5750,#5751);
#4759=AXIS2_PLACEMENT_3D('',#7045,#5752,#5753);
#4760=AXIS2_PLACEMENT_3D('',#7047,#5755,#5756);
#4761=AXIS2_PLACEMENT_3D('',#7053,#5760,#5761);
#4762=AXIS2_PLACEMENT_3D('',#7055,#5762,#5763);
#4763=AXIS2_PLACEMENT_3D('',#7057,#5765,#5766);
#4764=AXIS2_PLACEMENT_3D('',#7061,#5769,#5770);
#4765=AXIS2_PLACEMENT_3D('',#7067,#5774,#5775);
#4766=AXIS2_PLACEMENT_3D('',#7069,#5776,#5777);
#4767=AXIS2_PLACEMENT_3D('',#7071,#5779,#5780);
#4768=AXIS2_PLACEMENT_3D('',#7075,#5783,#5784);
#4769=AXIS2_PLACEMENT_3D('',#7081,#5788,#5789);
#4770=AXIS2_PLACEMENT_3D('',#7083,#5790,#5791);
#4771=AXIS2_PLACEMENT_3D('',#7085,#5793,#5794);
#4772=AXIS2_PLACEMENT_3D('',#7089,#5797,#5798);
#4773=AXIS2_PLACEMENT_3D('',#7095,#5802,#5803);
#4774=AXIS2_PLACEMENT_3D('',#7097,#5804,#5805);
#4775=AXIS2_PLACEMENT_3D('',#7099,#5807,#5808);
#4776=AXIS2_PLACEMENT_3D('',#7103,#5811,#5812);
#4777=AXIS2_PLACEMENT_3D('',#7106,#5813,#5814);
#4778=AXIS2_PLACEMENT_3D('',#7109,#5817,#5818);
#4779=AXIS2_PLACEMENT_3D('',#7113,#5821,#5822);
#4780=AXIS2_PLACEMENT_3D('',#7115,#5823,#5824);
#4781=AXIS2_PLACEMENT_3D('',#7117,#5826,#5827);
#4782=AXIS2_PLACEMENT_3D('',#7123,#5831,#5832);
#4783=AXIS2_PLACEMENT_3D('',#7125,#5833,#5834);
#4784=AXIS2_PLACEMENT_3D('',#7127,#5836,#5837);
#4785=AXIS2_PLACEMENT_3D('',#7131,#5840,#5841);
#4786=AXIS2_PLACEMENT_3D('',#7134,#5842,#5843);
#4787=AXIS2_PLACEMENT_3D('',#7137,#5846,#5847);
#4788=AXIS2_PLACEMENT_3D('',#7141,#5850,#5851);
#4789=AXIS2_PLACEMENT_3D('',#7143,#5852,#5853);
#4790=AXIS2_PLACEMENT_3D('',#7145,#5855,#5856);
#4791=AXIS2_PLACEMENT_3D('',#7149,#5859,#5860);
#4792=AXIS2_PLACEMENT_3D('',#7151,#5861,#5862);
#4793=AXIS2_PLACEMENT_3D('',#7153,#5864,#5865);
#4794=AXIS2_PLACEMENT_3D('',#7156,#5866,#5867);
#4795=AXIS2_PLACEMENT_3D('',#7159,#5870,#5871);
#4796=AXIS2_PLACEMENT_3D('',#7163,#5874,#5875);
#4797=AXIS2_PLACEMENT_3D('',#7165,#5876,#5877);
#4798=AXIS2_PLACEMENT_3D('',#7167,#5879,#5880);
#4799=AXIS2_PLACEMENT_3D('',#7173,#5884,#5885);
#4800=AXIS2_PLACEMENT_3D('',#7175,#5886,#5887);
#4801=AXIS2_PLACEMENT_3D('',#7177,#5889,#5890);
#4802=AXIS2_PLACEMENT_3D('',#7181,#5893,#5894);
#4803=AXIS2_PLACEMENT_3D('',#7187,#5898,#5899);
#4804=AXIS2_PLACEMENT_3D('',#7189,#5900,#5901);
#4805=AXIS2_PLACEMENT_3D('',#7191,#5903,#5904);
#4806=AXIS2_PLACEMENT_3D('',#7195,#5907,#5908);
#4807=AXIS2_PLACEMENT_3D('',#7196,#5909,#5910);
#4808=AXIS2_PLACEMENT_3D('',#7197,#5911,#5912);
#4809=AXIS2_PLACEMENT_3D('',#7198,#5913,#5914);
#4810=AXIS2_PLACEMENT_3D('',#7199,#5915,#5916);
#4811=AXIS2_PLACEMENT_3D('',#7201,#5918,#5919);
#4812=AXIS2_PLACEMENT_3D('',#7203,#5921,#5922);
#4813=AXIS2_PLACEMENT_3D('',#7205,#5924,#5925);
#4814=AXIS2_PLACEMENT_3D('',#7207,#5927,#5928);
#4815=AXIS2_PLACEMENT_3D('',#7209,#5930,#5931);
#4816=AXIS2_PLACEMENT_3D('',#7210,#5932,#5933);
#4817=AXIS2_PLACEMENT_3D('',#7211,#5934,#5935);
#4818=AXIS2_PLACEMENT_3D('',#7213,#5937,#5938);
#4819=AXIS2_PLACEMENT_3D('',#7214,#5939,#5940);
#4820=AXIS2_PLACEMENT_3D('',#7215,#5941,#5942);
#4821=AXIS2_PLACEMENT_3D('',#7217,#5944,#5945);
#4822=AXIS2_PLACEMENT_3D('',#7218,#5946,#5947);
#4823=AXIS2_PLACEMENT_3D('',#7219,#5948,#5949);
#4824=AXIS2_PLACEMENT_3D('',#7220,#5950,#5951);
#4825=AXIS2_PLACEMENT_3D('',#7221,#5952,#5953);
#4826=AXIS2_PLACEMENT_3D('',#7222,#5954,#5955);
#4827=AXIS2_PLACEMENT_3D('',#7223,#5956,#5957);
#4828=AXIS2_PLACEMENT_3D('',#7224,#5958,#5959);
#4829=AXIS2_PLACEMENT_3D('',#7225,#5960,#5961);
#4830=AXIS2_PLACEMENT_3D('',#7226,#5962,#5963);
#4831=AXIS2_PLACEMENT_3D('',#7227,#5964,#5965);
#4832=AXIS2_PLACEMENT_3D('',#7228,#5966,#5967);
#4833=AXIS2_PLACEMENT_3D('',#7229,#5968,#5969);
#4834=AXIS2_PLACEMENT_3D('',#7230,#5970,#5971);
#4835=AXIS2_PLACEMENT_3D('',#7231,#5972,#5973);
#4836=AXIS2_PLACEMENT_3D('',#7233,#5975,#5976);
#4837=AXIS2_PLACEMENT_3D('',#7234,#5977,#5978);
#4838=AXIS2_PLACEMENT_3D('',#7235,#5979,#5980);
#4839=AXIS2_PLACEMENT_3D('',#7237,#5982,#5983);
#4840=AXIS2_PLACEMENT_3D('',#7238,#5984,#5985);
#4841=AXIS2_PLACEMENT_3D('',#7239,#5986,#5987);
#4842=AXIS2_PLACEMENT_3D('',#7240,#5988,#5989);
#4843=AXIS2_PLACEMENT_3D('',#7241,#5990,#5991);
#4844=AXIS2_PLACEMENT_3D('',#7243,#5993,#5994);
#4845=AXIS2_PLACEMENT_3D('',#7245,#5996,#5997);
#4846=AXIS2_PLACEMENT_3D('',#7246,#5998,#5999);
#4847=AXIS2_PLACEMENT_3D('',#7247,#6000,#6001);
#4848=AXIS2_PLACEMENT_3D('',#7249,#6003,#6004);
#4849=AXIS2_PLACEMENT_3D('',#7251,#6006,#6007);
#4850=AXIS2_PLACEMENT_3D('',#7253,#6009,#6010);
#4851=AXIS2_PLACEMENT_3D('',#7255,#6012,#6013);
#4852=AXIS2_PLACEMENT_3D('',#7257,#6014,#6015);
#4853=AXIS2_PLACEMENT_3D('',#7259,#6017,#6018);
#4854=AXIS2_PLACEMENT_3D('',#7261,#6020,#6021);
#4855=AXIS2_PLACEMENT_3D('',#7263,#6023,#6024);
#4856=AXIS2_PLACEMENT_3D('',#7265,#6026,#6027);
#4857=AXIS2_PLACEMENT_3D('',#7267,#6029,#6030);
#4858=AXIS2_PLACEMENT_3D('',#7268,#6031,#6032);
#4859=AXIS2_PLACEMENT_3D('',#7269,#6033,#6034);
#4860=AXIS2_PLACEMENT_3D('',#7270,#6035,#6036);
#4861=AXIS2_PLACEMENT_3D('',#7271,#6037,#6038);
#4862=AXIS2_PLACEMENT_3D('',#7272,#6039,#6040);
#4863=AXIS2_PLACEMENT_3D('',#7273,#6041,#6042);
#4864=AXIS2_PLACEMENT_3D('',#7274,#6043,#6044);
#4865=AXIS2_PLACEMENT_3D('',#7275,#6045,#6046);
#4866=AXIS2_PLACEMENT_3D('',#7277,#6048,#6049);
#4867=AXIS2_PLACEMENT_3D('',#7278,#6050,#6051);
#4868=AXIS2_PLACEMENT_3D('',#7279,#6052,#6053);
#4869=AXIS2_PLACEMENT_3D('',#7281,#6055,#6056);
#4870=AXIS2_PLACEMENT_3D('',#7283,#6058,#6059);
#4871=AXIS2_PLACEMENT_3D('',#7285,#6061,#6062);
#4872=AXIS2_PLACEMENT_3D('',#7286,#6063,#6064);
#4873=AXIS2_PLACEMENT_3D('',#7287,#6065,#6066);
#4874=AXIS2_PLACEMENT_3D('',#7288,#6067,#6068);
#4875=AXIS2_PLACEMENT_3D('',#7289,#6069,#6070);
#4876=AXIS2_PLACEMENT_3D('',#7290,#6071,#6072);
#4877=AXIS2_PLACEMENT_3D('',#7291,#6073,#6074);
#4878=AXIS2_PLACEMENT_3D('',#7293,#6075,#6076);
#4879=AXIS2_PLACEMENT_3D('',#7295,#6077,#6078);
#4880=AXIS2_PLACEMENT_3D('',#7297,#6079,#6080);
#4881=AXIS2_PLACEMENT_3D('',#7299,#6081,#6082);
#4882=AXIS2_PLACEMENT_3D('',#7301,#6083,#6084);
#4883=AXIS2_PLACEMENT_3D('',#7303,#6085,#6086);
#4884=AXIS2_PLACEMENT_3D('',#7305,#6087,#6088);
#4885=AXIS2_PLACEMENT_3D('',#7307,#6089,#6090);
#4886=AXIS2_PLACEMENT_3D('',#7308,#6091,#6092);
#4887=AXIS2_PLACEMENT_3D('',#7310,#6094,#6095);
#4888=AXIS2_PLACEMENT_3D('',#7312,#6097,#6098);
#4889=AXIS2_PLACEMENT_3D('',#7314,#6100,#6101);
#4890=AXIS2_PLACEMENT_3D('',#7316,#6103,#6104);
#4891=AXIS2_PLACEMENT_3D('',#7318,#6106,#6107);
#4892=AXIS2_PLACEMENT_3D('',#7320,#6109,#6110);
#4893=AXIS2_PLACEMENT_3D('',#7322,#6112,#6113);
#4894=DIRECTION('axis',(0.,0.,1.));
#4895=DIRECTION('refdir',(1.,0.,0.));
#4896=DIRECTION('center_axis',(0.,0.,1.));
#4897=DIRECTION('ref_axis',(0.,-1.,0.));
#4898=DIRECTION('center_axis',(0.,0.,-1.));
#4899=DIRECTION('ref_axis',(0.,1.,0.));
#4900=DIRECTION('',(0.,0.,1.));
#4901=DIRECTION('center_axis',(0.,0.,-1.));
#4902=DIRECTION('ref_axis',(0.,1.,0.));
#4903=DIRECTION('',(0.,0.,1.));
#4904=DIRECTION('center_axis',(0.,0.,1.));
#4905=DIRECTION('ref_axis',(0.,-1.,0.));
#4906=DIRECTION('center_axis',(0.,0.,-1.));
#4907=DIRECTION('ref_axis',(0.,1.,0.));
#4908=DIRECTION('',(0.,0.,1.));
#4909=DIRECTION('center_axis',(0.,0.,-1.));
#4910=DIRECTION('ref_axis',(0.,1.,0.));
#4911=DIRECTION('',(0.,0.,1.));
#4912=DIRECTION('center_axis',(0.,0.,1.));
#4913=DIRECTION('ref_axis',(0.,-1.,0.));
#4914=DIRECTION('center_axis',(0.,0.,-1.));
#4915=DIRECTION('ref_axis',(0.,1.,0.));
#4916=DIRECTION('',(0.,0.,1.));
#4917=DIRECTION('center_axis',(0.,0.,-1.));
#4918=DIRECTION('ref_axis',(0.,1.,0.));
#4919=DIRECTION('',(0.,0.,1.));
#4920=DIRECTION('center_axis',(0.,0.,1.));
#4921=DIRECTION('ref_axis',(0.,-1.,0.));
#4922=DIRECTION('center_axis',(0.,0.,-1.));
#4923=DIRECTION('ref_axis',(0.,1.,0.));
#4924=DIRECTION('',(0.,0.,1.));
#4925=DIRECTION('center_axis',(0.,0.,-1.));
#4926=DIRECTION('ref_axis',(0.,1.,0.));
#4927=DIRECTION('',(0.,0.,1.));
#4928=DIRECTION('center_axis',(0.,0.,1.));
#4929=DIRECTION('ref_axis',(0.,-1.,0.));
#4930=DIRECTION('center_axis',(0.,0.,-1.));
#4931=DIRECTION('ref_axis',(0.,1.,0.));
#4932=DIRECTION('',(0.,0.,1.));
#4933=DIRECTION('center_axis',(0.,0.,-1.));
#4934=DIRECTION('ref_axis',(0.,1.,0.));
#4935=DIRECTION('',(0.,0.,1.));
#4936=DIRECTION('center_axis',(0.,0.,1.));
#4937=DIRECTION('ref_axis',(0.,-1.,0.));
#4938=DIRECTION('center_axis',(0.,0.,-1.));
#4939=DIRECTION('ref_axis',(0.,1.,0.));
#4940=DIRECTION('',(0.,0.,1.));
#4941=DIRECTION('center_axis',(0.,0.,-1.));
#4942=DIRECTION('ref_axis',(0.,1.,0.));
#4943=DIRECTION('',(0.,0.,1.));
#4944=DIRECTION('center_axis',(0.,0.,1.));
#4945=DIRECTION('ref_axis',(0.,-1.,0.));
#4946=DIRECTION('center_axis',(0.,0.,-1.));
#4947=DIRECTION('ref_axis',(0.,1.,0.));
#4948=DIRECTION('',(0.,0.,1.));
#4949=DIRECTION('center_axis',(0.,0.,-1.));
#4950=DIRECTION('ref_axis',(0.,1.,0.));
#4951=DIRECTION('',(0.,0.,1.));
#4952=DIRECTION('center_axis',(0.,0.,-1.));
#4953=DIRECTION('ref_axis',(0.,1.,0.));
#4954=DIRECTION('center_axis',(0.,0.,-1.));
#4955=DIRECTION('ref_axis',(0.,1.,0.));
#4956=DIRECTION('center_axis',(0.,0.,-1.));
#4957=DIRECTION('ref_axis',(0.,1.,0.));
#4958=DIRECTION('center_axis',(0.,0.,-1.));
#4959=DIRECTION('ref_axis',(0.,1.,0.));
#4960=DIRECTION('center_axis',(0.,0.,-1.));
#4961=DIRECTION('ref_axis',(0.,1.,0.));
#4962=DIRECTION('center_axis',(0.,0.,-1.));
#4963=DIRECTION('ref_axis',(0.,1.,0.));
#4964=DIRECTION('center_axis',(0.,0.,-1.));
#4965=DIRECTION('ref_axis',(0.,1.,0.));
#4966=DIRECTION('',(0.,1.,0.));
#4967=DIRECTION('center_axis',(0.,0.,-1.));
#4968=DIRECTION('ref_axis',(0.,1.,0.));
#4969=DIRECTION('',(0.707106781186548,0.707106781186548,0.));
#4970=DIRECTION('',(-0.707106781186548,0.707106781186548,0.));
#4971=DIRECTION('center_axis',(0.,0.,-1.));
#4972=DIRECTION('ref_axis',(0.,1.,0.));
#4973=DIRECTION('',(0.,1.,0.));
#4974=DIRECTION('',(-1.,0.,0.));
#4975=DIRECTION('center_axis',(0.,0.,-1.));
#4976=DIRECTION('ref_axis',(0.,1.,0.));
#4977=DIRECTION('',(-0.707106781186548,0.707106781186548,0.));
#4978=DIRECTION('',(-0.707106781186548,-0.707106781186548,0.));
#4979=DIRECTION('center_axis',(0.,0.,-1.));
#4980=DIRECTION('ref_axis',(0.,1.,0.));
#4981=DIRECTION('',(-1.,0.,0.));
#4982=DIRECTION('',(0.,-1.,0.));
#4983=DIRECTION('center_axis',(0.,0.,-1.));
#4984=DIRECTION('ref_axis',(0.,1.,0.));
#4985=DIRECTION('',(-0.707106781186548,-0.707106781186548,0.));
#4986=DIRECTION('',(0.707106781186548,-0.707106781186548,0.));
#4987=DIRECTION('center_axis',(0.,0.,-1.));
#4988=DIRECTION('ref_axis',(0.,1.,0.));
#4989=DIRECTION('',(0.,-1.,0.));
#4990=DIRECTION('',(1.,0.,0.));
#4991=DIRECTION('center_axis',(0.,0.,-1.));
#4992=DIRECTION('ref_axis',(0.,1.,0.));
#4993=DIRECTION('',(0.707106781186548,-0.707106781186548,0.));
#4994=DIRECTION('',(1.,0.,0.));
#4995=DIRECTION('center_axis',(0.,0.,-1.));
#4996=DIRECTION('ref_axis',(0.,1.,0.));
#4997=DIRECTION('',(0.707106781186547,0.707106781186547,0.));
#4998=DIRECTION('center_axis',(0.,0.,-1.));
#4999=DIRECTION('ref_axis',(0.,1.,0.));
#5000=DIRECTION('',(-1.,0.,0.));
#5001=DIRECTION('center_axis',(0.,0.,-1.));
#5002=DIRECTION('ref_axis',(0.,1.,0.));
#5003=DIRECTION('',(-0.707106781186547,-0.707106781186547,0.));
#5004=DIRECTION('center_axis',(0.,0.,-1.));
#5005=DIRECTION('ref_axis',(0.,1.,0.));
#5006=DIRECTION('',(-1.,0.,0.));
#5007=DIRECTION('center_axis',(0.,0.,-1.));
#5008=DIRECTION('ref_axis',(0.,1.,0.));
#5009=DIRECTION('',(-0.707106781186547,-0.707106781186547,0.));
#5010=DIRECTION('center_axis',(0.,0.,-1.));
#5011=DIRECTION('ref_axis',(0.,1.,0.));
#5012=DIRECTION('center_axis',(0.,0.,-1.));
#5013=DIRECTION('ref_axis',(0.,1.,0.));
#5014=DIRECTION('',(-0.707106781186547,0.707106781186547,0.));
#5015=DIRECTION('center_axis',(0.,0.,-1.));
#5016=DIRECTION('ref_axis',(0.,1.,0.));
#5017=DIRECTION('',(-1.,0.,0.));
#5018=DIRECTION('center_axis',(0.,0.,-1.));
#5019=DIRECTION('ref_axis',(0.,1.,0.));
#5020=DIRECTION('',(1.,0.,0.));
#5021=DIRECTION('center_axis',(0.,0.,-1.));
#5022=DIRECTION('ref_axis',(0.,1.,0.));
#5023=DIRECTION('',(0.707106781186547,0.707106781186547,0.));
#5024=DIRECTION('center_axis',(0.,0.,-1.));
#5025=DIRECTION('ref_axis',(0.,1.,0.));
#5026=DIRECTION('',(-0.707106781186548,0.707106781186548,0.));
#5027=DIRECTION('center_axis',(0.,0.,-1.));
#5028=DIRECTION('ref_axis',(0.,1.,0.));
#5029=DIRECTION('',(-1.,0.,0.));
#5030=DIRECTION('center_axis',(0.,0.,-1.));
#5031=DIRECTION('ref_axis',(0.,1.,0.));
#5032=DIRECTION('',(-1.,0.,0.));
#5033=DIRECTION('center_axis',(0.,0.,-1.));
#5034=DIRECTION('ref_axis',(0.,1.,0.));
#5035=DIRECTION('',(-0.707106781186547,-0.707106781186547,0.));
#5036=DIRECTION('center_axis',(0.,0.,-1.));
#5037=DIRECTION('ref_axis',(0.,1.,0.));
#5038=DIRECTION('',(-0.707106781186547,0.707106781186547,0.));
#5039=DIRECTION('center_axis',(0.,0.,-1.));
#5040=DIRECTION('ref_axis',(0.,1.,0.));
#5041=DIRECTION('',(-1.,0.,0.));
#5042=DIRECTION('',(0.707106781186548,0.707106781186548,0.));
#5043=DIRECTION('center_axis',(0.,0.,-1.));
#5044=DIRECTION('ref_axis',(0.,1.,0.));
#5045=DIRECTION('',(1.,0.,0.));
#5046=DIRECTION('center_axis',(0.,0.,-1.));
#5047=DIRECTION('ref_axis',(0.,1.,0.));
#5048=DIRECTION('center_axis',(0.,0.,-1.));
#5049=DIRECTION('ref_axis',(0.,1.,0.));
#5050=DIRECTION('',(0.,1.,0.));
#5051=DIRECTION('center_axis',(0.,0.,-1.));
#5052=DIRECTION('ref_axis',(0.,1.,0.));
#5053=DIRECTION('',(0.707106781186548,0.707106781186548,0.));
#5054=DIRECTION('',(-0.707106781186548,0.707106781186548,0.));
#5055=DIRECTION('center_axis',(0.,0.,-1.));
#5056=DIRECTION('ref_axis',(0.,1.,0.));
#5057=DIRECTION('',(-1.,0.,0.));
#5058=DIRECTION('center_axis',(0.,0.,-1.));
#5059=DIRECTION('ref_axis',(0.,1.,0.));
#5060=DIRECTION('center_axis',(0.,0.,-1.));
#5061=DIRECTION('ref_axis',(0.,1.,0.));
#5062=DIRECTION('',(-0.707106781186547,0.707106781186547,0.));
#5063=DIRECTION('center_axis',(0.,0.,-1.));
#5064=DIRECTION('ref_axis',(0.,1.,0.));
#5065=DIRECTION('',(0.,1.,0.));
#5066=DIRECTION('',(-0.707106781186548,0.707106781186548,0.));
#5067=DIRECTION('center_axis',(0.,0.,-1.));
#5068=DIRECTION('ref_axis',(0.,1.,0.));
#5069=DIRECTION('',(0.,1.,0.));
#5070=DIRECTION('center_axis',(0.,0.,-1.));
#5071=DIRECTION('ref_axis',(0.,1.,0.));
#5072=DIRECTION('',(1.,0.,0.));
#5073=DIRECTION('center_axis',(0.,0.,-1.));
#5074=DIRECTION('ref_axis',(0.,1.,0.));
#5075=DIRECTION('',(0.707106781186548,-0.707106781186548,0.));
#5076=DIRECTION('center_axis',(0.,0.,-1.));
#5077=DIRECTION('ref_axis',(0.,1.,0.));
#5078=DIRECTION('',(0.,1.,0.));
#5079=DIRECTION('center_axis',(0.,0.,-1.));
#5080=DIRECTION('ref_axis',(0.,1.,0.));
#5081=DIRECTION('',(0.707106781186548,0.707106781186548,0.));
#5082=DIRECTION('center_axis',(0.,0.,-1.));
#5083=DIRECTION('ref_axis',(0.,1.,0.));
#5084=DIRECTION('',(0.,-1.,0.));
#5085=DIRECTION('center_axis',(0.,0.,-1.));
#5086=DIRECTION('ref_axis',(0.,1.,0.));
#5087=DIRECTION('',(-0.707106781186548,-0.707106781186548,0.));
#5088=DIRECTION('center_axis',(0.,0.,-1.));
#5089=DIRECTION('ref_axis',(0.,1.,0.));
#5090=DIRECTION('',(0.707106781186547,-0.707106781186547,0.));
#5091=DIRECTION('center_axis',(0.,0.,-1.));
#5092=DIRECTION('ref_axis',(0.,1.,0.));
#5093=DIRECTION('',(1.,0.,0.));
#5094=DIRECTION('center_axis',(0.,0.,-1.));
#5095=DIRECTION('ref_axis',(0.,1.,0.));
#5096=DIRECTION('',(0.707106781186547,-0.707106781186547,0.));
#5097=DIRECTION('center_axis',(0.,0.,-1.));
#5098=DIRECTION('ref_axis',(0.,1.,0.));
#5099=DIRECTION('',(0.,-1.,0.));
#5100=DIRECTION('center_axis',(0.,0.,-1.));
#5101=DIRECTION('ref_axis',(0.,1.,0.));
#5102=DIRECTION('',(-0.707106781186548,-0.707106781186548,0.));
#5103=DIRECTION('center_axis',(0.,0.,-1.));
#5104=DIRECTION('ref_axis',(0.,1.,0.));
#5105=DIRECTION('',(-1.,0.,0.));
#5106=DIRECTION('center_axis',(0.,0.,-1.));
#5107=DIRECTION('ref_axis',(0.,1.,0.));
#5108=DIRECTION('center_axis',(0.,0.,-1.));
#5109=DIRECTION('ref_axis',(0.,1.,0.));
#5110=DIRECTION('',(0.707106781186548,-0.707106781186548,0.));
#5111=DIRECTION('center_axis',(0.,0.,-1.));
#5112=DIRECTION('ref_axis',(0.,1.,0.));
#5113=DIRECTION('',(0.,-1.,0.));
#5114=DIRECTION('',(0.707106781186547,-0.707106781186547,0.));
#5115=DIRECTION('center_axis',(0.,0.,-1.));
#5116=DIRECTION('ref_axis',(0.,1.,0.));
#5117=DIRECTION('',(0.,-1.,0.));
#5118=DIRECTION('center_axis',(0.,0.,-1.));
#5119=DIRECTION('ref_axis',(0.,1.,0.));
#5120=DIRECTION('center_axis',(0.,0.,-1.));
#5121=DIRECTION('ref_axis',(0.,1.,0.));
#5122=DIRECTION('',(0.707106781186547,0.707106781186547,0.));
#5123=DIRECTION('center_axis',(0.,0.,-1.));
#5124=DIRECTION('ref_axis',(0.,1.,0.));
#5125=DIRECTION('',(1.,0.,0.));
#5126=DIRECTION('',(0.707106781186547,0.707106781186547,0.));
#5127=DIRECTION('center_axis',(0.,0.,-1.));
#5128=DIRECTION('ref_axis',(0.,1.,0.));
#5129=DIRECTION('',(0.,1.,0.));
#5130=DIRECTION('center_axis',(0.,0.,-1.));
#5131=DIRECTION('ref_axis',(0.,1.,0.));
#5132=DIRECTION('',(0.,1.,0.));
#5133=DIRECTION('center_axis',(0.,0.,-1.));
#5134=DIRECTION('ref_axis',(0.,1.,0.));
#5135=DIRECTION('',(-0.707106781186548,0.707106781186548,0.));
#5136=DIRECTION('center_axis',(0.,0.,-1.));
#5137=DIRECTION('ref_axis',(0.,1.,0.));
#5138=DIRECTION('center_axis',(0.,0.,-1.));
#5139=DIRECTION('ref_axis',(0.,1.,0.));
#5140=DIRECTION('',(0.,1.,0.));
#5141=DIRECTION('center_axis',(0.,0.,-1.));
#5142=DIRECTION('ref_axis',(0.,1.,0.));
#5143=DIRECTION('',(0.707106781186548,0.707106781186548,0.));
#5144=DIRECTION('center_axis',(0.,0.,-1.));
#5145=DIRECTION('ref_axis',(0.,1.,0.));
#5146=DIRECTION('',(0.707106781186548,0.707106781186548,0.));
#5147=DIRECTION('center_axis',(0.,0.,-1.));
#5148=DIRECTION('ref_axis',(0.,1.,0.));
#5149=DIRECTION('',(1.,0.,0.));
#5150=DIRECTION('center_axis',(0.,0.,-1.));
#5151=DIRECTION('ref_axis',(0.,1.,0.));
#5152=DIRECTION('',(1.,0.,0.));
#5153=DIRECTION('center_axis',(0.,0.,-1.));
#5154=DIRECTION('ref_axis',(0.,1.,0.));
#5155=DIRECTION('',(0.707106781186548,-0.707106781186548,0.));
#5156=DIRECTION('center_axis',(0.,0.,-1.));
#5157=DIRECTION('ref_axis',(0.,1.,0.));
#5158=DIRECTION('',(-0.707106781186548,-0.707106781186548,0.));
#5159=DIRECTION('center_axis',(0.,0.,-1.));
#5160=DIRECTION('ref_axis',(0.,1.,0.));
#5161=DIRECTION('',(-1.,0.,0.));
#5162=DIRECTION('center_axis',(0.,0.,-1.));
#5163=DIRECTION('ref_axis',(0.,1.,0.));
#5164=DIRECTION('',(0.,-1.,0.));
#5165=DIRECTION('center_axis',(0.,0.,-1.));
#5166=DIRECTION('ref_axis',(0.,1.,0.));
#5167=DIRECTION('',(-0.707106781186547,-0.707106781186547,0.));
#5168=DIRECTION('center_axis',(0.,0.,-1.));
#5169=DIRECTION('ref_axis',(0.,1.,0.));
#5170=DIRECTION('',(0.,-1.,0.));
#5171=DIRECTION('center_axis',(0.,0.,-1.));
#5172=DIRECTION('ref_axis',(0.,1.,0.));
#5173=DIRECTION('',(-0.707106781186548,-0.707106781186548,0.));
#5174=DIRECTION('',(-1.,0.,0.));
#5175=DIRECTION('center_axis',(0.,0.,-1.));
#5176=DIRECTION('ref_axis',(0.,1.,0.));
#5177=DIRECTION('',(-0.707106781186548,0.707106781186548,0.));
#5178=DIRECTION('center_axis',(0.,0.,-1.));
#5179=DIRECTION('ref_axis',(0.,1.,0.));
#5180=DIRECTION('',(1.,0.,0.));
#5181=DIRECTION('center_axis',(0.,0.,-1.));
#5182=DIRECTION('ref_axis',(0.,1.,0.));
#5183=DIRECTION('',(0.707106781186548,-0.707106781186548,0.));
#5184=DIRECTION('center_axis',(0.,0.,-1.));
#5185=DIRECTION('ref_axis',(0.,1.,0.));
#5186=DIRECTION('',(0.,-1.,0.));
#5187=DIRECTION('center_axis',(0.,0.,-1.));
#5188=DIRECTION('ref_axis',(0.,1.,0.));
#5189=DIRECTION('',(0.707106781186547,-0.707106781186547,0.));
#5190=DIRECTION('center_axis',(0.,0.,-1.));
#5191=DIRECTION('ref_axis',(0.,1.,0.));
#5192=DIRECTION('',(0.,-1.,0.));
#5193=DIRECTION('center_axis',(0.,0.,-1.));
#5194=DIRECTION('ref_axis',(0.,1.,0.));
#5195=DIRECTION('',(-0.707106781186548,-0.707106781186548,0.));
#5196=DIRECTION('center_axis',(0.,0.,-1.));
#5197=DIRECTION('ref_axis',(0.,1.,0.));
#5198=DIRECTION('center_axis',(0.,0.,-1.));
#5199=DIRECTION('ref_axis',(0.,1.,0.));
#5200=DIRECTION('',(0.,-1.,0.));
#5201=DIRECTION('center_axis',(0.,0.,-1.));
#5202=DIRECTION('ref_axis',(0.,1.,0.));
#5203=DIRECTION('',(0.707106781186548,-0.707106781186548,0.));
#5204=DIRECTION('',(0.,-1.,0.));
#5205=DIRECTION('center_axis',(0.,0.,-1.));
#5206=DIRECTION('ref_axis',(0.,1.,0.));
#5207=DIRECTION('',(-0.707106781186547,-0.707106781186547,0.));
#5208=DIRECTION('center_axis',(0.,0.,-1.));
#5209=DIRECTION('ref_axis',(0.,1.,0.));
#5210=DIRECTION('center_axis',(0.,0.,-1.));
#5211=DIRECTION('ref_axis',(0.,1.,0.));
#5212=DIRECTION('',(-0.707106781186547,0.707106781186547,0.));
#5213=DIRECTION('center_axis',(0.,0.,-1.));
#5214=DIRECTION('ref_axis',(0.,1.,0.));
#5215=DIRECTION('',(0.,1.,0.));
#5216=DIRECTION('center_axis',(0.,0.,-1.));
#5217=DIRECTION('ref_axis',(0.,1.,0.));
#5218=DIRECTION('',(0.,1.,0.));
#5219=DIRECTION('center_axis',(0.,0.,-1.));
#5220=DIRECTION('ref_axis',(0.,1.,0.));
#5221=DIRECTION('',(0.707106781186547,0.707106781186547,0.));
#5222=DIRECTION('',(1.,0.,0.));
#5223=DIRECTION('center_axis',(0.,0.,-1.));
#5224=DIRECTION('ref_axis',(0.,1.,0.));
#5225=DIRECTION('',(0.707106781186547,-0.707106781186547,0.));
#5226=DIRECTION('center_axis',(0.,0.,-1.));
#5227=DIRECTION('ref_axis',(0.,1.,0.));
#5228=DIRECTION('',(-0.707106781186547,0.707106781186547,0.));
#5229=DIRECTION('center_axis',(0.,0.,-1.));
#5230=DIRECTION('ref_axis',(0.,1.,0.));
#5231=DIRECTION('',(0.,1.,0.));
#5232=DIRECTION('center_axis',(0.,0.,-1.));
#5233=DIRECTION('ref_axis',(0.,1.,0.));
#5234=DIRECTION('',(1.,0.,0.));
#5235=DIRECTION('',(0.707106781186548,0.707106781186548,0.));
#5236=DIRECTION('center_axis',(0.,0.,-1.));
#5237=DIRECTION('ref_axis',(0.,1.,0.));
#5238=DIRECTION('center_axis',(0.,0.,-1.));
#5239=DIRECTION('ref_axis',(0.,1.,0.));
#5240=DIRECTION('center_axis',(0.,0.,-1.));
#5241=DIRECTION('ref_axis',(0.,1.,0.));
#5242=DIRECTION('center_axis',(0.,0.,-1.));
#5243=DIRECTION('ref_axis',(0.,1.,0.));
#5244=DIRECTION('center_axis',(0.,0.,-1.));
#5245=DIRECTION('ref_axis',(0.,1.,0.));
#5246=DIRECTION('center_axis',(0.,-1.,0.));
#5247=DIRECTION('ref_axis',(0.,0.,-1.));
#5248=DIRECTION('',(1.,0.,0.));
#5249=DIRECTION('',(0.,0.,1.));
#5250=DIRECTION('',(0.,0.,1.));
#5251=DIRECTION('center_axis',(0.,0.,1.));
#5252=DIRECTION('ref_axis',(0.,-1.,0.));
#5253=DIRECTION('center_axis',(0.,0.,-1.));
#5254=DIRECTION('ref_axis',(0.,1.,0.));
#5255=DIRECTION('',(0.,0.,1.));
#5256=DIRECTION('center_axis',(0.707106781186548,-0.707106781186548,0.));
#5257=DIRECTION('ref_axis',(-0.707106781186548,-0.707106781186548,0.));
#5258=DIRECTION('',(0.707106781186547,0.707106781186547,0.));
#5259=DIRECTION('',(0.,0.,1.));
#5260=DIRECTION('center_axis',(0.,1.,0.));
#5261=DIRECTION('ref_axis',(0.,0.,1.));
#5262=DIRECTION('',(-1.,0.,0.));
#5263=DIRECTION('',(0.,0.,1.));
#5264=DIRECTION('',(0.,0.,1.));
#5265=DIRECTION('center_axis',(0.,0.,1.));
#5266=DIRECTION('ref_axis',(0.,-1.,0.));
#5267=DIRECTION('center_axis',(0.,0.,-1.));
#5268=DIRECTION('ref_axis',(0.,1.,0.));
#5269=DIRECTION('',(0.,0.,1.));
#5270=DIRECTION('center_axis',(-0.707106781186548,0.707106781186548,0.));
#5271=DIRECTION('ref_axis',(0.707106781186548,0.707106781186548,0.));
#5272=DIRECTION('',(-0.707106781186547,-0.707106781186547,0.));
#5273=DIRECTION('',(0.,0.,1.));
#5274=DIRECTION('center_axis',(0.,1.,0.));
#5275=DIRECTION('ref_axis',(0.,0.,1.));
#5276=DIRECTION('',(-1.,0.,0.));
#5277=DIRECTION('',(0.,0.,1.));
#5278=DIRECTION('',(0.,0.,1.));
#5279=DIRECTION('center_axis',(0.,0.,1.));
#5280=DIRECTION('ref_axis',(0.,-1.,0.));
#5281=DIRECTION('center_axis',(0.,0.,-1.));
#5282=DIRECTION('ref_axis',(0.,1.,0.));
#5283=DIRECTION('',(0.,0.,1.));
#5284=DIRECTION('center_axis',(-0.707106781186548,0.707106781186548,0.));
#5285=DIRECTION('ref_axis',(0.707106781186548,0.707106781186548,0.));
#5286=DIRECTION('',(-0.707106781186547,-0.707106781186547,0.));
#5287=DIRECTION('',(0.,0.,1.));
#5288=DIRECTION('center_axis',(0.,0.,1.));
#5289=DIRECTION('ref_axis',(0.,-1.,0.));
#5290=DIRECTION('center_axis',(0.,0.,-1.));
#5291=DIRECTION('ref_axis',(0.,1.,0.));
#5292=DIRECTION('',(0.,0.,1.));
#5293=DIRECTION('',(0.,0.,1.));
#5294=DIRECTION('center_axis',(0.707106781186548,0.707106781186548,0.));
#5295=DIRECTION('ref_axis',(0.707106781186548,-0.707106781186548,0.));
#5296=DIRECTION('',(-0.707106781186547,0.707106781186547,0.));
#5297=DIRECTION('',(0.,0.,1.));
#5298=DIRECTION('center_axis',(0.,0.,1.));
#5299=DIRECTION('ref_axis',(0.,-1.,0.));
#5300=DIRECTION('center_axis',(0.,0.,-1.));
#5301=DIRECTION('ref_axis',(0.,1.,0.));
#5302=DIRECTION('',(0.,0.,1.));
#5303=DIRECTION('center_axis',(0.,0.,1.));
#5304=DIRECTION('ref_axis',(0.,-1.,0.));
#5305=DIRECTION('center_axis',(0.,0.,-1.));
#5306=DIRECTION('ref_axis',(0.,1.,0.));
#5307=DIRECTION('',(0.,0.,1.));
#5308=DIRECTION('',(0.,0.,1.));
#5309=DIRECTION('center_axis',(0.,-1.,0.));
#5310=DIRECTION('ref_axis',(0.,0.,-1.));
#5311=DIRECTION('',(1.,0.,0.));
#5312=DIRECTION('',(0.,0.,1.));
#5313=DIRECTION('center_axis',(0.,0.,1.));
#5314=DIRECTION('ref_axis',(0.,-1.,0.));
#5315=DIRECTION('center_axis',(0.,0.,-1.));
#5316=DIRECTION('ref_axis',(0.,1.,0.));
#5317=DIRECTION('',(0.,0.,1.));
#5318=DIRECTION('center_axis',(0.,0.,1.));
#5319=DIRECTION('ref_axis',(0.,-1.,0.));
#5320=DIRECTION('center_axis',(0.,0.,-1.));
#5321=DIRECTION('ref_axis',(0.,1.,0.));
#5322=DIRECTION('',(0.,0.,1.));
#5323=DIRECTION('',(0.,0.,1.));
#5324=DIRECTION('center_axis',(0.707106781186548,0.707106781186548,0.));
#5325=DIRECTION('ref_axis',(0.707106781186548,-0.707106781186548,0.));
#5326=DIRECTION('',(-0.707106781186548,0.707106781186548,0.));
#5327=DIRECTION('',(0.,0.,1.));
#5328=DIRECTION('center_axis',(0.,0.,1.));
#5329=DIRECTION('ref_axis',(0.,-1.,0.));
#5330=DIRECTION('center_axis',(0.,0.,-1.));
#5331=DIRECTION('ref_axis',(0.,1.,0.));
#5332=DIRECTION('',(0.,0.,1.));
#5333=DIRECTION('center_axis',(0.,0.,1.));
#5334=DIRECTION('ref_axis',(0.,-1.,0.));
#5335=DIRECTION('center_axis',(0.,0.,-1.));
#5336=DIRECTION('ref_axis',(0.,1.,0.));
#5337=DIRECTION('',(0.,0.,1.));
#5338=DIRECTION('',(0.,0.,1.));
#5339=DIRECTION('center_axis',(0.,1.,0.));
#5340=DIRECTION('ref_axis',(0.,0.,1.));
#5341=DIRECTION('',(-1.,0.,0.));
#5342=DIRECTION('',(0.,0.,1.));
#5343=DIRECTION('center_axis',(0.,0.,1.));
#5344=DIRECTION('ref_axis',(0.,-1.,0.));
#5345=DIRECTION('center_axis',(0.,0.,-1.));
#5346=DIRECTION('ref_axis',(0.,1.,0.));
#5347=DIRECTION('',(0.,0.,1.));
#5348=DIRECTION('center_axis',(0.,0.,1.));
#5349=DIRECTION('ref_axis',(0.,-1.,0.));
#5350=DIRECTION('center_axis',(0.,0.,-1.));
#5351=DIRECTION('ref_axis',(0.,1.,0.));
#5352=DIRECTION('',(0.,0.,1.));
#5353=DIRECTION('',(0.,0.,1.));
#5354=DIRECTION('center_axis',(0.707106781186548,0.707106781186548,0.));
#5355=DIRECTION('ref_axis',(0.707106781186548,-0.707106781186548,0.));
#5356=DIRECTION('',(-0.707106781186547,0.707106781186547,0.));
#5357=DIRECTION('',(0.,0.,1.));
#5358=DIRECTION('center_axis',(0.,0.,1.));
#5359=DIRECTION('ref_axis',(0.,-1.,0.));
#5360=DIRECTION('center_axis',(0.,0.,-1.));
#5361=DIRECTION('ref_axis',(0.,1.,0.));
#5362=DIRECTION('',(0.,0.,1.));
#5363=DIRECTION('center_axis',(0.707106781186548,-0.707106781186548,0.));
#5364=DIRECTION('ref_axis',(-0.707106781186548,-0.707106781186548,0.));
#5365=DIRECTION('',(0.707106781186548,0.707106781186548,0.));
#5366=DIRECTION('',(0.,0.,1.));
#5367=DIRECTION('',(0.,0.,1.));
#5368=DIRECTION('center_axis',(0.,0.,1.));
#5369=DIRECTION('ref_axis',(0.,-1.,0.));
#5370=DIRECTION('center_axis',(0.,0.,-1.));
#5371=DIRECTION('ref_axis',(0.,1.,0.));
#5372=DIRECTION('',(0.,0.,1.));
#5373=DIRECTION('center_axis',(0.,-1.,0.));
#5374=DIRECTION('ref_axis',(0.,0.,-1.));
#5375=DIRECTION('',(1.,0.,0.));
#5376=DIRECTION('',(0.,0.,1.));
#5377=DIRECTION('center_axis',(0.,0.,1.));
#5378=DIRECTION('ref_axis',(0.,-1.,0.));
#5379=DIRECTION('center_axis',(0.,0.,-1.));
#5380=DIRECTION('ref_axis',(0.,1.,0.));
#5381=DIRECTION('',(0.,0.,1.));
#5382=DIRECTION('',(0.,0.,1.));
#5383=DIRECTION('center_axis',(1.,0.,0.));
#5384=DIRECTION('ref_axis',(0.,0.,-1.));
#5385=DIRECTION('',(0.,1.,0.));
#5386=DIRECTION('',(0.,0.,1.));
#5387=DIRECTION('center_axis',(0.,0.,1.));
#5388=DIRECTION('ref_axis',(0.,-1.,0.));
#5389=DIRECTION('center_axis',(0.,0.,-1.));
#5390=DIRECTION('ref_axis',(0.,1.,0.));
#5391=DIRECTION('',(0.,0.,1.));
#5392=DIRECTION('center_axis',(0.707106781186548,0.707106781186548,0.));
#5393=DIRECTION('ref_axis',(0.707106781186548,-0.707106781186548,0.));
#5394=DIRECTION('',(-0.707106781186548,0.707106781186548,0.));
#5395=DIRECTION('',(0.,0.,1.));
#5396=DIRECTION('',(0.,0.,1.));
#5397=DIRECTION('center_axis',(0.,0.,1.));
#5398=DIRECTION('ref_axis',(0.,-1.,0.));
#5399=DIRECTION('center_axis',(0.,0.,-1.));
#5400=DIRECTION('ref_axis',(0.,1.,0.));
#5401=DIRECTION('',(0.,0.,1.));
#5402=DIRECTION('center_axis',(0.,1.,0.));
#5403=DIRECTION('ref_axis',(0.,0.,1.));
#5404=DIRECTION('',(-1.,0.,0.));
#5405=DIRECTION('',(0.,0.,1.));
#5406=DIRECTION('center_axis',(0.,0.,1.));
#5407=DIRECTION('ref_axis',(0.,-1.,0.));
#5408=DIRECTION('center_axis',(0.,0.,-1.));
#5409=DIRECTION('ref_axis',(0.,1.,0.));
#5410=DIRECTION('',(0.,0.,1.));
#5411=DIRECTION('',(0.,0.,1.));
#5412=DIRECTION('center_axis',(0.707106781186548,0.707106781186548,0.));
#5413=DIRECTION('ref_axis',(0.707106781186548,-0.707106781186548,0.));
#5414=DIRECTION('',(-0.707106781186547,0.707106781186547,0.));
#5415=DIRECTION('',(0.,0.,1.));
#5416=DIRECTION('center_axis',(0.,0.,1.));
#5417=DIRECTION('ref_axis',(0.,-1.,0.));
#5418=DIRECTION('center_axis',(0.,0.,-1.));
#5419=DIRECTION('ref_axis',(0.,1.,0.));
#5420=DIRECTION('',(0.,0.,1.));
#5421=DIRECTION('center_axis',(0.707106781186548,0.707106781186548,0.));
#5422=DIRECTION('ref_axis',(0.707106781186548,-0.707106781186548,0.));
#5423=DIRECTION('',(-0.707106781186548,0.707106781186548,0.));
#5424=DIRECTION('',(0.,0.,1.));
#5425=DIRECTION('',(0.,0.,1.));
#5426=DIRECTION('center_axis',(0.,0.,1.));
#5427=DIRECTION('ref_axis',(0.,-1.,0.));
#5428=DIRECTION('center_axis',(0.,0.,-1.));
#5429=DIRECTION('ref_axis',(0.,1.,0.));
#5430=DIRECTION('',(0.,0.,1.));
#5431=DIRECTION('center_axis',(1.,0.,0.));
#5432=DIRECTION('ref_axis',(0.,0.,-1.));
#5433=DIRECTION('',(0.,1.,0.));
#5434=DIRECTION('',(0.,0.,1.));
#5435=DIRECTION('center_axis',(0.,-1.,0.));
#5436=DIRECTION('ref_axis',(0.,0.,-1.));
#5437=DIRECTION('',(1.,0.,0.));
#5438=DIRECTION('',(0.,0.,1.));
#5439=DIRECTION('',(0.,0.,1.));
#5440=DIRECTION('center_axis',(0.,0.,1.));
#5441=DIRECTION('ref_axis',(0.,-1.,0.));
#5442=DIRECTION('center_axis',(0.,0.,-1.));
#5443=DIRECTION('ref_axis',(0.,1.,0.));
#5444=DIRECTION('',(0.,0.,1.));
#5445=DIRECTION('center_axis',(-0.707106781186548,-0.707106781186548,0.));
#5446=DIRECTION('ref_axis',(-0.707106781186548,0.707106781186548,0.));
#5447=DIRECTION('',(0.707106781186548,-0.707106781186548,0.));
#5448=DIRECTION('',(0.,0.,1.));
#5449=DIRECTION('center_axis',(1.,0.,0.));
#5450=DIRECTION('ref_axis',(0.,0.,-1.));
#5451=DIRECTION('',(0.,1.,0.));
#5452=DIRECTION('',(0.,0.,1.));
#5453=DIRECTION('',(0.,0.,1.));
#5454=DIRECTION('center_axis',(0.,0.,1.));
#5455=DIRECTION('ref_axis',(0.,-1.,0.));
#5456=DIRECTION('center_axis',(0.,0.,-1.));
#5457=DIRECTION('ref_axis',(0.,1.,0.));
#5458=DIRECTION('',(0.,0.,1.));
#5459=DIRECTION('center_axis',(0.707106781186548,-0.707106781186548,0.));
#5460=DIRECTION('ref_axis',(-0.707106781186548,-0.707106781186548,0.));
#5461=DIRECTION('',(0.707106781186548,0.707106781186548,0.));
#5462=DIRECTION('',(0.,0.,1.));
#5463=DIRECTION('center_axis',(-1.,0.,0.));
#5464=DIRECTION('ref_axis',(0.,0.,1.));
#5465=DIRECTION('',(0.,-1.,0.));
#5466=DIRECTION('',(0.,0.,1.));
#5467=DIRECTION('',(0.,0.,1.));
#5468=DIRECTION('center_axis',(0.,0.,1.));
#5469=DIRECTION('ref_axis',(0.,-1.,0.));
#5470=DIRECTION('center_axis',(0.,0.,-1.));
#5471=DIRECTION('ref_axis',(0.,1.,0.));
#5472=DIRECTION('',(0.,0.,1.));
#5473=DIRECTION('center_axis',(-0.707106781186548,0.707106781186548,0.));
#5474=DIRECTION('ref_axis',(0.707106781186548,0.707106781186548,0.));
#5475=DIRECTION('',(-0.707106781186548,-0.707106781186548,0.));
#5476=DIRECTION('',(0.,0.,1.));
#5477=DIRECTION('center_axis',(-0.707106781186548,-0.707106781186548,0.));
#5478=DIRECTION('ref_axis',(-0.707106781186548,0.707106781186548,0.));
#5479=DIRECTION('',(0.707106781186547,-0.707106781186547,0.));
#5480=DIRECTION('',(0.,0.,1.));
#5481=DIRECTION('',(0.,0.,1.));
#5482=DIRECTION('center_axis',(0.,0.,1.));
#5483=DIRECTION('ref_axis',(0.,-1.,0.));
#5484=DIRECTION('center_axis',(0.,0.,-1.));
#5485=DIRECTION('ref_axis',(0.,1.,0.));
#5486=DIRECTION('',(0.,0.,1.));
#5487=DIRECTION('center_axis',(0.,-1.,0.));
#5488=DIRECTION('ref_axis',(0.,0.,-1.));
#5489=DIRECTION('',(1.,0.,0.));
#5490=DIRECTION('',(0.,0.,1.));
#5491=DIRECTION('center_axis',(-0.707106781186548,-0.707106781186548,0.));
#5492=DIRECTION('ref_axis',(-0.707106781186548,0.707106781186548,0.));
#5493=DIRECTION('',(0.707106781186547,-0.707106781186547,0.));
#5494=DIRECTION('',(0.,0.,1.));
#5495=DIRECTION('',(0.,0.,1.));
#5496=DIRECTION('center_axis',(0.,0.,1.));
#5497=DIRECTION('ref_axis',(0.,-1.,0.));
#5498=DIRECTION('center_axis',(0.,0.,-1.));
#5499=DIRECTION('ref_axis',(0.,1.,0.));
#5500=DIRECTION('',(0.,0.,1.));
#5501=DIRECTION('center_axis',(-1.,0.,0.));
#5502=DIRECTION('ref_axis',(0.,0.,1.));
#5503=DIRECTION('',(0.,-1.,0.));
#5504=DIRECTION('',(0.,0.,1.));
#5505=DIRECTION('center_axis',(-0.707106781186548,0.707106781186548,0.));
#5506=DIRECTION('ref_axis',(0.707106781186548,0.707106781186548,0.));
#5507=DIRECTION('',(-0.707106781186548,-0.707106781186548,0.));
#5508=DIRECTION('',(0.,0.,1.));
#5509=DIRECTION('',(0.,0.,1.));
#5510=DIRECTION('center_axis',(0.,0.,1.));
#5511=DIRECTION('ref_axis',(0.,-1.,0.));
#5512=DIRECTION('center_axis',(0.,0.,-1.));
#5513=DIRECTION('ref_axis',(0.,1.,0.));
#5514=DIRECTION('',(0.,0.,1.));
#5515=DIRECTION('center_axis',(0.,1.,0.));
#5516=DIRECTION('ref_axis',(0.,0.,1.));
#5517=DIRECTION('',(-1.,0.,0.));
#5518=DIRECTION('',(0.,0.,1.));
#5519=DIRECTION('center_axis',(0.,0.,1.));
#5520=DIRECTION('ref_axis',(0.,-1.,0.));
#5521=DIRECTION('center_axis',(0.,0.,-1.));
#5522=DIRECTION('ref_axis',(0.,1.,0.));
#5523=DIRECTION('',(0.,0.,1.));
#5524=DIRECTION('',(0.,0.,1.));
#5525=DIRECTION('center_axis',(-0.707106781186548,-0.707106781186548,0.));
#5526=DIRECTION('ref_axis',(-0.707106781186548,0.707106781186548,0.));
#5527=DIRECTION('',(0.707106781186548,-0.707106781186548,0.));
#5528=DIRECTION('',(0.,0.,1.));
#5529=DIRECTION('center_axis',(0.,0.,1.));
#5530=DIRECTION('ref_axis',(0.,-1.,0.));
#5531=DIRECTION('center_axis',(0.,0.,-1.));
#5532=DIRECTION('ref_axis',(0.,1.,0.));
#5533=DIRECTION('',(0.,0.,1.));
#5534=DIRECTION('center_axis',(-0.707106781186548,-0.707106781186548,0.));
#5535=DIRECTION('ref_axis',(-0.707106781186548,0.707106781186548,0.));
#5536=DIRECTION('',(0.707106781186547,-0.707106781186547,0.));
#5537=DIRECTION('',(0.,0.,1.));
#5538=DIRECTION('',(0.,0.,1.));
#5539=DIRECTION('center_axis',(0.,0.,1.));
#5540=DIRECTION('ref_axis',(0.,-1.,0.));
#5541=DIRECTION('center_axis',(0.,0.,-1.));
#5542=DIRECTION('ref_axis',(0.,1.,0.));
#5543=DIRECTION('',(0.,0.,1.));
#5544=DIRECTION('center_axis',(-1.,0.,0.));
#5545=DIRECTION('ref_axis',(0.,0.,1.));
#5546=DIRECTION('',(0.,-1.,0.));
#5547=DIRECTION('',(0.,0.,1.));
#5548=DIRECTION('center_axis',(0.,0.,1.));
#5549=DIRECTION('ref_axis',(0.,-1.,0.));
#5550=DIRECTION('center_axis',(0.,0.,-1.));
#5551=DIRECTION('ref_axis',(0.,1.,0.));
#5552=DIRECTION('',(0.,0.,1.));
#5553=DIRECTION('',(0.,0.,1.));
#5554=DIRECTION('center_axis',(0.707106781186548,-0.707106781186548,0.));
#5555=DIRECTION('ref_axis',(-0.707106781186548,-0.707106781186548,0.));
#5556=DIRECTION('',(0.707106781186547,0.707106781186547,0.));
#5557=DIRECTION('',(0.,0.,1.));
#5558=DIRECTION('center_axis',(0.,0.,1.));
#5559=DIRECTION('ref_axis',(0.,-1.,0.));
#5560=DIRECTION('center_axis',(0.,0.,-1.));
#5561=DIRECTION('ref_axis',(0.,1.,0.));
#5562=DIRECTION('',(0.,0.,1.));
#5563=DIRECTION('center_axis',(0.707106781186548,-0.707106781186548,0.));
#5564=DIRECTION('ref_axis',(-0.707106781186548,-0.707106781186548,0.));
#5565=DIRECTION('',(0.707106781186547,0.707106781186547,0.));
#5566=DIRECTION('',(0.,0.,1.));
#5567=DIRECTION('',(0.,0.,1.));
#5568=DIRECTION('center_axis',(0.,0.,1.));
#5569=DIRECTION('ref_axis',(0.,-1.,0.));
#5570=DIRECTION('center_axis',(0.,0.,-1.));
#5571=DIRECTION('ref_axis',(0.,1.,0.));
#5572=DIRECTION('',(0.,0.,1.));
#5573=DIRECTION('center_axis',(1.,0.,0.));
#5574=DIRECTION('ref_axis',(0.,0.,-1.));
#5575=DIRECTION('',(0.,1.,0.));
#5576=DIRECTION('',(0.,0.,1.));
#5577=DIRECTION('center_axis',(1.,0.,0.));
#5578=DIRECTION('ref_axis',(0.,0.,-1.));
#5579=DIRECTION('',(0.,1.,0.));
#5580=DIRECTION('',(0.,0.,1.));
#5581=DIRECTION('',(0.,0.,1.));
#5582=DIRECTION('center_axis',(0.,0.,1.));
#5583=DIRECTION('ref_axis',(0.,-1.,0.));
#5584=DIRECTION('center_axis',(0.,0.,-1.));
#5585=DIRECTION('ref_axis',(0.,1.,0.));
#5586=DIRECTION('',(0.,0.,1.));
#5587=DIRECTION('center_axis',(0.707106781186548,0.707106781186548,0.));
#5588=DIRECTION('ref_axis',(0.707106781186548,-0.707106781186548,0.));
#5589=DIRECTION('',(-0.707106781186548,0.707106781186548,0.));
#5590=DIRECTION('',(0.,0.,1.));
#5591=DIRECTION('center_axis',(0.,0.,1.));
#5592=DIRECTION('ref_axis',(0.,-1.,0.));
#5593=DIRECTION('center_axis',(0.,0.,-1.));
#5594=DIRECTION('ref_axis',(0.,1.,0.));
#5595=DIRECTION('',(0.,0.,1.));
#5596=DIRECTION('',(0.,0.,1.));
#5597=DIRECTION('center_axis',(1.,0.,0.));
#5598=DIRECTION('ref_axis',(0.,0.,-1.));
#5599=DIRECTION('',(0.,1.,0.));
#5600=DIRECTION('',(0.,0.,1.));
#5601=DIRECTION('center_axis',(0.,0.,1.));
#5602=DIRECTION('ref_axis',(0.,-1.,0.));
#5603=DIRECTION('center_axis',(0.,0.,-1.));
#5604=DIRECTION('ref_axis',(0.,1.,0.));
#5605=DIRECTION('',(0.,0.,1.));
#5606=DIRECTION('center_axis',(0.,0.,1.));
#5607=DIRECTION('ref_axis',(0.,-1.,0.));
#5608=DIRECTION('center_axis',(0.,0.,-1.));
#5609=DIRECTION('ref_axis',(0.,1.,0.));
#5610=DIRECTION('',(0.,0.,1.));
#5611=DIRECTION('',(0.,0.,1.));
#5612=DIRECTION('center_axis',(0.707106781186548,-0.707106781186548,0.));
#5613=DIRECTION('ref_axis',(-0.707106781186548,-0.707106781186548,0.));
#5614=DIRECTION('',(0.707106781186548,0.707106781186548,0.));
#5615=DIRECTION('',(0.,0.,1.));
#5616=DIRECTION('center_axis',(0.,0.,1.));
#5617=DIRECTION('ref_axis',(0.,-1.,0.));
#5618=DIRECTION('center_axis',(0.,0.,-1.));
#5619=DIRECTION('ref_axis',(0.,1.,0.));
#5620=DIRECTION('',(0.,0.,1.));
#5621=DIRECTION('center_axis',(0.707106781186548,-0.707106781186548,0.));
#5622=DIRECTION('ref_axis',(-0.707106781186548,-0.707106781186548,0.));
#5623=DIRECTION('',(0.707106781186548,0.707106781186548,0.));
#5624=DIRECTION('',(0.,0.,1.));
#5625=DIRECTION('',(0.,0.,1.));
#5626=DIRECTION('center_axis',(0.,0.,1.));
#5627=DIRECTION('ref_axis',(0.,-1.,0.));
#5628=DIRECTION('center_axis',(0.,0.,-1.));
#5629=DIRECTION('ref_axis',(0.,1.,0.));
#5630=DIRECTION('',(0.,0.,1.));
#5631=DIRECTION('center_axis',(1.,0.,0.));
#5632=DIRECTION('ref_axis',(0.,0.,-1.));
#5633=DIRECTION('',(0.,1.,0.));
#5634=DIRECTION('',(0.,0.,1.));
#5635=DIRECTION('center_axis',(0.707106781186548,0.707106781186548,0.));
#5636=DIRECTION('ref_axis',(0.707106781186548,-0.707106781186548,0.));
#5637=DIRECTION('',(-0.707106781186548,0.707106781186548,0.));
#5638=DIRECTION('',(0.,0.,1.));
#5639=DIRECTION('center_axis',(0.,0.,1.));
#5640=DIRECTION('ref_axis',(0.,-1.,0.));
#5641=DIRECTION('center_axis',(0.,0.,-1.));
#5642=DIRECTION('ref_axis',(0.,1.,0.));
#5643=DIRECTION('',(0.,0.,1.));
#5644=DIRECTION('center_axis',(0.,0.,1.));
#5645=DIRECTION('ref_axis',(0.,-1.,0.));
#5646=DIRECTION('center_axis',(0.,0.,-1.));
#5647=DIRECTION('ref_axis',(0.,1.,0.));
#5648=DIRECTION('',(0.,0.,1.));
#5649=DIRECTION('',(0.,0.,1.));
#5650=DIRECTION('center_axis',(0.,-1.,0.));
#5651=DIRECTION('ref_axis',(0.,0.,-1.));
#5652=DIRECTION('',(1.,0.,0.));
#5653=DIRECTION('',(0.,0.,1.));
#5654=DIRECTION('center_axis',(0.,0.,1.));
#5655=DIRECTION('ref_axis',(0.,-1.,0.));
#5656=DIRECTION('center_axis',(0.,0.,-1.));
#5657=DIRECTION('ref_axis',(0.,1.,0.));
#5658=DIRECTION('',(0.,0.,1.));
#5659=DIRECTION('center_axis',(0.,0.,1.));
#5660=DIRECTION('ref_axis',(0.,-1.,0.));
#5661=DIRECTION('center_axis',(0.,0.,-1.));
#5662=DIRECTION('ref_axis',(0.,1.,0.));
#5663=DIRECTION('',(0.,0.,1.));
#5664=DIRECTION('',(0.,0.,1.));
#5665=DIRECTION('center_axis',(-0.707106781186548,0.707106781186548,0.));
#5666=DIRECTION('ref_axis',(0.707106781186548,0.707106781186548,0.));
#5667=DIRECTION('',(-0.707106781186548,-0.707106781186548,0.));
#5668=DIRECTION('center_axis',(-0.707106781186548,0.707106781186548,0.));
#5669=DIRECTION('ref_axis',(0.707106781186548,0.707106781186548,0.));
#5670=DIRECTION('',(-0.707106781186548,-0.707106781186548,0.));
#5671=DIRECTION('',(0.,0.,1.));
#5672=DIRECTION('center_axis',(0.,0.,1.));
#5673=DIRECTION('ref_axis',(0.,-1.,0.));
#5674=DIRECTION('center_axis',(0.,0.,-1.));
#5675=DIRECTION('ref_axis',(0.,1.,0.));
#5676=DIRECTION('',(0.,0.,1.));
#5677=DIRECTION('center_axis',(0.,1.,0.));
#5678=DIRECTION('ref_axis',(0.,0.,1.));
#5679=DIRECTION('',(-1.,0.,0.));
#5680=DIRECTION('center_axis',(-0.707106781186548,-0.707106781186548,0.));
#5681=DIRECTION('ref_axis',(-0.707106781186548,0.707106781186548,0.));
#5682=DIRECTION('',(0.707106781186548,-0.707106781186548,0.));
#5683=DIRECTION('',(0.,0.,1.));
#5684=DIRECTION('center_axis',(0.,0.,1.));
#5685=DIRECTION('ref_axis',(0.,-1.,0.));
#5686=DIRECTION('center_axis',(0.,0.,-1.));
#5687=DIRECTION('ref_axis',(0.,1.,0.));
#5688=DIRECTION('',(0.,0.,1.));
#5689=DIRECTION('center_axis',(0.,0.,1.));
#5690=DIRECTION('ref_axis',(0.,-1.,0.));
#5691=DIRECTION('center_axis',(0.,0.,-1.));
#5692=DIRECTION('ref_axis',(0.,1.,0.));
#5693=DIRECTION('',(0.,0.,1.));
#5694=DIRECTION('',(0.,0.,1.));
#5695=DIRECTION('center_axis',(-0.707106781186548,0.707106781186548,0.));
#5696=DIRECTION('ref_axis',(0.707106781186548,0.707106781186548,0.));
#5697=DIRECTION('',(-0.707106781186548,-0.707106781186548,0.));
#5698=DIRECTION('',(0.,0.,1.));
#5699=DIRECTION('center_axis',(0.,0.,1.));
#5700=DIRECTION('ref_axis',(0.,-1.,0.));
#5701=DIRECTION('center_axis',(0.,0.,-1.));
#5702=DIRECTION('ref_axis',(0.,1.,0.));
#5703=DIRECTION('',(0.,0.,1.));
#5704=DIRECTION('center_axis',(0.,1.,0.));
#5705=DIRECTION('ref_axis',(0.,0.,1.));
#5706=DIRECTION('',(-1.,0.,0.));
#5707=DIRECTION('',(0.,0.,1.));
#5708=DIRECTION('center_axis',(0.,0.,1.));
#5709=DIRECTION('ref_axis',(0.,-1.,0.));
#5710=DIRECTION('center_axis',(0.,0.,-1.));
#5711=DIRECTION('ref_axis',(0.,1.,0.));
#5712=DIRECTION('',(0.,0.,1.));
#5713=DIRECTION('center_axis',(0.707106781186548,0.707106781186548,0.));
#5714=DIRECTION('ref_axis',(0.707106781186548,-0.707106781186548,0.));
#5715=DIRECTION('',(-0.707106781186548,0.707106781186548,0.));
#5716=DIRECTION('center_axis',(0.,-1.,0.));
#5717=DIRECTION('ref_axis',(0.,0.,-1.));
#5718=DIRECTION('',(1.,0.,0.));
#5719=DIRECTION('',(0.,0.,1.));
#5720=DIRECTION('center_axis',(0.,0.,1.));
#5721=DIRECTION('ref_axis',(0.,-1.,0.));
#5722=DIRECTION('center_axis',(0.,0.,-1.));
#5723=DIRECTION('ref_axis',(0.,1.,0.));
#5724=DIRECTION('',(0.,0.,1.));
#5725=DIRECTION('center_axis',(0.,0.,1.));
#5726=DIRECTION('ref_axis',(0.,-1.,0.));
#5727=DIRECTION('center_axis',(0.,0.,-1.));
#5728=DIRECTION('ref_axis',(0.,1.,0.));
#5729=DIRECTION('',(0.,0.,1.));
#5730=DIRECTION('',(0.,0.,1.));
#5731=DIRECTION('center_axis',(-1.,0.,0.));
#5732=DIRECTION('ref_axis',(0.,0.,1.));
#5733=DIRECTION('',(0.,-1.,0.));
#5734=DIRECTION('',(0.,0.,1.));
#5735=DIRECTION('center_axis',(0.,0.,1.));
#5736=DIRECTION('ref_axis',(0.,-1.,0.));
#5737=DIRECTION('center_axis',(0.,0.,-1.));
#5738=DIRECTION('ref_axis',(0.,1.,0.));
#5739=DIRECTION('',(0.,0.,1.));
#5740=DIRECTION('center_axis',(0.,0.,1.));
#5741=DIRECTION('ref_axis',(0.,-1.,0.));
#5742=DIRECTION('center_axis',(0.,0.,-1.));
#5743=DIRECTION('ref_axis',(0.,1.,0.));
#5744=DIRECTION('',(0.,0.,1.));
#5745=DIRECTION('',(0.,0.,1.));
#5746=DIRECTION('center_axis',(-1.,0.,0.));
#5747=DIRECTION('ref_axis',(0.,0.,1.));
#5748=DIRECTION('',(0.,-1.,0.));
#5749=DIRECTION('',(0.,0.,1.));
#5750=DIRECTION('center_axis',(0.,0.,1.));
#5751=DIRECTION('ref_axis',(0.,-1.,0.));
#5752=DIRECTION('center_axis',(0.,0.,-1.));
#5753=DIRECTION('ref_axis',(0.,1.,0.));
#5754=DIRECTION('',(0.,0.,1.));
#5755=DIRECTION('center_axis',(0.,1.,0.));
#5756=DIRECTION('ref_axis',(0.,0.,1.));
#5757=DIRECTION('',(-1.,0.,0.));
#5758=DIRECTION('',(0.,0.,1.));
#5759=DIRECTION('',(0.,0.,1.));
#5760=DIRECTION('center_axis',(0.,0.,1.));
#5761=DIRECTION('ref_axis',(0.,-1.,0.));
#5762=DIRECTION('center_axis',(0.,0.,-1.));
#5763=DIRECTION('ref_axis',(0.,1.,0.));
#5764=DIRECTION('',(0.,0.,1.));
#5765=DIRECTION('center_axis',(0.707106781186548,0.707106781186548,0.));
#5766=DIRECTION('ref_axis',(0.707106781186548,-0.707106781186548,0.));
#5767=DIRECTION('',(-0.707106781186548,0.707106781186548,0.));
#5768=DIRECTION('',(0.,0.,1.));
#5769=DIRECTION('center_axis',(0.,-1.,0.));
#5770=DIRECTION('ref_axis',(0.,0.,-1.));
#5771=DIRECTION('',(1.,0.,0.));
#5772=DIRECTION('',(0.,0.,1.));
#5773=DIRECTION('',(0.,0.,1.));
#5774=DIRECTION('center_axis',(0.,0.,1.));
#5775=DIRECTION('ref_axis',(0.,-1.,0.));
#5776=DIRECTION('center_axis',(0.,0.,-1.));
#5777=DIRECTION('ref_axis',(0.,1.,0.));
#5778=DIRECTION('',(0.,0.,1.));
#5779=DIRECTION('center_axis',(-0.707106781186548,-0.707106781186548,0.));
#5780=DIRECTION('ref_axis',(-0.707106781186548,0.707106781186548,0.));
#5781=DIRECTION('',(0.707106781186548,-0.707106781186548,0.));
#5782=DIRECTION('',(0.,0.,1.));
#5783=DIRECTION('center_axis',(-1.,0.,0.));
#5784=DIRECTION('ref_axis',(0.,0.,1.));
#5785=DIRECTION('',(0.,-1.,0.));
#5786=DIRECTION('',(0.,0.,1.));
#5787=DIRECTION('',(0.,0.,1.));
#5788=DIRECTION('center_axis',(0.,0.,1.));
#5789=DIRECTION('ref_axis',(0.,-1.,0.));
#5790=DIRECTION('center_axis',(0.,0.,-1.));
#5791=DIRECTION('ref_axis',(0.,1.,0.));
#5792=DIRECTION('',(0.,0.,1.));
#5793=DIRECTION('center_axis',(-0.707106781186548,-0.707106781186548,0.));
#5794=DIRECTION('ref_axis',(-0.707106781186548,0.707106781186548,0.));
#5795=DIRECTION('',(0.707106781186547,-0.707106781186547,0.));
#5796=DIRECTION('',(0.,0.,1.));
#5797=DIRECTION('center_axis',(-1.,0.,0.));
#5798=DIRECTION('ref_axis',(0.,0.,1.));
#5799=DIRECTION('',(0.,-1.,0.));
#5800=DIRECTION('',(0.,0.,1.));
#5801=DIRECTION('',(0.,0.,1.));
#5802=DIRECTION('center_axis',(0.,0.,1.));
#5803=DIRECTION('ref_axis',(0.,-1.,0.));
#5804=DIRECTION('center_axis',(0.,0.,-1.));
#5805=DIRECTION('ref_axis',(0.,1.,0.));
#5806=DIRECTION('',(0.,0.,1.));
#5807=DIRECTION('center_axis',(-0.707106781186548,0.707106781186548,0.));
#5808=DIRECTION('ref_axis',(0.707106781186548,0.707106781186548,0.));
#5809=DIRECTION('',(-0.707106781186548,-0.707106781186548,0.));
#5810=DIRECTION('',(0.,0.,1.));
#5811=DIRECTION('center_axis',(0.,0.,1.));
#5812=DIRECTION('ref_axis',(0.,-1.,0.));
#5813=DIRECTION('center_axis',(0.,0.,-1.));
#5814=DIRECTION('ref_axis',(0.,1.,0.));
#5815=DIRECTION('',(0.,0.,1.));
#5816=DIRECTION('',(0.,0.,1.));
#5817=DIRECTION('center_axis',(-1.,0.,0.));
#5818=DIRECTION('ref_axis',(0.,0.,1.));
#5819=DIRECTION('',(0.,-1.,0.));
#5820=DIRECTION('',(0.,0.,1.));
#5821=DIRECTION('center_axis',(0.,0.,1.));
#5822=DIRECTION('ref_axis',(0.,-1.,0.));
#5823=DIRECTION('center_axis',(0.,0.,-1.));
#5824=DIRECTION('ref_axis',(0.,1.,0.));
#5825=DIRECTION('',(0.,0.,1.));
#5826=DIRECTION('center_axis',(-1.,0.,0.));
#5827=DIRECTION('ref_axis',(0.,0.,1.));
#5828=DIRECTION('',(0.,-1.,0.));
#5829=DIRECTION('',(0.,0.,1.));
#5830=DIRECTION('',(0.,0.,1.));
#5831=DIRECTION('center_axis',(0.,0.,1.));
#5832=DIRECTION('ref_axis',(0.,-1.,0.));
#5833=DIRECTION('center_axis',(0.,0.,-1.));
#5834=DIRECTION('ref_axis',(0.,1.,0.));
#5835=DIRECTION('',(0.,0.,1.));
#5836=DIRECTION('center_axis',(-0.707106781186548,0.707106781186548,0.));
#5837=DIRECTION('ref_axis',(0.707106781186548,0.707106781186548,0.));
#5838=DIRECTION('',(-0.707106781186547,-0.707106781186547,0.));
#5839=DIRECTION('',(0.,0.,1.));
#5840=DIRECTION('center_axis',(0.,0.,1.));
#5841=DIRECTION('ref_axis',(0.,-1.,0.));
#5842=DIRECTION('center_axis',(0.,0.,-1.));
#5843=DIRECTION('ref_axis',(0.,1.,0.));
#5844=DIRECTION('',(0.,0.,1.));
#5845=DIRECTION('',(0.,0.,1.));
#5846=DIRECTION('center_axis',(0.707106781186548,0.707106781186548,0.));
#5847=DIRECTION('ref_axis',(0.707106781186548,-0.707106781186548,0.));
#5848=DIRECTION('',(-0.707106781186547,0.707106781186547,0.));
#5849=DIRECTION('',(0.,0.,1.));
#5850=DIRECTION('center_axis',(0.,0.,1.));
#5851=DIRECTION('ref_axis',(0.,-1.,0.));
#5852=DIRECTION('center_axis',(0.,0.,-1.));
#5853=DIRECTION('ref_axis',(0.,1.,0.));
#5854=DIRECTION('',(0.,0.,1.));
#5855=DIRECTION('center_axis',(0.707106781186548,-0.707106781186548,0.));
#5856=DIRECTION('ref_axis',(-0.707106781186548,-0.707106781186548,0.));
#5857=DIRECTION('',(0.707106781186548,0.707106781186548,0.));
#5858=DIRECTION('',(0.,0.,1.));
#5859=DIRECTION('center_axis',(0.,0.,1.));
#5860=DIRECTION('ref_axis',(0.,-1.,0.));
#5861=DIRECTION('center_axis',(0.,0.,-1.));
#5862=DIRECTION('ref_axis',(0.,1.,0.));
#5863=DIRECTION('',(0.,0.,1.));
#5864=DIRECTION('center_axis',(0.,0.,1.));
#5865=DIRECTION('ref_axis',(0.,-1.,0.));
#5866=DIRECTION('center_axis',(0.,0.,-1.));
#5867=DIRECTION('ref_axis',(0.,1.,0.));
#5868=DIRECTION('',(0.,0.,1.));
#5869=DIRECTION('',(0.,0.,1.));
#5870=DIRECTION('center_axis',(1.,0.,0.));
#5871=DIRECTION('ref_axis',(0.,0.,-1.));
#5872=DIRECTION('',(0.,1.,0.));
#5873=DIRECTION('',(0.,0.,1.));
#5874=DIRECTION('center_axis',(0.,0.,1.));
#5875=DIRECTION('ref_axis',(0.,-1.,0.));
#5876=DIRECTION('center_axis',(0.,0.,-1.));
#5877=DIRECTION('ref_axis',(0.,1.,0.));
#5878=DIRECTION('',(0.,0.,1.));
#5879=DIRECTION('center_axis',(0.,-1.,0.));
#5880=DIRECTION('ref_axis',(0.,0.,-1.));
#5881=DIRECTION('',(1.,0.,0.));
#5882=DIRECTION('',(0.,0.,1.));
#5883=DIRECTION('',(0.,0.,1.));
#5884=DIRECTION('center_axis',(0.,0.,1.));
#5885=DIRECTION('ref_axis',(0.,-1.,0.));
#5886=DIRECTION('center_axis',(0.,0.,-1.));
#5887=DIRECTION('ref_axis',(0.,1.,0.));
#5888=DIRECTION('',(0.,0.,1.));
#5889=DIRECTION('center_axis',(-0.707106781186548,-0.707106781186548,0.));
#5890=DIRECTION('ref_axis',(-0.707106781186548,0.707106781186548,0.));
#5891=DIRECTION('',(0.707106781186547,-0.707106781186547,0.));
#5892=DIRECTION('',(0.,0.,1.));
#5893=DIRECTION('center_axis',(0.707106781186548,0.707106781186548,0.));
#5894=DIRECTION('ref_axis',(0.707106781186548,-0.707106781186548,0.));
#5895=DIRECTION('',(-0.707106781186547,0.707106781186547,0.));
#5896=DIRECTION('',(0.,0.,1.));
#5897=DIRECTION('',(0.,0.,1.));
#5898=DIRECTION('center_axis',(0.,0.,1.));
#5899=DIRECTION('ref_axis',(0.,-1.,0.));
#5900=DIRECTION('center_axis',(0.,0.,-1.));
#5901=DIRECTION('ref_axis',(0.,1.,0.));
#5902=DIRECTION('',(0.,0.,1.));
#5903=DIRECTION('center_axis',(1.,0.,0.));
#5904=DIRECTION('ref_axis',(0.,0.,-1.));
#5905=DIRECTION('',(0.,1.,0.));
#5906=DIRECTION('',(0.,0.,1.));
#5907=DIRECTION('center_axis',(0.,0.,1.));
#5908=DIRECTION('ref_axis',(0.,-1.,0.));
#5909=DIRECTION('center_axis',(0.,0.,-1.));
#5910=DIRECTION('ref_axis',(0.,1.,0.));
#5911=DIRECTION('center_axis',(0.,0.,1.));
#5912=DIRECTION('ref_axis',(0.,-1.,0.));
#5913=DIRECTION('center_axis',(0.,0.,-1.));
#5914=DIRECTION('ref_axis',(0.,1.,0.));
#5915=DIRECTION('center_axis',(0.,1.,0.));
#5916=DIRECTION('ref_axis',(0.,0.,1.));
#5917=DIRECTION('',(-1.,0.,0.));
#5918=DIRECTION('center_axis',(0.707106781186548,-0.707106781186548,0.));
#5919=DIRECTION('ref_axis',(-0.707106781186548,-0.707106781186548,0.));
#5920=DIRECTION('',(0.707106781186547,0.707106781186547,0.));
#5921=DIRECTION('center_axis',(0.,1.,0.));
#5922=DIRECTION('ref_axis',(0.,0.,1.));
#5923=DIRECTION('',(-1.,0.,0.));
#5924=DIRECTION('center_axis',(-0.707106781186548,0.707106781186548,0.));
#5925=DIRECTION('ref_axis',(0.707106781186548,0.707106781186548,0.));
#5926=DIRECTION('',(-0.707106781186547,-0.707106781186547,0.));
#5927=DIRECTION('center_axis',(0.,1.,0.));
#5928=DIRECTION('ref_axis',(1.,0.,0.));
#5929=DIRECTION('',(-1.,0.,0.));
#5930=DIRECTION('center_axis',(0.,0.,1.));
#5931=DIRECTION('ref_axis',(0.,-1.,0.));
#5932=DIRECTION('center_axis',(0.,0.,-1.));
#5933=DIRECTION('ref_axis',(0.,1.,0.));
#5934=DIRECTION('center_axis',(0.707106781186548,-0.707106781186548,0.));
#5935=DIRECTION('ref_axis',(-0.707106781186548,-0.707106781186548,0.));
#5936=DIRECTION('',(0.707106781186548,0.707106781186548,0.));
#5937=DIRECTION('center_axis',(0.,0.,1.));
#5938=DIRECTION('ref_axis',(0.,-1.,0.));
#5939=DIRECTION('center_axis',(0.,0.,-1.));
#5940=DIRECTION('ref_axis',(0.,1.,0.));
#5941=DIRECTION('center_axis',(1.,0.,0.));
#5942=DIRECTION('ref_axis',(0.,0.,-1.));
#5943=DIRECTION('',(0.,1.,0.));
#5944=DIRECTION('center_axis',(0.,0.,1.));
#5945=DIRECTION('ref_axis',(0.,-1.,0.));
#5946=DIRECTION('center_axis',(0.,0.,-1.));
#5947=DIRECTION('ref_axis',(0.,1.,0.));
#5948=DIRECTION('center_axis',(0.,0.,1.));
#5949=DIRECTION('ref_axis',(0.,-1.,0.));
#5950=DIRECTION('center_axis',(0.,0.,-1.));
#5951=DIRECTION('ref_axis',(0.,1.,0.));
#5952=DIRECTION('center_axis',(0.,0.,1.));
#5953=DIRECTION('ref_axis',(0.,-1.,0.));
#5954=DIRECTION('center_axis',(0.,0.,-1.));
#5955=DIRECTION('ref_axis',(0.,1.,0.));
#5956=DIRECTION('center_axis',(0.,0.,1.));
#5957=DIRECTION('ref_axis',(0.,-1.,0.));
#5958=DIRECTION('center_axis',(0.,0.,-1.));
#5959=DIRECTION('ref_axis',(0.,1.,0.));
#5960=DIRECTION('center_axis',(0.,0.,1.));
#5961=DIRECTION('ref_axis',(0.,-1.,0.));
#5962=DIRECTION('center_axis',(0.,0.,-1.));
#5963=DIRECTION('ref_axis',(0.,1.,0.));
#5964=DIRECTION('center_axis',(0.,0.,1.));
#5965=DIRECTION('ref_axis',(0.,-1.,0.));
#5966=DIRECTION('center_axis',(0.,0.,-1.));
#5967=DIRECTION('ref_axis',(0.,1.,0.));
#5968=DIRECTION('center_axis',(0.,0.,1.));
#5969=DIRECTION('ref_axis',(0.,-1.,0.));
#5970=DIRECTION('center_axis',(0.,0.,-1.));
#5971=DIRECTION('ref_axis',(0.,1.,0.));
#5972=DIRECTION('center_axis',(-1.,0.,0.));
#5973=DIRECTION('ref_axis',(0.,0.,1.));
#5974=DIRECTION('',(0.,-1.,0.));
#5975=DIRECTION('center_axis',(0.,0.,1.));
#5976=DIRECTION('ref_axis',(0.,-1.,0.));
#5977=DIRECTION('center_axis',(0.,0.,-1.));
#5978=DIRECTION('ref_axis',(0.,1.,0.));
#5979=DIRECTION('center_axis',(0.,-1.,0.));
#5980=DIRECTION('ref_axis',(0.,0.,-1.));
#5981=DIRECTION('',(1.,0.,0.));
#5982=DIRECTION('center_axis',(0.,0.,1.));
#5983=DIRECTION('ref_axis',(0.,-1.,0.));
#5984=DIRECTION('center_axis',(0.,0.,-1.));
#5985=DIRECTION('ref_axis',(0.,1.,0.));
#5986=DIRECTION('center_axis',(0.,0.,1.));
#5987=DIRECTION('ref_axis',(0.,-1.,0.));
#5988=DIRECTION('center_axis',(0.,0.,-1.));
#5989=DIRECTION('ref_axis',(0.,1.,0.));
#5990=DIRECTION('center_axis',(0.707106781186548,-0.707106781186548,0.));
#5991=DIRECTION('ref_axis',(-0.707106781186548,-0.707106781186548,0.));
#5992=DIRECTION('',(0.707106781186548,0.707106781186548,0.));
#5993=DIRECTION('center_axis',(0.,-1.,0.));
#5994=DIRECTION('ref_axis',(0.,0.,-1.));
#5995=DIRECTION('',(1.,0.,0.));
#5996=DIRECTION('center_axis',(0.,0.,1.));
#5997=DIRECTION('ref_axis',(0.,-1.,0.));
#5998=DIRECTION('center_axis',(0.,0.,-1.));
#5999=DIRECTION('ref_axis',(0.,1.,0.));
#6000=DIRECTION('center_axis',(1.,0.,0.));
#6001=DIRECTION('ref_axis',(0.,0.,-1.));
#6002=DIRECTION('',(0.,1.,0.));
#6003=DIRECTION('center_axis',(-0.707106781186548,-0.707106781186548,0.));
#6004=DIRECTION('ref_axis',(-0.707106781186548,0.707106781186548,0.));
#6005=DIRECTION('',(0.707106781186548,-0.707106781186548,0.));
#6006=DIRECTION('center_axis',(-1.,0.,0.));
#6007=DIRECTION('ref_axis',(0.,0.,1.));
#6008=DIRECTION('',(0.,-1.,0.));
#6009=DIRECTION('center_axis',(-1.,0.,0.));
#6010=DIRECTION('ref_axis',(0.,0.,1.));
#6011=DIRECTION('',(0.,-1.,0.));
#6012=DIRECTION('center_axis',(0.,0.,1.));
#6013=DIRECTION('ref_axis',(0.,-1.,0.));
#6014=DIRECTION('center_axis',(0.,0.,-1.));
#6015=DIRECTION('ref_axis',(0.,1.,0.));
#6016=DIRECTION('',(0.,0.,-1.));
#6017=DIRECTION('center_axis',(0.,1.,0.));
#6018=DIRECTION('ref_axis',(0.,0.,1.));
#6019=DIRECTION('',(-1.,0.,0.));
#6020=DIRECTION('center_axis',(-0.707106781186548,-0.707106781186548,0.));
#6021=DIRECTION('ref_axis',(-0.707106781186548,0.707106781186548,0.));
#6022=DIRECTION('',(0.707106781186548,-0.707106781186548,0.));
#6023=DIRECTION('center_axis',(-0.707106781186548,0.707106781186548,0.));
#6024=DIRECTION('ref_axis',(0.707106781186548,0.707106781186548,0.));
#6025=DIRECTION('',(-0.707106781186547,-0.707106781186547,0.));
#6026=DIRECTION('center_axis',(-0.707106781186548,0.707106781186548,0.));
#6027=DIRECTION('ref_axis',(0.707106781186548,0.707106781186548,0.));
#6028=DIRECTION('',(-0.707106781186548,-0.707106781186548,0.));
#6029=DIRECTION('center_axis',(0.,0.,1.));
#6030=DIRECTION('ref_axis',(0.,-1.,0.));
#6031=DIRECTION('center_axis',(0.,0.,-1.));
#6032=DIRECTION('ref_axis',(0.,1.,0.));
#6033=DIRECTION('center_axis',(0.,0.,1.));
#6034=DIRECTION('ref_axis',(0.,-1.,0.));
#6035=DIRECTION('center_axis',(0.,0.,-1.));
#6036=DIRECTION('ref_axis',(0.,1.,0.));
#6037=DIRECTION('center_axis',(0.,0.,1.));
#6038=DIRECTION('ref_axis',(0.,-1.,0.));
#6039=DIRECTION('center_axis',(0.,0.,-1.));
#6040=DIRECTION('ref_axis',(0.,1.,0.));
#6041=DIRECTION('center_axis',(0.,0.,1.));
#6042=DIRECTION('ref_axis',(0.,-1.,0.));
#6043=DIRECTION('center_axis',(0.,0.,-1.));
#6044=DIRECTION('ref_axis',(0.,1.,0.));
#6045=DIRECTION('center_axis',(-0.707106781186548,-0.707106781186548,0.));
#6046=DIRECTION('ref_axis',(-0.707106781186548,0.707106781186548,0.));
#6047=DIRECTION('',(0.707106781186548,-0.707106781186548,0.));
#6048=DIRECTION('center_axis',(0.,0.,1.));
#6049=DIRECTION('ref_axis',(0.,-1.,0.));
#6050=DIRECTION('center_axis',(0.,0.,-1.));
#6051=DIRECTION('ref_axis',(0.,1.,0.));
#6052=DIRECTION('center_axis',(1.,0.,0.));
#6053=DIRECTION('ref_axis',(0.,0.,-1.));
#6054=DIRECTION('',(0.,1.,0.));
#6055=DIRECTION('center_axis',(0.,-1.,0.));
#6056=DIRECTION('ref_axis',(0.,0.,-1.));
#6057=DIRECTION('',(1.,0.,0.));
#6058=DIRECTION('center_axis',(0.707106781186548,-0.707106781186548,0.));
#6059=DIRECTION('ref_axis',(-0.707106781186548,-0.707106781186548,0.));
#6060=DIRECTION('',(0.707106781186547,0.707106781186547,0.));
#6061=DIRECTION('center_axis',(0.,0.,1.));
#6062=DIRECTION('ref_axis',(0.,-1.,0.));
#6063=DIRECTION('center_axis',(0.,0.,-1.));
#6064=DIRECTION('ref_axis',(0.,1.,0.));
#6065=DIRECTION('center_axis',(0.,0.,1.));
#6066=DIRECTION('ref_axis',(0.,-1.,0.));
#6067=DIRECTION('center_axis',(0.,0.,-1.));
#6068=DIRECTION('ref_axis',(0.,1.,0.));
#6069=DIRECTION('center_axis',(0.,0.,1.));
#6070=DIRECTION('ref_axis',(0.,-1.,0.));
#6071=DIRECTION('center_axis',(0.,0.,-1.));
#6072=DIRECTION('ref_axis',(0.,1.,0.));
#6073=DIRECTION('center_axis',(0.,0.,-1.));
#6074=DIRECTION('ref_axis',(0.,1.,0.));
#6075=DIRECTION('center_axis',(0.,0.,1.));
#6076=DIRECTION('ref_axis',(0.,-1.,0.));
#6077=DIRECTION('center_axis',(0.,0.,1.));
#6078=DIRECTION('ref_axis',(0.,-1.,0.));
#6079=DIRECTION('center_axis',(0.,0.,1.));
#6080=DIRECTION('ref_axis',(0.,-1.,0.));
#6081=DIRECTION('center_axis',(0.,0.,1.));
#6082=DIRECTION('ref_axis',(0.,-1.,0.));
#6083=DIRECTION('center_axis',(0.,0.,1.));
#6084=DIRECTION('ref_axis',(0.,1.,0.));
#6085=DIRECTION('center_axis',(0.,0.,1.));
#6086=DIRECTION('ref_axis',(0.,1.,0.));
#6087=DIRECTION('center_axis',(0.,0.,1.));
#6088=DIRECTION('ref_axis',(0.,1.,0.));
#6089=DIRECTION('center_axis',(0.,0.,1.));
#6090=DIRECTION('ref_axis',(0.,1.,0.));
#6091=DIRECTION('center_axis',(0.,0.,1.));
#6092=DIRECTION('ref_axis',(0.,-1.,0.));
#6093=DIRECTION('',(0.,0.,1.));
#6094=DIRECTION('center_axis',(0.,0.,1.));
#6095=DIRECTION('ref_axis',(0.,-1.,0.));
#6096=DIRECTION('',(0.,0.,1.));
#6097=DIRECTION('center_axis',(0.,0.,1.));
#6098=DIRECTION('ref_axis',(0.,-1.,0.));
#6099=DIRECTION('',(0.,0.,1.));
#6100=DIRECTION('center_axis',(0.,0.,1.));
#6101=DIRECTION('ref_axis',(0.,-1.,0.));
#6102=DIRECTION('',(0.,0.,1.));
#6103=DIRECTION('center_axis',(0.,0.,1.));
#6104=DIRECTION('ref_axis',(0.,-1.,0.));
#6105=DIRECTION('',(0.,0.,1.));
#6106=DIRECTION('center_axis',(0.,0.,1.));
#6107=DIRECTION('ref_axis',(0.,-1.,0.));
#6108=DIRECTION('',(0.,0.,1.));
#6109=DIRECTION('center_axis',(0.,0.,1.));
#6110=DIRECTION('ref_axis',(0.,-1.,0.));
#6111=DIRECTION('',(0.,0.,1.));
#6112=DIRECTION('center_axis',(0.,0.,1.));
#6113=DIRECTION('ref_axis',(0.,-1.,0.));
#6114=DIRECTION('',(0.,0.,1.));
#6115=CARTESIAN_POINT('',(0.,0.,0.));
#6116=CARTESIAN_POINT('Origin',(335.949290756,349.10204012,349.753918311));
#6117=CARTESIAN_POINT('',(415.461629264,425.113802532,349.753918311));
#6118=CARTESIAN_POINT('',(445.920313278,351.626759024,349.753918311));
#6119=CARTESIAN_POINT('Origin',(335.949290756,349.10204012,349.753918311));
#6120=CARTESIAN_POINT('',(445.920313278,351.626759024,352.753918311));
#6121=CARTESIAN_POINT('',(445.920313278,351.626759024,349.753918311));
#6122=CARTESIAN_POINT('',(415.461629264,425.113802532,352.753918311));
#6123=CARTESIAN_POINT('Origin',(335.949290756,349.10204012,352.753918311));
#6124=CARTESIAN_POINT('',(415.461629264,425.113802532,349.753918311));
#6125=CARTESIAN_POINT('Origin',(335.949290756,349.10204012,349.753918311));
#6126=CARTESIAN_POINT('',(445.921437155,346.626759024,349.753918311));
#6127=CARTESIAN_POINT('',(415.495792373,273.126030219,349.753918311));
#6128=CARTESIAN_POINT('Origin',(335.949290756,349.10204012,349.753918311));
#6129=CARTESIAN_POINT('',(415.495792373,273.126030219,352.753918311));
#6130=CARTESIAN_POINT('',(415.495792373,273.126030219,349.753918311));
#6131=CARTESIAN_POINT('',(445.921437155,346.626759024,352.753918311));
#6132=CARTESIAN_POINT('Origin',(335.949290756,349.10204012,352.753918311));
#6133=CARTESIAN_POINT('',(445.921437155,346.626759024,349.753918311));
#6134=CARTESIAN_POINT('Origin',(335.949290756,349.10204012,349.753918311));
#6135=CARTESIAN_POINT('',(411.961053168,269.589701612,349.753918311));
#6136=CARTESIAN_POINT('',(338.474009661,239.131017598,349.753918311));
#6137=CARTESIAN_POINT('Origin',(335.949290756,349.10204012,349.753918311));
#6138=CARTESIAN_POINT('',(338.474009661,239.131017598,352.753918311));
#6139=CARTESIAN_POINT('',(338.474009661,239.131017598,349.753918311));
#6140=CARTESIAN_POINT('',(411.961053168,269.589701612,352.753918311));
#6141=CARTESIAN_POINT('Origin',(335.949290756,349.10204012,352.753918311));
#6142=CARTESIAN_POINT('',(411.961053168,269.589701612,349.753918311));
#6143=CARTESIAN_POINT('Origin',(335.949290756,349.10204012,349.753918311));
#6144=CARTESIAN_POINT('',(333.474009661,239.129893721,349.753918311));
#6145=CARTESIAN_POINT('',(259.973280855,269.555538503,349.753918311));
#6146=CARTESIAN_POINT('Origin',(335.949290756,349.10204012,349.753918311));
#6147=CARTESIAN_POINT('',(259.973280855,269.555538503,352.753918311));
#6148=CARTESIAN_POINT('',(259.973280855,269.555538503,349.753918311));
#6149=CARTESIAN_POINT('',(333.474009661,239.129893721,352.753918311));
#6150=CARTESIAN_POINT('Origin',(335.949290756,349.10204012,352.753918311));
#6151=CARTESIAN_POINT('',(333.474009661,239.129893721,349.753918311));
#6152=CARTESIAN_POINT('Origin',(335.949290756,349.10204012,349.753918311));
#6153=CARTESIAN_POINT('',(256.436952248,273.090277708,349.753918311));
#6154=CARTESIAN_POINT('',(225.978268235,346.577321215,349.753918311));
#6155=CARTESIAN_POINT('Origin',(335.949290756,349.10204012,349.753918311));
#6156=CARTESIAN_POINT('',(225.978268235,346.577321215,352.753918311));
#6157=CARTESIAN_POINT('',(225.978268235,346.577321215,349.753918311));
#6158=CARTESIAN_POINT('',(256.436952248,273.090277708,352.753918311));
#6159=CARTESIAN_POINT('Origin',(335.949290756,349.10204012,352.753918311));
#6160=CARTESIAN_POINT('',(256.436952248,273.090277708,349.753918311));
#6161=CARTESIAN_POINT('Origin',(335.949290756,349.10204012,349.753918311));
#6162=CARTESIAN_POINT('',(225.977144358,351.577321215,349.753918311));
#6163=CARTESIAN_POINT('',(256.402789139,425.078050021,349.753918311));
#6164=CARTESIAN_POINT('Origin',(335.949290756,349.10204012,349.753918311));
#6165=CARTESIAN_POINT('',(256.402789139,425.078050021,352.753918311));
#6166=CARTESIAN_POINT('',(256.402789139,425.078050021,349.753918311));
#6167=CARTESIAN_POINT('',(225.977144358,351.577321215,352.753918311));
#6168=CARTESIAN_POINT('Origin',(335.949290756,349.10204012,352.753918311));
#6169=CARTESIAN_POINT('',(225.977144358,351.577321215,349.753918311));
#6170=CARTESIAN_POINT('Origin',(335.949290756,349.10204012,349.753918311));
#6171=CARTESIAN_POINT('',(259.937528344,428.614378628,349.753918311));
#6172=CARTESIAN_POINT('',(333.424571852,459.073062642,349.753918311));
#6173=CARTESIAN_POINT('Origin',(335.949290756,349.10204012,349.753918311));
#6174=CARTESIAN_POINT('',(333.424571852,459.073062642,352.753918311));
#6175=CARTESIAN_POINT('',(333.424571852,459.073062642,349.753918311));
#6176=CARTESIAN_POINT('',(259.937528344,428.614378628,352.753918311));
#6177=CARTESIAN_POINT('Origin',(335.949290756,349.10204012,352.753918311));
#6178=CARTESIAN_POINT('',(259.937528344,428.614378628,349.753918311));
#6179=CARTESIAN_POINT('Origin',(-664.050709244,-100.89795988,349.753918311));
#6180=CARTESIAN_POINT('',(335.949290756,469.10204012,349.753918311));
#6181=CARTESIAN_POINT('Origin',(335.949290756,349.10204012,349.753918311));
#6182=CARTESIAN_POINT('',(417.238247247,431.927548338,349.753918311));
#6183=CARTESIAN_POINT('Origin',(417.238247247,430.427548338,349.753918311));
#6184=CARTESIAN_POINT('',(254.660334266,269.276531902,349.753918311));
#6185=CARTESIAN_POINT('Origin',(254.660334266,267.776531902,349.753918311));
#6186=CARTESIAN_POINT('',(254.623782538,431.89099661,349.753918311));
#6187=CARTESIAN_POINT('Origin',(254.623782538,430.39099661,349.753918311));
#6188=CARTESIAN_POINT('',(417.274798974,269.31308363,349.753918311));
#6189=CARTESIAN_POINT('Origin',(417.274798974,267.81308363,349.753918311));
#6190=CARTESIAN_POINT('',(338.424571852,459.074186518,349.753918311));
#6191=CARTESIAN_POINT('',(411.925300657,428.648541737,349.753918311));
#6192=CARTESIAN_POINT('Origin',(335.949290756,349.10204012,349.753918311));
#6193=CARTESIAN_POINT('',(338.424571852,451.572147876,349.753918311));
#6194=CARTESIAN_POINT('',(338.424571852,451.572147876,349.753918311));
#6195=CARTESIAN_POINT('',(406.620500078,423.343741158,349.753918311));
#6196=CARTESIAN_POINT('Origin',(335.949290756,349.10204012,349.753918311));
#6197=CARTESIAN_POINT('',(406.620500078,423.343741158,349.753918311));
#6198=CARTESIAN_POINT('',(265.242270741,423.309636231,349.753918311));
#6199=CARTESIAN_POINT('',(265.242270741,423.309636231,349.753918311));
#6200=CARTESIAN_POINT('',(333.424571852,451.570941717,349.753918311));
#6201=CARTESIAN_POINT('Origin',(335.949290756,349.10204012,349.753918311));
#6202=CARTESIAN_POINT('',(333.424571852,451.570941717,349.753918311));
#6203=CARTESIAN_POINT('',(233.479183,351.577321215,349.753918311));
#6204=CARTESIAN_POINT('',(233.479183,351.577321215,349.753918311));
#6205=CARTESIAN_POINT('',(261.707589718,419.773249442,349.753918311));
#6206=CARTESIAN_POINT('Origin',(335.949290756,349.10204012,349.753918311));
#6207=CARTESIAN_POINT('',(261.707589718,419.773249442,349.753918311));
#6208=CARTESIAN_POINT('',(261.741694645,278.395020105,349.753918311));
#6209=CARTESIAN_POINT('',(261.741694645,278.395020105,349.753918311));
#6210=CARTESIAN_POINT('',(233.480389159,346.577321215,349.753918311));
#6211=CARTESIAN_POINT('Origin',(335.949290756,349.10204012,349.753918311));
#6212=CARTESIAN_POINT('',(233.480389159,346.577321215,349.753918311));
#6213=CARTESIAN_POINT('',(333.474009661,246.631932364,349.753918311));
#6214=CARTESIAN_POINT('',(333.474009661,246.631932364,349.753918311));
#6215=CARTESIAN_POINT('',(265.278081434,274.860339082,349.753918311));
#6216=CARTESIAN_POINT('Origin',(335.949290756,349.10204012,349.753918311));
#6217=CARTESIAN_POINT('',(265.278081434,274.860339082,349.753918311));
#6218=CARTESIAN_POINT('',(406.656310771,274.894444009,349.753918311));
#6219=CARTESIAN_POINT('',(406.656310771,274.894444009,349.753918311));
#6220=CARTESIAN_POINT('',(338.474009661,246.633138523,349.753918311));
#6221=CARTESIAN_POINT('Origin',(335.949290756,349.10204012,349.753918311));
#6222=CARTESIAN_POINT('',(338.474009661,246.633138523,349.753918311));
#6223=CARTESIAN_POINT('',(438.419398512,346.626759024,349.753918311));
#6224=CARTESIAN_POINT('',(438.419398512,346.626759024,349.753918311));
#6225=CARTESIAN_POINT('',(410.190991794,278.430830798,349.753918311));
#6226=CARTESIAN_POINT('Origin',(335.949290756,349.10204012,349.753918311));
#6227=CARTESIAN_POINT('',(410.190991794,278.430830798,349.753918311));
#6228=CARTESIAN_POINT('',(393.393836141,351.626759024,349.753918311));
#6229=CARTESIAN_POINT('',(403.402057893,351.626759024,349.753918311));
#6230=CARTESIAN_POINT('',(393.393836141,351.626759024,349.753918311));
#6231=CARTESIAN_POINT('',(385.397183479,395.049356747,349.753918311));
#6232=CARTESIAN_POINT('Origin',(335.949290756,349.10204012,349.753918311));
#6233=CARTESIAN_POINT('',(378.320527731,387.972700999,349.753918311));
#6234=CARTESIAN_POINT('',(378.320527731,387.972700999,349.753918311));
#6235=CARTESIAN_POINT('Origin',(335.949290756,349.10204012,349.753918311));
#6236=CARTESIAN_POINT('',(278.504745372,346.577321215,349.753918311));
#6237=CARTESIAN_POINT('',(268.496523619,346.577321215,349.753918311));
#6238=CARTESIAN_POINT('',(278.504745372,346.577321215,349.753918311));
#6239=CARTESIAN_POINT('',(286.501398033,303.154723493,349.753918311));
#6240=CARTESIAN_POINT('Origin',(335.949290756,349.10204012,349.753918311));
#6241=CARTESIAN_POINT('',(293.578053781,310.231379241,349.753918311));
#6242=CARTESIAN_POINT('',(293.578053781,310.231379241,349.753918311));
#6243=CARTESIAN_POINT('Origin',(335.949290756,349.10204012,349.753918311));
#6244=CARTESIAN_POINT('',(263.49326413,346.577321215,349.753918311));
#6245=CARTESIAN_POINT('',(253.487931354,346.577321215,349.753918311));
#6246=CARTESIAN_POINT('',(263.49326413,346.577321215,349.753918311));
#6247=CARTESIAN_POINT('',(275.888956475,292.542281934,349.753918311));
#6248=CARTESIAN_POINT('Origin',(335.949290756,349.10204012,349.753918311));
#6249=CARTESIAN_POINT('',(282.963648784,299.616974244,349.753918311));
#6250=CARTESIAN_POINT('',(282.963648784,299.616974244,349.753918311));
#6251=CARTESIAN_POINT('Origin',(335.949290756,349.10204012,349.753918311));
#6252=CARTESIAN_POINT('',(263.491558364,351.577321215,349.753918311));
#6253=CARTESIAN_POINT('',(282.929897133,398.550942027,349.753918311));
#6254=CARTESIAN_POINT('Origin',(335.949290756,349.10204012,349.753918311));
#6255=CARTESIAN_POINT('',(275.855058479,405.625780681,349.753918311));
#6256=CARTESIAN_POINT('',(282.929897133,398.550942027,349.753918311));
#6257=CARTESIAN_POINT('',(253.48643255,351.577321215,349.753918311));
#6258=CARTESIAN_POINT('Origin',(335.949290756,349.10204012,349.753918311));
#6259=CARTESIAN_POINT('',(263.491558364,351.577321215,349.753918311));
#6260=CARTESIAN_POINT('',(353.512911525,363.165084793,349.753918311));
#6261=CARTESIAN_POINT('',(358.307193038,351.626759024,349.753918311));
#6262=CARTESIAN_POINT('Origin',(335.949290756,349.10204012,349.753918311));
#6263=CARTESIAN_POINT('',(373.364204821,351.626759024,349.753918311));
#6264=CARTESIAN_POINT('',(358.307193038,351.626759024,349.753918311));
#6265=CARTESIAN_POINT('',(364.158253974,373.810427242,349.753918311));
#6266=CARTESIAN_POINT('Origin',(335.949290756,349.10204012,349.753918311));
#6267=CARTESIAN_POINT('',(353.512911525,363.165084793,349.753918311));
#6268=CARTESIAN_POINT('',(278.502593867,351.577321215,349.753918311));
#6269=CARTESIAN_POINT('',(293.544617315,387.936221846,349.753918311));
#6270=CARTESIAN_POINT('Origin',(335.949290756,349.10204012,349.753918311));
#6271=CARTESIAN_POINT('',(286.467735846,395.013103314,349.753918311));
#6272=CARTESIAN_POINT('',(293.544617315,387.936221846,349.753918311));
#6273=CARTESIAN_POINT('',(268.494691332,351.577321215,349.753918311));
#6274=CARTESIAN_POINT('Origin',(335.949290756,349.10204012,349.753918311));
#6275=CARTESIAN_POINT('',(278.502593867,351.577321215,349.753918311));
#6276=CARTESIAN_POINT('',(318.385669987,335.038995447,349.753918311));
#6277=CARTESIAN_POINT('',(313.591388474,346.577321215,349.753918311));
#6278=CARTESIAN_POINT('Origin',(335.949290756,349.10204012,349.753918311));
#6279=CARTESIAN_POINT('',(298.534376692,346.577321215,349.753918311));
#6280=CARTESIAN_POINT('',(313.591388474,346.577321215,349.753918311));
#6281=CARTESIAN_POINT('',(307.740327538,324.393652998,349.753918311));
#6282=CARTESIAN_POINT('Origin',(335.949290756,349.10204012,349.753918311));
#6283=CARTESIAN_POINT('',(318.385669987,335.038995447,349.753918311));
#6284=CARTESIAN_POINT('',(293.521434535,351.577321215,349.753918311));
#6285=CARTESIAN_POINT('',(304.165079962,377.315759198,349.753918311));
#6286=CARTESIAN_POINT('Origin',(335.949290756,349.10204012,349.753918311));
#6287=CARTESIAN_POINT('',(297.083889866,384.396949294,349.753918311));
#6288=CARTESIAN_POINT('',(304.165079962,377.315759198,349.753918311));
#6289=CARTESIAN_POINT('',(283.507675759,351.577321215,349.753918311));
#6290=CARTESIAN_POINT('Origin',(335.949290756,349.10204012,349.753918311));
#6291=CARTESIAN_POINT('',(293.521434535,351.577321215,349.753918311));
#6292=CARTESIAN_POINT('',(367.700603649,377.352776917,349.753918311));
#6293=CARTESIAN_POINT('',(374.781400385,384.433573653,349.753918311));
#6294=CARTESIAN_POINT('',(367.700603649,377.352776917,349.753918311));
#6295=CARTESIAN_POINT('',(378.374233826,351.626759024,349.753918311));
#6296=CARTESIAN_POINT('Origin',(335.949290756,349.10204012,349.753918311));
#6297=CARTESIAN_POINT('',(388.388548898,351.626759024,349.753918311));
#6298=CARTESIAN_POINT('',(378.374233826,351.626759024,349.753918311));
#6299=CARTESIAN_POINT('Origin',(335.949290756,349.10204012,349.753918311));
#6300=CARTESIAN_POINT('',(338.424571852,386.520257388,349.753918311));
#6301=CARTESIAN_POINT('',(360.620384351,377.34362543,349.753918311));
#6302=CARTESIAN_POINT('Origin',(335.949290756,349.10204012,349.753918311));
#6303=CARTESIAN_POINT('',(338.424571852,371.46546972,349.753918311));
#6304=CARTESIAN_POINT('',(338.424571852,371.46546972,349.753918311));
#6305=CARTESIAN_POINT('',(349.973469215,366.696710295,349.753918311));
#6306=CARTESIAN_POINT('Origin',(335.949290756,349.10204012,349.753918311));
#6307=CARTESIAN_POINT('',(349.973469215,366.696710295,349.753918311));
#6308=CARTESIAN_POINT('',(318.354620582,363.126218579,349.753918311));
#6309=CARTESIAN_POINT('',(307.707705446,373.773133714,349.753918311));
#6310=CARTESIAN_POINT('',(318.354620582,363.126218579,349.753918311));
#6311=CARTESIAN_POINT('',(298.531073489,351.577321215,349.753918311));
#6312=CARTESIAN_POINT('Origin',(335.949290756,349.10204012,349.753918311));
#6313=CARTESIAN_POINT('',(313.585861156,351.577321215,349.753918311));
#6314=CARTESIAN_POINT('',(313.585861156,351.577321215,349.753918311));
#6315=CARTESIAN_POINT('Origin',(335.949290756,349.10204012,349.753918311));
#6316=CARTESIAN_POINT('',(311.240903634,377.311003338,349.753918311));
#6317=CARTESIAN_POINT('',(333.424571852,386.516954184,349.753918311));
#6318=CARTESIAN_POINT('Origin',(335.949290756,349.10204012,349.753918311));
#6319=CARTESIAN_POINT('',(321.886246083,366.665660889,349.753918311));
#6320=CARTESIAN_POINT('',(321.886246083,366.665660889,349.753918311));
#6321=CARTESIAN_POINT('',(333.424571852,371.459942402,349.753918311));
#6322=CARTESIAN_POINT('Origin',(335.949290756,349.10204012,349.753918311));
#6323=CARTESIAN_POINT('',(333.424571852,371.459942402,349.753918311));
#6324=CARTESIAN_POINT('',(307.698553959,380.853353013,349.753918311));
#6325=CARTESIAN_POINT('',(300.617757223,387.934149749,349.753918311));
#6326=CARTESIAN_POINT('',(307.698553959,380.853353013,349.753918311));
#6327=CARTESIAN_POINT('',(333.424571852,391.526983189,349.753918311));
#6328=CARTESIAN_POINT('Origin',(335.949290756,349.10204012,349.753918311));
#6329=CARTESIAN_POINT('',(333.424571852,401.541298262,349.753918311));
#6330=CARTESIAN_POINT('',(333.424571852,391.526983189,349.753918311));
#6331=CARTESIAN_POINT('Origin',(335.949290756,349.10204012,349.753918311));
#6332=CARTESIAN_POINT('',(358.312720357,346.626759024,349.753918311));
#6333=CARTESIAN_POINT('',(373.367508024,346.626759024,349.753918311));
#6334=CARTESIAN_POINT('',(358.312720357,346.626759024,349.753918311));
#6335=CARTESIAN_POINT('',(353.543960931,335.077861661,349.753918311));
#6336=CARTESIAN_POINT('Origin',(335.949290756,349.10204012,349.753918311));
#6337=CARTESIAN_POINT('',(364.190876067,324.430946525,349.753918311));
#6338=CARTESIAN_POINT('',(353.543960931,335.077861661,349.753918311));
#6339=CARTESIAN_POINT('Origin',(335.949290756,349.10204012,349.753918311));
#6340=CARTESIAN_POINT('',(338.424571852,406.548737009,349.753918311));
#6341=CARTESIAN_POINT('',(338.424571852,416.556639544,349.753918311));
#6342=CARTESIAN_POINT('',(338.424571852,406.548737009,349.753918311));
#6343=CARTESIAN_POINT('',(374.783472482,391.506713562,349.753918311));
#6344=CARTESIAN_POINT('Origin',(335.949290756,349.10204012,349.753918311));
#6345=CARTESIAN_POINT('',(381.860353951,398.58359503,349.753918311));
#6346=CARTESIAN_POINT('',(374.783472482,391.506713562,349.753918311));
#6347=CARTESIAN_POINT('Origin',(335.949290756,349.10204012,349.753918311));
#6348=CARTESIAN_POINT('',(333.474009661,326.738610519,349.753918311));
#6349=CARTESIAN_POINT('',(333.474009661,311.683822852,349.753918311));
#6350=CARTESIAN_POINT('',(333.474009661,326.738610519,349.753918311));
#6351=CARTESIAN_POINT('',(321.925112298,331.507369945,349.753918311));
#6352=CARTESIAN_POINT('Origin',(335.949290756,349.10204012,349.753918311));
#6353=CARTESIAN_POINT('',(311.278197162,320.860454809,349.753918311));
#6354=CARTESIAN_POINT('',(321.925112298,331.507369945,349.753918311));
#6355=CARTESIAN_POINT('Origin',(335.949290756,349.10204012,349.753918311));
#6356=CARTESIAN_POINT('',(367.73350155,320.888321042,349.753918311));
#6357=CARTESIAN_POINT('',(374.814691647,313.807130946,349.753918311));
#6358=CARTESIAN_POINT('',(367.73350155,320.888321042,349.753918311));
#6359=CARTESIAN_POINT('',(388.390905753,346.626759024,349.753918311));
#6360=CARTESIAN_POINT('Origin',(335.949290756,349.10204012,349.753918311));
#6361=CARTESIAN_POINT('',(378.377146977,346.626759024,349.753918311));
#6362=CARTESIAN_POINT('',(378.377146977,346.626759024,349.753918311));
#6363=CARTESIAN_POINT('Origin',(335.949290756,349.10204012,349.753918311));
#6364=CARTESIAN_POINT('',(350.012335429,331.538419351,349.753918311));
#6365=CARTESIAN_POINT('',(360.657677878,320.893076902,349.753918311));
#6366=CARTESIAN_POINT('',(350.012335429,331.538419351,349.753918311));
#6367=CARTESIAN_POINT('',(338.474009661,326.744137838,349.753918311));
#6368=CARTESIAN_POINT('Origin',(335.949290756,349.10204012,349.753918311));
#6369=CARTESIAN_POINT('',(338.474009661,311.687126055,349.753918311));
#6370=CARTESIAN_POINT('',(338.474009661,326.744137838,349.753918311));
#6371=CARTESIAN_POINT('Origin',(335.949290756,349.10204012,349.753918311));
#6372=CARTESIAN_POINT('',(304.197977863,320.851303323,349.753918311));
#6373=CARTESIAN_POINT('',(297.117181128,313.770506587,349.753918311));
#6374=CARTESIAN_POINT('',(304.197977863,320.851303323,349.753918311));
#6375=CARTESIAN_POINT('',(293.524347687,346.577321215,349.753918311));
#6376=CARTESIAN_POINT('Origin',(335.949290756,349.10204012,349.753918311));
#6377=CARTESIAN_POINT('',(283.510032615,346.577321215,349.753918311));
#6378=CARTESIAN_POINT('',(293.524347687,346.577321215,349.753918311));
#6379=CARTESIAN_POINT('Origin',(335.949290756,349.10204012,349.753918311));
#6380=CARTESIAN_POINT('',(371.280824289,310.269930491,349.753918311));
#6381=CARTESIAN_POINT('',(338.474009661,296.662781978,349.753918311));
#6382=CARTESIAN_POINT('Origin',(335.949290756,349.10204012,349.753918311));
#6383=CARTESIAN_POINT('',(364.200027553,317.350727227,349.753918311));
#6384=CARTESIAN_POINT('',(364.200027553,317.350727227,349.753918311));
#6385=CARTESIAN_POINT('',(338.474009661,306.67709705,349.753918311));
#6386=CARTESIAN_POINT('Origin',(335.949290756,349.10204012,349.753918311));
#6387=CARTESIAN_POINT('',(338.474009661,306.67709705,349.753918311));
#6388=CARTESIAN_POINT('',(374.819951636,306.730803145,349.753918311));
#6389=CARTESIAN_POINT('',(381.896607384,299.654147397,349.753918311));
#6390=CARTESIAN_POINT('',(374.819951636,306.730803145,349.753918311));
#6391=CARTESIAN_POINT('',(338.474009661,291.657494735,349.753918311));
#6392=CARTESIAN_POINT('Origin',(335.949290756,349.10204012,349.753918311));
#6393=CARTESIAN_POINT('',(338.474009661,281.649272983,349.753918311));
#6394=CARTESIAN_POINT('',(338.474009661,291.657494735,349.753918311));
#6395=CARTESIAN_POINT('Origin',(335.949290756,349.10204012,349.753918311));
#6396=CARTESIAN_POINT('',(396.009625038,405.661798305,349.753918311));
#6397=CARTESIAN_POINT('',(418.410650158,351.626759024,349.753918311));
#6398=CARTESIAN_POINT('Origin',(335.949290756,349.10204012,349.753918311));
#6399=CARTESIAN_POINT('',(388.934932729,398.587105996,349.753918311));
#6400=CARTESIAN_POINT('',(388.934932729,398.587105996,349.753918311));
#6401=CARTESIAN_POINT('',(408.405317382,351.626759024,349.753918311));
#6402=CARTESIAN_POINT('Origin',(335.949290756,349.10204012,349.753918311));
#6403=CARTESIAN_POINT('',(408.405317382,351.626759024,349.753918311));
#6404=CARTESIAN_POINT('',(385.398192663,402.121433743,349.753918311));
#6405=CARTESIAN_POINT('',(392.473031317,409.196272397,349.753918311));
#6406=CARTESIAN_POINT('',(385.398192663,402.121433743,349.753918311));
#6407=CARTESIAN_POINT('',(338.424571852,431.564898326,349.753918311));
#6408=CARTESIAN_POINT('Origin',(335.949290756,349.10204012,349.753918311));
#6409=CARTESIAN_POINT('',(338.424571852,421.559772513,349.753918311));
#6410=CARTESIAN_POINT('',(338.424571852,421.559772513,349.753918311));
#6411=CARTESIAN_POINT('Origin',(335.949290756,349.10204012,349.753918311));
#6412=CARTESIAN_POINT('',(333.424571852,436.565608504,349.753918311));
#6413=CARTESIAN_POINT('',(333.424571852,446.569346405,349.753918311));
#6414=CARTESIAN_POINT('',(333.424571852,436.565608504,349.753918311));
#6415=CARTESIAN_POINT('',(268.778888937,419.773018035,349.753918311));
#6416=CARTESIAN_POINT('Origin',(335.949290756,349.10204012,349.753918311));
#6417=CARTESIAN_POINT('',(275.852497291,412.699409681,349.753918311));
#6418=CARTESIAN_POINT('',(275.852497291,412.699409681,349.753918311));
#6419=CARTESIAN_POINT('Origin',(335.949290756,349.10204012,349.753918311));
#6420=CARTESIAN_POINT('',(338.424571852,446.570614458,349.753918311));
#6421=CARTESIAN_POINT('',(403.083838116,419.807079196,349.753918311));
#6422=CARTESIAN_POINT('Origin',(335.949290756,349.10204012,349.753918311));
#6423=CARTESIAN_POINT('',(338.424571852,436.56702159,349.753918311));
#6424=CARTESIAN_POINT('',(338.424571852,436.56702159,349.753918311));
#6425=CARTESIAN_POINT('',(396.010127209,412.733368289,349.753918311));
#6426=CARTESIAN_POINT('Origin',(335.949290756,349.10204012,349.753918311));
#6427=CARTESIAN_POINT('',(396.010127209,412.733368289,349.753918311));
#6428=CARTESIAN_POINT('',(406.620268671,416.272441939,349.753918311));
#6429=CARTESIAN_POINT('',(433.416597041,351.626759024,349.753918311));
#6430=CARTESIAN_POINT('Origin',(335.949290756,349.10204012,349.753918311));
#6431=CARTESIAN_POINT('',(399.546660318,409.198833586,349.753918311));
#6432=CARTESIAN_POINT('',(399.546660318,409.198833586,349.753918311));
#6433=CARTESIAN_POINT('',(423.41285914,351.626759024,349.753918311));
#6434=CARTESIAN_POINT('Origin',(335.949290756,349.10204012,349.753918311));
#6435=CARTESIAN_POINT('',(423.41285914,351.626759024,349.753918311));
#6436=CARTESIAN_POINT('',(403.403890181,346.626759024,349.753918311));
#6437=CARTESIAN_POINT('',(385.430845667,303.190976925,349.753918311));
#6438=CARTESIAN_POINT('Origin',(335.949290756,349.10204012,349.753918311));
#6439=CARTESIAN_POINT('',(393.395987646,346.626759024,349.753918311));
#6440=CARTESIAN_POINT('',(393.395987646,346.626759024,349.753918311));
#6441=CARTESIAN_POINT('',(378.353964198,310.267858394,349.753918311));
#6442=CARTESIAN_POINT('Origin',(335.949290756,349.10204012,349.753918311));
#6443=CARTESIAN_POINT('',(378.353964198,310.267858394,349.753918311));
#6444=CARTESIAN_POINT('',(265.278312841,281.931638301,349.753918311));
#6445=CARTESIAN_POINT('',(238.481984471,346.577321215,349.753918311));
#6446=CARTESIAN_POINT('Origin',(335.949290756,349.10204012,349.753918311));
#6447=CARTESIAN_POINT('',(272.351921195,289.005246654,349.753918311));
#6448=CARTESIAN_POINT('',(272.351921195,289.005246654,349.753918311));
#6449=CARTESIAN_POINT('',(248.485722372,346.577321215,349.753918311));
#6450=CARTESIAN_POINT('Origin',(335.949290756,349.10204012,349.753918311));
#6451=CARTESIAN_POINT('',(248.485722372,346.577321215,349.753918311));
#6452=CARTESIAN_POINT('',(333.474009661,266.639181914,349.753918311));
#6453=CARTESIAN_POINT('',(279.425550195,289.007807843,349.753918311));
#6454=CARTESIAN_POINT('Origin',(335.949290756,349.10204012,349.753918311));
#6455=CARTESIAN_POINT('',(333.474009661,276.644307727,349.753918311));
#6456=CARTESIAN_POINT('',(333.474009661,276.644307727,349.753918311));
#6457=CARTESIAN_POINT('',(286.500388849,296.082646497,349.753918311));
#6458=CARTESIAN_POINT('Origin',(335.949290756,349.10204012,349.753918311));
#6459=CARTESIAN_POINT('',(286.500388849,296.082646497,349.753918311));
#6460=CARTESIAN_POINT('',(333.474009661,281.647440696,349.753918311));
#6461=CARTESIAN_POINT('',(290.038227562,299.62048521,349.753918311));
#6462=CARTESIAN_POINT('Origin',(335.949290756,349.10204012,349.753918311));
#6463=CARTESIAN_POINT('',(333.474009661,291.655343231,349.753918311));
#6464=CARTESIAN_POINT('',(333.474009661,291.655343231,349.753918311));
#6465=CARTESIAN_POINT('',(297.115109031,306.697366678,349.753918311));
#6466=CARTESIAN_POINT('Origin',(335.949290756,349.10204012,349.753918311));
#6467=CARTESIAN_POINT('',(297.115109031,306.697366678,349.753918311));
#6468=CARTESIAN_POINT('',(248.484309287,351.577321215,349.753918311));
#6469=CARTESIAN_POINT('',(238.480716418,351.577321215,349.753918311));
#6470=CARTESIAN_POINT('',(248.484309287,351.577321215,349.753918311));
#6471=CARTESIAN_POINT('',(272.317962587,409.162876573,349.753918311));
#6472=CARTESIAN_POINT('Origin',(335.949290756,349.10204012,349.753918311));
#6473=CARTESIAN_POINT('',(265.24425168,416.23658748,349.753918311));
#6474=CARTESIAN_POINT('',(272.317962587,409.162876573,349.753918311));
#6475=CARTESIAN_POINT('Origin',(335.949290756,349.10204012,349.753918311));
#6476=CARTESIAN_POINT('',(423.414272226,346.626759024,349.753918311));
#6477=CARTESIAN_POINT('',(433.417865094,346.626759024,349.753918311));
#6478=CARTESIAN_POINT('',(423.414272226,346.626759024,349.753918311));
#6479=CARTESIAN_POINT('',(399.580618925,289.041203667,349.753918311));
#6480=CARTESIAN_POINT('Origin',(335.949290756,349.10204012,349.753918311));
#6481=CARTESIAN_POINT('',(406.654329832,281.96749276,349.753918311));
#6482=CARTESIAN_POINT('',(399.580618925,289.041203667,349.753918311));
#6483=CARTESIAN_POINT('Origin',(335.949290756,349.10204012,349.753918311));
#6484=CARTESIAN_POINT('',(338.474009661,276.646013494,349.753918311));
#6485=CARTESIAN_POINT('',(338.474009661,266.640680718,349.753918311));
#6486=CARTESIAN_POINT('',(338.474009661,276.646013494,349.753918311));
#6487=CARTESIAN_POINT('',(392.509048942,289.041705839,349.753918311));
#6488=CARTESIAN_POINT('Origin',(335.949290756,349.10204012,349.753918311));
#6489=CARTESIAN_POINT('',(385.434356633,296.116398148,349.753918311));
#6490=CARTESIAN_POINT('',(385.434356633,296.116398148,349.753918311));
#6491=CARTESIAN_POINT('Origin',(335.949290756,349.10204012,349.753918311));
#6492=CARTESIAN_POINT('',(333.474009661,261.63705865,349.753918311));
#6493=CARTESIAN_POINT('',(333.474009661,251.633465782,349.753918311));
#6494=CARTESIAN_POINT('',(333.474009661,261.63705865,349.753918311));
#6495=CARTESIAN_POINT('',(275.888454303,285.470711951,349.753918311));
#6496=CARTESIAN_POINT('Origin',(335.949290756,349.10204012,349.753918311));
#6497=CARTESIAN_POINT('',(268.814743396,278.397001044,349.753918311));
#6498=CARTESIAN_POINT('',(275.888454303,285.470711951,349.753918311));
#6499=CARTESIAN_POINT('Origin',(335.949290756,349.10204012,349.753918311));
#6500=CARTESIAN_POINT('',(396.046084222,285.504670558,349.753918311));
#6501=CARTESIAN_POINT('',(338.474009661,261.638471736,349.753918311));
#6502=CARTESIAN_POINT('Origin',(335.949290756,349.10204012,349.753918311));
#6503=CARTESIAN_POINT('',(338.474009661,251.634733835,349.753918311));
#6504=CARTESIAN_POINT('',(338.474009661,261.638471736,349.753918311));
#6505=CARTESIAN_POINT('',(403.119692575,278.431062205,349.753918311));
#6506=CARTESIAN_POINT('Origin',(335.949290756,349.10204012,349.753918311));
#6507=CARTESIAN_POINT('',(396.046084222,285.504670558,349.753918311));
#6508=CARTESIAN_POINT('',(333.474009661,306.674183899,349.753918311));
#6509=CARTESIAN_POINT('',(333.474009661,296.660425123,349.753918311));
#6510=CARTESIAN_POINT('',(333.474009661,306.674183899,349.753918311));
#6511=CARTESIAN_POINT('',(307.735571678,317.317829326,349.753918311));
#6512=CARTESIAN_POINT('Origin',(335.949290756,349.10204012,349.753918311));
#6513=CARTESIAN_POINT('',(300.654381582,310.23663923,349.753918311));
#6514=CARTESIAN_POINT('',(307.735571678,317.317829326,349.753918311));
#6515=CARTESIAN_POINT('Origin',(335.949290756,349.10204012,349.753918311));
#6516=CARTESIAN_POINT('',(290.001974129,398.549932843,349.753918311));
#6517=CARTESIAN_POINT('',(333.424571852,416.554807257,349.753918311));
#6518=CARTESIAN_POINT('Origin',(335.949290756,349.10204012,349.753918311));
#6519=CARTESIAN_POINT('',(297.078629877,391.473277095,349.753918311));
#6520=CARTESIAN_POINT('',(297.078629877,391.473277095,349.753918311));
#6521=CARTESIAN_POINT('',(333.424571852,406.546585505,349.753918311));
#6522=CARTESIAN_POINT('Origin',(335.949290756,349.10204012,349.753918311));
#6523=CARTESIAN_POINT('',(333.424571852,406.546585505,349.753918311));
#6524=CARTESIAN_POINT('',(338.424571852,401.543655117,349.753918311));
#6525=CARTESIAN_POINT('',(371.244199931,387.96744101,349.753918311));
#6526=CARTESIAN_POINT('Origin',(335.949290756,349.10204012,349.753918311));
#6527=CARTESIAN_POINT('',(338.424571852,391.529896341,349.753918311));
#6528=CARTESIAN_POINT('',(338.424571852,391.529896341,349.753918311));
#6529=CARTESIAN_POINT('',(364.163009834,380.886250914,349.753918311));
#6530=CARTESIAN_POINT('Origin',(335.949290756,349.10204012,349.753918311));
#6531=CARTESIAN_POINT('',(364.163009834,380.886250914,349.753918311));
#6532=CARTESIAN_POINT('',(408.407023149,346.626759024,349.753918311));
#6533=CARTESIAN_POINT('',(418.412148962,346.626759024,349.753918311));
#6534=CARTESIAN_POINT('',(408.407023149,346.626759024,349.753918311));
#6535=CARTESIAN_POINT('',(388.968684379,299.653138213,349.753918311));
#6536=CARTESIAN_POINT('Origin',(335.949290756,349.10204012,349.753918311));
#6537=CARTESIAN_POINT('',(396.043523033,292.578299559,349.753918311));
#6538=CARTESIAN_POINT('',(388.968684379,299.653138213,349.753918311));
#6539=CARTESIAN_POINT('Origin',(335.949290756,349.10204012,349.753918311));
#6540=CARTESIAN_POINT('',(286.46422488,402.087682092,349.753918311));
#6541=CARTESIAN_POINT('',(279.389532571,409.162374401,349.753918311));
#6542=CARTESIAN_POINT('',(286.46422488,402.087682092,349.753918311));
#6543=CARTESIAN_POINT('',(333.424571852,421.558066746,349.753918311));
#6544=CARTESIAN_POINT('Origin',(335.949290756,349.10204012,349.753918311));
#6545=CARTESIAN_POINT('',(333.424571852,431.563399522,349.753918311));
#6546=CARTESIAN_POINT('',(333.424571852,421.558066746,349.753918311));
#6547=CARTESIAN_POINT('Origin',(335.949290756,349.10204012,349.753918311));
#6548=CARTESIAN_POINT('',(438.418192353,351.626759024,349.753918311));
#6549=CARTESIAN_POINT('',(438.418192353,351.626759024,349.753918311));
#6550=CARTESIAN_POINT('',(410.156886867,419.809060135,349.753918311));
#6551=CARTESIAN_POINT('',(410.156886867,419.809060135,349.753918311));
#6552=CARTESIAN_POINT('Origin',(335.949290756,349.10204012,349.753918311));
#6553=CARTESIAN_POINT('',(450.949290756,350.60204012,349.753918311));
#6554=CARTESIAN_POINT('Origin',(450.949290756,349.10204012,349.753918311));
#6555=CARTESIAN_POINT('',(335.949290756,235.60204012,349.753918311));
#6556=CARTESIAN_POINT('Origin',(335.949290756,234.10204012,349.753918311));
#6557=CARTESIAN_POINT('',(335.949290756,465.60204012,349.753918311));
#6558=CARTESIAN_POINT('Origin',(335.949290756,464.10204012,349.753918311));
#6559=CARTESIAN_POINT('',(220.949290756,350.60204012,349.753918311));
#6560=CARTESIAN_POINT('Origin',(220.949290756,349.10204012,349.753918311));
#6561=CARTESIAN_POINT('Origin',(398.397947017,351.626759024,349.753918311));
#6562=CARTESIAN_POINT('',(393.393836141,351.626759024,352.753918311));
#6563=CARTESIAN_POINT('',(403.402057893,351.626759024,352.753918311));
#6564=CARTESIAN_POINT('',(393.393836141,351.626759024,352.753918311));
#6565=CARTESIAN_POINT('',(403.402057893,351.626759024,349.753918311));
#6566=CARTESIAN_POINT('',(393.393836141,351.626759024,349.753918311));
#6567=CARTESIAN_POINT('Origin',(335.949290756,349.10204012,349.753918311));
#6568=CARTESIAN_POINT('',(385.397183479,395.049356747,352.753918311));
#6569=CARTESIAN_POINT('Origin',(335.949290756,349.10204012,352.753918311));
#6570=CARTESIAN_POINT('',(385.397183479,395.049356747,349.753918311));
#6571=CARTESIAN_POINT('Origin',(381.858855605,391.511028873,349.753918311));
#6572=CARTESIAN_POINT('',(378.320527731,387.972700999,352.753918311));
#6573=CARTESIAN_POINT('',(378.320527731,387.972700999,352.753918311));
#6574=CARTESIAN_POINT('',(378.320527731,387.972700999,349.753918311));
#6575=CARTESIAN_POINT('Origin',(273.500634495,346.577321215,349.753918311));
#6576=CARTESIAN_POINT('',(278.504745372,346.577321215,352.753918311));
#6577=CARTESIAN_POINT('',(268.496523619,346.577321215,352.753918311));
#6578=CARTESIAN_POINT('',(278.504745372,346.577321215,352.753918311));
#6579=CARTESIAN_POINT('',(268.496523619,346.577321215,349.753918311));
#6580=CARTESIAN_POINT('',(278.504745372,346.577321215,349.753918311));
#6581=CARTESIAN_POINT('Origin',(335.949290756,349.10204012,349.753918311));
#6582=CARTESIAN_POINT('',(286.501398033,303.154723493,352.753918311));
#6583=CARTESIAN_POINT('Origin',(335.949290756,349.10204012,352.753918311));
#6584=CARTESIAN_POINT('',(286.501398033,303.154723493,349.753918311));
#6585=CARTESIAN_POINT('Origin',(290.039725907,306.693051367,349.753918311));
#6586=CARTESIAN_POINT('',(293.578053781,310.231379241,352.753918311));
#6587=CARTESIAN_POINT('',(293.578053781,310.231379241,352.753918311));
#6588=CARTESIAN_POINT('',(293.578053781,310.231379241,349.753918311));
#6589=CARTESIAN_POINT('Origin',(258.490597742,346.577321215,349.753918311));
#6590=CARTESIAN_POINT('',(263.49326413,346.577321215,352.753918311));
#6591=CARTESIAN_POINT('',(253.487931354,346.577321215,352.753918311));
#6592=CARTESIAN_POINT('',(263.49326413,346.577321215,352.753918311));
#6593=CARTESIAN_POINT('',(253.487931354,346.577321215,349.753918311));
#6594=CARTESIAN_POINT('',(263.49326413,346.577321215,349.753918311));
#6595=CARTESIAN_POINT('Origin',(335.949290756,349.10204012,349.753918311));
#6596=CARTESIAN_POINT('',(275.888956475,292.542281934,352.753918311));
#6597=CARTESIAN_POINT('Origin',(335.949290756,349.10204012,352.753918311));
#6598=CARTESIAN_POINT('',(275.888956475,292.542281934,349.753918311));
#6599=CARTESIAN_POINT('Origin',(279.426302629,296.079628089,349.753918311));
#6600=CARTESIAN_POINT('',(282.963648784,299.616974244,352.753918311));
#6601=CARTESIAN_POINT('',(282.963648784,299.616974244,352.753918311));
#6602=CARTESIAN_POINT('',(282.963648784,299.616974244,349.753918311));
#6603=CARTESIAN_POINT('Origin',(335.949290756,349.10204012,349.753918311));
#6604=CARTESIAN_POINT('',(263.491558364,351.577321215,352.753918311));
#6605=CARTESIAN_POINT('',(282.929897133,398.550942027,352.753918311));
#6606=CARTESIAN_POINT('Origin',(335.949290756,349.10204012,352.753918311));
#6607=CARTESIAN_POINT('',(282.929897133,398.550942027,349.753918311));
#6608=CARTESIAN_POINT('',(263.491558364,351.577321215,349.753918311));
#6609=CARTESIAN_POINT('Origin',(279.392477806,402.088361354,349.753918311));
#6610=CARTESIAN_POINT('',(275.855058479,405.625780681,352.753918311));
#6611=CARTESIAN_POINT('',(282.929897133,398.550942027,352.753918311));
#6612=CARTESIAN_POINT('',(275.855058479,405.625780681,349.753918311));
#6613=CARTESIAN_POINT('Origin',(335.949290756,349.10204012,349.753918311));
#6614=CARTESIAN_POINT('',(253.48643255,351.577321215,352.753918311));
#6615=CARTESIAN_POINT('Origin',(335.949290756,349.10204012,352.753918311));
#6616=CARTESIAN_POINT('',(253.48643255,351.577321215,349.753918311));
#6617=CARTESIAN_POINT('Origin',(335.949290756,349.10204012,349.753918311));
#6618=CARTESIAN_POINT('',(353.512911525,363.165084793,352.753918311));
#6619=CARTESIAN_POINT('',(358.307193038,351.626759024,352.753918311));
#6620=CARTESIAN_POINT('Origin',(335.949290756,349.10204012,352.753918311));
#6621=CARTESIAN_POINT('',(358.307193038,351.626759024,349.753918311));
#6622=CARTESIAN_POINT('',(353.512911525,363.165084793,349.753918311));
#6623=CARTESIAN_POINT('Origin',(365.83569893,351.626759024,349.753918311));
#6624=CARTESIAN_POINT('',(373.364204821,351.626759024,352.753918311));
#6625=CARTESIAN_POINT('',(358.307193038,351.626759024,352.753918311));
#6626=CARTESIAN_POINT('',(373.364204821,351.626759024,349.753918311));
#6627=CARTESIAN_POINT('Origin',(335.949290756,349.10204012,349.753918311));
#6628=CARTESIAN_POINT('',(364.158253974,373.810427242,352.753918311));
#6629=CARTESIAN_POINT('Origin',(335.949290756,349.10204012,352.753918311));
#6630=CARTESIAN_POINT('',(364.158253974,373.810427242,349.753918311));
#6631=CARTESIAN_POINT('Origin',(335.949290756,349.10204012,349.753918311));
#6632=CARTESIAN_POINT('',(278.502593867,351.577321215,352.753918311));
#6633=CARTESIAN_POINT('',(293.544617315,387.936221846,352.753918311));
#6634=CARTESIAN_POINT('Origin',(335.949290756,349.10204012,352.753918311));
#6635=CARTESIAN_POINT('',(293.544617315,387.936221846,349.753918311));
#6636=CARTESIAN_POINT('',(278.502593867,351.577321215,349.753918311));
#6637=CARTESIAN_POINT('Origin',(290.00617658,391.47466258,349.753918311));
#6638=CARTESIAN_POINT('',(286.467735846,395.013103314,352.753918311));
#6639=CARTESIAN_POINT('',(293.544617315,387.936221846,352.753918311));
#6640=CARTESIAN_POINT('',(286.467735846,395.013103314,349.753918311));
#6641=CARTESIAN_POINT('Origin',(335.949290756,349.10204012,349.753918311));
#6642=CARTESIAN_POINT('',(268.494691332,351.577321215,352.753918311));
#6643=CARTESIAN_POINT('Origin',(335.949290756,349.10204012,352.753918311));
#6644=CARTESIAN_POINT('',(268.494691332,351.577321215,349.753918311));
#6645=CARTESIAN_POINT('Origin',(335.949290756,349.10204012,349.753918311));
#6646=CARTESIAN_POINT('',(318.385669987,335.038995447,352.753918311));
#6647=CARTESIAN_POINT('',(313.591388474,346.577321215,352.753918311));
#6648=CARTESIAN_POINT('Origin',(335.949290756,349.10204012,352.753918311));
#6649=CARTESIAN_POINT('',(313.591388474,346.577321215,349.753918311));
#6650=CARTESIAN_POINT('',(318.385669987,335.038995447,349.753918311));
#6651=CARTESIAN_POINT('Origin',(306.062882583,346.577321215,349.753918311));
#6652=CARTESIAN_POINT('',(298.534376692,346.577321215,352.753918311));
#6653=CARTESIAN_POINT('',(313.591388474,346.577321215,352.753918311));
#6654=CARTESIAN_POINT('',(298.534376692,346.577321215,349.753918311));
#6655=CARTESIAN_POINT('Origin',(335.949290756,349.10204012,349.753918311));
#6656=CARTESIAN_POINT('',(307.740327538,324.393652998,352.753918311));
#6657=CARTESIAN_POINT('Origin',(335.949290756,349.10204012,352.753918311));
#6658=CARTESIAN_POINT('',(307.740327538,324.393652998,349.753918311));
#6659=CARTESIAN_POINT('Origin',(335.949290756,349.10204012,349.753918311));
#6660=CARTESIAN_POINT('',(293.521434535,351.577321215,352.753918311));
#6661=CARTESIAN_POINT('',(304.165079962,377.315759198,352.753918311));
#6662=CARTESIAN_POINT('Origin',(335.949290756,349.10204012,352.753918311));
#6663=CARTESIAN_POINT('',(304.165079962,377.315759198,349.753918311));
#6664=CARTESIAN_POINT('',(293.521434535,351.577321215,349.753918311));
#6665=CARTESIAN_POINT('Origin',(300.624484914,380.856354246,349.753918311));
#6666=CARTESIAN_POINT('',(297.083889866,384.396949294,352.753918311));
#6667=CARTESIAN_POINT('',(304.165079962,377.315759198,352.753918311));
#6668=CARTESIAN_POINT('',(297.083889866,384.396949294,349.753918311));
#6669=CARTESIAN_POINT('Origin',(335.949290756,349.10204012,349.753918311));
#6670=CARTESIAN_POINT('',(283.507675759,351.577321215,352.753918311));
#6671=CARTESIAN_POINT('Origin',(335.949290756,349.10204012,352.753918311));
#6672=CARTESIAN_POINT('',(283.507675759,351.577321215,349.753918311));
#6673=CARTESIAN_POINT('Origin',(371.241002017,380.893175285,349.753918311));
#6674=CARTESIAN_POINT('',(367.700603649,377.352776917,352.753918311));
#6675=CARTESIAN_POINT('',(374.781400385,384.433573653,352.753918311));
#6676=CARTESIAN_POINT('',(367.700603649,377.352776917,352.753918311));
#6677=CARTESIAN_POINT('',(367.700603649,377.352776917,349.753918311));
#6678=CARTESIAN_POINT('',(374.781400385,384.433573653,349.753918311));
#6679=CARTESIAN_POINT('Origin',(335.949290756,349.10204012,349.753918311));
#6680=CARTESIAN_POINT('',(378.374233826,351.626759024,352.753918311));
#6681=CARTESIAN_POINT('Origin',(335.949290756,349.10204012,352.753918311));
#6682=CARTESIAN_POINT('',(378.374233826,351.626759024,349.753918311));
#6683=CARTESIAN_POINT('Origin',(383.381391362,351.626759024,349.753918311));
#6684=CARTESIAN_POINT('',(388.388548898,351.626759024,352.753918311));
#6685=CARTESIAN_POINT('',(378.374233826,351.626759024,352.753918311));
#6686=CARTESIAN_POINT('',(388.388548898,351.626759024,349.753918311));
#6687=CARTESIAN_POINT('Origin',(335.949290756,349.10204012,349.753918311));
#6688=CARTESIAN_POINT('',(338.424571852,386.520257388,352.753918311));
#6689=CARTESIAN_POINT('',(360.620384351,377.34362543,352.753918311));
#6690=CARTESIAN_POINT('Origin',(335.949290756,349.10204012,352.753918311));
#6691=CARTESIAN_POINT('',(338.424571852,386.520257388,349.753918311));
#6692=CARTESIAN_POINT('',(360.620384351,377.34362543,349.753918311));
#6693=CARTESIAN_POINT('Origin',(338.424571852,378.992863554,349.753918311));
#6694=CARTESIAN_POINT('',(338.424571852,371.46546972,352.753918311));
#6695=CARTESIAN_POINT('',(338.424571852,371.46546972,352.753918311));
#6696=CARTESIAN_POINT('',(338.424571852,371.46546972,349.753918311));
#6697=CARTESIAN_POINT('Origin',(335.949290756,349.10204012,349.753918311));
#6698=CARTESIAN_POINT('',(349.973469215,366.696710295,352.753918311));
#6699=CARTESIAN_POINT('Origin',(335.949290756,349.10204012,352.753918311));
#6700=CARTESIAN_POINT('',(349.973469215,366.696710295,349.753918311));
#6701=CARTESIAN_POINT('Origin',(313.031163014,368.449676147,349.753918311));
#6702=CARTESIAN_POINT('',(318.354620582,363.126218579,352.753918311));
#6703=CARTESIAN_POINT('',(307.707705446,373.773133714,352.753918311));
#6704=CARTESIAN_POINT('',(318.354620582,363.126218579,352.753918311));
#6705=CARTESIAN_POINT('',(307.707705446,373.773133714,349.753918311));
#6706=CARTESIAN_POINT('',(318.354620582,363.126218579,349.753918311));
#6707=CARTESIAN_POINT('Origin',(335.949290756,349.10204012,349.753918311));
#6708=CARTESIAN_POINT('',(298.531073489,351.577321215,352.753918311));
#6709=CARTESIAN_POINT('Origin',(335.949290756,349.10204012,352.753918311));
#6710=CARTESIAN_POINT('',(298.531073489,351.577321215,349.753918311));
#6711=CARTESIAN_POINT('Origin',(306.058467322,351.577321215,349.753918311));
#6712=CARTESIAN_POINT('',(313.585861156,351.577321215,352.753918311));
#6713=CARTESIAN_POINT('',(313.585861156,351.577321215,352.753918311));
#6714=CARTESIAN_POINT('',(313.585861156,351.577321215,349.753918311));
#6715=CARTESIAN_POINT('Origin',(335.949290756,349.10204012,349.753918311));
#6716=CARTESIAN_POINT('',(311.240903634,377.311003338,352.753918311));
#6717=CARTESIAN_POINT('',(333.424571852,386.516954184,352.753918311));
#6718=CARTESIAN_POINT('Origin',(335.949290756,349.10204012,352.753918311));
#6719=CARTESIAN_POINT('',(311.240903634,377.311003338,349.753918311));
#6720=CARTESIAN_POINT('',(333.424571852,386.516954184,349.753918311));
#6721=CARTESIAN_POINT('Origin',(316.563574859,371.988332113,349.753918311));
#6722=CARTESIAN_POINT('',(321.886246083,366.665660889,352.753918311));
#6723=CARTESIAN_POINT('',(321.886246083,366.665660889,352.753918311));
#6724=CARTESIAN_POINT('',(321.886246083,366.665660889,349.753918311));
#6725=CARTESIAN_POINT('Origin',(335.949290756,349.10204012,349.753918311));
#6726=CARTESIAN_POINT('',(333.424571852,371.459942402,352.753918311));
#6727=CARTESIAN_POINT('Origin',(335.949290756,349.10204012,352.753918311));
#6728=CARTESIAN_POINT('',(333.424571852,371.459942402,349.753918311));
#6729=CARTESIAN_POINT('Origin',(304.158155591,384.393751381,349.753918311));
#6730=CARTESIAN_POINT('',(307.698553959,380.853353013,352.753918311));
#6731=CARTESIAN_POINT('',(300.617757223,387.934149749,352.753918311));
#6732=CARTESIAN_POINT('',(307.698553959,380.853353013,352.753918311));
#6733=CARTESIAN_POINT('',(307.698553959,380.853353013,349.753918311));
#6734=CARTESIAN_POINT('',(300.617757223,387.934149749,349.753918311));
#6735=CARTESIAN_POINT('Origin',(335.949290756,349.10204012,349.753918311));
#6736=CARTESIAN_POINT('',(333.424571852,391.526983189,352.753918311));
#6737=CARTESIAN_POINT('Origin',(335.949290756,349.10204012,352.753918311));
#6738=CARTESIAN_POINT('',(333.424571852,391.526983189,349.753918311));
#6739=CARTESIAN_POINT('Origin',(333.424571852,396.534140726,349.753918311));
#6740=CARTESIAN_POINT('',(333.424571852,401.541298262,352.753918311));
#6741=CARTESIAN_POINT('',(333.424571852,391.526983189,352.753918311));
#6742=CARTESIAN_POINT('',(333.424571852,401.541298262,349.753918311));
#6743=CARTESIAN_POINT('Origin',(365.84011419,346.626759024,349.753918311));
#6744=CARTESIAN_POINT('',(358.312720357,346.626759024,352.753918311));
#6745=CARTESIAN_POINT('',(373.367508024,346.626759024,352.753918311));
#6746=CARTESIAN_POINT('',(358.312720357,346.626759024,352.753918311));
#6747=CARTESIAN_POINT('',(358.312720357,346.626759024,349.753918311));
#6748=CARTESIAN_POINT('',(373.367508024,346.626759024,349.753918311));
#6749=CARTESIAN_POINT('Origin',(335.949290756,349.10204012,349.753918311));
#6750=CARTESIAN_POINT('',(353.543960931,335.077861661,352.753918311));
#6751=CARTESIAN_POINT('Origin',(335.949290756,349.10204012,352.753918311));
#6752=CARTESIAN_POINT('',(353.543960931,335.077861661,349.753918311));
#6753=CARTESIAN_POINT('Origin',(358.867418499,329.754404093,349.753918311));
#6754=CARTESIAN_POINT('',(364.190876067,324.430946525,352.753918311));
#6755=CARTESIAN_POINT('',(353.543960931,335.077861661,352.753918311));
#6756=CARTESIAN_POINT('',(364.190876067,324.430946525,349.753918311));
#6757=CARTESIAN_POINT('Origin',(338.424571852,411.552688277,349.753918311));
#6758=CARTESIAN_POINT('',(338.424571852,406.548737009,352.753918311));
#6759=CARTESIAN_POINT('',(338.424571852,416.556639544,352.753918311));
#6760=CARTESIAN_POINT('',(338.424571852,406.548737009,352.753918311));
#6761=CARTESIAN_POINT('',(338.424571852,406.548737009,349.753918311));
#6762=CARTESIAN_POINT('',(338.424571852,416.556639544,349.753918311));
#6763=CARTESIAN_POINT('Origin',(335.949290756,349.10204012,349.753918311));
#6764=CARTESIAN_POINT('',(374.783472482,391.506713562,352.753918311));
#6765=CARTESIAN_POINT('Origin',(335.949290756,349.10204012,352.753918311));
#6766=CARTESIAN_POINT('',(374.783472482,391.506713562,349.753918311));
#6767=CARTESIAN_POINT('Origin',(378.321913216,395.045154296,349.753918311));
#6768=CARTESIAN_POINT('',(381.860353951,398.58359503,352.753918311));
#6769=CARTESIAN_POINT('',(374.783472482,391.506713562,352.753918311));
#6770=CARTESIAN_POINT('',(381.860353951,398.58359503,349.753918311));
#6771=CARTESIAN_POINT('Origin',(333.474009661,319.211216686,349.753918311));
#6772=CARTESIAN_POINT('',(333.474009661,326.738610519,352.753918311));
#6773=CARTESIAN_POINT('',(333.474009661,311.683822852,352.753918311));
#6774=CARTESIAN_POINT('',(333.474009661,326.738610519,352.753918311));
#6775=CARTESIAN_POINT('',(333.474009661,326.738610519,349.753918311));
#6776=CARTESIAN_POINT('',(333.474009661,311.683822852,349.753918311));
#6777=CARTESIAN_POINT('Origin',(335.949290756,349.10204012,349.753918311));
#6778=CARTESIAN_POINT('',(321.925112298,331.507369945,352.753918311));
#6779=CARTESIAN_POINT('Origin',(335.949290756,349.10204012,352.753918311));
#6780=CARTESIAN_POINT('',(321.925112298,331.507369945,349.753918311));
#6781=CARTESIAN_POINT('Origin',(316.60165473,326.183912377,349.753918311));
#6782=CARTESIAN_POINT('',(311.278197162,320.860454809,352.753918311));
#6783=CARTESIAN_POINT('',(321.925112298,331.507369945,352.753918311));
#6784=CARTESIAN_POINT('',(311.278197162,320.860454809,349.753918311));
#6785=CARTESIAN_POINT('Origin',(371.274096598,317.347725994,349.753918311));
#6786=CARTESIAN_POINT('',(367.73350155,320.888321042,352.753918311));
#6787=CARTESIAN_POINT('',(374.814691647,313.807130946,352.753918311));
#6788=CARTESIAN_POINT('',(367.73350155,320.888321042,352.753918311));
#6789=CARTESIAN_POINT('',(374.814691647,313.807130946,349.753918311));
#6790=CARTESIAN_POINT('',(367.73350155,320.888321042,349.753918311));
#6791=CARTESIAN_POINT('Origin',(335.949290756,349.10204012,349.753918311));
#6792=CARTESIAN_POINT('',(388.390905753,346.626759024,352.753918311));
#6793=CARTESIAN_POINT('Origin',(335.949290756,349.10204012,352.753918311));
#6794=CARTESIAN_POINT('',(388.390905753,346.626759024,349.753918311));
#6795=CARTESIAN_POINT('Origin',(383.384026365,346.626759024,349.753918311));
#6796=CARTESIAN_POINT('',(378.377146977,346.626759024,352.753918311));
#6797=CARTESIAN_POINT('',(378.377146977,346.626759024,352.753918311));
#6798=CARTESIAN_POINT('',(378.377146977,346.626759024,349.753918311));
#6799=CARTESIAN_POINT('Origin',(355.335006654,326.215748126,349.753918311));
#6800=CARTESIAN_POINT('',(350.012335429,331.538419351,352.753918311));
#6801=CARTESIAN_POINT('',(360.657677878,320.893076902,352.753918311));
#6802=CARTESIAN_POINT('',(350.012335429,331.538419351,352.753918311));
#6803=CARTESIAN_POINT('',(350.012335429,331.538419351,349.753918311));
#6804=CARTESIAN_POINT('',(360.657677878,320.893076902,349.753918311));
#6805=CARTESIAN_POINT('Origin',(335.949290756,349.10204012,349.753918311));
#6806=CARTESIAN_POINT('',(338.474009661,326.744137838,352.753918311));
#6807=CARTESIAN_POINT('Origin',(335.949290756,349.10204012,352.753918311));
#6808=CARTESIAN_POINT('',(338.474009661,326.744137838,349.753918311));
#6809=CARTESIAN_POINT('Origin',(338.474009661,319.215631947,349.753918311));
#6810=CARTESIAN_POINT('',(338.474009661,311.687126055,352.753918311));
#6811=CARTESIAN_POINT('',(338.474009661,326.744137838,352.753918311));
#6812=CARTESIAN_POINT('',(338.474009661,311.687126055,349.753918311));
#6813=CARTESIAN_POINT('Origin',(300.657579495,317.310904955,349.753918311));
#6814=CARTESIAN_POINT('',(304.197977863,320.851303323,352.753918311));
#6815=CARTESIAN_POINT('',(297.117181128,313.770506587,352.753918311));
#6816=CARTESIAN_POINT('',(304.197977863,320.851303323,352.753918311));
#6817=CARTESIAN_POINT('',(304.197977863,320.851303323,349.753918311));
#6818=CARTESIAN_POINT('',(297.117181128,313.770506587,349.753918311));
#6819=CARTESIAN_POINT('Origin',(335.949290756,349.10204012,349.753918311));
#6820=CARTESIAN_POINT('',(293.524347687,346.577321215,352.753918311));
#6821=CARTESIAN_POINT('Origin',(335.949290756,349.10204012,352.753918311));
#6822=CARTESIAN_POINT('',(293.524347687,346.577321215,349.753918311));
#6823=CARTESIAN_POINT('Origin',(288.517190151,346.577321215,349.753918311));
#6824=CARTESIAN_POINT('',(283.510032615,346.577321215,352.753918311));
#6825=CARTESIAN_POINT('',(293.524347687,346.577321215,352.753918311));
#6826=CARTESIAN_POINT('',(283.510032615,346.577321215,349.753918311));
#6827=CARTESIAN_POINT('Origin',(335.949290756,349.10204012,349.753918311));
#6828=CARTESIAN_POINT('',(371.280824289,310.269930491,352.753918311));
#6829=CARTESIAN_POINT('',(338.474009661,296.662781978,352.753918311));
#6830=CARTESIAN_POINT('Origin',(335.949290756,349.10204012,352.753918311));
#6831=CARTESIAN_POINT('',(371.280824289,310.269930491,349.753918311));
#6832=CARTESIAN_POINT('',(338.474009661,296.662781978,349.753918311));
#6833=CARTESIAN_POINT('Origin',(367.740425921,313.810328859,349.753918311));
#6834=CARTESIAN_POINT('',(364.200027553,317.350727227,352.753918311));
#6835=CARTESIAN_POINT('',(364.200027553,317.350727227,352.753918311));
#6836=CARTESIAN_POINT('',(364.200027553,317.350727227,349.753918311));
#6837=CARTESIAN_POINT('Origin',(335.949290756,349.10204012,349.753918311));
#6838=CARTESIAN_POINT('',(338.474009661,306.67709705,352.753918311));
#6839=CARTESIAN_POINT('Origin',(335.949290756,349.10204012,352.753918311));
#6840=CARTESIAN_POINT('',(338.474009661,306.67709705,349.753918311));
#6841=CARTESIAN_POINT('Origin',(378.35827951,303.192475271,349.753918311));
#6842=CARTESIAN_POINT('',(374.819951636,306.730803145,352.753918311));
#6843=CARTESIAN_POINT('',(381.896607384,299.654147397,352.753918311));
#6844=CARTESIAN_POINT('',(374.819951636,306.730803145,352.753918311));
#6845=CARTESIAN_POINT('',(374.819951636,306.730803145,349.753918311));
#6846=CARTESIAN_POINT('',(381.896607384,299.654147397,349.753918311));
#6847=CARTESIAN_POINT('Origin',(335.949290756,349.10204012,349.753918311));
#6848=CARTESIAN_POINT('',(338.474009661,291.657494735,352.753918311));
#6849=CARTESIAN_POINT('Origin',(335.949290756,349.10204012,352.753918311));
#6850=CARTESIAN_POINT('',(338.474009661,291.657494735,349.753918311));
#6851=CARTESIAN_POINT('Origin',(338.474009661,286.653383859,349.753918311));
#6852=CARTESIAN_POINT('',(338.474009661,281.649272983,352.753918311));
#6853=CARTESIAN_POINT('',(338.474009661,291.657494735,352.753918311));
#6854=CARTESIAN_POINT('',(338.474009661,281.649272983,349.753918311));
#6855=CARTESIAN_POINT('Origin',(335.949290756,349.10204012,349.753918311));
#6856=CARTESIAN_POINT('',(396.009625038,405.661798305,352.753918311));
#6857=CARTESIAN_POINT('',(418.410650158,351.626759024,352.753918311));
#6858=CARTESIAN_POINT('Origin',(335.949290756,349.10204012,352.753918311));
#6859=CARTESIAN_POINT('',(396.009625038,405.661798305,349.753918311));
#6860=CARTESIAN_POINT('',(418.410650158,351.626759024,349.753918311));
#6861=CARTESIAN_POINT('Origin',(392.472278883,402.124452151,349.753918311));
#6862=CARTESIAN_POINT('',(388.934932729,398.587105996,352.753918311));
#6863=CARTESIAN_POINT('',(388.934932729,398.587105996,352.753918311));
#6864=CARTESIAN_POINT('',(388.934932729,398.587105996,349.753918311));
#6865=CARTESIAN_POINT('Origin',(335.949290756,349.10204012,349.753918311));
#6866=CARTESIAN_POINT('',(408.405317382,351.626759024,352.753918311));
#6867=CARTESIAN_POINT('Origin',(335.949290756,349.10204012,352.753918311));
#6868=CARTESIAN_POINT('',(408.405317382,351.626759024,349.753918311));
#6869=CARTESIAN_POINT('Origin',(388.93561199,405.65885307,349.753918311));
#6870=CARTESIAN_POINT('',(385.398192663,402.121433743,352.753918311));
#6871=CARTESIAN_POINT('',(392.473031317,409.196272397,352.753918311));
#6872=CARTESIAN_POINT('',(385.398192663,402.121433743,352.753918311));
#6873=CARTESIAN_POINT('',(392.473031317,409.196272397,349.753918311));
#6874=CARTESIAN_POINT('',(385.398192663,402.121433743,349.753918311));
#6875=CARTESIAN_POINT('Origin',(335.949290756,349.10204012,349.753918311));
#6876=CARTESIAN_POINT('',(338.424571852,431.564898326,352.753918311));
#6877=CARTESIAN_POINT('Origin',(335.949290756,349.10204012,352.753918311));
#6878=CARTESIAN_POINT('',(338.424571852,431.564898326,349.753918311));
#6879=CARTESIAN_POINT('Origin',(338.424571852,426.562335419,349.753918311));
#6880=CARTESIAN_POINT('',(338.424571852,421.559772513,352.753918311));
#6881=CARTESIAN_POINT('',(338.424571852,421.559772513,352.753918311));
#6882=CARTESIAN_POINT('',(338.424571852,421.559772513,349.753918311));
#6883=CARTESIAN_POINT('Origin',(333.424571852,441.567477454,349.753918311));
#6884=CARTESIAN_POINT('',(333.424571852,436.565608504,352.753918311));
#6885=CARTESIAN_POINT('',(333.424571852,446.569346405,352.753918311));
#6886=CARTESIAN_POINT('',(333.424571852,436.565608504,352.753918311));
#6887=CARTESIAN_POINT('',(333.424571852,446.569346405,349.753918311));
#6888=CARTESIAN_POINT('',(333.424571852,436.565608504,349.753918311));
#6889=CARTESIAN_POINT('Origin',(335.949290756,349.10204012,349.753918311));
#6890=CARTESIAN_POINT('',(268.778888937,419.773018035,352.753918311));
#6891=CARTESIAN_POINT('Origin',(335.949290756,349.10204012,352.753918311));
#6892=CARTESIAN_POINT('',(268.778888937,419.773018035,349.753918311));
#6893=CARTESIAN_POINT('Origin',(272.315693114,416.236213858,349.753918311));
#6894=CARTESIAN_POINT('',(275.852497291,412.699409681,352.753918311));
#6895=CARTESIAN_POINT('',(275.852497291,412.699409681,352.753918311));
#6896=CARTESIAN_POINT('',(275.852497291,412.699409681,349.753918311));
#6897=CARTESIAN_POINT('Origin',(335.949290756,349.10204012,349.753918311));
#6898=CARTESIAN_POINT('',(338.424571852,446.570614458,352.753918311));
#6899=CARTESIAN_POINT('',(403.083838116,419.807079196,352.753918311));
#6900=CARTESIAN_POINT('Origin',(335.949290756,349.10204012,352.753918311));
#6901=CARTESIAN_POINT('',(338.424571852,446.570614458,349.753918311));
#6902=CARTESIAN_POINT('',(403.083838116,419.807079196,349.753918311));
#6903=CARTESIAN_POINT('Origin',(338.424571852,441.568818024,349.753918311));
#6904=CARTESIAN_POINT('',(338.424571852,436.56702159,352.753918311));
#6905=CARTESIAN_POINT('',(338.424571852,436.56702159,352.753918311));
#6906=CARTESIAN_POINT('',(338.424571852,436.56702159,349.753918311));
#6907=CARTESIAN_POINT('Origin',(335.949290756,349.10204012,349.753918311));
#6908=CARTESIAN_POINT('',(396.010127209,412.733368289,352.753918311));
#6909=CARTESIAN_POINT('Origin',(335.949290756,349.10204012,352.753918311));
#6910=CARTESIAN_POINT('',(396.010127209,412.733368289,349.753918311));
#6911=CARTESIAN_POINT('Origin',(335.949290756,349.10204012,349.753918311));
#6912=CARTESIAN_POINT('',(406.620268671,416.272441939,352.753918311));
#6913=CARTESIAN_POINT('',(433.416597041,351.626759024,352.753918311));
#6914=CARTESIAN_POINT('Origin',(335.949290756,349.10204012,352.753918311));
#6915=CARTESIAN_POINT('',(406.620268671,416.272441939,349.753918311));
#6916=CARTESIAN_POINT('',(433.416597041,351.626759024,349.753918311));
#6917=CARTESIAN_POINT('Origin',(403.083464495,412.735637762,349.753918311));
#6918=CARTESIAN_POINT('',(399.546660318,409.198833586,352.753918311));
#6919=CARTESIAN_POINT('',(399.546660318,409.198833586,352.753918311));
#6920=CARTESIAN_POINT('',(399.546660318,409.198833586,349.753918311));
#6921=CARTESIAN_POINT('Origin',(335.949290756,349.10204012,349.753918311));
#6922=CARTESIAN_POINT('',(423.41285914,351.626759024,352.753918311));
#6923=CARTESIAN_POINT('Origin',(335.949290756,349.10204012,352.753918311));
#6924=CARTESIAN_POINT('',(423.41285914,351.626759024,349.753918311));
#6925=CARTESIAN_POINT('Origin',(410.157011571,426.88025265,349.753918311));
#6926=CARTESIAN_POINT('',(406.620500078,423.343741158,352.753918311));
#6927=CARTESIAN_POINT('',(411.925300657,428.648541737,352.753918311));
#6928=CARTESIAN_POINT('',(406.620500078,423.343741158,352.753918311));
#6929=CARTESIAN_POINT('',(411.925300657,428.648541737,349.753918311));
#6930=CARTESIAN_POINT('',(406.620500078,423.343741158,349.753918311));
#6931=CARTESIAN_POINT('Origin',(335.949290756,349.10204012,349.753918311));
#6932=CARTESIAN_POINT('',(338.424571852,459.074186518,352.753918311));
#6933=CARTESIAN_POINT('Origin',(335.949290756,349.10204012,352.753918311));
#6934=CARTESIAN_POINT('',(338.424571852,459.074186518,349.753918311));
#6935=CARTESIAN_POINT('Origin',(338.424571852,456.573476757,349.753918311));
#6936=CARTESIAN_POINT('',(338.424571852,451.572147876,352.753918311));
#6937=CARTESIAN_POINT('',(338.424571852,451.572147876,352.753918311));
#6938=CARTESIAN_POINT('',(338.424571852,451.572147876,349.753918311));
#6939=CARTESIAN_POINT('Origin',(261.705797174,426.846109798,349.753918311));
#6940=CARTESIAN_POINT('',(265.242270741,423.309636231,352.753918311));
#6941=CARTESIAN_POINT('',(265.242270741,423.309636231,352.753918311));
#6942=CARTESIAN_POINT('',(265.242270741,423.309636231,349.753918311));
#6943=CARTESIAN_POINT('Origin',(335.949290756,349.10204012,349.753918311));
#6944=CARTESIAN_POINT('',(333.424571852,451.570941717,352.753918311));
#6945=CARTESIAN_POINT('Origin',(335.949290756,349.10204012,352.753918311));
#6946=CARTESIAN_POINT('',(333.424571852,451.570941717,349.753918311));
#6947=CARTESIAN_POINT('Origin',(335.949290756,349.10204012,349.753918311));
#6948=CARTESIAN_POINT('',(403.403890181,346.626759024,352.753918311));
#6949=CARTESIAN_POINT('',(385.430845667,303.190976925,352.753918311));
#6950=CARTESIAN_POINT('Origin',(335.949290756,349.10204012,352.753918311));
#6951=CARTESIAN_POINT('',(403.403890181,346.626759024,349.753918311));
#6952=CARTESIAN_POINT('',(385.430845667,303.190976925,349.753918311));
#6953=CARTESIAN_POINT('Origin',(398.399938913,346.626759024,349.753918311));
#6954=CARTESIAN_POINT('',(393.395987646,346.626759024,352.753918311));
#6955=CARTESIAN_POINT('',(393.395987646,346.626759024,352.753918311));
#6956=CARTESIAN_POINT('',(393.395987646,346.626759024,349.753918311));
#6957=CARTESIAN_POINT('Origin',(335.949290756,349.10204012,349.753918311));
#6958=CARTESIAN_POINT('',(378.353964198,310.267858394,352.753918311));
#6959=CARTESIAN_POINT('Origin',(335.949290756,349.10204012,352.753918311));
#6960=CARTESIAN_POINT('',(378.353964198,310.267858394,349.753918311));
#6961=CARTESIAN_POINT('Origin',(335.949290756,349.10204012,349.753918311));
#6962=CARTESIAN_POINT('',(333.474009661,246.631932364,352.753918311));
#6963=CARTESIAN_POINT('',(265.278081434,274.860339082,352.753918311));
#6964=CARTESIAN_POINT('Origin',(335.949290756,349.10204012,352.753918311));
#6965=CARTESIAN_POINT('',(265.278081434,274.860339082,349.753918311));
#6966=CARTESIAN_POINT('',(333.474009661,246.631932364,349.753918311));
#6967=CARTESIAN_POINT('Origin',(261.741569942,271.323827589,349.753918311));
#6968=CARTESIAN_POINT('',(265.278081434,274.860339082,352.753918311));
#6969=CARTESIAN_POINT('Origin',(258.205221078,274.858546538,349.753918311));
#6970=CARTESIAN_POINT('',(261.741694645,278.395020105,352.753918311));
#6971=CARTESIAN_POINT('',(261.741694645,278.395020105,352.753918311));
#6972=CARTESIAN_POINT('',(261.741694645,278.395020105,349.753918311));
#6973=CARTESIAN_POINT('Origin',(335.949290756,349.10204012,349.753918311));
#6974=CARTESIAN_POINT('',(233.480389159,346.577321215,352.753918311));
#6975=CARTESIAN_POINT('Origin',(335.949290756,349.10204012,352.753918311));
#6976=CARTESIAN_POINT('',(233.480389159,346.577321215,349.753918311));
#6977=CARTESIAN_POINT('Origin',(228.479006643,346.577321215,349.753918311));
#6978=CARTESIAN_POINT('',(233.480389159,346.577321215,352.753918311));
#6979=CARTESIAN_POINT('Origin',(410.192784339,271.357970442,349.753918311));
#6980=CARTESIAN_POINT('',(406.656310771,274.894444009,352.753918311));
#6981=CARTESIAN_POINT('',(406.656310771,274.894444009,352.753918311));
#6982=CARTESIAN_POINT('',(406.656310771,274.894444009,349.753918311));
#6983=CARTESIAN_POINT('Origin',(335.949290756,349.10204012,349.753918311));
#6984=CARTESIAN_POINT('',(338.474009661,246.633138523,352.753918311));
#6985=CARTESIAN_POINT('Origin',(335.949290756,349.10204012,352.753918311));
#6986=CARTESIAN_POINT('',(338.474009661,246.633138523,349.753918311));
#6987=CARTESIAN_POINT('Origin',(335.949290756,349.10204012,349.753918311));
#6988=CARTESIAN_POINT('',(265.278312841,281.931638301,352.753918311));
#6989=CARTESIAN_POINT('',(238.481984471,346.577321215,352.753918311));
#6990=CARTESIAN_POINT('Origin',(335.949290756,349.10204012,352.753918311));
#6991=CARTESIAN_POINT('',(265.278312841,281.931638301,349.753918311));
#6992=CARTESIAN_POINT('',(238.481984471,346.577321215,349.753918311));
#6993=CARTESIAN_POINT('Origin',(268.815117018,285.468442478,349.753918311));
#6994=CARTESIAN_POINT('',(272.351921195,289.005246654,352.753918311));
#6995=CARTESIAN_POINT('',(272.351921195,289.005246654,352.753918311));
#6996=CARTESIAN_POINT('',(272.351921195,289.005246654,349.753918311));
#6997=CARTESIAN_POINT('Origin',(335.949290756,349.10204012,349.753918311));
#6998=CARTESIAN_POINT('',(248.485722372,346.577321215,352.753918311));
#6999=CARTESIAN_POINT('Origin',(335.949290756,349.10204012,352.753918311));
#7000=CARTESIAN_POINT('',(248.485722372,346.577321215,349.753918311));
#7001=CARTESIAN_POINT('Origin',(228.477854119,351.577321215,349.753918311));
#7002=CARTESIAN_POINT('',(233.479183,351.577321215,352.753918311));
#7003=CARTESIAN_POINT('',(233.479183,351.577321215,352.753918311));
#7004=CARTESIAN_POINT('',(233.479183,351.577321215,349.753918311));
#7005=CARTESIAN_POINT('Origin',(335.949290756,349.10204012,349.753918311));
#7006=CARTESIAN_POINT('',(261.707589718,419.773249442,352.753918311));
#7007=CARTESIAN_POINT('Origin',(335.949290756,349.10204012,352.753918311));
#7008=CARTESIAN_POINT('',(261.707589718,419.773249442,349.753918311));
#7009=CARTESIAN_POINT('Origin',(258.171078226,423.309760934,349.753918311));
#7010=CARTESIAN_POINT('',(261.707589718,419.773249442,352.753918311));
#7011=CARTESIAN_POINT('Origin',(443.420727394,346.626759024,349.753918311));
#7012=CARTESIAN_POINT('',(438.419398512,346.626759024,352.753918311));
#7013=CARTESIAN_POINT('',(438.419398512,346.626759024,352.753918311));
#7014=CARTESIAN_POINT('',(438.419398512,346.626759024,349.753918311));
#7015=CARTESIAN_POINT('Origin',(335.949290756,349.10204012,349.753918311));
#7016=CARTESIAN_POINT('',(410.190991794,278.430830798,352.753918311));
#7017=CARTESIAN_POINT('Origin',(335.949290756,349.10204012,352.753918311));
#7018=CARTESIAN_POINT('',(410.190991794,278.430830798,349.753918311));
#7019=CARTESIAN_POINT('Origin',(335.949290756,349.10204012,349.753918311));
#7020=CARTESIAN_POINT('',(333.474009661,266.639181914,352.753918311));
#7021=CARTESIAN_POINT('',(279.425550195,289.007807843,352.753918311));
#7022=CARTESIAN_POINT('Origin',(335.949290756,349.10204012,352.753918311));
#7023=CARTESIAN_POINT('',(333.474009661,266.639181914,349.753918311));
#7024=CARTESIAN_POINT('',(279.425550195,289.007807843,349.753918311));
#7025=CARTESIAN_POINT('Origin',(333.474009661,271.641744821,349.753918311));
#7026=CARTESIAN_POINT('',(333.474009661,276.644307727,352.753918311));
#7027=CARTESIAN_POINT('',(333.474009661,276.644307727,352.753918311));
#7028=CARTESIAN_POINT('',(333.474009661,276.644307727,349.753918311));
#7029=CARTESIAN_POINT('Origin',(335.949290756,349.10204012,349.753918311));
#7030=CARTESIAN_POINT('',(286.500388849,296.082646497,352.753918311));
#7031=CARTESIAN_POINT('Origin',(335.949290756,349.10204012,352.753918311));
#7032=CARTESIAN_POINT('',(286.500388849,296.082646497,349.753918311));
#7033=CARTESIAN_POINT('Origin',(335.949290756,349.10204012,349.753918311));
#7034=CARTESIAN_POINT('',(333.474009661,281.647440696,352.753918311));
#7035=CARTESIAN_POINT('',(290.038227562,299.62048521,352.753918311));
#7036=CARTESIAN_POINT('Origin',(335.949290756,349.10204012,352.753918311));
#7037=CARTESIAN_POINT('',(333.474009661,281.647440696,349.753918311));
#7038=CARTESIAN_POINT('',(290.038227562,299.62048521,349.753918311));
#7039=CARTESIAN_POINT('Origin',(333.474009661,286.651391963,349.753918311));
#7040=CARTESIAN_POINT('',(333.474009661,291.655343231,352.753918311));
#7041=CARTESIAN_POINT('',(333.474009661,291.655343231,352.753918311));
#7042=CARTESIAN_POINT('',(333.474009661,291.655343231,349.753918311));
#7043=CARTESIAN_POINT('Origin',(335.949290756,349.10204012,349.753918311));
#7044=CARTESIAN_POINT('',(297.115109031,306.697366678,352.753918311));
#7045=CARTESIAN_POINT('Origin',(335.949290756,349.10204012,352.753918311));
#7046=CARTESIAN_POINT('',(297.115109031,306.697366678,349.753918311));
#7047=CARTESIAN_POINT('Origin',(243.482512852,351.577321215,349.753918311));
#7048=CARTESIAN_POINT('',(248.484309287,351.577321215,352.753918311));
#7049=CARTESIAN_POINT('',(238.480716418,351.577321215,352.753918311));
#7050=CARTESIAN_POINT('',(248.484309287,351.577321215,352.753918311));
#7051=CARTESIAN_POINT('',(248.484309287,351.577321215,349.753918311));
#7052=CARTESIAN_POINT('',(238.480716418,351.577321215,349.753918311));
#7053=CARTESIAN_POINT('Origin',(335.949290756,349.10204012,349.753918311));
#7054=CARTESIAN_POINT('',(272.317962587,409.162876573,352.753918311));
#7055=CARTESIAN_POINT('Origin',(335.949290756,349.10204012,352.753918311));
#7056=CARTESIAN_POINT('',(272.317962587,409.162876573,349.753918311));
#7057=CARTESIAN_POINT('Origin',(268.781107134,412.699732027,349.753918311));
#7058=CARTESIAN_POINT('',(265.24425168,416.23658748,352.753918311));
#7059=CARTESIAN_POINT('',(272.317962587,409.162876573,352.753918311));
#7060=CARTESIAN_POINT('',(265.24425168,416.23658748,349.753918311));
#7061=CARTESIAN_POINT('Origin',(428.41606866,346.626759024,349.753918311));
#7062=CARTESIAN_POINT('',(423.414272226,346.626759024,352.753918311));
#7063=CARTESIAN_POINT('',(433.417865094,346.626759024,352.753918311));
#7064=CARTESIAN_POINT('',(423.414272226,346.626759024,352.753918311));
#7065=CARTESIAN_POINT('',(423.414272226,346.626759024,349.753918311));
#7066=CARTESIAN_POINT('',(433.417865094,346.626759024,349.753918311));
#7067=CARTESIAN_POINT('Origin',(335.949290756,349.10204012,349.753918311));
#7068=CARTESIAN_POINT('',(399.580618925,289.041203667,352.753918311));
#7069=CARTESIAN_POINT('Origin',(335.949290756,349.10204012,352.753918311));
#7070=CARTESIAN_POINT('',(399.580618925,289.041203667,349.753918311));
#7071=CARTESIAN_POINT('Origin',(403.117474379,285.504348213,349.753918311));
#7072=CARTESIAN_POINT('',(406.654329832,281.96749276,352.753918311));
#7073=CARTESIAN_POINT('',(399.580618925,289.041203667,352.753918311));
#7074=CARTESIAN_POINT('',(406.654329832,281.96749276,349.753918311));
#7075=CARTESIAN_POINT('Origin',(338.474009661,271.643347106,349.753918311));
#7076=CARTESIAN_POINT('',(338.474009661,276.646013494,352.753918311));
#7077=CARTESIAN_POINT('',(338.474009661,266.640680718,352.753918311));
#7078=CARTESIAN_POINT('',(338.474009661,276.646013494,352.753918311));
#7079=CARTESIAN_POINT('',(338.474009661,266.640680718,349.753918311));
#7080=CARTESIAN_POINT('',(338.474009661,276.646013494,349.753918311));
#7081=CARTESIAN_POINT('Origin',(335.949290756,349.10204012,349.753918311));
#7082=CARTESIAN_POINT('',(392.509048942,289.041705839,352.753918311));
#7083=CARTESIAN_POINT('Origin',(335.949290756,349.10204012,352.753918311));
#7084=CARTESIAN_POINT('',(392.509048942,289.041705839,349.753918311));
#7085=CARTESIAN_POINT('Origin',(388.971702787,292.579051993,349.753918311));
#7086=CARTESIAN_POINT('',(385.434356633,296.116398148,352.753918311));
#7087=CARTESIAN_POINT('',(385.434356633,296.116398148,352.753918311));
#7088=CARTESIAN_POINT('',(385.434356633,296.116398148,349.753918311));
#7089=CARTESIAN_POINT('Origin',(333.474009661,256.635262216,349.753918311));
#7090=CARTESIAN_POINT('',(333.474009661,261.63705865,352.753918311));
#7091=CARTESIAN_POINT('',(333.474009661,251.633465782,352.753918311));
#7092=CARTESIAN_POINT('',(333.474009661,261.63705865,352.753918311));
#7093=CARTESIAN_POINT('',(333.474009661,261.63705865,349.753918311));
#7094=CARTESIAN_POINT('',(333.474009661,251.633465782,349.753918311));
#7095=CARTESIAN_POINT('Origin',(335.949290756,349.10204012,349.753918311));
#7096=CARTESIAN_POINT('',(275.888454303,285.470711951,352.753918311));
#7097=CARTESIAN_POINT('Origin',(335.949290756,349.10204012,352.753918311));
#7098=CARTESIAN_POINT('',(275.888454303,285.470711951,349.753918311));
#7099=CARTESIAN_POINT('Origin',(272.35159885,281.933856497,349.753918311));
#7100=CARTESIAN_POINT('',(268.814743396,278.397001044,352.753918311));
#7101=CARTESIAN_POINT('',(275.888454303,285.470711951,352.753918311));
#7102=CARTESIAN_POINT('',(268.814743396,278.397001044,349.753918311));
#7103=CARTESIAN_POINT('Origin',(335.949290756,349.10204012,349.753918311));
#7104=CARTESIAN_POINT('',(396.046084222,285.504670558,352.753918311));
#7105=CARTESIAN_POINT('',(338.474009661,261.638471736,352.753918311));
#7106=CARTESIAN_POINT('Origin',(335.949290756,349.10204012,352.753918311));
#7107=CARTESIAN_POINT('',(338.474009661,261.638471736,349.753918311));
#7108=CARTESIAN_POINT('',(396.046084222,285.504670558,349.753918311));
#7109=CARTESIAN_POINT('Origin',(338.474009661,256.636602785,349.753918311));
#7110=CARTESIAN_POINT('',(338.474009661,251.634733835,352.753918311));
#7111=CARTESIAN_POINT('',(338.474009661,261.638471736,352.753918311));
#7112=CARTESIAN_POINT('',(338.474009661,251.634733835,349.753918311));
#7113=CARTESIAN_POINT('Origin',(335.949290756,349.10204012,349.753918311));
#7114=CARTESIAN_POINT('',(403.119692575,278.431062205,352.753918311));
#7115=CARTESIAN_POINT('Origin',(335.949290756,349.10204012,352.753918311));
#7116=CARTESIAN_POINT('',(403.119692575,278.431062205,349.753918311));
#7117=CARTESIAN_POINT('Origin',(333.474009661,301.667304511,349.753918311));
#7118=CARTESIAN_POINT('',(333.474009661,306.674183899,352.753918311));
#7119=CARTESIAN_POINT('',(333.474009661,296.660425123,352.753918311));
#7120=CARTESIAN_POINT('',(333.474009661,306.674183899,352.753918311));
#7121=CARTESIAN_POINT('',(333.474009661,306.674183899,349.753918311));
#7122=CARTESIAN_POINT('',(333.474009661,296.660425123,349.753918311));
#7123=CARTESIAN_POINT('Origin',(335.949290756,349.10204012,349.753918311));
#7124=CARTESIAN_POINT('',(307.735571678,317.317829326,352.753918311));
#7125=CARTESIAN_POINT('Origin',(335.949290756,349.10204012,352.753918311));
#7126=CARTESIAN_POINT('',(307.735571678,317.317829326,349.753918311));
#7127=CARTESIAN_POINT('Origin',(304.19497663,313.777234278,349.753918311));
#7128=CARTESIAN_POINT('',(300.654381582,310.23663923,352.753918311));
#7129=CARTESIAN_POINT('',(307.735571678,317.317829326,352.753918311));
#7130=CARTESIAN_POINT('',(300.654381582,310.23663923,349.753918311));
#7131=CARTESIAN_POINT('Origin',(335.949290756,349.10204012,349.753918311));
#7132=CARTESIAN_POINT('',(290.001974129,398.549932843,352.753918311));
#7133=CARTESIAN_POINT('',(333.424571852,416.554807257,352.753918311));
#7134=CARTESIAN_POINT('Origin',(335.949290756,349.10204012,352.753918311));
#7135=CARTESIAN_POINT('',(290.001974129,398.549932843,349.753918311));
#7136=CARTESIAN_POINT('',(333.424571852,416.554807257,349.753918311));
#7137=CARTESIAN_POINT('Origin',(293.540302003,395.011604969,349.753918311));
#7138=CARTESIAN_POINT('',(297.078629877,391.473277095,352.753918311));
#7139=CARTESIAN_POINT('',(297.078629877,391.473277095,352.753918311));
#7140=CARTESIAN_POINT('',(297.078629877,391.473277095,349.753918311));
#7141=CARTESIAN_POINT('Origin',(335.949290756,349.10204012,349.753918311));
#7142=CARTESIAN_POINT('',(333.424571852,406.546585505,352.753918311));
#7143=CARTESIAN_POINT('Origin',(335.949290756,349.10204012,352.753918311));
#7144=CARTESIAN_POINT('',(333.424571852,406.546585505,349.753918311));
#7145=CARTESIAN_POINT('Origin',(413.693360434,423.345533702,349.753918311));
#7146=CARTESIAN_POINT('',(410.156886867,419.809060135,352.753918311));
#7147=CARTESIAN_POINT('',(410.156886867,419.809060135,352.753918311));
#7148=CARTESIAN_POINT('',(410.156886867,419.809060135,349.753918311));
#7149=CARTESIAN_POINT('Origin',(335.949290756,349.10204012,349.753918311));
#7150=CARTESIAN_POINT('',(438.418192353,351.626759024,352.753918311));
#7151=CARTESIAN_POINT('Origin',(335.949290756,349.10204012,352.753918311));
#7152=CARTESIAN_POINT('',(438.418192353,351.626759024,349.753918311));
#7153=CARTESIAN_POINT('Origin',(335.949290756,349.10204012,349.753918311));
#7154=CARTESIAN_POINT('',(338.424571852,401.543655117,352.753918311));
#7155=CARTESIAN_POINT('',(371.244199931,387.96744101,352.753918311));
#7156=CARTESIAN_POINT('Origin',(335.949290756,349.10204012,352.753918311));
#7157=CARTESIAN_POINT('',(338.424571852,401.543655117,349.753918311));
#7158=CARTESIAN_POINT('',(371.244199931,387.96744101,349.753918311));
#7159=CARTESIAN_POINT('Origin',(338.424571852,386.504562419,349.753918311));
#7160=CARTESIAN_POINT('',(338.424571852,391.529896341,352.753918311));
#7161=CARTESIAN_POINT('',(338.424571852,391.529896341,352.753918311));
#7162=CARTESIAN_POINT('',(338.424571852,391.529896341,349.753918311));
#7163=CARTESIAN_POINT('Origin',(335.949290756,349.10204012,349.753918311));
#7164=CARTESIAN_POINT('',(364.163009834,380.886250914,352.753918311));
#7165=CARTESIAN_POINT('Origin',(335.949290756,349.10204012,352.753918311));
#7166=CARTESIAN_POINT('',(364.163009834,380.886250914,349.753918311));
#7167=CARTESIAN_POINT('Origin',(413.409586056,346.626759024,349.753918311));
#7168=CARTESIAN_POINT('',(408.407023149,346.626759024,352.753918311));
#7169=CARTESIAN_POINT('',(418.412148962,346.626759024,352.753918311));
#7170=CARTESIAN_POINT('',(408.407023149,346.626759024,352.753918311));
#7171=CARTESIAN_POINT('',(408.407023149,346.626759024,349.753918311));
#7172=CARTESIAN_POINT('',(418.412148962,346.626759024,349.753918311));
#7173=CARTESIAN_POINT('Origin',(335.949290756,349.10204012,349.753918311));
#7174=CARTESIAN_POINT('',(388.968684379,299.653138213,352.753918311));
#7175=CARTESIAN_POINT('Origin',(335.949290756,349.10204012,352.753918311));
#7176=CARTESIAN_POINT('',(388.968684379,299.653138213,349.753918311));
#7177=CARTESIAN_POINT('Origin',(392.506103706,296.115718886,349.753918311));
#7178=CARTESIAN_POINT('',(396.043523033,292.578299559,352.753918311));
#7179=CARTESIAN_POINT('',(388.968684379,299.653138213,352.753918311));
#7180=CARTESIAN_POINT('',(396.043523033,292.578299559,349.753918311));
#7181=CARTESIAN_POINT('Origin',(282.926878725,405.625028247,349.753918311));
#7182=CARTESIAN_POINT('',(286.46422488,402.087682092,352.753918311));
#7183=CARTESIAN_POINT('',(279.389532571,409.162374401,352.753918311));
#7184=CARTESIAN_POINT('',(286.46422488,402.087682092,352.753918311));
#7185=CARTESIAN_POINT('',(286.46422488,402.087682092,349.753918311));
#7186=CARTESIAN_POINT('',(279.389532571,409.162374401,349.753918311));
#7187=CARTESIAN_POINT('Origin',(335.949290756,349.10204012,349.753918311));
#7188=CARTESIAN_POINT('',(333.424571852,421.558066746,352.753918311));
#7189=CARTESIAN_POINT('Origin',(335.949290756,349.10204012,352.753918311));
#7190=CARTESIAN_POINT('',(333.424571852,421.558066746,349.753918311));
#7191=CARTESIAN_POINT('Origin',(333.424571852,426.560733134,349.753918311));
#7192=CARTESIAN_POINT('',(333.424571852,431.563399522,352.753918311));
#7193=CARTESIAN_POINT('',(333.424571852,421.558066746,352.753918311));
#7194=CARTESIAN_POINT('',(333.424571852,431.563399522,349.753918311));
#7195=CARTESIAN_POINT('Origin',(335.949290756,349.10204012,349.753918311));
#7196=CARTESIAN_POINT('Origin',(335.949290756,349.10204012,352.753918311));
#7197=CARTESIAN_POINT('Origin',(335.949290756,349.10204012,349.753918311));
#7198=CARTESIAN_POINT('Origin',(335.949290756,349.10204012,352.753918311));
#7199=CARTESIAN_POINT('Origin',(258.488995457,351.577321215,349.753918311));
#7200=CARTESIAN_POINT('',(263.491558364,351.577321215,352.753918311));
#7201=CARTESIAN_POINT('Origin',(358.83558275,368.487756018,349.753918311));
#7202=CARTESIAN_POINT('',(353.512911525,363.165084793,352.753918311));
#7203=CARTESIAN_POINT('Origin',(273.498642599,351.577321215,349.753918311));
#7204=CARTESIAN_POINT('',(278.502593867,351.577321215,352.753918311));
#7205=CARTESIAN_POINT('Origin',(313.062998763,329.716324222,349.753918311));
#7206=CARTESIAN_POINT('',(318.385669987,335.038995447,352.753918311));
#7207=CARTESIAN_POINT('Origin',(288.514555147,351.577321215,349.753918311));
#7208=CARTESIAN_POINT('',(293.521434535,351.577321215,352.753918311));
#7209=CARTESIAN_POINT('Origin',(335.949290756,349.10204012,349.753918311));
#7210=CARTESIAN_POINT('Origin',(335.949290756,349.10204012,352.753918311));
#7211=CARTESIAN_POINT('Origin',(355.296926783,372.020167863,349.753918311));
#7212=CARTESIAN_POINT('',(349.973469215,366.696710295,352.753918311));
#7213=CARTESIAN_POINT('Origin',(335.949290756,349.10204012,349.753918311));
#7214=CARTESIAN_POINT('Origin',(335.949290756,349.10204012,352.753918311));
#7215=CARTESIAN_POINT('Origin',(333.424571852,378.988448293,349.753918311));
#7216=CARTESIAN_POINT('',(333.424571852,371.459942402,352.753918311));
#7217=CARTESIAN_POINT('Origin',(335.949290756,349.10204012,349.753918311));
#7218=CARTESIAN_POINT('Origin',(335.949290756,349.10204012,352.753918311));
#7219=CARTESIAN_POINT('Origin',(335.949290756,349.10204012,349.753918311));
#7220=CARTESIAN_POINT('Origin',(335.949290756,349.10204012,352.753918311));
#7221=CARTESIAN_POINT('Origin',(335.949290756,349.10204012,349.753918311));
#7222=CARTESIAN_POINT('Origin',(335.949290756,349.10204012,352.753918311));
#7223=CARTESIAN_POINT('Origin',(335.949290756,349.10204012,349.753918311));
#7224=CARTESIAN_POINT('Origin',(335.949290756,349.10204012,352.753918311));
#7225=CARTESIAN_POINT('Origin',(335.949290756,349.10204012,349.753918311));
#7226=CARTESIAN_POINT('Origin',(335.949290756,349.10204012,352.753918311));
#7227=CARTESIAN_POINT('Origin',(335.949290756,349.10204012,349.753918311));
#7228=CARTESIAN_POINT('Origin',(335.949290756,349.10204012,352.753918311));
#7229=CARTESIAN_POINT('Origin',(335.949290756,349.10204012,349.753918311));
#7230=CARTESIAN_POINT('Origin',(335.949290756,349.10204012,352.753918311));
#7231=CARTESIAN_POINT('Origin',(338.474009661,301.669939514,349.753918311));
#7232=CARTESIAN_POINT('',(338.474009661,306.67709705,352.753918311));
#7233=CARTESIAN_POINT('Origin',(335.949290756,349.10204012,349.753918311));
#7234=CARTESIAN_POINT('Origin',(335.949290756,349.10204012,352.753918311));
#7235=CARTESIAN_POINT('Origin',(413.40798377,351.626759024,349.753918311));
#7236=CARTESIAN_POINT('',(408.405317382,351.626759024,352.753918311));
#7237=CARTESIAN_POINT('Origin',(335.949290756,349.10204012,349.753918311));
#7238=CARTESIAN_POINT('Origin',(335.949290756,349.10204012,352.753918311));
#7239=CARTESIAN_POINT('Origin',(335.949290756,349.10204012,349.753918311));
#7240=CARTESIAN_POINT('Origin',(335.949290756,349.10204012,352.753918311));
#7241=CARTESIAN_POINT('Origin',(399.546982663,416.270223743,349.753918311));
#7242=CARTESIAN_POINT('',(396.010127209,412.733368289,352.753918311));
#7243=CARTESIAN_POINT('Origin',(428.414728091,351.626759024,349.753918311));
#7244=CARTESIAN_POINT('',(423.41285914,351.626759024,352.753918311));
#7245=CARTESIAN_POINT('Origin',(335.949290756,349.10204012,349.753918311));
#7246=CARTESIAN_POINT('Origin',(335.949290756,349.10204012,352.753918311));
#7247=CARTESIAN_POINT('Origin',(333.424571852,456.572324233,349.753918311));
#7248=CARTESIAN_POINT('',(333.424571852,451.570941717,352.753918311));
#7249=CARTESIAN_POINT('Origin',(381.892404932,306.72941766,349.753918311));
#7250=CARTESIAN_POINT('',(378.353964198,310.267858394,352.753918311));
#7251=CARTESIAN_POINT('Origin',(333.474009661,241.630603482,349.753918311));
#7252=CARTESIAN_POINT('',(333.474009661,246.631932364,352.753918311));
#7253=CARTESIAN_POINT('Origin',(338.474009661,241.631756007,349.753918311));
#7254=CARTESIAN_POINT('',(338.474009661,246.633138523,352.753918311));
#7255=CARTESIAN_POINT('Origin',(335.949290756,349.10204012,349.753918311));
#7256=CARTESIAN_POINT('',(335.949290756,469.10204012,352.753918311));
#7257=CARTESIAN_POINT('Origin',(335.949290756,349.10204012,352.753918311));
#7258=CARTESIAN_POINT('',(335.949290756,469.10204012,349.753918311));
#7259=CARTESIAN_POINT('Origin',(243.483853422,346.577321215,349.753918311));
#7260=CARTESIAN_POINT('',(248.485722372,346.577321215,352.753918311));
#7261=CARTESIAN_POINT('Origin',(413.727503287,274.894319305,349.753918311));
#7262=CARTESIAN_POINT('',(410.190991794,278.430830798,352.753918311));
#7263=CARTESIAN_POINT('Origin',(282.962969522,292.54522717,349.753918311));
#7264=CARTESIAN_POINT('',(286.500388849,296.082646497,352.753918311));
#7265=CARTESIAN_POINT('Origin',(293.576668296,303.158925944,349.753918311));
#7266=CARTESIAN_POINT('',(297.115109031,306.697366678,352.753918311));
#7267=CARTESIAN_POINT('Origin',(335.949290756,349.10204012,349.753918311));
#7268=CARTESIAN_POINT('Origin',(335.949290756,349.10204012,352.753918311));
#7269=CARTESIAN_POINT('Origin',(335.949290756,349.10204012,349.753918311));
#7270=CARTESIAN_POINT('Origin',(335.949290756,349.10204012,352.753918311));
#7271=CARTESIAN_POINT('Origin',(335.949290756,349.10204012,349.753918311));
#7272=CARTESIAN_POINT('Origin',(335.949290756,349.10204012,352.753918311));
#7273=CARTESIAN_POINT('Origin',(335.949290756,349.10204012,349.753918311));
#7274=CARTESIAN_POINT('Origin',(335.949290756,349.10204012,352.753918311));
#7275=CARTESIAN_POINT('Origin',(399.582888399,281.967866382,349.753918311));
#7276=CARTESIAN_POINT('',(396.046084222,285.504670558,352.753918311));
#7277=CARTESIAN_POINT('Origin',(335.949290756,349.10204012,349.753918311));
#7278=CARTESIAN_POINT('Origin',(335.949290756,349.10204012,352.753918311));
#7279=CARTESIAN_POINT('Origin',(333.424571852,411.550696381,349.753918311));
#7280=CARTESIAN_POINT('',(333.424571852,406.546585505,352.753918311));
#7281=CARTESIAN_POINT('Origin',(443.41957487,351.626759024,349.753918311));
#7282=CARTESIAN_POINT('',(438.418192353,351.626759024,352.753918311));
#7283=CARTESIAN_POINT('Origin',(367.703604882,384.426845962,349.753918311));
#7284=CARTESIAN_POINT('',(364.163009834,380.886250914,352.753918311));
#7285=CARTESIAN_POINT('Origin',(335.949290756,349.10204012,349.753918311));
#7286=CARTESIAN_POINT('Origin',(335.949290756,349.10204012,352.753918311));
#7287=CARTESIAN_POINT('Origin',(335.949290756,349.10204012,349.753918311));
#7288=CARTESIAN_POINT('Origin',(335.949290756,349.10204012,352.753918311));
#7289=CARTESIAN_POINT('Origin',(335.949290756,349.10204012,349.753918311));
#7290=CARTESIAN_POINT('Origin',(335.949290756,349.10204012,352.753918311));
#7291=CARTESIAN_POINT('Origin',(-664.050709244,-100.89795988,352.753918311));
#7292=CARTESIAN_POINT('',(417.238247247,431.927548338,352.753918311));
#7293=CARTESIAN_POINT('Origin',(417.238247247,430.427548338,352.753918311));
#7294=CARTESIAN_POINT('',(254.660334266,269.276531902,352.753918311));
#7295=CARTESIAN_POINT('Origin',(254.660334266,267.776531902,352.753918311));
#7296=CARTESIAN_POINT('',(254.623782538,431.89099661,352.753918311));
#7297=CARTESIAN_POINT('Origin',(254.623782538,430.39099661,352.753918311));
#7298=CARTESIAN_POINT('',(417.274798974,269.31308363,352.753918311));
#7299=CARTESIAN_POINT('Origin',(417.274798974,267.81308363,352.753918311));
#7300=CARTESIAN_POINT('',(450.949290756,350.60204012,352.753918311));
#7301=CARTESIAN_POINT('Origin',(450.949290756,349.10204012,352.753918311));
#7302=CARTESIAN_POINT('',(335.949290756,235.60204012,352.753918311));
#7303=CARTESIAN_POINT('Origin',(335.949290756,234.10204012,352.753918311));
#7304=CARTESIAN_POINT('',(335.949290756,465.60204012,352.753918311));
#7305=CARTESIAN_POINT('Origin',(335.949290756,464.10204012,352.753918311));
#7306=CARTESIAN_POINT('',(220.949290756,350.60204012,352.753918311));
#7307=CARTESIAN_POINT('Origin',(220.949290756,349.10204012,352.753918311));
#7308=CARTESIAN_POINT('Origin',(220.949290756,349.10204012,269.753918311));
#7309=CARTESIAN_POINT('',(220.949290756,350.60204012,269.753918311));
#7310=CARTESIAN_POINT('Origin',(335.949290756,464.10204012,269.753918311));
#7311=CARTESIAN_POINT('',(335.949290756,465.60204012,269.753918311));
#7312=CARTESIAN_POINT('Origin',(335.949290756,234.10204012,269.753918311));
#7313=CARTESIAN_POINT('',(335.949290756,235.60204012,269.753918311));
#7314=CARTESIAN_POINT('Origin',(450.949290756,349.10204012,269.753918311));
#7315=CARTESIAN_POINT('',(450.949290756,350.60204012,269.753918311));
#7316=CARTESIAN_POINT('Origin',(417.274798974,267.81308363,224.753918311));
#7317=CARTESIAN_POINT('',(417.274798974,269.31308363,224.753918311));
#7318=CARTESIAN_POINT('Origin',(254.623782538,430.39099661,224.753918311));
#7319=CARTESIAN_POINT('',(254.623782538,431.89099661,224.753918311));
#7320=CARTESIAN_POINT('Origin',(254.660334266,267.776531902,224.753918311));
#7321=CARTESIAN_POINT('',(254.660334266,269.276531902,224.753918311));
#7322=CARTESIAN_POINT('Origin',(417.238247247,430.427548338,224.753918311));
#7323=CARTESIAN_POINT('',(417.238247247,431.927548338,224.753918311));
#7324=UNCERTAINTY_MEASURE_WITH_UNIT(LENGTH_MEASURE(0.01),#7328,
'DISTANCE_ACCURACY_VALUE',
'Maximum model space distance between geometric entities at asserted c
onnectivities');
#7325=UNCERTAINTY_MEASURE_WITH_UNIT(LENGTH_MEASURE(0.01),#7328,
'DISTANCE_ACCURACY_VALUE',
'Maximum model space distance between geometric entities at asserted c
onnectivities');
#7326=(
GEOMETRIC_REPRESENTATION_CONTEXT(3)
GLOBAL_UNCERTAINTY_ASSIGNED_CONTEXT((#7324))
GLOBAL_UNIT_ASSIGNED_CONTEXT((#7328,#7330,#7331))
REPRESENTATION_CONTEXT('','3D')
);
#7327=(
GEOMETRIC_REPRESENTATION_CONTEXT(3)
GLOBAL_UNCERTAINTY_ASSIGNED_CONTEXT((#7325))
GLOBAL_UNIT_ASSIGNED_CONTEXT((#7328,#7330,#7331))
REPRESENTATION_CONTEXT('','3D')
);
#7328=(
LENGTH_UNIT()
NAMED_UNIT(*)
SI_UNIT(.MILLI.,.METRE.)
);
#7329=(
LENGTH_UNIT()
NAMED_UNIT(*)
SI_UNIT(.CENTI.,.METRE.)
);
#7330=(
NAMED_UNIT(*)
PLANE_ANGLE_UNIT()
SI_UNIT($,.RADIAN.)
);
#7331=(
NAMED_UNIT(*)
SI_UNIT($,.STERADIAN.)
SOLID_ANGLE_UNIT()
);
#7332=SHAPE_DEFINITION_REPRESENTATION(#7333,#7334);
#7333=PRODUCT_DEFINITION_SHAPE('',$,#7336);
#7334=SHAPE_REPRESENTATION('',(#4480),#7326);
#7335=PRODUCT_DEFINITION_CONTEXT('part definition',#7340,'design');
#7336=PRODUCT_DEFINITION('Part16','Part16',#7337,#7335);
#7337=PRODUCT_DEFINITION_FORMATION('',$,#7342);
#7338=PRODUCT_RELATED_PRODUCT_CATEGORY('Part16','Part16',(#7342));
#7339=APPLICATION_PROTOCOL_DEFINITION('international standard',
'automotive_design',2009,#7340);
#7340=APPLICATION_CONTEXT(
'Core Data for Automotive Mechanical Design Process');
#7341=PRODUCT_CONTEXT('part definition',#7340,'mechanical');
#7342=PRODUCT('Part16','Part16',$,(#7341));
#7343=PRESENTATION_STYLE_ASSIGNMENT((#7345));
#7344=PRESENTATION_STYLE_ASSIGNMENT((#7346));
#7345=SURFACE_STYLE_USAGE(.BOTH.,#7351);
#7346=SURFACE_STYLE_USAGE(.BOTH.,#7352);
#7347=SURFACE_STYLE_RENDERING_WITH_PROPERTIES($,#7359,(#7349));
#7348=SURFACE_STYLE_RENDERING_WITH_PROPERTIES($,#7360,(#7350));
#7349=SURFACE_STYLE_TRANSPARENT(0.53999999165535);
#7350=SURFACE_STYLE_TRANSPARENT(0.);
#7351=SURFACE_SIDE_STYLE('',(#7353,#7347));
#7352=SURFACE_SIDE_STYLE('',(#7354,#7348));
#7353=SURFACE_STYLE_FILL_AREA(#7355);
#7354=SURFACE_STYLE_FILL_AREA(#7356);
#7355=FILL_AREA_STYLE('',(#7357));
#7356=FILL_AREA_STYLE('',(#7358));
#7357=FILL_AREA_STYLE_COLOUR('',#7359);
#7358=FILL_AREA_STYLE_COLOUR('',#7360);
#7359=COLOUR_RGB('',0.8,0.8,0.8);
#7360=COLOUR_RGB('',0.494117647058824,0.494117647058824,0.525490196078431);
ENDSEC;
END-ISO-10303-21;
