ISO-10303-21;
HEADER;
/* Generated by software containing ST-Developer
 * from STEP Tools, Inc. (www.steptools.com) 
 */

FILE_DESCRIPTION(
/* description */ (''),
/* implementation_level */ '2;1');

FILE_NAME(
/* name */ 
'I:\\ASU_FOE\\graduation project\\quadcopter\\matlab xml\\231123\\\\sp
acers for prop_ipt_213f8d71.STEP',
/* time_stamp */ '2023-11-23T19:53:49+02:00',
/* author */ (''),
/* organization */ (''),
/* preprocessor_version */ 'ST-DEVELOPER v18.1',
/* originating_system */ 'Autodesk Inventor 2021',
/* authorisation */ '');

FILE_SCHEMA (('AUTOMOTIVE_DESIGN { 1 0 10303 214 3 1 1 }'));
ENDSEC;

DATA;
#10=MECHANICAL_DESIGN_GEOMETRIC_PRESENTATION_REPRESENTATION('',(#13),#2722);
#11=SHAPE_REPRESENTATION_RELATIONSHIP('SRR','None',#2729,#12);
#12=ADVANCED_BREP_SHAPE_REPRESENTATION('',(#14),#2721);
#13=STYLED_ITEM('',(#2739),#14);
#14=MANIFOLD_SOLID_BREP('Solid1',#608);
#15=(
BOUNDED_SURFACE()
B_SPLINE_SURFACE(2,1,((#1652,#1653),(#1654,#1655),(#1656,#1657),(#1658,
#1659),(#1660,#1661),(#1662,#1663),(#1664,#1665),(#1666,#1667),(#1668,#1669),
(#1670,#1671),(#1672,#1673),(#1674,#1675),(#1676,#1677),(#1678,#1679),(#1680,
#1681),(#1682,#1683),(#1684,#1685),(#1686,#1687),(#1688,#1689),(#1690,#1691),
(#1692,#1693),(#1694,#1695),(#1696,#1697),(#1698,#1699),(#1700,#1701),(#1702,
#1703),(#1704,#1705),(#1706,#1707),(#1708,#1709),(#1710,#1711),(#1712,#1713),
(#1714,#1715),(#1716,#1717),(#1718,#1719),(#1720,#1721),(#1722,#1723),(#1724,
#1725),(#1726,#1727),(#1728,#1729),(#1730,#1731),(#1732,#1733),(#1734,#1735),
(#1736,#1737),(#1738,#1739),(#1740,#1741),(#1742,#1743),(#1744,#1745),(#1746,
#1747),(#1748,#1749),(#1750,#1751),(#1752,#1753),(#1754,#1755),(#1756,#1757),
(#1758,#1759),(#1760,#1761),(#1762,#1763),(#1764,#1765),(#1766,#1767),(#1768,
#1769),(#1770,#1771),(#1772,#1773),(#1774,#1775),(#1776,#1777),(#1778,#1779),
(#1780,#1781),(#1782,#1783),(#1784,#1785),(#1786,#1787),(#1788,#1789),(#1790,
#1791),(#1792,#1793),(#1794,#1795),(#1796,#1797),(#1798,#1799),(#1800,#1801),
(#1802,#1803),(#1804,#1805),(#1806,#1807),(#1808,#1809),(#1810,#1811),(#1812,
#1813),(#1814,#1815),(#1816,#1817),(#1818,#1819),(#1820,#1821),(#1822,#1823),
(#1824,#1825),(#1826,#1827),(#1828,#1829),(#1830,#1831),(#1832,#1833),(#1834,
#1835),(#1836,#1837),(#1838,#1839),(#1840,#1841),(#1842,#1843),(#1844,#1845),
(#1846,#1847),(#1848,#1849),(#1850,#1851),(#1852,#1853),(#1854,#1855),(#1856,
#1857),(#1858,#1859),(#1860,#1861),(#1862,#1863),(#1864,#1865),(#1866,#1867),
(#1868,#1869),(#1870,#1871),(#1872,#1873),(#1874,#1875),(#1876,#1877),(#1878,
#1879),(#1880,#1881),(#1882,#1883),(#1884,#1885),(#1886,#1887),(#1888,#1889),
(#1890,#1891),(#1892,#1893)),.UNSPECIFIED.,.F.,.F.,.F.)
B_SPLINE_SURFACE_WITH_KNOTS((3,2,2,2,2,2,2,2,2,2,2,2,2,2,2,2,2,2,2,2,2,
2,2,2,2,2,2,2,2,2,2,2,2,2,2,2,2,2,2,2,2,2,2,2,2,2,2,2,2,2,2,2,2,2,2,2,2,
2,2,2,3),(2,2),(0.,1.76294848778124,3.52589697556249,5.28884546334373,7.05179395112497,
8.81474243890622,10.5776909266875,12.3406394144687,14.1035879022499,15.8665363900312,
17.6294848778124,19.3924333655937,21.1553818533749,22.9183303411562,24.6812788289374,
26.4442273167187,28.2071758044999,29.9701242922811,31.7330727800624,33.4960212678436,
35.2589697556249,37.0219182434061,38.7848667311874,40.5478152189686,42.3107637067498,
44.0737121945311,45.8366606823123,47.5996091700936,49.3625576578748,51.1255061456561,
52.8884546334373,54.6514031212186,56.4143516089998,58.177300096781,59.9402485845623,
61.7031970723435,63.4661455601248,65.229094047906,66.9920425356872,68.7549910234685,
70.5179395112497,72.280887999031,74.0438364868122,75.8067849745935,77.5697334623747,
79.332681950156,81.0956304379372,82.8585789257184,84.6215274134997,86.3844759012809,
88.1474243890622,89.9103728768434,91.6733213646247,93.4362698524059,95.1992183401871,
96.9621668279684,98.7251153157496,100.488063803531,102.251012291312,102.611480423665,
103.637595227902),(0.,0.459218380325213),.UNSPECIFIED.)
GEOMETRIC_REPRESENTATION_ITEM()
RATIONAL_B_SPLINE_SURFACE(((1.,1.),(0.866025403784439,0.866025403784439),
(1.,1.),(0.866025403784439,0.866025403784439),(1.,1.),(0.866025403784439,
0.866025403784439),(1.,1.),(0.866025403784439,0.866025403784439),(1.,1.),
(0.866025403784439,0.866025403784439),(1.,1.),(0.866025403784439,0.866025403784439),
(1.,1.),(0.866025403784439,0.866025403784439),(1.,1.),(0.866025403784439,
0.866025403784439),(1.,1.),(0.866025403784439,0.866025403784439),(1.,1.),
(0.866025403784439,0.866025403784439),(1.,1.),(0.866025403784439,0.866025403784439),
(1.,1.),(0.866025403784439,0.866025403784439),(1.,1.),(0.866025403784439,
0.866025403784439),(1.,1.),(0.866025403784439,0.866025403784439),(1.,1.),
(0.866025403784439,0.866025403784439),(1.,1.),(0.866025403784439,0.866025403784439),
(1.,1.),(0.866025403784439,0.866025403784439),(1.,1.),(0.866025403784439,
0.866025403784439),(1.,1.),(0.866025403784439,0.866025403784439),(1.,1.),
(0.866025403784439,0.866025403784439),(1.,1.),(0.866025403784439,0.866025403784439),
(1.,1.),(0.866025403784439,0.866025403784439),(1.,1.),(0.866025403784439,
0.866025403784439),(1.,1.),(0.866025403784439,0.866025403784439),(1.,1.),
(0.866025403784439,0.866025403784439),(1.,1.),(0.866025403784439,0.866025403784439),
(1.,1.),(0.866025403784439,0.866025403784439),(1.,1.),(0.866025403784439,
0.866025403784439),(1.,1.),(0.866025403784439,0.866025403784439),(1.,1.),
(0.866025403784439,0.866025403784439),(1.,1.),(0.866025403784439,0.866025403784439),
(1.,1.),(0.866025403784439,0.866025403784439),(1.,1.),(0.866025403784439,
0.866025403784439),(1.,1.),(0.866025403784439,0.866025403784439),(1.,1.),
(0.866025403784439,0.866025403784439),(1.,1.),(0.866025403784439,0.866025403784439),
(1.,1.),(0.866025403784439,0.866025403784439),(1.,1.),(0.866025403784439,
0.866025403784439),(1.,1.),(0.866025403784439,0.866025403784439),(1.,1.),
(0.866025403784439,0.866025403784439),(1.,1.),(0.866025403784439,0.866025403784439),
(1.,1.),(0.866025403784439,0.866025403784439),(1.,1.),(0.866025403784439,
0.866025403784439),(1.,1.),(0.866025403784439,0.866025403784439),(1.,1.),
(0.866025403784439,0.866025403784439),(1.,1.),(0.866025403784439,0.866025403784439),
(1.,1.),(0.866025403784439,0.866025403784439),(1.,1.),(0.866025403784439,
0.866025403784439),(1.,1.),(0.866025403784439,0.866025403784439),(1.,1.),
(0.866025403784439,0.866025403784439),(1.,1.),(0.866025403784439,0.866025403784439),
(1.,1.),(0.866025403784439,0.866025403784439),(1.,1.),(0.866025403784439,
0.866025403784439),(1.,1.),(0.866025403784439,0.866025403784439),(1.,1.),
(0.866025403784439,0.866025403784439),(1.,1.),(0.866025403784439,0.866025403784439),
(1.,1.),(0.866025403784439,0.866025403784439),(1.,1.),(0.866025403784439,
0.866025403784439),(1.,1.),(0.972606362117059,0.972606362117059),(0.956415018066813,
0.956415018066813),(0.956415018066813,0.956415018066813),(0.956415018066813,
0.956415018066813)))
REPRESENTATION_ITEM('')
SURFACE()
);
#16=(
BOUNDED_SURFACE()
B_SPLINE_SURFACE(2,1,((#2001,#2002),(#2003,#2004),(#2005,#2006),(#2007,
#2008),(#2009,#2010),(#2011,#2012),(#2013,#2014),(#2015,#2016),(#2017,#2018),
(#2019,#2020),(#2021,#2022),(#2023,#2024),(#2025,#2026),(#2027,#2028),(#2029,
#2030),(#2031,#2032),(#2033,#2034),(#2035,#2036),(#2037,#2038),(#2039,#2040),
(#2041,#2042),(#2043,#2044),(#2045,#2046),(#2047,#2048),(#2049,#2050),(#2051,
#2052),(#2053,#2054),(#2055,#2056),(#2057,#2058),(#2059,#2060),(#2061,#2062),
(#2063,#2064),(#2065,#2066),(#2067,#2068),(#2069,#2070),(#2071,#2072),(#2073,
#2074),(#2075,#2076),(#2077,#2078),(#2079,#2080),(#2081,#2082),(#2083,#2084),
(#2085,#2086),(#2087,#2088),(#2089,#2090),(#2091,#2092),(#2093,#2094),(#2095,
#2096),(#2097,#2098),(#2099,#2100),(#2101,#2102),(#2103,#2104),(#2105,#2106),
(#2107,#2108),(#2109,#2110),(#2111,#2112),(#2113,#2114),(#2115,#2116),(#2117,
#2118),(#2119,#2120),(#2121,#2122),(#2123,#2124),(#2125,#2126),(#2127,#2128),
(#2129,#2130),(#2131,#2132),(#2133,#2134),(#2135,#2136),(#2137,#2138),(#2139,
#2140),(#2141,#2142),(#2143,#2144),(#2145,#2146),(#2147,#2148),(#2149,#2150),
(#2151,#2152),(#2153,#2154),(#2155,#2156),(#2157,#2158),(#2159,#2160),(#2161,
#2162),(#2163,#2164),(#2165,#2166),(#2167,#2168),(#2169,#2170),(#2171,#2172),
(#2173,#2174),(#2175,#2176),(#2177,#2178),(#2179,#2180),(#2181,#2182),(#2183,
#2184),(#2185,#2186),(#2187,#2188),(#2189,#2190),(#2191,#2192),(#2193,#2194),
(#2195,#2196),(#2197,#2198),(#2199,#2200),(#2201,#2202),(#2203,#2204),(#2205,
#2206),(#2207,#2208),(#2209,#2210),(#2211,#2212),(#2213,#2214),(#2215,#2216),
(#2217,#2218),(#2219,#2220),(#2221,#2222),(#2223,#2224),(#2225,#2226),(#2227,
#2228),(#2229,#2230),(#2231,#2232),(#2233,#2234),(#2235,#2236),(#2237,#2238)),
 .UNSPECIFIED.,.F.,.F.,.F.)
B_SPLINE_SURFACE_WITH_KNOTS((3,2,2,2,2,2,2,2,2,2,2,2,2,2,2,2,2,2,2,2,2,
2,2,2,2,2,2,2,2,2,2,2,2,2,2,2,2,2,2,2,2,2,2,2,2,2,2,2,2,2,2,2,2,2,2,2,2,
2,2,3),(2,2),(0.,1.76458991704863,3.52917983409726,5.29376975114589,7.05835966819452,
8.82294958524315,10.5875395022918,12.3521294193404,14.116719336389,15.8813092534377,
17.6458991704863,19.4104890875349,21.1750790045836,22.9396689216322,24.7042588386808,
26.4688487557294,28.2334386727781,29.9980285898267,31.7626185068753,33.527208423924,
35.2917983409726,37.0563882580212,38.8209781750699,40.5855680921185,42.3501580091671,
44.1147479262157,45.8793378432644,47.643927760313,49.4085176773616,51.1731075944103,
52.9376975114589,54.7022874285075,56.4668773455561,58.2314672626048,59.9960571796534,
61.760647096702,63.5252370137507,65.2898269307993,67.0544168478479,68.8190067648966,
70.5835966819452,72.3481865989938,74.1127765160424,75.8773664330911,77.6419563501397,
79.4065462671883,81.171136184237,82.9357261012856,84.7003160183342,86.4649059353829,
88.2294958524315,89.9940857694801,91.7586756865287,93.5232656035774,95.287855520626,
97.0524454376746,98.8170353547233,100.581625271772,102.346215188821,102.707041051543),
(0.,0.454201307929643),.UNSPECIFIED.)
GEOMETRIC_REPRESENTATION_ITEM()
RATIONAL_B_SPLINE_SURFACE(((1.,1.),(0.866025403784439,0.866025403784439),
(1.,1.),(0.866025403784439,0.866025403784439),(1.,1.),(0.866025403784439,
0.866025403784439),(1.,1.),(0.866025403784439,0.866025403784439),(1.,1.),
(0.866025403784439,0.866025403784439),(1.,1.),(0.866025403784439,0.866025403784439),
(1.,1.),(0.866025403784439,0.866025403784439),(1.,1.),(0.866025403784439,
0.866025403784439),(1.,1.),(0.866025403784439,0.866025403784439),(1.,1.),
(0.866025403784439,0.866025403784439),(1.,1.),(0.866025403784439,0.866025403784439),
(1.,1.),(0.866025403784439,0.866025403784439),(1.,1.),(0.866025403784439,
0.866025403784439),(1.,1.),(0.866025403784439,0.866025403784439),(1.,1.),
(0.866025403784439,0.866025403784439),(1.,1.),(0.866025403784439,0.866025403784439),
(1.,1.),(0.866025403784439,0.866025403784439),(1.,1.),(0.866025403784439,
0.866025403784439),(1.,1.),(0.866025403784439,0.866025403784439),(1.,1.),
(0.866025403784439,0.866025403784439),(1.,1.),(0.866025403784439,0.866025403784439),
(1.,1.),(0.866025403784439,0.866025403784439),(1.,1.),(0.866025403784439,
0.866025403784439),(1.,1.),(0.866025403784439,0.866025403784439),(1.,1.),
(0.866025403784439,0.866025403784439),(1.,1.),(0.866025403784439,0.866025403784439),
(1.,1.),(0.866025403784439,0.866025403784439),(1.,1.),(0.866025403784439,
0.866025403784439),(1.,1.),(0.866025403784439,0.866025403784439),(1.,1.),
(0.866025403784439,0.866025403784439),(1.,1.),(0.866025403784439,0.866025403784439),
(1.,1.),(0.866025403784439,0.866025403784439),(1.,1.),(0.866025403784439,
0.866025403784439),(1.,1.),(0.866025403784439,0.866025403784439),(1.,1.),
(0.866025403784439,0.866025403784439),(1.,1.),(0.866025403784439,0.866025403784439),
(1.,1.),(0.866025403784439,0.866025403784439),(1.,1.),(0.866025403784439,
0.866025403784439),(1.,1.),(0.866025403784439,0.866025403784439),(1.,1.),
(0.866025403784439,0.866025403784439),(1.,1.),(0.866025403784439,0.866025403784439),
(1.,1.),(0.866025403784439,0.866025403784439),(1.,1.),(0.866025403784439,
0.866025403784439),(1.,1.),(0.866025403784439,0.866025403784439),(1.,1.),
(0.866025403784439,0.866025403784439),(1.,1.),(0.866025403784439,0.866025403784439),
(1.,1.),(0.866025403784439,0.866025403784439),(1.,1.),(0.866025403784439,
0.866025403784439),(1.,1.),(0.866025403784439,0.866025403784439),(1.,1.),
(0.866025403784439,0.866025403784439),(1.,1.),(0.866025403784439,0.866025403784439),
(1.,1.),(0.866025403784439,0.866025403784439),(1.,1.),(0.866025403784439,
0.866025403784439),(1.,1.),(0.866025403784439,0.866025403784439),(1.,1.),
(0.866025403784439,0.866025403784439),(1.,1.),(0.866025403784439,0.866025403784439),
(1.,1.),(0.866025403784439,0.866025403784439),(1.,1.),(0.866025403784439,
0.866025403784439),(1.,1.),(0.972604683504484,0.972604683504483),(0.956413033779972,
0.956413033779972)))
REPRESENTATION_ITEM('')
SURFACE()
);
#17=(
BOUNDED_SURFACE()
B_SPLINE_SURFACE(2,1,((#2348,#2349),(#2350,#2351),(#2352,#2353),(#2354,
#2355),(#2356,#2357),(#2358,#2359),(#2360,#2361),(#2362,#2363),(#2364,#2365),
(#2366,#2367),(#2368,#2369),(#2370,#2371),(#2372,#2373),(#2374,#2375),(#2376,
#2377),(#2378,#2379),(#2380,#2381),(#2382,#2383),(#2384,#2385),(#2386,#2387),
(#2388,#2389),(#2390,#2391),(#2392,#2393),(#2394,#2395),(#2396,#2397),(#2398,
#2399),(#2400,#2401),(#2402,#2403),(#2404,#2405),(#2406,#2407),(#2408,#2409),
(#2410,#2411),(#2412,#2413),(#2414,#2415),(#2416,#2417),(#2418,#2419),(#2420,
#2421),(#2422,#2423),(#2424,#2425),(#2426,#2427),(#2428,#2429),(#2430,#2431),
(#2432,#2433),(#2434,#2435),(#2436,#2437),(#2438,#2439),(#2440,#2441),(#2442,
#2443),(#2444,#2445),(#2446,#2447),(#2448,#2449),(#2450,#2451),(#2452,#2453),
(#2454,#2455),(#2456,#2457),(#2458,#2459),(#2460,#2461),(#2462,#2463),(#2464,
#2465),(#2466,#2467),(#2468,#2469),(#2470,#2471),(#2472,#2473),(#2474,#2475),
(#2476,#2477),(#2478,#2479),(#2480,#2481),(#2482,#2483),(#2484,#2485),(#2486,
#2487),(#2488,#2489),(#2490,#2491),(#2492,#2493),(#2494,#2495),(#2496,#2497),
(#2498,#2499),(#2500,#2501),(#2502,#2503),(#2504,#2505),(#2506,#2507),(#2508,
#2509),(#2510,#2511),(#2512,#2513),(#2514,#2515),(#2516,#2517),(#2518,#2519),
(#2520,#2521),(#2522,#2523),(#2524,#2525),(#2526,#2527),(#2528,#2529),(#2530,
#2531),(#2532,#2533),(#2534,#2535),(#2536,#2537),(#2538,#2539),(#2540,#2541),
(#2542,#2543),(#2544,#2545),(#2546,#2547),(#2548,#2549),(#2550,#2551),(#2552,
#2553),(#2554,#2555),(#2556,#2557),(#2558,#2559),(#2560,#2561),(#2562,#2563),
(#2564,#2565),(#2566,#2567),(#2568,#2569),(#2570,#2571),(#2572,#2573),(#2574,
#2575),(#2576,#2577),(#2578,#2579),(#2580,#2581),(#2582,#2583),(#2584,#2585),
(#2586,#2587),(#2588,#2589)),.UNSPECIFIED.,.F.,.F.,.F.)
B_SPLINE_SURFACE_WITH_KNOTS((3,2,2,2,2,2,2,2,2,2,2,2,2,2,2,2,2,2,2,2,2,
2,2,2,2,2,2,2,2,2,2,2,2,2,2,2,2,2,2,2,2,2,2,2,2,2,2,2,2,2,2,2,2,2,2,2,2,
2,2,2,3),(2,2),(0.,1.35782214671737,2.71564429343473,4.0734664401521,5.43128858686947,
6.78911073358683,8.1469328803042,9.50475502702156,10.8625771737389,12.2203993204563,
13.5782214671737,14.936043613891,16.2938657606084,17.6516879073258,19.0095100540431,
20.3673322007605,21.7251543474779,23.0829764941952,24.4407986409126,25.79862078763,
27.1564429343473,28.5142650810647,29.8720872277821,31.2299093744994,32.5877315212168,
33.9455536679342,35.3033758146515,36.6611979613689,38.0190201080863,39.3768422548036,
40.734664401521,42.0924865482384,43.4503086949557,44.8081308416731,46.1659529883905,
47.5237751351078,48.8815972818252,50.2394194285426,51.5972415752599,52.9550637219773,
54.3128858686947,55.670708015412,57.0285301621294,58.3863523088468,59.7441744555641,
61.1019966022815,62.4598187489989,63.8176408957162,65.1754630424336,66.5332851891509,
67.8911073358683,69.2489294825857,70.606751629303,71.9645737760204,73.3223959227378,
74.6802180694552,76.0380402161725,77.3958623628899,78.7536845096072,79.0312920768483,
79.8216049976168),(-1.16790258020139E-15,0.0625000000000023),
 .UNSPECIFIED.)
GEOMETRIC_REPRESENTATION_ITEM()
RATIONAL_B_SPLINE_SURFACE(((1.,1.),(0.866025403784439,0.866025403784439),
(1.,1.),(0.866025403784439,0.866025403784439),(1.,1.),(0.866025403784439,
0.866025403784439),(1.,1.),(0.866025403784439,0.866025403784439),(1.,1.),
(0.866025403784439,0.866025403784439),(1.,1.),(0.866025403784439,0.866025403784439),
(1.,1.),(0.866025403784439,0.866025403784439),(1.,1.),(0.866025403784439,
0.866025403784439),(1.,1.),(0.866025403784439,0.866025403784439),(1.,1.),
(0.866025403784439,0.866025403784439),(1.,1.),(0.866025403784439,0.866025403784439),
(1.,1.),(0.866025403784439,0.866025403784439),(1.,1.),(0.866025403784439,
0.866025403784439),(1.,1.),(0.866025403784439,0.866025403784439),(1.,1.),
(0.866025403784439,0.866025403784439),(1.,1.),(0.866025403784439,0.866025403784439),
(1.,1.),(0.866025403784439,0.866025403784439),(1.,1.),(0.866025403784439,
0.866025403784439),(1.,1.),(0.866025403784439,0.866025403784439),(1.,1.),
(0.866025403784439,0.866025403784439),(1.,1.),(0.866025403784439,0.866025403784439),
(1.,1.),(0.866025403784439,0.866025403784439),(1.,1.),(0.866025403784439,
0.866025403784439),(1.,1.),(0.866025403784439,0.866025403784439),(1.,1.),
(0.866025403784439,0.866025403784439),(1.,1.),(0.866025403784439,0.866025403784439),
(1.,1.),(0.866025403784439,0.866025403784439),(1.,1.),(0.866025403784439,
0.866025403784439),(1.,1.),(0.866025403784439,0.866025403784439),(1.,1.),
(0.866025403784439,0.866025403784439),(1.,1.),(0.866025403784439,0.866025403784439),
(1.,1.),(0.866025403784439,0.866025403784439),(1.,1.),(0.866025403784439,
0.866025403784439),(1.,1.),(0.866025403784439,0.866025403784439),(1.,1.),
(0.866025403784439,0.866025403784439),(1.,1.),(0.866025403784439,0.866025403784439),
(1.,1.),(0.866025403784439,0.866025403784439),(1.,1.),(0.866025403784439,
0.866025403784439),(1.,1.),(0.866025403784439,0.866025403784439),(1.,1.),
(0.866025403784439,0.866025403784439),(1.,1.),(0.866025403784439,0.866025403784439),
(1.,1.),(0.866025403784439,0.866025403784439),(1.,1.),(0.866025403784439,
0.866025403784439),(1.,1.),(0.866025403784439,0.866025403784439),(1.,1.),
(0.866025403784439,0.866025403784439),(1.,1.),(0.866025403784439,0.866025403784439),
(1.,1.),(0.866025403784439,0.866025403784439),(1.,1.),(0.866025403784439,
0.866025403784439),(1.,1.),(0.866025403784439,0.866025403784439),(1.,1.),
(0.866025403784439,0.866025403784439),(1.,1.),(0.866025403784439,0.866025403784439),
(1.,1.),(0.866025403784439,0.866025403784439),(1.,1.),(0.866025403784439,
0.866025403784439),(1.,1.),(0.866025403784439,0.866025403784439),(1.,1.),
(0.866025403784439,0.866025403784439),(1.,1.),(0.866025403784439,0.866025403784439),
(1.,1.),(0.866025403784439,0.866025403784439),(1.,1.),(0.866025403784439,
0.866025403784439),(1.,1.),(0.972608811973337,0.972608811973338),(0.956417914191324,
0.956417914191324),(0.956417914191324,0.956417914191324),(0.956417914191324,
0.956417914191324)))
REPRESENTATION_ITEM('')
SURFACE()
);
#18=FACE_BOUND('',#104,.T.);
#19=FACE_BOUND('',#110,.T.);
#20=(
BOUNDED_CURVE()
B_SPLINE_CURVE(2,(#1532,#1533,#1534,#1535),.UNSPECIFIED.,.F.,.F.)
B_SPLINE_CURVE_WITH_KNOTS((3,1,3),(-11.5738492223089,-7.64569880714351,
-7.19103124760235),.UNSPECIFIED.)
CURVE()
GEOMETRIC_REPRESENTATION_ITEM()
RATIONAL_B_SPLINE_CURVE((17.7206236761452,19.4500219611729,17.9207945491068,
17.7206236761452))
REPRESENTATION_ITEM('')
);
#21=(
BOUNDED_CURVE()
B_SPLINE_CURVE(2,(#1548,#1549,#1550,#1551),.UNSPECIFIED.,.F.,.F.)
B_SPLINE_CURVE_WITH_KNOTS((3,1,3),(-11.5738754391739,-7.64572863695111,
-7.19104775757455),.UNSPECIFIED.)
CURVE()
GEOMETRIC_REPRESENTATION_ITEM()
RATIONAL_B_SPLINE_CURVE((17.7206626588458,19.4500593274392,17.9208393929674,
17.7206626588322))
REPRESENTATION_ITEM('')
);
#22=(
BOUNDED_CURVE()
B_SPLINE_CURVE(2,(#1564,#1565,#1566,#1567),.UNSPECIFIED.,.F.,.F.)
B_SPLINE_CURVE_WITH_KNOTS((3,1,3),(-11.573875439172,-7.64572863694854,-7.19104775757464),
 .UNSPECIFIED.)
CURVE()
GEOMETRIC_REPRESENTATION_ITEM()
RATIONAL_B_SPLINE_CURVE((17.7206626588394,19.4500593274307,17.920839392958,
17.7206626588241))
REPRESENTATION_ITEM('')
);
#23=(
BOUNDED_CURVE()
B_SPLINE_CURVE(2,(#1580,#1581,#1582,#1583),.UNSPECIFIED.,.F.,.F.)
B_SPLINE_CURVE_WITH_KNOTS((3,1,3),(7.19103124760384,7.64569880713992,11.5738492223078),
 .UNSPECIFIED.)
CURVE()
GEOMETRIC_REPRESENTATION_ITEM()
RATIONAL_B_SPLINE_CURVE((17.7206236761349,17.920794549094,19.4500219611614,
17.7206236761348))
REPRESENTATION_ITEM('')
);
#24=(
BOUNDED_CURVE()
B_SPLINE_CURVE(2,(#1596,#1597,#1598,#1599),.UNSPECIFIED.,.F.,.F.)
B_SPLINE_CURVE_WITH_KNOTS((3,1,3),(7.19104775757393,7.64572863695032,8.91681498638012),
 .UNSPECIFIED.)
CURVE()
GEOMETRIC_REPRESENTATION_ITEM()
RATIONAL_B_SPLINE_CURVE((17.720662658829,17.9208393929641,18.5229798010001,
18.6418886047639))
REPRESENTATION_ITEM('')
);
#25=(
BOUNDED_CURVE()
B_SPLINE_CURVE(2,(#1604,#1605,#1606),.UNSPECIFIED.,.F.,.F.)
B_SPLINE_CURVE_WITH_KNOTS((3,3),(8.91681498638012,11.5738754391728),
 .UNSPECIFIED.)
CURVE()
GEOMETRIC_REPRESENTATION_ITEM()
RATIONAL_B_SPLINE_CURVE((18.6418886047639,18.8904538419811,17.7206626588442))
REPRESENTATION_ITEM('')
);
#26=(
BOUNDED_CURVE()
B_SPLINE_CURVE(2,(#1619,#1620,#1621,#1622),.UNSPECIFIED.,.F.,.F.)
B_SPLINE_CURVE_WITH_KNOTS((3,1,3),(7.19104775757381,7.64572863695225,11.573875439174),
 .UNSPECIFIED.)
CURVE()
GEOMETRIC_REPRESENTATION_ITEM()
RATIONAL_B_SPLINE_CURVE((17.7206626588351,17.9208393929712,19.4500593274427,
17.7206626588493))
REPRESENTATION_ITEM('')
);
#27=(
BOUNDED_CURVE()
B_SPLINE_CURVE(2,(#1894,#1895,#1896,#1897,#1898,#1899,#1900,#1901,#1902,
#1903,#1904,#1905,#1906,#1907,#1908,#1909,#1910,#1911,#1912,#1913,#1914,
#1915,#1916,#1917,#1918,#1919,#1920,#1921,#1922,#1923,#1924,#1925,#1926,
#1927,#1928,#1929,#1930,#1931,#1932,#1933,#1934,#1935,#1936,#1937,#1938,
#1939,#1940,#1941,#1942,#1943,#1944,#1945,#1946,#1947,#1948,#1949,#1950,
#1951,#1952,#1953,#1954,#1955,#1956,#1957,#1958,#1959,#1960,#1961,#1962,
#1963,#1964,#1965,#1966,#1967,#1968,#1969,#1970,#1971,#1972,#1973,#1974,
#1975,#1976,#1977,#1978,#1979,#1980,#1981,#1982,#1983,#1984,#1985,#1986,
#1987,#1988,#1989,#1990,#1991,#1992,#1993,#1994,#1995,#1996,#1997,#1998,
#1999,#2000),.UNSPECIFIED.,.F.,.F.)
B_SPLINE_CURVE_WITH_KNOTS((3,2,2,2,2,2,2,2,2,2,2,2,2,2,2,2,2,2,2,2,2,2,
2,2,2,2,2,2,2,2,2,2,2,2,2,2,2,2,2,2,2,2,2,2,2,2,2,2,2,2,2,2,2,3),(-71.7349188631606,
-70.3753118100888,-69.0157047570151,-67.6560977039414,-66.2964906508677,
-64.936883597794,-63.5772765447203,-62.2176694916465,-60.8580624385728,
-59.4984553854991,-58.1388483324254,-56.7792412793516,-55.4196342262779,
-54.0600271732042,-52.7004201201305,-51.3408130670568,-49.981206013983,
-48.6215989609093,-47.2619919078356,-45.9023848547619,-44.5427778016881,
-43.1831707486144,-41.8235636955407,-40.463956642467,-39.1043495893932,
-37.7447425363195,-36.3851354832458,-35.0255284301721,-33.6659213770983,
-32.3063143240246,-30.9467072709509,-29.5871002178772,-28.2274931648035,
-26.8678861117297,-25.508279058656,-24.1486720055823,-22.7890649525086,
-21.4294578994349,-20.0698508463611,-18.7102437932874,-17.3506367402137,
-15.99102968714,-14.6314226340662,-13.2718155809925,-11.9122085279188,-10.5526014748451,
-9.19299442177136,-7.83338736869764,-6.47378031562392,-5.11417326255019,
-3.75456620947647,-2.39495915640275,-1.03535210332903,0.),.UNSPECIFIED.)
CURVE()
GEOMETRIC_REPRESENTATION_ITEM()
RATIONAL_B_SPLINE_CURVE((1.,0.866025403785423,1.,0.866025403784439,1.,0.866025403784439,
1.,0.866025403784439,1.,0.866025403784439,1.,0.866025403784439,1.,0.866025403784439,
1.,0.866025403784439,1.,0.866025403784439,1.,0.866025403784439,1.,0.866025403784439,
1.,0.866025403784439,1.,0.866025403784439,1.,0.866025403784439,1.,0.866025403784439,
1.,0.866025403784439,1.,0.866025403784439,1.,0.866025403784439,1.,0.866025403784439,
1.,0.866025403784439,1.,0.866025403784439,1.,0.866025403784439,1.,0.866025403784439,
1.,0.866025403784439,1.,0.866025403784439,1.,0.866025403784439,1.,0.866025403784439,
1.,0.866025403784439,1.,0.866025403784439,1.,0.866025403784439,1.,0.866025403784439,
1.,0.866025403784439,1.,0.866025403784439,1.,0.866025403784439,1.,0.866025403784439,
1.,0.866025403784439,1.,0.866025403784439,1.,0.866025403784439,1.,0.866025403784439,
1.,0.866025403784439,1.,0.866025403784439,1.,0.866025403784439,1.,0.866025403784439,
1.,0.866025403784439,1.,0.866025403784439,1.,0.866025403784439,1.,0.866025403784439,
1.,0.866025403784439,1.,0.866025403784439,1.,0.866025403784439,1.,0.866025403784439,
1.,0.866025403784439,1.,0.91546042571325,1.))
REPRESENTATION_ITEM('')
);
#28=(
BOUNDED_CURVE()
B_SPLINE_CURVE(2,(#2239,#2240,#2241,#2242,#2243,#2244,#2245,#2246,#2247,
#2248,#2249,#2250,#2251,#2252,#2253,#2254,#2255,#2256,#2257,#2258,#2259,
#2260,#2261,#2262,#2263,#2264,#2265,#2266,#2267,#2268,#2269,#2270,#2271,
#2272,#2273,#2274,#2275,#2276,#2277,#2278,#2279,#2280,#2281,#2282,#2283,
#2284,#2285,#2286,#2287,#2288,#2289,#2290,#2291,#2292,#2293,#2294,#2295,
#2296,#2297,#2298,#2299,#2300,#2301,#2302,#2303,#2304,#2305,#2306,#2307,
#2308,#2309,#2310,#2311,#2312,#2313,#2314,#2315,#2316,#2317,#2318,#2319,
#2320,#2321,#2322,#2323,#2324,#2325,#2326,#2327,#2328,#2329,#2330,#2331,
#2332,#2333,#2334,#2335,#2336,#2337,#2338,#2339,#2340,#2341,#2342,#2343,
#2344,#2345,#2346,#2347),.UNSPECIFIED.,.F.,.F.)
B_SPLINE_CURVE_WITH_KNOTS((3,2,2,2,2,2,2,2,2,2,2,2,2,2,2,2,2,2,2,2,2,2,
2,2,2,2,2,2,2,2,2,2,2,2,2,2,2,2,2,2,2,2,2,2,2,2,2,2,2,2,2,2,2,2,3),(-71.7296126194386,
-71.6626718485757,-70.3030647955019,-68.9434577424282,-67.5838506893545,
-66.2242436362808,-64.8646365832071,-63.5050295301334,-62.1454224770596,
-60.7858154239859,-59.4262083709122,-58.0666013178385,-56.7069942647647,
-55.347387211691,-53.9877801586173,-52.6281731055436,-51.2685660524698,
-49.9089589993961,-48.5493519463224,-47.1897448932487,-45.8301378401749,
-44.4705307871012,-43.1109237340275,-41.7513166809538,-40.3917096278801,
-39.0321025748063,-37.6724955217326,-36.3128884686589,-34.9532814155852,
-33.5936743625114,-32.2340673094377,-30.874460256364,-29.5148532032903,
-28.1552461502165,-26.7956390971428,-25.4360320440691,-24.0764249909954,
-22.7168179379217,-21.3572108848479,-19.9976038317742,-18.6379967787005,
-17.2783897256268,-15.9187826725531,-14.5591756194793,-13.1995685664056,
-11.8399615133319,-10.4803544602582,-9.12074740718445,-7.76114035411073,
-6.40153330103701,-5.04192624796329,-3.68231919488957,-2.32271214181585,
-0.963105088742125,0.),.UNSPECIFIED.)
CURVE()
GEOMETRIC_REPRESENTATION_ITEM()
RATIONAL_B_SPLINE_CURVE((1.,0.999596272230169,1.,0.866025403784439,1.,0.866025403784439,
1.,0.866025403784439,1.,0.866025403784439,1.,0.866025403784439,1.,0.866025403784439,
1.,0.866025403784439,1.,0.866025403784439,1.,0.866025403784439,1.,0.866025403784439,
1.,0.866025403784439,1.,0.866025403784439,1.,0.866025403784439,1.,0.866025403784439,
1.,0.866025403784439,1.,0.866025403784439,1.,0.866025403784439,1.,0.866025403784439,
1.,0.866025403784439,1.,0.866025403784439,1.,0.866025403784439,1.,0.866025403784439,
1.,0.866025403784439,1.,0.866025403784439,1.,0.866025403784439,1.,0.866025403784439,
1.,0.866025403784439,1.,0.866025403784439,1.,0.866025403784439,1.,0.866025403784439,
1.,0.866025403784439,1.,0.866025403784439,1.,0.866025403784439,1.,0.866025403784439,
1.,0.866025403784439,1.,0.866025403784439,1.,0.866025403784439,1.,0.866025403784439,
1.,0.866025403784439,1.,0.866025403784439,1.,0.866025403784439,1.,0.866025403784439,
1.,0.866025403784439,1.,0.866025403784439,1.,0.866025403784439,1.,0.866025403784439,
1.,0.866025403784439,1.,0.866025403784439,1.,0.866025403784439,1.,0.866025403784439,
1.,0.866025403784439,1.,0.866025403784439,1.,0.925614793410955,1.))
REPRESENTATION_ITEM('')
);
#29=(
BOUNDED_CURVE()
B_SPLINE_CURVE(2,(#2596,#2597,#2598,#2599),.UNSPECIFIED.,.F.,.F.)
B_SPLINE_CURVE_WITH_KNOTS((3,1,3),(39.2949581338846,42.3316745817448,50.7457753153852),
 .UNSPECIFIED.)
CURVE()
GEOMETRIC_REPRESENTATION_ITEM()
RATIONAL_B_SPLINE_CURVE((79.9242829763231,80.2068991367523,79.6599281616567,
75.9746658132488))
REPRESENTATION_ITEM('')
);
#30=(
BOUNDED_CURVE()
B_SPLINE_CURVE(2,(#2612,#2613,#2614,#2615),.UNSPECIFIED.,.F.,.F.)
B_SPLINE_CURVE_WITH_KNOTS((3,1,3),(31.8576245140997,42.3316745821858,50.7457753155273),
 .UNSPECIFIED.)
CURVE()
GEOMETRIC_REPRESENTATION_ITEM()
RATIONAL_B_SPLINE_CURVE((75.9746658144805,80.5621581175132,79.6599281628734,
75.9746658144726))
REPRESENTATION_ITEM('')
);
#31=(
BOUNDED_CURVE()
B_SPLINE_CURVE(2,(#2628,#2629,#2630,#2631),.UNSPECIFIED.,.F.,.F.)
B_SPLINE_CURVE_WITH_KNOTS((3,1,3),(31.8576245142151,42.3316745817413,50.7457753154139),
 .UNSPECIFIED.)
CURVE()
GEOMETRIC_REPRESENTATION_ITEM()
RATIONAL_B_SPLINE_CURVE((75.9746658132153,80.5621581158641,79.6599281616441,
75.9746658132115))
REPRESENTATION_ITEM('')
);
#32=(
BOUNDED_CURVE()
B_SPLINE_CURVE(2,(#2644,#2645,#2646,#2647),.UNSPECIFIED.,.F.,.F.)
B_SPLINE_CURVE_WITH_KNOTS((3,1,3),(31.8576245140251,42.3316745821781,50.745775315446),
 .UNSPECIFIED.)
CURVE()
GEOMETRIC_REPRESENTATION_ITEM()
RATIONAL_B_SPLINE_CURVE((75.9746658143922,80.562158117489,79.6599281628566,
75.9746658145208))
REPRESENTATION_ITEM('')
);
#33=(
BOUNDED_CURVE()
B_SPLINE_CURVE(2,(#2660,#2661,#2662,#2663),.UNSPECIFIED.,.F.,.F.)
B_SPLINE_CURVE_WITH_KNOTS((3,1,3),(31.8576245141696,42.3316745817426,50.7457753152975),
 .UNSPECIFIED.)
CURVE()
GEOMETRIC_REPRESENTATION_ITEM()
RATIONAL_B_SPLINE_CURVE((75.9746658131795,80.5621581158712,79.6599281616534,
75.9746658133174))
REPRESENTATION_ITEM('')
);
#34=(
BOUNDED_CURVE()
B_SPLINE_CURVE(2,(#2676,#2677,#2678,#2679),.UNSPECIFIED.,.F.,.F.)
B_SPLINE_CURVE_WITH_KNOTS((3,1,3),(31.8576245139081,42.33167458262,50.7457753156975),
 .UNSPECIFIED.)
CURVE()
GEOMETRIC_REPRESENTATION_ITEM()
RATIONAL_B_SPLINE_CURVE((75.9746658156479,80.5621581191285,79.6599281640718,
75.9746658156528))
REPRESENTATION_ITEM('')
);
#35=(
BOUNDED_CURVE()
B_SPLINE_CURVE(2,(#2691,#2692,#2693),.UNSPECIFIED.,.F.,.F.)
B_SPLINE_CURVE_WITH_KNOTS((3,3),(31.8576245142547,39.2949581338846),
 .UNSPECIFIED.)
CURVE()
GEOMETRIC_REPRESENTATION_ITEM()
RATIONAL_B_SPLINE_CURVE((75.9746658132621,79.2321173732779,79.9242829763231))
REPRESENTATION_ITEM('')
);
#36=CONICAL_SURFACE('',#650,0.161448429819013,1.0471975511966);
#37=CONICAL_SURFACE('',#653,0.151936273953089,0.785398163397451);
#38=CONICAL_SURFACE('',#655,0.279305310257135,1.0471975511966);
#39=CONICAL_SURFACE('',#660,0.27930531025714,1.04719755119659);
#40=TOROIDAL_SURFACE('',#641,1.42524047358081,0.250000000000001);
#41=PLANE('',#637);
#42=PLANE('',#657);
#43=PLANE('',#659);
#44=PLANE('',#662);
#45=PLANE('',#663);
#46=PLANE('',#664);
#47=PLANE('',#668);
#48=PLANE('',#669);
#49=PLANE('',#670);
#50=PLANE('',#671);
#51=FACE_OUTER_BOUND('',#86,.T.);
#52=FACE_OUTER_BOUND('',#87,.T.);
#53=FACE_OUTER_BOUND('',#88,.T.);
#54=FACE_OUTER_BOUND('',#89,.T.);
#55=FACE_OUTER_BOUND('',#90,.T.);
#56=FACE_OUTER_BOUND('',#91,.T.);
#57=FACE_OUTER_BOUND('',#92,.T.);
#58=FACE_OUTER_BOUND('',#93,.T.);
#59=FACE_OUTER_BOUND('',#94,.T.);
#60=FACE_OUTER_BOUND('',#95,.T.);
#61=FACE_OUTER_BOUND('',#96,.T.);
#62=FACE_OUTER_BOUND('',#97,.T.);
#63=FACE_OUTER_BOUND('',#98,.T.);
#64=FACE_OUTER_BOUND('',#99,.T.);
#65=FACE_OUTER_BOUND('',#100,.T.);
#66=FACE_OUTER_BOUND('',#101,.T.);
#67=FACE_OUTER_BOUND('',#102,.T.);
#68=FACE_OUTER_BOUND('',#103,.T.);
#69=FACE_OUTER_BOUND('',#105,.T.);
#70=FACE_OUTER_BOUND('',#106,.T.);
#71=FACE_OUTER_BOUND('',#107,.T.);
#72=FACE_OUTER_BOUND('',#108,.T.);
#73=FACE_OUTER_BOUND('',#109,.T.);
#74=FACE_OUTER_BOUND('',#111,.T.);
#75=FACE_OUTER_BOUND('',#112,.T.);
#76=FACE_OUTER_BOUND('',#113,.T.);
#77=FACE_OUTER_BOUND('',#114,.T.);
#78=FACE_OUTER_BOUND('',#115,.T.);
#79=FACE_OUTER_BOUND('',#116,.T.);
#80=FACE_OUTER_BOUND('',#117,.T.);
#81=FACE_OUTER_BOUND('',#118,.T.);
#82=FACE_OUTER_BOUND('',#119,.T.);
#83=FACE_OUTER_BOUND('',#120,.T.);
#84=FACE_OUTER_BOUND('',#121,.T.);
#85=FACE_OUTER_BOUND('',#122,.T.);
#86=EDGE_LOOP('',(#374,#375,#376,#377));
#87=EDGE_LOOP('',(#378,#379,#380,#381));
#88=EDGE_LOOP('',(#382,#383,#384,#385));
#89=EDGE_LOOP('',(#386,#387,#388,#389));
#90=EDGE_LOOP('',(#390,#391,#392,#393));
#91=EDGE_LOOP('',(#394,#395,#396,#397));
#92=EDGE_LOOP('',(#398,#399,#400,#401));
#93=EDGE_LOOP('',(#402,#403,#404,#405));
#94=EDGE_LOOP('',(#406));
#95=EDGE_LOOP('',(#407,#408,#409,#410));
#96=EDGE_LOOP('',(#411,#412,#413,#414,#415));
#97=EDGE_LOOP('',(#416,#417,#418,#419,#420,#421,#422));
#98=EDGE_LOOP('',(#423,#424,#425,#426));
#99=EDGE_LOOP('',(#427,#428,#429,#430));
#100=EDGE_LOOP('',(#431,#432,#433,#434));
#101=EDGE_LOOP('',(#435,#436,#437,#438,#439,#440,#441,#442,#443,#444,#445,
#446,#447,#448,#449,#450));
#102=EDGE_LOOP('',(#451,#452,#453,#454));
#103=EDGE_LOOP('',(#455));
#104=EDGE_LOOP('',(#456));
#105=EDGE_LOOP('',(#457,#458,#459,#460,#461,#462,#463,#464,#465,#466,#467,
#468,#469));
#106=EDGE_LOOP('',(#470,#471,#472,#473,#474,#475,#476,#477,#478,#479,#480,
#481,#482));
#107=EDGE_LOOP('',(#483,#484,#485,#486,#487));
#108=EDGE_LOOP('',(#488,#489,#490,#491,#492,#493,#494,#495,#496,#497,#498,
#499,#500,#501,#502,#503));
#109=EDGE_LOOP('',(#504));
#110=EDGE_LOOP('',(#505));
#111=EDGE_LOOP('',(#506,#507,#508,#509));
#112=EDGE_LOOP('',(#510,#511,#512,#513));
#113=EDGE_LOOP('',(#514,#515,#516,#517));
#114=EDGE_LOOP('',(#518,#519,#520,#521));
#115=EDGE_LOOP('',(#522,#523,#524,#525));
#116=EDGE_LOOP('',(#526,#527,#528,#529));
#117=EDGE_LOOP('',(#530,#531,#532,#533));
#118=EDGE_LOOP('',(#534,#535,#536,#537,#538));
#119=EDGE_LOOP('',(#539,#540,#541,#542,#543));
#120=EDGE_LOOP('',(#544,#545,#546,#547));
#121=EDGE_LOOP('',(#548,#549,#550,#551));
#122=EDGE_LOOP('',(#552,#553,#554,#555));
#123=CIRCLE('',#629,1.50000000000002);
#124=CIRCLE('',#638,1.17524047358084);
#125=CIRCLE('',#640,1.17524047358084);
#126=CIRCLE('',#642,1.42524047358084);
#127=CIRCLE('',#643,0.250000000000001);
#128=CIRCLE('',#644,1.17524047358084);
#129=CIRCLE('',#645,1.17524047358084);
#130=CIRCLE('',#647,1.17524047358084);
#131=CIRCLE('',#648,1.17524047358086);
#132=CIRCLE('',#649,1.17524047358086);
#133=CIRCLE('',#652,1.50000000000002);
#134=CIRCLE('',#654,1.25000000000002);
#135=CIRCLE('',#656,2.205);
#136=CIRCLE('',#658,1.17524047358085);
#137=CIRCLE('',#661,2.205);
#138=B_SPLINE_CURVE_WITH_KNOTS('',3,(#802,#803,#804,#805,#806,#807,#808,
#809,#810,#811),.UNSPECIFIED.,.F.,.F.,(4,2,2,2,4),(-0.16526057955211,-0.155323159184064,
-0.097627918828468,-0.0498078594767403,-1.00000014507939E-6),
 .UNSPECIFIED.);
#139=B_SPLINE_CURVE_WITH_KNOTS('',3,(#814,#815,#816,#817),.UNSPECIFIED.,
 .F.,.F.,(4,4),(-7.49073391058577,-7.44482321227132),.UNSPECIFIED.);
#140=B_SPLINE_CURVE_WITH_KNOTS('',3,(#822,#823,#824,#825,#826,#827,#828,
#829,#830,#831,#832,#833,#834,#835,#836,#837,#838,#839,#840,#841,#842,#843,
#844,#845,#846,#847,#848,#849,#850,#851,#852,#853,#854,#855,#856,#857),
 .UNSPECIFIED.,.F.,.F.,(4,2,2,2,2,2,2,2,2,2,2,2,2,2,2,2,2,4),(-1.1125721066642,
-1.09363597688096,-1.03621806545574,-0.97644418576194,-0.917567722150755,
-0.860444562050711,-0.800655091069625,-0.742430509677685,-0.684461024033599,
-0.624656388023528,-0.567104941488819,-0.507152977673934,-0.448136693254356,
-0.391075032150124,-0.331310860411158,-0.272944138759794,-0.215288838814334,
-0.16526057955211),.UNSPECIFIED.);
#141=B_SPLINE_CURVE_WITH_KNOTS('',3,(#858,#859,#860,#861,#862,#863,#864,
#865,#866,#867,#868,#869,#870,#871,#872,#873,#874,#875,#876,#877,#878,#879,
#880,#881,#882,#883,#884,#885,#886,#887,#888,#889,#890,#891,#892,#893),
 .UNSPECIFIED.,.F.,.F.,(4,2,2,2,2,2,2,2,2,2,2,2,2,2,2,2,2,4),(-7.44482321227132,
-7.43246128644752,-7.37509911964412,-7.3180861048451,-7.25904996561898,
-7.19940639776502,-7.14184801458635,-7.08203155850318,-7.02425536314543,
-6.96602565910148,-6.90630237758946,-6.84926562615082,-6.79038564547319,
-6.73067189372927,-6.67325487170894,-6.61359689629743,-6.55541977689193,
-6.49839681749393),.UNSPECIFIED.);
#142=B_SPLINE_CURVE_WITH_KNOTS('',3,(#898,#899,#900,#901,#902,#903,#904,
#905,#906,#907,#908,#909,#910,#911,#912,#913,#914,#915,#916,#917,#918,#919,
#920,#921,#922,#923,#924,#925,#926,#927,#928,#929,#930,#931,#932,#933),
 .UNSPECIFIED.,.F.,.F.,(4,2,2,2,2,2,2,2,2,2,2,2,2,2,2,2,2,4),(-2.06026730895204,
-2.03364780623001,-1.97375107280413,-1.91618241236072,-1.85635885277697,
-1.79841871737392,-1.74017720042833,-1.68038660125788,-1.6232685986833,
-1.56437539504393,-1.50459905584824,-1.44716585403403,-1.3874944687228,
-1.33022192979025,-1.2698098475172,-1.21171251972452,-1.15329050057788,
-1.1125721066642),.UNSPECIFIED.);
#143=B_SPLINE_CURVE_WITH_KNOTS('',3,(#934,#935,#936,#937,#938,#939,#940,
#941,#942,#943,#944,#945,#946,#947,#948,#949,#950,#951,#952,#953,#954,#955,
#956,#957,#958,#959,#960,#961,#962,#963,#964,#965,#966,#967,#968,#969,#970,
#971),.UNSPECIFIED.,.F.,.F.,(4,2,2,2,2,2,2,2,2,2,2,2,2,2,2,2,2,2,4),(-6.49839681749393,
-6.49732700071184,-6.43755977605219,-6.38039877412468,-6.32165275087894,
-6.26194141317293,-6.20474148148589,-6.14535308955971,-6.08677761566765,
-6.02892596153965,-5.96877917115242,-5.91153060922278,-5.85300694566143,
-5.79334160130495,-5.73631239849555,-5.6771435723132,-5.61811087048798,
-5.56045010919375,-5.55239479196564),.UNSPECIFIED.);
#144=B_SPLINE_CURVE_WITH_KNOTS('',3,(#976,#977,#978,#979,#980,#981,#982,
#983,#984,#985,#986,#987,#988,#989,#990,#991,#992,#993,#994,#995,#996,#997,
#998,#999,#1000,#1001,#1002,#1003,#1004,#1005,#1006,#1007,#1008,#1009,#1010,
#1011),.UNSPECIFIED.,.F.,.F.,(4,2,2,2,2,2,2,2,2,2,2,2,2,2,2,2,2,4),(-3.00758179292577,
-2.97155889611794,-2.91272930451512,-2.85483174771971,-2.7946418206181,
-2.7372299456283,-2.67866002687365,-2.61888683249141,-2.56178181725671,
-2.50256468964248,-2.44324323911163,-2.38552687299844,-2.32553833090702,
-2.26790516276976,-2.20951764377725,-2.14974969223415,-2.09268472670009,
-2.06026730895204),.UNSPECIFIED.);
#145=B_SPLINE_CURVE_WITH_KNOTS('',3,(#1012,#1013,#1014,#1015,#1016,#1017,
#1018,#1019,#1020,#1021,#1022,#1023,#1024,#1025,#1026,#1027,#1028,#1029,
#1030,#1031,#1032,#1033,#1034,#1035,#1036,#1037,#1038,#1039,#1040,#1041,
#1042,#1043,#1044,#1045,#1046,#1047),.UNSPECIFIED.,.F.,.F.,(4,2,2,2,2,2,
2,2,2,2,2,2,2,2,2,2,2,4),(-5.55239479196564,-5.50051519461383,-5.44307751759155,
-5.38474680999098,-5.32509640764586,-5.26813985052739,-5.20916171607545,
-5.14957906478268,-5.09207732084151,-5.03231969211993,-4.97460175151746,
-4.91642935904986,-4.85676537526388,-4.79978538196984,-4.74096336467,-4.6813088559438,
-4.62394838622005,-4.60696909653913),.UNSPECIFIED.);
#146=B_SPLINE_CURVE_WITH_KNOTS('',3,(#1052,#1053,#1054,#1055,#1056,#1057,
#1058,#1059,#1060,#1061,#1062,#1063,#1064,#1065,#1066,#1067,#1068,#1069,
#1070,#1071,#1072,#1073,#1074,#1075,#1076,#1077,#1078,#1079,#1080,#1081,
#1082,#1083,#1084,#1085,#1086,#1087),.UNSPECIFIED.,.F.,.F.,(4,2,2,2,2,2,
2,2,2,2,2,2,2,2,2,2,2,4),(-3.95556934627591,-3.91002177265703,-3.85203125250046,
-3.7937969439928,-3.73399352356916,-3.67685543155558,-3.61796903740971,
-3.5581815314383,-3.50075367866363,-3.44108906219185,-3.3826430727157,-3.3245354628179,
-3.26411304728407,-3.20682317340121,-3.14803966752323,-3.08823102454527,
-3.03098702815193,-3.00758179292577),.UNSPECIFIED.);
#147=B_SPLINE_CURVE_WITH_KNOTS('',3,(#1088,#1089,#1090,#1091,#1092,#1093,
#1094,#1095,#1096,#1097,#1098,#1099,#1100,#1101,#1102,#1103,#1104,#1105,
#1106,#1107,#1108,#1109,#1110,#1111,#1112,#1113,#1114,#1115,#1116,#1117,
#1118,#1119,#1120,#1121,#1122,#1123),.UNSPECIFIED.,.F.,.F.,(4,2,2,2,2,2,
2,2,2,2,2,2,2,2,2,2,2,4),(-4.60696909653913,-4.56434913784935,-4.50623104086013,
-4.44819550640482,-4.3884877154509,-4.33138390392836,-4.2726957805324,-4.21304386305461,
-4.1559003448766,-4.09657050436175,-4.03805481377428,-3.98026026340152,
-3.9201727972908,-3.8629818453736,-3.8045159461515,-3.74491008065362,-3.68793742692025,
-3.66160682448672),.UNSPECIFIED.);
#148=B_SPLINE_CURVE_WITH_KNOTS('',3,(#1128,#1129,#1130,#1131,#1132,#1133,
#1134,#1135,#1136,#1137,#1138,#1139,#1140,#1141,#1142,#1143,#1144,#1145,
#1146,#1147,#1148,#1149,#1150,#1151,#1152,#1153,#1154,#1155,#1156,#1157,
#1158,#1159,#1160,#1161,#1162,#1163),.UNSPECIFIED.,.F.,.F.,(4,2,2,2,2,2,
2,2,2,2,2,2,2,2,2,2,2,4),(-4.90293272876836,-4.84845784446635,-4.79101606003379,
-4.73246230253141,-4.67268312769821,-4.61558052208618,-4.5563791869086,
-4.49698280432455,-4.43927856529794,-4.37930412924762,-4.32162957210276,
-4.26325404229004,-4.20347657452957,-4.14640204516799,-4.08737675874657,
-4.02739696545773,-3.9698360241542,-3.95556934627591),.UNSPECIFIED.);
#149=B_SPLINE_CURVE_WITH_KNOTS('',3,(#1164,#1165,#1166,#1167,#1168,#1169,
#1170,#1171,#1172,#1173,#1174,#1175,#1176,#1177,#1178,#1179,#1180,#1181,
#1182,#1183,#1184,#1185,#1186,#1187,#1188,#1189,#1190,#1191,#1192,#1193,
#1194,#1195,#1196,#1197,#1198,#1199),.UNSPECIFIED.,.F.,.F.,(4,2,2,2,2,2,
2,2,2,2,2,2,2,2,2,2,2,4),(-3.66160682448672,-3.62882701720521,-3.56985489408131,
-3.51225114100389,-3.45237544184803,-3.39499587862577,-3.3367228456946,
-3.27713200283818,-3.22023224112583,-3.16131243473193,-3.1017911637649,
-3.04434637935429,-2.98464790882272,-2.92698862733075,-2.86887387113855,
-2.80926954888513,-2.75234666817497,-2.71716449704579),.UNSPECIFIED.);
#150=B_SPLINE_CURVE_WITH_KNOTS('',3,(#1204,#1205,#1206,#1207,#1208,#1209,
#1210,#1211,#1212,#1213,#1214,#1215,#1216,#1217,#1218,#1219,#1220,#1221,
#1222,#1223,#1224,#1225,#1226,#1227,#1228,#1229,#1230,#1231,#1232,#1233,
#1234,#1235,#1236,#1237,#1238,#1239,#1240,#1241),.UNSPECIFIED.,.F.,.F.,
(4,2,2,2,2,2,2,2,2,2,2,2,2,2,2,2,2,2,4),(-5.85086174339347,-5.84754890878382,
-5.78774864408797,-5.73060510515517,-5.67174070371179,-5.61195790804129,
-5.55455020046344,-5.49490767397797,-5.43641290836536,-5.37832454181081,
-5.31792390126901,-5.26061675946841,-5.20185293463288,-5.14204216392007,
-5.08481263036323,-5.02540373862388,-4.96651109818586,-4.9086295049976,
-4.90293272876836),.UNSPECIFIED.);
#151=B_SPLINE_CURVE_WITH_KNOTS('',3,(#1242,#1243,#1244,#1245,#1246,#1247,
#1248,#1249,#1250,#1251,#1252,#1253,#1254,#1255,#1256,#1257,#1258,#1259,
#1260,#1261,#1262,#1263,#1264,#1265,#1266,#1267,#1268,#1269,#1270,#1271,
#1272,#1273,#1274,#1275,#1276,#1277),.UNSPECIFIED.,.F.,.F.,(4,2,2,2,2,2,
2,2,2,2,2,2,2,2,2,2,2,4),(-2.71716449704579,-2.6935829432776,-2.63345093473211,
-2.57612877716037,-2.51656798284803,-2.45855938594361,-2.40056356993783,
-2.34091910649929,-2.28388974088865,-2.22524237330272,-2.1656201311748,
-2.10841933221581,-2.04899555911902,-1.99047154509431,-1.93258827905344,
-1.8724066868848,-1.81517338232458,-1.77174284801402),.UNSPECIFIED.);
#152=B_SPLINE_CURVE_WITH_KNOTS('',3,(#1282,#1283,#1284,#1285,#1286,#1287,
#1288,#1289,#1290,#1291,#1292,#1293,#1294,#1295,#1296,#1297,#1298,#1299,
#1300,#1301,#1302,#1303,#1304,#1305,#1306,#1307,#1308,#1309,#1310,#1311,
#1312,#1313,#1314,#1315,#1316,#1317),.UNSPECIFIED.,.F.,.F.,(4,2,2,2,2,2,
2,2,2,2,2,2,2,2,2,2,2,4),(-6.79810471352825,-6.78615240988165,-6.7263830605047,
-6.66929678245438,-6.61012651873645,-6.55067126139747,-6.49299404365957,
-6.43304914535402,-6.3753481086179,-6.31699960156687,-6.25722851231432,
-6.20015862973183,-6.14116018990844,-6.08111419045342,-6.02357583090261,
-5.96378628381865,-5.90576099974867,-5.85086174339347),.UNSPECIFIED.);
#153=B_SPLINE_CURVE_WITH_KNOTS('',3,(#1318,#1319,#1320,#1321,#1322,#1323,
#1324,#1325,#1326,#1327,#1328,#1329,#1330,#1331,#1332,#1333,#1334,#1335,
#1336,#1337,#1338,#1339,#1340,#1341,#1342,#1343,#1344,#1345,#1346,#1347,
#1348,#1349,#1350,#1351,#1352,#1353),.UNSPECIFIED.,.F.,.F.,(4,2,2,2,2,2,
2,2,2,2,2,2,2,2,2,2,2,4),(-1.77174284801402,-1.75661760639611,-1.69694471468749,
-1.63989470687827,-1.58069408049621,-1.52172753895303,-1.46205966665292,
-1.40389103532591,-1.3461559065043,-1.28640283308273,-1.22890498388601,
-1.16929288690404,-1.11032008230209,-1.05336198519259,-0.993708947497558,
-0.935383696438035,-0.877932583198665,-0.826257822049215),.UNSPECIFIED.);
#154=B_SPLINE_CURVE_WITH_KNOTS('',3,(#1379,#1380,#1381,#1382,#1383,#1384,
#1385,#1386,#1387,#1388,#1389,#1390,#1391,#1392,#1393,#1394,#1395,#1396,
#1397,#1398,#1399,#1400,#1401,#1402,#1403,#1404,#1405,#1406,#1407,#1408,
#1409,#1410),.UNSPECIFIED.,.F.,.F.,(4,2,2,2,2,2,2,2,2,2,2,2,2,2,2,4),(-1.13542799893792,
-1.00257435861874,-0.886209666595993,-0.766611362018028,-0.653729560601038,
-0.598129561327488,-0.485866263227038,-0.375193207726388,-0.288626631694771,
-0.222683693047653,-0.151875435631536,-0.122262057013465,-0.0771028092532293,
-0.0395561793675166,-0.0201654941313565,0.),.UNSPECIFIED.);
#155=B_SPLINE_CURVE_WITH_KNOTS('',3,(#1413,#1414,#1415,#1416,#1417,#1418,
#1419,#1420,#1421,#1422,#1423,#1424,#1425,#1426,#1427,#1428,#1429,#1430,
#1431,#1432,#1433,#1434,#1435,#1436,#1437,#1438,#1439,#1440,#1441,#1442,
#1443,#1444),.UNSPECIFIED.,.F.,.F.,(4,2,2,2,2,2,2,2,2,2,2,2,2,2,2,4),(-0.826257822049215,
-0.818003930221828,-0.760348692569904,-0.701290185371931,-0.64212820491226,
-0.58510204658983,-0.525435490381285,-0.466918812003981,-0.409661344161631,
-0.349522331044708,-0.291677545452229,-0.233081066634239,-0.173700711782482,
-0.116508167339206,-0.0590376620561801,-9.99999999806711E-7),
 .UNSPECIFIED.);
#156=B_SPLINE_CURVE_WITH_KNOTS('',3,(#1447,#1448,#1449,#1450,#1451,#1452,
#1453,#1454,#1455,#1456,#1457,#1458,#1459,#1460,#1461,#1462,#1463,#1464,
#1465,#1466,#1467,#1468,#1469,#1470,#1471,#1472,#1473,#1474),
 .UNSPECIFIED.,.F.,.F.,(4,2,2,2,2,2,2,2,2,2,2,2,2,4),(-7.5088053341778,
-7.47098505327885,-7.43183526618033,-7.37147206436149,-7.31416196330168,
-7.25543307144093,-7.19563596845602,-7.13843480603406,-7.0790605992705,
-7.02012033306003,-6.96226973548269,-6.90213192410647,-6.8446748476676,
-6.79810471352825),.UNSPECIFIED.);
#157=B_SPLINE_CURVE_WITH_KNOTS('',3,(#1479,#1480,#1481,#1482,#1483,#1484,
#1485,#1486,#1487,#1488,#1489,#1490,#1491,#1492,#1493,#1494),
 .UNSPECIFIED.,.F.,.F.,(4,2,2,2,2,2,2,4),(-0.118520836153535,-0.097549301293703,
-0.0900074047276704,-0.0605851051738784,-0.0328021736932508,-0.0180187742433658,
-0.0102112829250698,-9.9997525574479E-7),.UNSPECIFIED.);
#158=B_SPLINE_CURVE_WITH_KNOTS('',3,(#1495,#1496,#1497,#1498,#1499,#1500,
#1501,#1502,#1503,#1504,#1505,#1506,#1507,#1508,#1509,#1510,#1511,#1512,
#1513,#1514,#1515,#1516,#1517,#1518,#1519,#1520,#1521,#1522,#1523,#1524,
#1525,#1526,#1527,#1528),.UNSPECIFIED.,.F.,.F.,(4,2,2,2,2,2,2,2,2,2,2,2,
2,2,2,2,4),(-1.31870659315222,-1.24408340642047,-1.16671132691865,-1.02309182070446,
-0.887639951068716,-0.768349296545285,-0.666180036888666,-0.571247063573172,
-0.559175088601377,-0.469873426620432,-0.374394804771964,-0.327168744756706,
-0.278475334286296,-0.192471963271851,-0.100334966223216,-0.0421790972462884,
-9.99999999695689E-7),.UNSPECIFIED.);
#159=B_SPLINE_CURVE_WITH_KNOTS('',3,(#1537,#1538,#1539,#1540,#1541,#1542,
#1543,#1544,#1545,#1546),.UNSPECIFIED.,.F.,.F.,(4,2,2,2,4),(-0.0890087371859358,
-0.0860487350946245,-0.0694125090117986,-0.0527762829289727,-0.04981628083766),
 .UNSPECIFIED.);
#160=B_SPLINE_CURVE_WITH_KNOTS('',3,(#1553,#1554,#1555,#1556,#1557,#1558,
#1559,#1560,#1561,#1562),.UNSPECIFIED.,.F.,.F.,(4,2,2,2,4),(-0.0890087371868167,
-0.0860487350946244,-0.0694125090117983,-0.0527762829289724,-0.04981628083766),
 .UNSPECIFIED.);
#161=B_SPLINE_CURVE_WITH_KNOTS('',3,(#1569,#1570,#1571,#1572,#1573,#1574,
#1575,#1576,#1577,#1578),.UNSPECIFIED.,.F.,.F.,(4,2,2,2,4),(-0.0890087371868216,
-0.0860487350946261,-0.0694125090117995,-0.0527762829289734,-0.0498162808376619),
 .UNSPECIFIED.);
#162=B_SPLINE_CURVE_WITH_KNOTS('',3,(#1585,#1586,#1587,#1588,#1589,#1590,
#1591,#1592,#1593,#1594),.UNSPECIFIED.,.F.,.F.,(4,2,2,2,4),(-0.0890087371859377,
-0.0860487350946253,-0.0694125090117992,-0.0527762829289732,-0.049816280837661),
 .UNSPECIFIED.);
#163=B_SPLINE_CURVE_WITH_KNOTS('',3,(#1608,#1609,#1610,#1611,#1612,#1613,
#1614,#1615,#1616,#1617),.UNSPECIFIED.,.F.,.F.,(4,2,2,2,4),(-0.0890087371868136,
-0.0860487350946248,-0.0694125090117989,-0.0527762829289729,-0.04981628083766),
 .UNSPECIFIED.);
#164=B_SPLINE_CURVE_WITH_KNOTS('',3,(#1623,#1624,#1625,#1626,#1627,#1628,
#1629,#1630,#1631,#1632),.UNSPECIFIED.,.F.,.F.,(4,2,2,2,4),(-0.089008737186816,
-0.0860487350946239,-0.0694125090117979,-0.0527762829289718,-0.0498162808376603),
 .UNSPECIFIED.);
#165=B_SPLINE_CURVE_WITH_KNOTS('',3,(#1635,#1636,#1637,#1638,#1639,#1640),
 .UNSPECIFIED.,.F.,.F.,(4,2,4),(-0.0661503934176741,-0.0330859864135774,
0.),.UNSPECIFIED.);
#166=B_SPLINE_CURVE_WITH_KNOTS('',3,(#1643,#1644,#1645,#1646,#1647,#1648,
#1649,#1650),.UNSPECIFIED.,.F.,.F.,(4,2,2,4),(-0.0674839893091505,-0.0387708503663498,
-0.0342842202189961,-1.00000013808499E-6),.UNSPECIFIED.);
#167=B_SPLINE_CURVE_WITH_KNOTS('',3,(#2601,#2602,#2603,#2604,#2605,#2606,
#2607,#2608,#2609,#2610),.UNSPECIFIED.,.F.,.F.,(4,2,2,2,4),(-0.199105312312245,
-0.196145310220052,-0.179509084137228,-0.162872858054401,-0.159912855963087),
 .UNSPECIFIED.);
#168=B_SPLINE_CURVE_WITH_KNOTS('',3,(#2617,#2618,#2619,#2620,#2621,#2622,
#2623,#2624,#2625,#2626),.UNSPECIFIED.,.F.,.F.,(4,2,2,2,4),(-0.199105312312247,
-0.196145310220051,-0.179509084137225,-0.162872858054399,-0.159912855963086),
 .UNSPECIFIED.);
#169=B_SPLINE_CURVE_WITH_KNOTS('',3,(#2633,#2634,#2635,#2636,#2637,#2638,
#2639,#2640,#2641,#2642),.UNSPECIFIED.,.F.,.F.,(4,2,2,2,4),(0.159912855963086,
0.162872858054398,0.179509084137224,0.196145310220051,0.199105312311363),
 .UNSPECIFIED.);
#170=B_SPLINE_CURVE_WITH_KNOTS('',3,(#2649,#2650,#2651,#2652,#2653,#2654,
#2655,#2656,#2657,#2658),.UNSPECIFIED.,.F.,.F.,(4,2,2,2,4),(0.159912855963084,
0.162872858054398,0.179509084137224,0.19614531022005,0.199105312312247),
 .UNSPECIFIED.);
#171=B_SPLINE_CURVE_WITH_KNOTS('',3,(#2665,#2666,#2667,#2668,#2669,#2670,
#2671,#2672,#2673,#2674),.UNSPECIFIED.,.F.,.F.,(4,2,2,2,4),(0.159912855963086,
0.162872858054399,0.179509084137225,0.196145310220051,0.199105312312243),
 .UNSPECIFIED.);
#172=B_SPLINE_CURVE_WITH_KNOTS('',3,(#2681,#2682,#2683,#2684,#2685,#2686,
#2687,#2688,#2689,#2690),.UNSPECIFIED.,.F.,.F.,(4,2,2,2,4),(-0.199105312311364,
-0.196145310220051,-0.179509084137225,-0.162872858054399,-0.159912855963086),
 .UNSPECIFIED.);
#173=LINE('',#800,#198);
#174=LINE('',#821,#199);
#175=LINE('',#897,#200);
#176=LINE('',#975,#201);
#177=LINE('',#1051,#202);
#178=LINE('',#1127,#203);
#179=LINE('',#1203,#204);
#180=LINE('',#1281,#205);
#181=LINE('',#1359,#206);
#182=LINE('',#1375,#207);
#183=LINE('',#1378,#208);
#184=LINE('',#1601,#209);
#185=LINE('',#2594,#210);
#186=LINE('',#2696,#211);
#187=LINE('',#2697,#212);
#188=LINE('',#2699,#213);
#189=LINE('',#2700,#214);
#190=LINE('',#2703,#215);
#191=LINE('',#2705,#216);
#192=LINE('',#2707,#217);
#193=LINE('',#2709,#218);
#194=LINE('',#2711,#219);
#195=LINE('',#2712,#220);
#196=LINE('',#2714,#221);
#197=LINE('',#2715,#222);
#198=VECTOR('',#679,1.5);
#199=VECTOR('',#684,1.5);
#200=VECTOR('',#687,1.5);
#201=VECTOR('',#690,1.5);
#202=VECTOR('',#693,1.5);
#203=VECTOR('',#696,1.5);
#204=VECTOR('',#699,1.5);
#205=VECTOR('',#702,1.5);
#206=VECTOR('',#709,1.17524047358084);
#207=VECTOR('',#728,1.17524047358084);
#208=VECTOR('',#733,10.);
#209=VECTOR('',#744,0.279305310257135);
#210=VECTOR('',#757,0.27930531025714);
#211=VECTOR('',#762,10.);
#212=VECTOR('',#763,10.);
#213=VECTOR('',#766,10.);
#214=VECTOR('',#767,10.);
#215=VECTOR('',#772,10.);
#216=VECTOR('',#775,10.);
#217=VECTOR('',#778,10.);
#218=VECTOR('',#781,10.);
#219=VECTOR('',#784,10.);
#220=VECTOR('',#785,10.);
#221=VECTOR('',#788,10.);
#222=VECTOR('',#789,10.);
#223=VERTEX_POINT('',#798);
#224=VERTEX_POINT('',#799);
#225=VERTEX_POINT('',#801);
#226=VERTEX_POINT('',#812);
#227=VERTEX_POINT('',#819);
#228=VERTEX_POINT('',#820);
#229=VERTEX_POINT('',#895);
#230=VERTEX_POINT('',#896);
#231=VERTEX_POINT('',#973);
#232=VERTEX_POINT('',#974);
#233=VERTEX_POINT('',#1049);
#234=VERTEX_POINT('',#1050);
#235=VERTEX_POINT('',#1125);
#236=VERTEX_POINT('',#1126);
#237=VERTEX_POINT('',#1201);
#238=VERTEX_POINT('',#1202);
#239=VERTEX_POINT('',#1279);
#240=VERTEX_POINT('',#1280);
#241=VERTEX_POINT('',#1355);
#242=VERTEX_POINT('',#1358);
#243=VERTEX_POINT('',#1362);
#244=VERTEX_POINT('',#1364);
#245=VERTEX_POINT('',#1366);
#246=VERTEX_POINT('',#1370);
#247=VERTEX_POINT('',#1371);
#248=VERTEX_POINT('',#1373);
#249=VERTEX_POINT('',#1412);
#250=VERTEX_POINT('',#1445);
#251=VERTEX_POINT('',#1476);
#252=VERTEX_POINT('',#1477);
#253=VERTEX_POINT('',#1530);
#254=VERTEX_POINT('',#1531);
#255=VERTEX_POINT('',#1536);
#256=VERTEX_POINT('',#1547);
#257=VERTEX_POINT('',#1552);
#258=VERTEX_POINT('',#1563);
#259=VERTEX_POINT('',#1568);
#260=VERTEX_POINT('',#1579);
#261=VERTEX_POINT('',#1584);
#262=VERTEX_POINT('',#1595);
#263=VERTEX_POINT('',#1600);
#264=VERTEX_POINT('',#1603);
#265=VERTEX_POINT('',#1607);
#266=VERTEX_POINT('',#1618);
#267=VERTEX_POINT('',#1634);
#268=VERTEX_POINT('',#1641);
#269=VERTEX_POINT('',#2591);
#270=VERTEX_POINT('',#2593);
#271=VERTEX_POINT('',#2595);
#272=VERTEX_POINT('',#2600);
#273=VERTEX_POINT('',#2611);
#274=VERTEX_POINT('',#2616);
#275=VERTEX_POINT('',#2627);
#276=VERTEX_POINT('',#2632);
#277=VERTEX_POINT('',#2643);
#278=VERTEX_POINT('',#2648);
#279=VERTEX_POINT('',#2659);
#280=VERTEX_POINT('',#2664);
#281=VERTEX_POINT('',#2675);
#282=VERTEX_POINT('',#2680);
#283=EDGE_CURVE('',#223,#224,#173,.T.);
#284=EDGE_CURVE('',#223,#225,#138,.T.);
#285=EDGE_CURVE('',#225,#226,#123,.T.);
#286=EDGE_CURVE('',#226,#224,#139,.T.);
#287=EDGE_CURVE('',#227,#228,#174,.T.);
#288=EDGE_CURVE('',#227,#223,#140,.T.);
#289=EDGE_CURVE('',#224,#228,#141,.T.);
#290=EDGE_CURVE('',#229,#230,#175,.T.);
#291=EDGE_CURVE('',#229,#227,#142,.T.);
#292=EDGE_CURVE('',#228,#230,#143,.T.);
#293=EDGE_CURVE('',#231,#232,#176,.T.);
#294=EDGE_CURVE('',#231,#229,#144,.T.);
#295=EDGE_CURVE('',#230,#232,#145,.T.);
#296=EDGE_CURVE('',#233,#234,#177,.T.);
#297=EDGE_CURVE('',#233,#231,#146,.T.);
#298=EDGE_CURVE('',#232,#234,#147,.T.);
#299=EDGE_CURVE('',#235,#236,#178,.T.);
#300=EDGE_CURVE('',#235,#233,#148,.T.);
#301=EDGE_CURVE('',#234,#236,#149,.T.);
#302=EDGE_CURVE('',#237,#238,#179,.T.);
#303=EDGE_CURVE('',#237,#235,#150,.T.);
#304=EDGE_CURVE('',#236,#238,#151,.T.);
#305=EDGE_CURVE('',#239,#240,#180,.T.);
#306=EDGE_CURVE('',#239,#237,#152,.T.);
#307=EDGE_CURVE('',#238,#240,#153,.T.);
#308=EDGE_CURVE('',#241,#241,#124,.T.);
#309=EDGE_CURVE('',#241,#242,#181,.T.);
#310=EDGE_CURVE('',#242,#242,#125,.T.);
#311=EDGE_CURVE('',#243,#243,#126,.T.);
#312=EDGE_CURVE('',#243,#244,#127,.T.);
#313=EDGE_CURVE('',#245,#244,#128,.T.);
#314=EDGE_CURVE('',#244,#245,#129,.T.);
#315=EDGE_CURVE('',#246,#247,#130,.T.);
#316=EDGE_CURVE('',#247,#248,#131,.T.);
#317=EDGE_CURVE('',#248,#245,#182,.T.);
#318=EDGE_CURVE('',#248,#246,#132,.T.);
#319=EDGE_CURVE('',#246,#226,#183,.T.);
#320=EDGE_CURVE('',#225,#247,#154,.T.);
#321=EDGE_CURVE('',#240,#249,#155,.T.);
#322=EDGE_CURVE('',#250,#249,#133,.T.);
#323=EDGE_CURVE('',#250,#239,#156,.T.);
#324=EDGE_CURVE('',#251,#252,#134,.T.);
#325=EDGE_CURVE('',#252,#250,#157,.T.);
#326=EDGE_CURVE('',#249,#251,#158,.T.);
#327=EDGE_CURVE('',#253,#254,#20,.T.);
#328=EDGE_CURVE('',#253,#255,#159,.T.);
#329=EDGE_CURVE('',#256,#255,#21,.T.);
#330=EDGE_CURVE('',#256,#257,#160,.T.);
#331=EDGE_CURVE('',#258,#257,#22,.T.);
#332=EDGE_CURVE('',#258,#259,#161,.T.);
#333=EDGE_CURVE('',#259,#260,#23,.T.);
#334=EDGE_CURVE('',#260,#261,#162,.T.);
#335=EDGE_CURVE('',#261,#262,#24,.T.);
#336=EDGE_CURVE('',#262,#263,#184,.T.);
#337=EDGE_CURVE('',#263,#263,#135,.T.);
#338=EDGE_CURVE('',#262,#264,#25,.T.);
#339=EDGE_CURVE('',#264,#265,#163,.T.);
#340=EDGE_CURVE('',#265,#266,#26,.T.);
#341=EDGE_CURVE('',#266,#254,#164,.T.);
#342=EDGE_CURVE('',#251,#267,#165,.T.);
#343=EDGE_CURVE('',#267,#268,#136,.T.);
#344=EDGE_CURVE('',#268,#252,#166,.T.);
#345=EDGE_CURVE('',#267,#246,#27,.T.);
#346=EDGE_CURVE('',#247,#268,#28,.T.);
#347=EDGE_CURVE('',#269,#269,#137,.T.);
#348=EDGE_CURVE('',#269,#270,#185,.T.);
#349=EDGE_CURVE('',#270,#271,#29,.T.);
#350=EDGE_CURVE('',#271,#272,#167,.T.);
#351=EDGE_CURVE('',#272,#273,#30,.T.);
#352=EDGE_CURVE('',#273,#274,#168,.T.);
#353=EDGE_CURVE('',#275,#274,#31,.F.);
#354=EDGE_CURVE('',#276,#275,#169,.T.);
#355=EDGE_CURVE('',#277,#276,#32,.F.);
#356=EDGE_CURVE('',#278,#277,#170,.T.);
#357=EDGE_CURVE('',#279,#278,#33,.F.);
#358=EDGE_CURVE('',#280,#279,#171,.T.);
#359=EDGE_CURVE('',#281,#280,#34,.F.);
#360=EDGE_CURVE('',#281,#282,#172,.T.);
#361=EDGE_CURVE('',#282,#270,#35,.T.);
#362=EDGE_CURVE('',#278,#256,#186,.T.);
#363=EDGE_CURVE('',#255,#279,#187,.T.);
#364=EDGE_CURVE('',#276,#258,#188,.T.);
#365=EDGE_CURVE('',#257,#277,#189,.T.);
#366=EDGE_CURVE('',#259,#275,#190,.T.);
#367=EDGE_CURVE('',#280,#253,#191,.T.);
#368=EDGE_CURVE('',#274,#260,#192,.T.);
#369=EDGE_CURVE('',#254,#281,#193,.T.);
#370=EDGE_CURVE('',#272,#264,#194,.T.);
#371=EDGE_CURVE('',#261,#273,#195,.T.);
#372=EDGE_CURVE('',#282,#266,#196,.T.);
#373=EDGE_CURVE('',#265,#271,#197,.T.);
#374=ORIENTED_EDGE('',*,*,#283,.F.);
#375=ORIENTED_EDGE('',*,*,#284,.T.);
#376=ORIENTED_EDGE('',*,*,#285,.T.);
#377=ORIENTED_EDGE('',*,*,#286,.T.);
#378=ORIENTED_EDGE('',*,*,#287,.F.);
#379=ORIENTED_EDGE('',*,*,#288,.T.);
#380=ORIENTED_EDGE('',*,*,#283,.T.);
#381=ORIENTED_EDGE('',*,*,#289,.T.);
#382=ORIENTED_EDGE('',*,*,#290,.F.);
#383=ORIENTED_EDGE('',*,*,#291,.T.);
#384=ORIENTED_EDGE('',*,*,#287,.T.);
#385=ORIENTED_EDGE('',*,*,#292,.T.);
#386=ORIENTED_EDGE('',*,*,#293,.F.);
#387=ORIENTED_EDGE('',*,*,#294,.T.);
#388=ORIENTED_EDGE('',*,*,#290,.T.);
#389=ORIENTED_EDGE('',*,*,#295,.T.);
#390=ORIENTED_EDGE('',*,*,#296,.F.);
#391=ORIENTED_EDGE('',*,*,#297,.T.);
#392=ORIENTED_EDGE('',*,*,#293,.T.);
#393=ORIENTED_EDGE('',*,*,#298,.T.);
#394=ORIENTED_EDGE('',*,*,#299,.F.);
#395=ORIENTED_EDGE('',*,*,#300,.T.);
#396=ORIENTED_EDGE('',*,*,#296,.T.);
#397=ORIENTED_EDGE('',*,*,#301,.T.);
#398=ORIENTED_EDGE('',*,*,#302,.F.);
#399=ORIENTED_EDGE('',*,*,#303,.T.);
#400=ORIENTED_EDGE('',*,*,#299,.T.);
#401=ORIENTED_EDGE('',*,*,#304,.T.);
#402=ORIENTED_EDGE('',*,*,#305,.F.);
#403=ORIENTED_EDGE('',*,*,#306,.T.);
#404=ORIENTED_EDGE('',*,*,#302,.T.);
#405=ORIENTED_EDGE('',*,*,#307,.T.);
#406=ORIENTED_EDGE('',*,*,#308,.T.);
#407=ORIENTED_EDGE('',*,*,#308,.F.);
#408=ORIENTED_EDGE('',*,*,#309,.T.);
#409=ORIENTED_EDGE('',*,*,#310,.F.);
#410=ORIENTED_EDGE('',*,*,#309,.F.);
#411=ORIENTED_EDGE('',*,*,#311,.F.);
#412=ORIENTED_EDGE('',*,*,#312,.T.);
#413=ORIENTED_EDGE('',*,*,#313,.F.);
#414=ORIENTED_EDGE('',*,*,#314,.F.);
#415=ORIENTED_EDGE('',*,*,#312,.F.);
#416=ORIENTED_EDGE('',*,*,#315,.T.);
#417=ORIENTED_EDGE('',*,*,#316,.T.);
#418=ORIENTED_EDGE('',*,*,#317,.T.);
#419=ORIENTED_EDGE('',*,*,#313,.T.);
#420=ORIENTED_EDGE('',*,*,#314,.T.);
#421=ORIENTED_EDGE('',*,*,#317,.F.);
#422=ORIENTED_EDGE('',*,*,#318,.T.);
#423=ORIENTED_EDGE('',*,*,#315,.F.);
#424=ORIENTED_EDGE('',*,*,#319,.T.);
#425=ORIENTED_EDGE('',*,*,#285,.F.);
#426=ORIENTED_EDGE('',*,*,#320,.T.);
#427=ORIENTED_EDGE('',*,*,#305,.T.);
#428=ORIENTED_EDGE('',*,*,#321,.T.);
#429=ORIENTED_EDGE('',*,*,#322,.F.);
#430=ORIENTED_EDGE('',*,*,#323,.T.);
#431=ORIENTED_EDGE('',*,*,#324,.T.);
#432=ORIENTED_EDGE('',*,*,#325,.T.);
#433=ORIENTED_EDGE('',*,*,#322,.T.);
#434=ORIENTED_EDGE('',*,*,#326,.T.);
#435=ORIENTED_EDGE('',*,*,#327,.F.);
#436=ORIENTED_EDGE('',*,*,#328,.T.);
#437=ORIENTED_EDGE('',*,*,#329,.F.);
#438=ORIENTED_EDGE('',*,*,#330,.T.);
#439=ORIENTED_EDGE('',*,*,#331,.F.);
#440=ORIENTED_EDGE('',*,*,#332,.T.);
#441=ORIENTED_EDGE('',*,*,#333,.T.);
#442=ORIENTED_EDGE('',*,*,#334,.T.);
#443=ORIENTED_EDGE('',*,*,#335,.T.);
#444=ORIENTED_EDGE('',*,*,#336,.T.);
#445=ORIENTED_EDGE('',*,*,#337,.T.);
#446=ORIENTED_EDGE('',*,*,#336,.F.);
#447=ORIENTED_EDGE('',*,*,#338,.T.);
#448=ORIENTED_EDGE('',*,*,#339,.T.);
#449=ORIENTED_EDGE('',*,*,#340,.T.);
#450=ORIENTED_EDGE('',*,*,#341,.T.);
#451=ORIENTED_EDGE('',*,*,#342,.T.);
#452=ORIENTED_EDGE('',*,*,#343,.T.);
#453=ORIENTED_EDGE('',*,*,#344,.T.);
#454=ORIENTED_EDGE('',*,*,#324,.F.);
#455=ORIENTED_EDGE('',*,*,#337,.F.);
#456=ORIENTED_EDGE('',*,*,#311,.T.);
#457=ORIENTED_EDGE('',*,*,#326,.F.);
#458=ORIENTED_EDGE('',*,*,#321,.F.);
#459=ORIENTED_EDGE('',*,*,#307,.F.);
#460=ORIENTED_EDGE('',*,*,#304,.F.);
#461=ORIENTED_EDGE('',*,*,#301,.F.);
#462=ORIENTED_EDGE('',*,*,#298,.F.);
#463=ORIENTED_EDGE('',*,*,#295,.F.);
#464=ORIENTED_EDGE('',*,*,#292,.F.);
#465=ORIENTED_EDGE('',*,*,#289,.F.);
#466=ORIENTED_EDGE('',*,*,#286,.F.);
#467=ORIENTED_EDGE('',*,*,#319,.F.);
#468=ORIENTED_EDGE('',*,*,#345,.F.);
#469=ORIENTED_EDGE('',*,*,#342,.F.);
#470=ORIENTED_EDGE('',*,*,#346,.F.);
#471=ORIENTED_EDGE('',*,*,#320,.F.);
#472=ORIENTED_EDGE('',*,*,#284,.F.);
#473=ORIENTED_EDGE('',*,*,#288,.F.);
#474=ORIENTED_EDGE('',*,*,#291,.F.);
#475=ORIENTED_EDGE('',*,*,#294,.F.);
#476=ORIENTED_EDGE('',*,*,#297,.F.);
#477=ORIENTED_EDGE('',*,*,#300,.F.);
#478=ORIENTED_EDGE('',*,*,#303,.F.);
#479=ORIENTED_EDGE('',*,*,#306,.F.);
#480=ORIENTED_EDGE('',*,*,#323,.F.);
#481=ORIENTED_EDGE('',*,*,#325,.F.);
#482=ORIENTED_EDGE('',*,*,#344,.F.);
#483=ORIENTED_EDGE('',*,*,#345,.T.);
#484=ORIENTED_EDGE('',*,*,#318,.F.);
#485=ORIENTED_EDGE('',*,*,#316,.F.);
#486=ORIENTED_EDGE('',*,*,#346,.T.);
#487=ORIENTED_EDGE('',*,*,#343,.F.);
#488=ORIENTED_EDGE('',*,*,#347,.T.);
#489=ORIENTED_EDGE('',*,*,#348,.T.);
#490=ORIENTED_EDGE('',*,*,#349,.T.);
#491=ORIENTED_EDGE('',*,*,#350,.T.);
#492=ORIENTED_EDGE('',*,*,#351,.T.);
#493=ORIENTED_EDGE('',*,*,#352,.T.);
#494=ORIENTED_EDGE('',*,*,#353,.F.);
#495=ORIENTED_EDGE('',*,*,#354,.F.);
#496=ORIENTED_EDGE('',*,*,#355,.F.);
#497=ORIENTED_EDGE('',*,*,#356,.F.);
#498=ORIENTED_EDGE('',*,*,#357,.F.);
#499=ORIENTED_EDGE('',*,*,#358,.F.);
#500=ORIENTED_EDGE('',*,*,#359,.F.);
#501=ORIENTED_EDGE('',*,*,#360,.T.);
#502=ORIENTED_EDGE('',*,*,#361,.T.);
#503=ORIENTED_EDGE('',*,*,#348,.F.);
#504=ORIENTED_EDGE('',*,*,#347,.F.);
#505=ORIENTED_EDGE('',*,*,#310,.T.);
#506=ORIENTED_EDGE('',*,*,#357,.T.);
#507=ORIENTED_EDGE('',*,*,#362,.T.);
#508=ORIENTED_EDGE('',*,*,#329,.T.);
#509=ORIENTED_EDGE('',*,*,#363,.T.);
#510=ORIENTED_EDGE('',*,*,#355,.T.);
#511=ORIENTED_EDGE('',*,*,#364,.T.);
#512=ORIENTED_EDGE('',*,*,#331,.T.);
#513=ORIENTED_EDGE('',*,*,#365,.T.);
#514=ORIENTED_EDGE('',*,*,#356,.T.);
#515=ORIENTED_EDGE('',*,*,#365,.F.);
#516=ORIENTED_EDGE('',*,*,#330,.F.);
#517=ORIENTED_EDGE('',*,*,#362,.F.);
#518=ORIENTED_EDGE('',*,*,#354,.T.);
#519=ORIENTED_EDGE('',*,*,#366,.F.);
#520=ORIENTED_EDGE('',*,*,#332,.F.);
#521=ORIENTED_EDGE('',*,*,#364,.F.);
#522=ORIENTED_EDGE('',*,*,#358,.T.);
#523=ORIENTED_EDGE('',*,*,#363,.F.);
#524=ORIENTED_EDGE('',*,*,#328,.F.);
#525=ORIENTED_EDGE('',*,*,#367,.F.);
#526=ORIENTED_EDGE('',*,*,#368,.T.);
#527=ORIENTED_EDGE('',*,*,#333,.F.);
#528=ORIENTED_EDGE('',*,*,#366,.T.);
#529=ORIENTED_EDGE('',*,*,#353,.T.);
#530=ORIENTED_EDGE('',*,*,#359,.T.);
#531=ORIENTED_EDGE('',*,*,#367,.T.);
#532=ORIENTED_EDGE('',*,*,#327,.T.);
#533=ORIENTED_EDGE('',*,*,#369,.T.);
#534=ORIENTED_EDGE('',*,*,#370,.T.);
#535=ORIENTED_EDGE('',*,*,#338,.F.);
#536=ORIENTED_EDGE('',*,*,#335,.F.);
#537=ORIENTED_EDGE('',*,*,#371,.T.);
#538=ORIENTED_EDGE('',*,*,#351,.F.);
#539=ORIENTED_EDGE('',*,*,#372,.T.);
#540=ORIENTED_EDGE('',*,*,#340,.F.);
#541=ORIENTED_EDGE('',*,*,#373,.T.);
#542=ORIENTED_EDGE('',*,*,#349,.F.);
#543=ORIENTED_EDGE('',*,*,#361,.F.);
#544=ORIENTED_EDGE('',*,*,#369,.F.);
#545=ORIENTED_EDGE('',*,*,#341,.F.);
#546=ORIENTED_EDGE('',*,*,#372,.F.);
#547=ORIENTED_EDGE('',*,*,#360,.F.);
#548=ORIENTED_EDGE('',*,*,#373,.F.);
#549=ORIENTED_EDGE('',*,*,#339,.F.);
#550=ORIENTED_EDGE('',*,*,#370,.F.);
#551=ORIENTED_EDGE('',*,*,#350,.F.);
#552=ORIENTED_EDGE('',*,*,#371,.F.);
#553=ORIENTED_EDGE('',*,*,#334,.F.);
#554=ORIENTED_EDGE('',*,*,#368,.F.);
#555=ORIENTED_EDGE('',*,*,#352,.F.);
#556=CYLINDRICAL_SURFACE('',#628,1.5);
#557=CYLINDRICAL_SURFACE('',#630,1.5);
#558=CYLINDRICAL_SURFACE('',#631,1.5);
#559=CYLINDRICAL_SURFACE('',#632,1.5);
#560=CYLINDRICAL_SURFACE('',#633,1.5);
#561=CYLINDRICAL_SURFACE('',#634,1.5);
#562=CYLINDRICAL_SURFACE('',#635,1.5);
#563=CYLINDRICAL_SURFACE('',#636,1.5);
#564=CYLINDRICAL_SURFACE('',#639,1.17524047358084);
#565=CYLINDRICAL_SURFACE('',#646,1.17524047358084);
#566=CYLINDRICAL_SURFACE('',#651,1.5);
#567=CYLINDRICAL_SURFACE('',#665,0.3825);
#568=CYLINDRICAL_SURFACE('',#666,0.3825);
#569=CYLINDRICAL_SURFACE('',#667,0.3825);
#570=CYLINDRICAL_SURFACE('',#672,0.3825);
#571=CYLINDRICAL_SURFACE('',#673,0.3825);
#572=CYLINDRICAL_SURFACE('',#674,0.3825);
#573=ADVANCED_FACE('',(#51),#556,.T.);
#574=ADVANCED_FACE('',(#52),#557,.T.);
#575=ADVANCED_FACE('',(#53),#558,.T.);
#576=ADVANCED_FACE('',(#54),#559,.T.);
#577=ADVANCED_FACE('',(#55),#560,.T.);
#578=ADVANCED_FACE('',(#56),#561,.T.);
#579=ADVANCED_FACE('',(#57),#562,.T.);
#580=ADVANCED_FACE('',(#58),#563,.T.);
#581=ADVANCED_FACE('',(#59),#41,.T.);
#582=ADVANCED_FACE('',(#60),#564,.F.);
#583=ADVANCED_FACE('',(#61),#40,.F.);
#584=ADVANCED_FACE('',(#62),#565,.T.);
#585=ADVANCED_FACE('',(#63),#36,.T.);
#586=ADVANCED_FACE('',(#64),#566,.T.);
#587=ADVANCED_FACE('',(#65),#37,.T.);
#588=ADVANCED_FACE('',(#66),#38,.T.);
#589=ADVANCED_FACE('',(#67),#42,.T.);
#590=ADVANCED_FACE('',(#68,#18),#43,.T.);
#591=ADVANCED_FACE('',(#69),#15,.T.);
#592=ADVANCED_FACE('',(#70),#16,.T.);
#593=ADVANCED_FACE('',(#71),#17,.T.);
#594=ADVANCED_FACE('',(#72),#39,.T.);
#595=ADVANCED_FACE('',(#73,#19),#44,.T.);
#596=ADVANCED_FACE('',(#74),#45,.T.);
#597=ADVANCED_FACE('',(#75),#46,.T.);
#598=ADVANCED_FACE('',(#76),#567,.T.);
#599=ADVANCED_FACE('',(#77),#568,.T.);
#600=ADVANCED_FACE('',(#78),#569,.T.);
#601=ADVANCED_FACE('',(#79),#47,.T.);
#602=ADVANCED_FACE('',(#80),#48,.T.);
#603=ADVANCED_FACE('',(#81),#49,.T.);
#604=ADVANCED_FACE('',(#82),#50,.T.);
#605=ADVANCED_FACE('',(#83),#570,.T.);
#606=ADVANCED_FACE('',(#84),#571,.T.);
#607=ADVANCED_FACE('',(#85),#572,.T.);
#608=CLOSED_SHELL('',(#573,#574,#575,#576,#577,#578,#579,#580,#581,#582,
#583,#584,#585,#586,#587,#588,#589,#590,#591,#592,#593,#594,#595,#596,#597,
#598,#599,#600,#601,#602,#603,#604,#605,#606,#607));
#609=DERIVED_UNIT_ELEMENT(#611,1.);
#610=DERIVED_UNIT_ELEMENT(#2724,3.);
#611=(
MASS_UNIT()
NAMED_UNIT(*)
SI_UNIT($,.GRAM.)
);
#612=DERIVED_UNIT((#609,#610));
#613=MEASURE_REPRESENTATION_ITEM('density measure',
POSITIVE_RATIO_MEASURE(0.357272727273),#612);
#614=PROPERTY_DEFINITION_REPRESENTATION(#619,#616);
#615=PROPERTY_DEFINITION_REPRESENTATION(#620,#617);
#616=REPRESENTATION('material name',(#618),#2721);
#617=REPRESENTATION('density',(#613),#2721);
#618=DESCRIPTIVE_REPRESENTATION_ITEM('PC/ABS Plastic','PC/ABS Plastic');
#619=PROPERTY_DEFINITION('material property','material name',#2731);
#620=PROPERTY_DEFINITION('material property','density of part',#2731);
#621=DATE_TIME_ROLE('creation_date');
#622=APPLIED_DATE_AND_TIME_ASSIGNMENT(#623,#621,(#2731));
#623=DATE_AND_TIME(#624,#625);
#624=CALENDAR_DATE(2023,23,7);
#625=LOCAL_TIME(11,5,38.,#626);
#626=COORDINATED_UNIVERSAL_TIME_OFFSET(0,0,.BEHIND.);
#627=AXIS2_PLACEMENT_3D('placement',#796,#675,#676);
#628=AXIS2_PLACEMENT_3D('',#797,#677,#678);
#629=AXIS2_PLACEMENT_3D('',#813,#680,#681);
#630=AXIS2_PLACEMENT_3D('',#818,#682,#683);
#631=AXIS2_PLACEMENT_3D('',#894,#685,#686);
#632=AXIS2_PLACEMENT_3D('',#972,#688,#689);
#633=AXIS2_PLACEMENT_3D('',#1048,#691,#692);
#634=AXIS2_PLACEMENT_3D('',#1124,#694,#695);
#635=AXIS2_PLACEMENT_3D('',#1200,#697,#698);
#636=AXIS2_PLACEMENT_3D('',#1278,#700,#701);
#637=AXIS2_PLACEMENT_3D('',#1354,#703,#704);
#638=AXIS2_PLACEMENT_3D('',#1356,#705,#706);
#639=AXIS2_PLACEMENT_3D('',#1357,#707,#708);
#640=AXIS2_PLACEMENT_3D('',#1360,#710,#711);
#641=AXIS2_PLACEMENT_3D('',#1361,#712,#713);
#642=AXIS2_PLACEMENT_3D('',#1363,#714,#715);
#643=AXIS2_PLACEMENT_3D('',#1365,#716,#717);
#644=AXIS2_PLACEMENT_3D('',#1367,#718,#719);
#645=AXIS2_PLACEMENT_3D('',#1368,#720,#721);
#646=AXIS2_PLACEMENT_3D('',#1369,#722,#723);
#647=AXIS2_PLACEMENT_3D('',#1372,#724,#725);
#648=AXIS2_PLACEMENT_3D('',#1374,#726,#727);
#649=AXIS2_PLACEMENT_3D('',#1376,#729,#730);
#650=AXIS2_PLACEMENT_3D('',#1377,#731,#732);
#651=AXIS2_PLACEMENT_3D('',#1411,#734,#735);
#652=AXIS2_PLACEMENT_3D('',#1446,#736,#737);
#653=AXIS2_PLACEMENT_3D('',#1475,#738,#739);
#654=AXIS2_PLACEMENT_3D('',#1478,#740,#741);
#655=AXIS2_PLACEMENT_3D('',#1529,#742,#743);
#656=AXIS2_PLACEMENT_3D('',#1602,#745,#746);
#657=AXIS2_PLACEMENT_3D('',#1633,#747,#748);
#658=AXIS2_PLACEMENT_3D('',#1642,#749,#750);
#659=AXIS2_PLACEMENT_3D('',#1651,#751,#752);
#660=AXIS2_PLACEMENT_3D('',#2590,#753,#754);
#661=AXIS2_PLACEMENT_3D('',#2592,#755,#756);
#662=AXIS2_PLACEMENT_3D('',#2694,#758,#759);
#663=AXIS2_PLACEMENT_3D('',#2695,#760,#761);
#664=AXIS2_PLACEMENT_3D('',#2698,#764,#765);
#665=AXIS2_PLACEMENT_3D('',#2701,#768,#769);
#666=AXIS2_PLACEMENT_3D('',#2702,#770,#771);
#667=AXIS2_PLACEMENT_3D('',#2704,#773,#774);
#668=AXIS2_PLACEMENT_3D('',#2706,#776,#777);
#669=AXIS2_PLACEMENT_3D('',#2708,#779,#780);
#670=AXIS2_PLACEMENT_3D('',#2710,#782,#783);
#671=AXIS2_PLACEMENT_3D('',#2713,#786,#787);
#672=AXIS2_PLACEMENT_3D('',#2716,#790,#791);
#673=AXIS2_PLACEMENT_3D('',#2717,#792,#793);
#674=AXIS2_PLACEMENT_3D('',#2718,#794,#795);
#675=DIRECTION('axis',(0.,0.,1.));
#676=DIRECTION('refdir',(1.,0.,0.));
#677=DIRECTION('center_axis',(0.,0.,-1.));
#678=DIRECTION('ref_axis',(1.,0.,0.));
#679=DIRECTION('',(0.,0.,1.));
#680=DIRECTION('center_axis',(9.1244042200901E-16,7.7002957585044E-16,-1.));
#681=DIRECTION('ref_axis',(-0.953939201416954,-0.299999999999975,-1.11022302462514E-15));
#682=DIRECTION('center_axis',(0.,0.,-1.));
#683=DIRECTION('ref_axis',(1.,0.,0.));
#684=DIRECTION('',(0.,0.,1.));
#685=DIRECTION('center_axis',(0.,0.,-1.));
#686=DIRECTION('ref_axis',(1.,0.,0.));
#687=DIRECTION('',(0.,0.,1.));
#688=DIRECTION('center_axis',(0.,0.,-1.));
#689=DIRECTION('ref_axis',(1.,0.,0.));
#690=DIRECTION('',(0.,0.,1.));
#691=DIRECTION('center_axis',(0.,0.,-1.));
#692=DIRECTION('ref_axis',(1.,0.,0.));
#693=DIRECTION('',(0.,0.,1.));
#694=DIRECTION('center_axis',(0.,0.,-1.));
#695=DIRECTION('ref_axis',(1.,0.,0.));
#696=DIRECTION('',(0.,0.,1.));
#697=DIRECTION('center_axis',(0.,0.,-1.));
#698=DIRECTION('ref_axis',(1.,0.,0.));
#699=DIRECTION('',(0.,0.,1.));
#700=DIRECTION('center_axis',(0.,0.,-1.));
#701=DIRECTION('ref_axis',(1.,0.,0.));
#702=DIRECTION('',(0.,0.,1.));
#703=DIRECTION('center_axis',(0.,0.,1.));
#704=DIRECTION('ref_axis',(-1.,0.,0.));
#705=DIRECTION('center_axis',(0.,0.,1.));
#706=DIRECTION('ref_axis',(-1.,0.,0.));
#707=DIRECTION('center_axis',(0.,0.,1.));
#708=DIRECTION('ref_axis',(-1.,0.,0.));
#709=DIRECTION('',(0.,0.,1.));
#710=DIRECTION('center_axis',(0.,0.,-1.));
#711=DIRECTION('ref_axis',(-1.,0.,0.));
#712=DIRECTION('center_axis',(-2.79269774793784E-16,1.1562880873618E-15,
-1.));
#713=DIRECTION('ref_axis',(-1.,0.,2.65089828507322E-16));
#714=DIRECTION('center_axis',(0.,0.,1.));
#715=DIRECTION('ref_axis',(0.,-1.,0.));
#716=DIRECTION('center_axis',(-1.22464679914736E-16,-1.,-1.1562880873618E-15));
#717=DIRECTION('ref_axis',(1.,-1.22464679914735E-16,-2.69231857077749E-16));
#718=DIRECTION('center_axis',(0.,0.,-1.));
#719=DIRECTION('ref_axis',(3.49530609560863E-14,-1.,0.));
#720=DIRECTION('center_axis',(0.,0.,-1.));
#721=DIRECTION('ref_axis',(3.49530609560863E-14,-1.,0.));
#722=DIRECTION('center_axis',(0.,0.,-1.));
#723=DIRECTION('ref_axis',(1.,0.,0.));
#724=DIRECTION('center_axis',(0.,0.,1.));
#725=DIRECTION('ref_axis',(3.49530609560863E-14,1.,0.));
#726=DIRECTION('center_axis',(-2.4917021139629E-15,-8.9976196165616E-16,
1.));
#727=DIRECTION('ref_axis',(-0.95393920141721,-0.299999999999159,-2.65690497132408E-15));
#728=DIRECTION('',(0.,0.,1.));
#729=DIRECTION('center_axis',(-2.4917021139629E-15,-8.9976196165616E-16,
1.));
#730=DIRECTION('ref_axis',(-0.95393920141721,-0.299999999999159,-2.65690497132408E-15));
#731=DIRECTION('center_axis',(-2.73981056356313E-15,4.394300801545E-15,
-1.));
#732=DIRECTION('ref_axis',(0.996718352037035,-0.0809476788584939,-3.0865279198994E-15));
#733=DIRECTION('',(-0.826135582092124,-0.259807621137843,-0.500000000000003));
#734=DIRECTION('center_axis',(0.,0.,-1.));
#735=DIRECTION('ref_axis',(1.,0.,0.));
#736=DIRECTION('center_axis',(5.99175666841773E-15,5.61124867243824E-15,
-1.));
#737=DIRECTION('ref_axis',(-0.700629269222086,-0.713525491562373,-8.1416355139177E-15));
#738=DIRECTION('center_axis',(-3.25519690321071E-15,-6.73428345223921E-16,
1.));
#739=DIRECTION('ref_axis',(-0.267477764393608,0.963564032929311,-2.21801458118923E-16));
#740=DIRECTION('center_axis',(1.20634809152893E-14,9.80590605206549E-15,
1.));
#741=DIRECTION('ref_axis',(1.77635683940023E-14,1.,-9.76996261670125E-15));
#742=DIRECTION('center_axis',(-1.07498113118128E-15,-7.92959581155892E-17,
1.));
#743=DIRECTION('ref_axis',(-0.581108581114925,0.813826036051071,-5.60147644597986E-16));
#744=DIRECTION('',(-0.503254793602655,0.704794021481418,-0.499999999999999));
#745=DIRECTION('center_axis',(0.,0.,1.));
#746=DIRECTION('ref_axis',(1.,-1.98715054693109E-15,0.));
#747=DIRECTION('center_axis',(0.,0.,-1.));
#748=DIRECTION('ref_axis',(1.,0.,0.));
#749=DIRECTION('center_axis',(-3.65054222584537E-15,-1.22257092758348E-14,
-1.));
#750=DIRECTION('ref_axis',(-0.700629269222048,-0.713525491562411,1.13361278776495E-14));
#751=DIRECTION('center_axis',(0.,0.,-1.));
#752=DIRECTION('ref_axis',(1.,0.,0.));
#753=DIRECTION('center_axis',(9.60508257824134E-15,5.17063731181439E-16,
-1.));
#754=DIRECTION('ref_axis',(0.581108581114919,0.813826036051075,6.00239583526662E-15));
#755=DIRECTION('center_axis',(0.,0.,-1.));
#756=DIRECTION('ref_axis',(-1.,-2.12986667660766E-15,0.));
#757=DIRECTION('',(-0.503254793602643,-0.704794021481419,-0.50000000000001));
#758=DIRECTION('center_axis',(0.,0.,1.));
#759=DIRECTION('ref_axis',(-1.,0.,0.));
#760=DIRECTION('center_axis',(-0.5,0.866025403784439,0.));
#761=DIRECTION('ref_axis',(0.,0.,-1.));
#762=DIRECTION('',(-1.73275288086824E-13,-1.00085059171079E-13,-1.));
#763=DIRECTION('',(1.73300144676708E-13,1.00078845023608E-13,1.));
#764=DIRECTION('center_axis',(0.5,0.866025403784439,0.));
#765=DIRECTION('ref_axis',(0.,0.,-1.));
#766=DIRECTION('',(-1.74642400530487E-13,1.00078845023608E-13,-1.));
#767=DIRECTION('',(1.74642400530487E-13,-1.0008505917108E-13,1.));
#768=DIRECTION('center_axis',(0.,0.,1.));
#769=DIRECTION('ref_axis',(-1.,0.,0.));
#770=DIRECTION('center_axis',(0.,0.,1.));
#771=DIRECTION('ref_axis',(-1.,0.,0.));
#772=DIRECTION('',(0.,0.,1.));
#773=DIRECTION('center_axis',(0.,0.,1.));
#774=DIRECTION('ref_axis',(-1.,0.,0.));
#775=DIRECTION('',(0.,0.,-1.));
#776=DIRECTION('center_axis',(1.,0.,0.));
#777=DIRECTION('ref_axis',(0.,-1.,0.));
#778=DIRECTION('',(0.,0.,-1.));
#779=DIRECTION('center_axis',(-1.,0.,0.));
#780=DIRECTION('ref_axis',(0.,1.,0.));
#781=DIRECTION('',(0.,0.,1.));
#782=DIRECTION('center_axis',(0.5,-0.866025403784439,0.));
#783=DIRECTION('ref_axis',(0.,0.,1.));
#784=DIRECTION('',(1.72405307440856E-13,1.00072630876137E-13,-1.));
#785=DIRECTION('',(-1.74642400530487E-13,-1.0008505917108E-13,1.));
#786=DIRECTION('center_axis',(-0.5,-0.866025403784438,0.));
#787=DIRECTION('ref_axis',(0.,0.,1.));
#788=DIRECTION('',(1.73300144676708E-13,-1.00085059171079E-13,-1.));
#789=DIRECTION('',(-1.73275288086824E-13,1.00072630876137E-13,1.));
#790=DIRECTION('center_axis',(0.,0.,1.));
#791=DIRECTION('ref_axis',(-1.,0.,0.));
#792=DIRECTION('center_axis',(0.,0.,1.));
#793=DIRECTION('ref_axis',(-1.,0.,0.));
#794=DIRECTION('center_axis',(0.,0.,1.));
#795=DIRECTION('ref_axis',(-1.,0.,0.));
#796=CARTESIAN_POINT('',(0.,0.,0.));
#797=CARTESIAN_POINT('Origin',(10.,0.,-4.09375000000066));
#798=CARTESIAN_POINT('',(8.5,4.55008784319645E-15,-0.875000000000001));
#799=CARTESIAN_POINT('',(8.5,-4.41843252760365E-15,-0.812499999999997));
#800=CARTESIAN_POINT('',(8.5,1.83697019872103E-16,-4.09375000000066));
#801=CARTESIAN_POINT('',(9.31588999195506,-1.33491329190054,-0.787499999999997));
#802=CARTESIAN_POINT('Ctrl Pts',(8.5,7.43708407166873E-15,-0.875000000000002));
#803=CARTESIAN_POINT('Ctrl Pts',(8.5,-0.0329710230543337,-0.873168276496983));
#804=CARTESIAN_POINT('Ctrl Pts',(8.50108706924224,-0.0659773977554579,-0.871334589013635));
#805=CARTESIAN_POINT('Ctrl Pts',(8.51593222949573,-0.290491592074199,-0.858861578218149));
#806=CARTESIAN_POINT('Ctrl Pts',(8.5652432095935,-0.477844620164084,-0.8484530766576));
#807=CARTESIAN_POINT('Ctrl Pts',(8.71759318197796,-0.794201705335182,-0.830877683036983));
#808=CARTESIAN_POINT('Ctrl Pts',(8.80900717215923,-0.925674048586311,-0.823255167796832));
#809=CARTESIAN_POINT('Ctrl Pts',(9.03438785365357,-1.15977523649238,-0.805908723927422));
#810=CARTESIAN_POINT('Ctrl Pts',(9.16836526308529,-1.25931052124399,-0.796697863789766));
#811=CARTESIAN_POINT('Ctrl Pts',(9.31588999195498,-1.33491329190051,-0.787499999999999));
#812=CARTESIAN_POINT('',(8.56909119787457,-0.449999999999945,-0.787499999999997));
#813=CARTESIAN_POINT('Origin',(10.,2.22044604925031E-14,-0.787499999999995));
#814=CARTESIAN_POINT('Ctrl Pts',(8.56909119787456,-0.449999999999945,-0.7875));
#815=CARTESIAN_POINT('Ctrl Pts',(8.52322471101458,-0.304153867176552,-0.795602562934633));
#816=CARTESIAN_POINT('Ctrl Pts',(8.5,-0.152397304329355,-0.804033483092812));
#817=CARTESIAN_POINT('Ctrl Pts',(8.5,-1.15532583500055E-14,-0.812499999999997));
#818=CARTESIAN_POINT('Origin',(10.,0.,-4.09375000000066));
#819=CARTESIAN_POINT('',(8.5,1.80922475115309E-15,-1.375));
#820=CARTESIAN_POINT('',(8.5,-1.05306898420864E-15,-1.3125));
#821=CARTESIAN_POINT('',(8.5,1.83697019872103E-16,-4.09375000000066));
#822=CARTESIAN_POINT('Ctrl Pts',(8.5,7.28834239023535E-15,-1.375));
#823=CARTESIAN_POINT('Ctrl Pts',(8.5,-0.0626783724850988,-1.37151786819527));
#824=CARTESIAN_POINT('Ctrl Pts',(8.50392846784498,-0.125425451937675,-1.3680319193368));
#825=CARTESIAN_POINT('Ctrl Pts',(8.53571497536376,-0.377217084984645,-1.35404349527864));
#826=CARTESIAN_POINT('Ctrl Pts',(8.59554057722133,-0.560304126211655,-1.34387199298825));
#827=CARTESIAN_POINT('Ctrl Pts',(8.78446478867257,-0.901095709606294,-1.3249391272441));
#828=CARTESIAN_POINT('Ctrl Pts',(8.91444875718549,-1.05410050345286,-1.31461470564782));
#829=CARTESIAN_POINT('Ctrl Pts',(9.22428611069928,-1.2987065482673,-1.29291303667052));
#830=CARTESIAN_POINT('Ctrl Pts',(9.4003350970431,-1.38880419429012,-1.28194016347632));
#831=CARTESIAN_POINT('Ctrl Pts',(9.77150165277364,-1.49462773007894,-1.26114286157675));
#832=CARTESIAN_POINT('Ctrl Pts',(9.96248116468959,-1.51152392524393,-1.25212523484007));
#833=CARTESIAN_POINT('Ctrl Pts',(10.3494256948179,-1.47223088852206,-1.23241688421188));
#834=CARTESIAN_POINT('Ctrl Pts',(10.5413248601031,-1.41297912494295,-1.22153824899568));
#835=CARTESIAN_POINT('Ctrl Pts',(10.8862168008694,-1.22560987196172,-1.19973992628708));
#836=CARTESIAN_POINT('Ctrl Pts',(11.036891368592,-1.10107662824773,-1.18903133599769));
#837=CARTESIAN_POINT('Ctrl Pts',(11.282029417367,-0.802238140393253,-1.1689360570199));
#838=CARTESIAN_POINT('Ctrl Pts',(11.3744245527015,-0.63098725949185,-1.1600548477496));
#839=CARTESIAN_POINT('Ctrl Pts',(11.4911520460016,-0.256992484473994,-1.1392773602486));
#840=CARTESIAN_POINT('Ctrl Pts',(11.5120516180398,-0.0571852351548774,-1.12817695750864));
#841=CARTESIAN_POINT('Ctrl Pts',(11.4753954711639,0.331440696217275,-1.10658662798797));
#842=CARTESIAN_POINT('Ctrl Pts',(11.421098867817,0.516860236656452,-1.09628554240801));
#843=CARTESIAN_POINT('Ctrl Pts',(11.2420207221332,0.864392036347756,-1.07697822020294));
#844=CARTESIAN_POINT('Ctrl Pts',(11.1161837009562,1.02174127394205,-1.06698737796378));
#845=CARTESIAN_POINT('Ctrl Pts',(10.8126217919237,1.27602265440888,-1.04531887712617));
#846=CARTESIAN_POINT('Ctrl Pts',(10.6387100722759,1.37136404924125,-1.03430317353467));
#847=CARTESIAN_POINT('Ctrl Pts',(10.2702382698428,1.48763144605652,-1.01334541576284));
#848=CARTESIAN_POINT('Ctrl Pts',(10.0799366156887,1.5098566129473,-1.00411974701964));
#849=CARTESIAN_POINT('Ctrl Pts',(9.69220669485982,1.48149127850743,-0.984677156549355));
#850=CARTESIAN_POINT('Ctrl Pts',(9.49873887317666,1.4276794702814,-0.97387415918794));
#851=CARTESIAN_POINT('Ctrl Pts',(9.14825171561048,1.24989165800899,-0.952072787616344));
#852=CARTESIAN_POINT('Ctrl Pts',(8.9937609207142,1.12924699443253,-0.941288605126385));
#853=CARTESIAN_POINT('Ctrl Pts',(8.74090204305734,0.837540669663177,-0.921019973237055));
#854=CARTESIAN_POINT('Ctrl Pts',(8.64423137979241,0.669845905627004,-0.912213661423773));
#855=CARTESIAN_POINT('Ctrl Pts',(8.52755377963595,0.331076092136553,-0.893393116229858));
#856=CARTESIAN_POINT('Ctrl Pts',(8.5,0.165986025277023,-0.884221445848724));
#857=CARTESIAN_POINT('Ctrl Pts',(8.5,7.91033905045424E-15,-0.875000000000001));
#858=CARTESIAN_POINT('Ctrl Pts',(8.5,-1.20480761961033E-14,-0.812499999999997));
#859=CARTESIAN_POINT('Ctrl Pts',(8.5,0.0410336419286568,-0.814779646773812));
#860=CARTESIAN_POINT('Ctrl Pts',(8.50168372442256,0.0821130235917834,-0.81706183464385));
#861=CARTESIAN_POINT('Ctrl Pts',(8.52074141454808,0.313485738352637,-0.829915874352788));
#862=CARTESIAN_POINT('Ctrl Pts',(8.57263529781389,0.499129307090537,-0.84022940594934));
#863=CARTESIAN_POINT('Ctrl Pts',(8.74280184496001,0.839946350926778,-0.859163686162467));
#864=CARTESIAN_POINT('Ctrl Pts',(8.85911993195916,0.992206389839077,-0.86850400407346));
#865=CARTESIAN_POINT('Ctrl Pts',(9.14748593829368,1.24976267255895,-0.889532361208657));
#866=CARTESIAN_POINT('Ctrl Pts',(9.3185303675439,1.3506610557965,-0.900564473015618));
#867=CARTESIAN_POINT('Ctrl Pts',(9.69170274468184,1.48136394469214,-0.922149373184504));
#868=CARTESIAN_POINT('Ctrl Pts',(9.89038891416951,1.50912064552892,-0.93197298290929));
#869=CARTESIAN_POINT('Ctrl Pts',(10.2800506718664,1.48604188384073,-0.951361669681122));
#870=CARTESIAN_POINT('Ctrl Pts',(10.467450664852,1.43812992982228,-0.961708843659114));
#871=CARTESIAN_POINT('Ctrl Pts',(10.8208113317647,1.27119425801565,-0.983347018667334));
#872=CARTESIAN_POINT('Ctrl Pts',(10.9821687732841,1.15109556159651,-0.994446407092616));
#873=CARTESIAN_POINT('Ctrl Pts',(11.2440044206467,0.859923849137436,-1.01513208367382));
#874=CARTESIAN_POINT('Ctrl Pts',(11.3439140118652,0.693476633151519,-1.02397352038032));
#875=CARTESIAN_POINT('Ctrl Pts',(11.4759417947899,0.330444999720592,-1.04414194445982));
#876=CARTESIAN_POINT('Ctrl Pts',(11.5062496511446,0.137103132913933,-1.05488315928241));
#877=CARTESIAN_POINT('Ctrl Pts',(11.4914240448095,-0.255328089269698,-1.07668489384817));
#878=CARTESIAN_POINT('Ctrl Pts',(11.4444808566516,-0.450592512497882,-1.08753291736085));
#879=CARTESIAN_POINT('Ctrl Pts',(11.2809011792238,-0.803350390490031,-1.1071305772493));
#880=CARTESIAN_POINT('Ctrl Pts',(11.168994913253,-0.958928988554895,-1.11622695569461));
#881=CARTESIAN_POINT('Ctrl Pts',(10.888549139885,-1.22431404975697,-1.13709171651249));
#882=CARTESIAN_POINT('Ctrl Pts',(10.7210351515919,-1.32987572139434,-1.14808350568859));
#883=CARTESIAN_POINT('Ctrl Pts',(10.3523060704477,-1.47154290731929,-1.16975919148567));
#884=CARTESIAN_POINT('Ctrl Pts',(10.1543579532211,-1.50522077465296,-1.17992842799475));
#885=CARTESIAN_POINT('Ctrl Pts',(9.76460171425007,-1.4936941828694,-1.19900076689054));
#886=CARTESIAN_POINT('Ctrl Pts',(9.57640628905445,-1.45157849930278,-1.20922520360603));
#887=CARTESIAN_POINT('Ctrl Pts',(9.21917762644799,-1.29604547672435,-1.23073273738749));
#888=CARTESIAN_POINT('Ctrl Pts',(9.0546690541702,-1.18142897626541,-1.24183145144096));
#889=CARTESIAN_POINT('Ctrl Pts',(8.7832490929473,-0.898336960873688,-1.26275381750813));
#890=CARTESIAN_POINT('Ctrl Pts',(8.67759031531326,-0.733975791234509,-1.27172356715351));
#891=CARTESIAN_POINT('Ctrl Pts',(8.53597722031814,-0.37769361816257,-1.29151702121307));
#892=CARTESIAN_POINT('Ctrl Pts',(8.5,-0.189675001149214,-1.30196249993615));
#893=CARTESIAN_POINT('Ctrl Pts',(8.5,-5.48172618408671E-15,-1.3125));
#894=CARTESIAN_POINT('Origin',(10.,0.,-4.09375000000066));
#895=CARTESIAN_POINT('',(8.5,1.39505952126363E-15,-1.875));
#896=CARTESIAN_POINT('',(8.5,3.00015327053268E-16,-1.8125));
#897=CARTESIAN_POINT('',(8.5,1.83697019872103E-16,-4.09375000000066));
#898=CARTESIAN_POINT('Ctrl Pts',(8.5,7.43708407166873E-16,-1.875));
#899=CARTESIAN_POINT('Ctrl Pts',(8.5,-0.0881832609161035,-1.87010092994911));
#900=CARTESIAN_POINT('Ctrl Pts',(8.50777619724673,-0.176402647063539,-1.86519985294097));
#901=CARTESIAN_POINT('Ctrl Pts',(8.5583840001588,-0.459876681045718,-1.84945129549751));
#902=CARTESIAN_POINT('Ctrl Pts',(8.63218233850194,-0.647137720276237,-1.83949977680362));
#903=CARTESIAN_POINT('Ctrl Pts',(8.84438922850585,-0.97531996430683,-1.82017379460269));
#904=CARTESIAN_POINT('Ctrl Pts',(8.97822281175492,-1.11473542361977,-1.80986207167882));
#905=CARTESIAN_POINT('Ctrl Pts',(9.29714729096021,-1.3399963268615,-1.78826056320652));
#906=CARTESIAN_POINT('Ctrl Pts',(9.48091111837193,-1.42131924052958,-1.77716025211379));
#907=CARTESIAN_POINT('Ctrl Pts',(9.86335481554644,-1.50614588938664,-1.75640362535274));
#908=CARTESIAN_POINT('Ctrl Pts',(10.0577671968347,-1.51122738982719,-1.74753254638614));
#909=CARTESIAN_POINT('Ctrl Pts',(10.4389197748803,-1.44737076760392,-1.72742053936296));
#910=CARTESIAN_POINT('Ctrl Pts',(10.6219731542625,-1.37864739016372,-1.71670439683442));
#911=CARTESIAN_POINT('Ctrl Pts',(10.9561729776043,-1.17272113059321,-1.69490502646));
#912=CARTESIAN_POINT('Ctrl Pts',(11.1030664620764,-1.0357633438037,-1.68403322742678));
#913=CARTESIAN_POINT('Ctrl Pts',(11.3297041872239,-0.71971551178913,-1.66435000834675));
#914=CARTESIAN_POINT('Ctrl Pts',(11.4100886275122,-0.545679058726096,-1.65531550326263));
#915=CARTESIAN_POINT('Ctrl Pts',(11.5030426119554,-0.171050504657108,-1.63450280581435));
#916=CARTESIAN_POINT('Ctrl Pts',(11.5125101073708,0.0265409556234431,-1.62352550246542));
#917=CARTESIAN_POINT('Ctrl Pts',(11.4545116886282,0.417069566077951,-1.60182946855128));
#918=CARTESIAN_POINT('Ctrl Pts',(11.3864755715741,0.605960892267543,-1.59154125669869));
#919=CARTESIAN_POINT('Ctrl Pts',(11.1848496545973,0.939466970297042,-1.57257646752212));
#920=CARTESIAN_POINT('Ctrl Pts',(11.0557654972269,1.08249833690031,-1.56239280958819));
#921=CARTESIAN_POINT('Ctrl Pts',(10.7450284037073,1.31691756538764,-1.54093081896987));
#922=CARTESIAN_POINT('Ctrl Pts',(10.5645528666398,1.40378984383243,-1.52983456679851));
#923=CARTESIAN_POINT('Ctrl Pts',(10.1879823881501,1.50030283337245,-1.50903589482866));
#924=CARTESIAN_POINT('Ctrl Pts',(9.99628326070985,1.51202709756815,-1.50015526434109));
#925=CARTESIAN_POINT('Ctrl Pts',(9.60834780241018,1.46182432829762,-1.48009618953267));
#926=CARTESIAN_POINT('Ctrl Pts',(9.41641650851093,1.39632896175812,-1.46904257511224));
#927=CARTESIAN_POINT('Ctrl Pts',(9.07640681778859,1.19760196365996,-1.44716365684849));
#928=CARTESIAN_POINT('Ctrl Pts',(8.93007067614909,1.06889756289388,-1.43654793370768));
#929=CARTESIAN_POINT('Ctrl Pts',(8.69356862902304,0.762198014300482,-1.41664979175463));
#930=CARTESIAN_POINT('Ctrl Pts',(8.60598090182365,0.586877602979611,-1.40760431127665));
#931=CARTESIAN_POINT('Ctrl Pts',(8.51816604948839,0.269237146932176,-1.38995761927402));
#932=CARTESIAN_POINT('Ctrl Pts',(8.5,0.134777417029306,-1.38248763427941));
#933=CARTESIAN_POINT('Ctrl Pts',(8.5,8.01442245901285E-15,-1.375));
#934=CARTESIAN_POINT('Ctrl Pts',(8.5,-5.50344221303486E-15,-1.3125));
#935=CARTESIAN_POINT('Ctrl Pts',(8.5,0.00355852276898617,-1.31269769570938));
#936=CARTESIAN_POINT('Ctrl Pts',(8.5000126630804,0.00711762855384778,-1.31289542380843));
#937=CARTESIAN_POINT('Ctrl Pts',(8.50145358967672,0.209541930477654,-1.32414121835975));
#938=CARTESIAN_POINT('Ctrl Pts',(8.5424034706066,0.406176662732448,-1.33506537015168));
#939=CARTESIAN_POINT('Ctrl Pts',(8.69524018543199,0.764063768099909,-1.35494798711654));
#940=CARTESIAN_POINT('Ctrl Pts',(8.80254226645111,0.923197805732309,-1.36386500475847));
#941=CARTESIAN_POINT('Ctrl Pts',(9.07467394487084,1.19666464738621,-1.38455424739808));
#942=CARTESIAN_POINT('Ctrl Pts',(9.23837500832069,1.30696443625648,-1.39549420150971));
#943=CARTESIAN_POINT('Ctrl Pts',(9.60181238128474,1.45977462460723,-1.41722481772343));
#944=CARTESIAN_POINT('Ctrl Pts',(9.79853814870951,1.49964513852291,-1.42779730489713));
#945=CARTESIAN_POINT('Ctrl Pts',(10.1877810058184,1.50033531948091,-1.44654393228475));
#946=CARTESIAN_POINT('Ctrl Pts',(10.3766359952357,1.46440097093525,-1.45660976968801));
#947=CARTESIAN_POINT('Ctrl Pts',(10.7376677749149,1.32098594666491,-1.47796366996083));
#948=CARTESIAN_POINT('Ctrl Pts',(10.9053167255679,1.21225567680841,-1.4890499691337));
#949=CARTESIAN_POINT('Ctrl Pts',(11.1867940020077,0.937879212266903,-1.51021411937012));
#950=CARTESIAN_POINT('Ctrl Pts',(11.298608498022,0.775696025268832,-1.51940577637383));
#951=CARTESIAN_POINT('Ctrl Pts',(11.4529038904082,0.419789395919438,-1.53917836689325));
#952=CARTESIAN_POINT('Ctrl Pts',(11.494761562125,0.229833509183629,-1.54973147171191));
#953=CARTESIAN_POINT('Ctrl Pts',(11.5045059229758,-0.163102694726106,-1.571561260818));
#954=CARTESIAN_POINT('Ctrl Pts',(11.4692951657609,-0.362392083306816,-1.58263289351693));
#955=CARTESIAN_POINT('Ctrl Pts',(11.3261736353258,-0.726390457144128,-1.60285502539678));
#956=CARTESIAN_POINT('Ctrl Pts',(11.2231815554438,-0.888937635691892,-1.61167569541051));
#957=CARTESIAN_POINT('Ctrl Pts',(10.9588596987022,-1.16987610395577,-1.63219673301305));
#958=CARTESIAN_POINT('Ctrl Pts',(10.7988322536151,-1.28447685223483,-1.64307941117348));
#959=CARTESIAN_POINT('Ctrl Pts',(10.4404595355605,-1.44758653061376,-1.66485245100948));
#960=CARTESIAN_POINT('Ctrl Pts',(10.2449374257872,-1.49316509256362,-1.67552558406727));
#961=CARTESIAN_POINT('Ctrl Pts',(9.85623201960116,-1.50514141622029,-1.69455985729915));
#962=CARTESIAN_POINT('Ctrl Pts',(9.66683332826068,-1.47484163263967,-1.70422833250549));
#963=CARTESIAN_POINT('Ctrl Pts',(9.30265431323542,-1.34262090923819,-1.7254227014076));
#964=CARTESIAN_POINT('Ctrl Pts',(9.1323013310653,-1.23936387169406,-1.73648706412659));
#965=CARTESIAN_POINT('Ctrl Pts',(8.84167036675686,-0.973148167773394,-1.75786493358091));
#966=CARTESIAN_POINT('Ctrl Pts',(8.72413290857629,-0.812952619030693,-1.7673359656093));
#967=CARTESIAN_POINT('Ctrl Pts',(8.55954204141878,-0.46046763393759,-1.78691846478115));
#968=CARTESIAN_POINT('Ctrl Pts',(8.5124576499216,-0.272301515382924,-1.79737213803419));
#969=CARTESIAN_POINT('Ctrl Pts',(8.50071745775875,-0.0535967742943306,-1.809522401428));
#970=CARTESIAN_POINT('Ctrl Pts',(8.5,-0.0267855786060943,-1.81101191229966));
#971=CARTESIAN_POINT('Ctrl Pts',(8.5,7.43708407166873E-16,-1.8125));
#972=CARTESIAN_POINT('Origin',(10.,0.,-4.09375000000066));
#973=CARTESIAN_POINT('',(8.5,4.61080316485563E-15,-2.375));
#974=CARTESIAN_POINT('',(8.5,-9.40311958270149E-16,-2.3125));
#975=CARTESIAN_POINT('',(8.5,1.83697019872103E-16,-4.09375000000066));
#976=CARTESIAN_POINT('Ctrl Pts',(8.5,6.97358837342676E-15,-2.375));
#977=CARTESIAN_POINT('Ctrl Pts',(8.5,-0.119281535399914,-2.36837324803334));
#978=CARTESIAN_POINT('Ctrl Pts',(8.51422857144947,-0.238419189520828,-2.36175448947115));
#979=CARTESIAN_POINT('Ctrl Pts',(8.58887533517197,-0.54500229224669,-2.34472209487527));
#980=CARTESIAN_POINT('Ctrl Pts',(8.67192173031581,-0.724221909177791,-2.33544658695407));
#981=CARTESIAN_POINT('Ctrl Pts',(8.90033183055214,-1.03817896402337,-2.31573617158139));
#982=CARTESIAN_POINT('Ctrl Pts',(9.04254586296091,-1.17061919096114,-2.30521500056419));
#983=CARTESIAN_POINT('Ctrl Pts',(9.37568377596457,-1.37851019650099,-2.28341214509781));
#984=CARTESIAN_POINT('Ctrl Pts',(9.56500602718712,-1.44943306651054,-2.27233329431641));
#985=CARTESIAN_POINT('Ctrl Pts',(9.9512193224045,-1.51131809830587,-2.25203256982556));
#986=CARTESIAN_POINT('Ctrl Pts',(10.1437732999974,-1.50525539760613,-2.24322868714562));
#987=CARTESIAN_POINT('Ctrl Pts',(10.5200848134244,-1.42037397763429,-2.22276557379282));
#988=CARTESIAN_POINT('Ctrl Pts',(10.6999493503675,-1.34089981333925,-2.21190422154947));
#989=CARTESIAN_POINT('Ctrl Pts',(11.0224894258478,-1.11536171100774,-2.19012105764557));
#990=CARTESIAN_POINT('Ctrl Pts',(11.1611659316563,-0.970172296798657,-2.17941594186543));
#991=CARTESIAN_POINT('Ctrl Pts',(11.3690927381564,-0.641618586625252,-2.16028556677414));
#992=CARTESIAN_POINT('Ctrl Pts',(11.4392882764577,-0.463218423035766,-2.15073435683543));
#993=CARTESIAN_POINT('Ctrl Pts',(11.5106302476773,-0.0827029228233139,-2.12959460682362));
#994=CARTESIAN_POINT('Ctrl Pts',(11.5084173100556,0.116282896898597,-2.11853983906129));
#995=CARTESIAN_POINT('Ctrl Pts',(11.4271073691625,0.502340557439974,-2.09709219125343));
#996=CARTESIAN_POINT('Ctrl Pts',(11.3486864675249,0.685570651476495,-2.08751174538221));
#997=CARTESIAN_POINT('Ctrl Pts',(11.1284322841923,1.00673878072378,-2.06799342412223));
#998=CARTESIAN_POINT('Ctrl Pts',(10.9904187312291,1.14277438502442,-2.05757447717317));
#999=CARTESIAN_POINT('Ctrl Pts',(10.6643660350232,1.35957341420886,-2.03586506425767));
#1000=CARTESIAN_POINT('Ctrl Pts',(10.4777891255447,1.43581051171356,-2.0247706813621));
#1001=CARTESIAN_POINT('Ctrl Pts',(10.0934207876096,1.50931777840298,-2.00423588256172));
#1002=CARTESIAN_POINT('Ctrl Pts',(9.89995044273271,1.50889292298386,-1.99543338907011));
#1003=CARTESIAN_POINT('Ctrl Pts',(9.52113528680875,1.43472127837153,-1.97514731292151));
#1004=CARTESIAN_POINT('Ctrl Pts',(9.33956558563854,1.36071731131826,-1.96435587084942));
#1005=CARTESIAN_POINT('Ctrl Pts',(9.01092940753771,1.14510676866344,-1.94255517361801));
#1006=CARTESIAN_POINT('Ctrl Pts',(8.86799975070639,1.0040555507065,-1.93176037790976));
#1007=CARTESIAN_POINT('Ctrl Pts',(8.65049696678718,0.681833637139973,-1.91234516162914));
#1008=CARTESIAN_POINT('Ctrl Pts',(8.57509861695195,0.505699287663215,-1.90309440487024));
#1009=CARTESIAN_POINT('Ctrl Pts',(8.51153282455203,0.214726815788069,-1.88692926754384));
#1010=CARTESIAN_POINT('Ctrl Pts',(8.5,0.107390195728094,-1.8809661219849));
#1011=CARTESIAN_POINT('Ctrl Pts',(8.5,2.18575157973078E-15,-1.875));
#1012=CARTESIAN_POINT('Ctrl Pts',(8.5,-5.55111512312578E-16,-1.8125));
#1013=CARTESIAN_POINT('Ctrl Pts',(8.5,0.172510280299089,-1.82208390446106));
#1014=CARTESIAN_POINT('Ctrl Pts',(8.52976230178358,0.343957990578489,-1.83160877725427));
#1015=CARTESIAN_POINT('Ctrl Pts',(8.65286069635366,0.686930016191227,-1.8506627786772));
#1016=CARTESIAN_POINT('Ctrl Pts',(8.75142580187207,0.853065378545389,-1.85945753973235));
#1017=CARTESIAN_POINT('Ctrl Pts',(9.00771803467361,1.14157055721648,-1.87980243827315));
#1018=CARTESIAN_POINT('Ctrl Pts',(9.16388397814771,1.2604389072901,-1.8906178743449));
#1019=CARTESIAN_POINT('Ctrl Pts',(9.51678712136401,1.43388672239462,-1.9124149296034));
#1020=CARTESIAN_POINT('Ctrl Pts',(9.71090523468768,1.48525174867095,-1.92318124797069));
#1021=CARTESIAN_POINT('Ctrl Pts',(10.0989509289079,1.50872987781919,-1.9425032753928));
#1022=CARTESIAN_POINT('Ctrl Pts',(10.2889690631875,1.48410842691336,-1.95184446312055));
#1023=CARTESIAN_POINT('Ctrl Pts',(10.6561933942992,1.36312064410527,-1.97287332373358));
#1024=CARTESIAN_POINT('Ctrl Pts',(10.8290888201861,1.26542426948034,-1.98390554697406));
#1025=CARTESIAN_POINT('Ctrl Pts',(11.1288398274434,1.00757363531537,-2.00548984165057));
#1026=CARTESIAN_POINT('Ctrl Pts',(11.2522033471461,0.849378702367692,-2.01531229431281));
#1027=CARTESIAN_POINT('Ctrl Pts',(11.4270169785069,0.500371857632339,-2.03470156346478));
#1028=CARTESIAN_POINT('Ctrl Pts',(11.4792089202335,0.314116838476343,-2.04504906452901));
#1029=CARTESIAN_POINT('Ctrl Pts',(11.5112859377381,-0.0753763228583529,
-2.06668757349204));
#1030=CARTESIAN_POINT('Ctrl Pts',(11.4879386310585,-0.275165079369238,-2.07778694885376));
#1031=CARTESIAN_POINT('Ctrl Pts',(11.3666618798648,-0.647495285308701,-2.09847196029484));
#1032=CARTESIAN_POINT('Ctrl Pts',(11.2724562124867,-0.81723235351158,-2.10731315397431));
#1033=CARTESIAN_POINT('Ctrl Pts',(11.0240521139838,-1.11306601748991,-2.12748210351304));
#1034=CARTESIAN_POINT('Ctrl Pts',(10.871755505133,-1.23597258799331,-2.13822354892564));
#1035=CARTESIAN_POINT('Ctrl Pts',(10.5244703028058,-1.419319901408,-2.16002529694126));
#1036=CARTESIAN_POINT('Ctrl Pts',(10.3318899739598,-1.47628167231108,-2.17087309374688));
#1037=CARTESIAN_POINT('Ctrl Pts',(9.94460044935076,-1.51096339611148,-2.19046995090417));
#1038=CARTESIAN_POINT('Ctrl Pts',(9.75391436349919,-1.49182291461255,-2.19956694196715));
#1039=CARTESIAN_POINT('Ctrl Pts',(9.38386939254183,-1.38161072289876,-2.22043218870319));
#1040=CARTESIAN_POINT('Ctrl Pts',(9.20869972969699,-1.28930433272518,-2.23142410943001));
#1041=CARTESIAN_POINT('Ctrl Pts',(8.90166815538567,-1.04078111080355,-2.2530995957677));
#1042=CARTESIAN_POINT('Ctrl Pts',(8.77354163670609,-0.88618054661362,-2.26326774741029));
#1043=CARTESIAN_POINT('Ctrl Pts',(8.58867514349771,-0.542860433376469,-2.28234108703458));
#1044=CARTESIAN_POINT('Ctrl Pts',(8.53106668140068,-0.35881376545675,-2.29256590191901));
#1045=CARTESIAN_POINT('Ctrl Pts',(8.50317407609153,-0.112745055991886,-2.30623638577817));
#1046=CARTESIAN_POINT('Ctrl Pts',(8.5,-0.0563397319280207,-2.30937001489288));
#1047=CARTESIAN_POINT('Ctrl Pts',(8.5,7.43708407166873E-16,-2.3125));
#1048=CARTESIAN_POINT('Origin',(10.,0.,-4.09375000000066));
#1049=CARTESIAN_POINT('',(8.5,3.99497633088387E-15,-2.875));
#1050=CARTESIAN_POINT('',(8.5,-5.43493963140454E-16,-2.8125));
#1051=CARTESIAN_POINT('',(8.5,1.83697019872103E-16,-4.09375000000066));
#1052=CARTESIAN_POINT('Ctrl Pts',(8.5,1.08593689596148E-14,-2.875));
#1053=CARTESIAN_POINT('Ctrl Pts',(8.5,-0.150932470087938,-2.86661486277289));
#1054=CARTESIAN_POINT('Ctrl Pts',(8.52278246977071,-0.301290134769668,-2.8582616591796));
#1055=CARTESIAN_POINT('Ctrl Pts',(8.62515238493148,-0.630072834063546,-2.83999595366327));
#1056=CARTESIAN_POINT('Ctrl Pts',(8.71744744638312,-0.801407709693487,-2.83111217990426));
#1057=CARTESIAN_POINT('Ctrl Pts',(8.96240515194637,-1.10041160135448,-2.81102098314309));
#1058=CARTESIAN_POINT('Ctrl Pts',(9.11298983974742,-1.22503388251527,-2.80031424394103));
#1059=CARTESIAN_POINT('Ctrl Pts',(9.45774853107577,-1.41262386965724,-2.77851620069454));
#1060=CARTESIAN_POINT('Ctrl Pts',(9.6496093441495,-1.47200159020497,-2.76763591189529));
#1061=CARTESIAN_POINT('Ctrl Pts',(10.0365342755703,-1.51154877068455,-2.74792144466152));
#1062=CARTESIAN_POINT('Ctrl Pts',(10.2275302708761,-1.49477609491861,-2.73890783626406));
#1063=CARTESIAN_POINT('Ctrl Pts',(10.5987579956663,-1.38919365567841,-2.71811428849309));
#1064=CARTESIAN_POINT('Ctrl Pts',(10.774854495343,-1.2992175555276,-2.70714250558681));
#1065=CARTESIAN_POINT('Ctrl Pts',(11.0848445906188,-1.0548275361599,-2.68543948852491));
#1066=CARTESIAN_POINT('Ctrl Pts',(11.2149300152919,-0.901911006885291,-2.67510616704933));
#1067=CARTESIAN_POINT('Ctrl Pts',(11.4040761029964,-0.561259686456031,-2.65618109369214));
#1068=CARTESIAN_POINT('Ctrl Pts',(11.4640230467462,-0.378226117589095,-2.64601256208842));
#1069=CARTESIAN_POINT('Ctrl Pts',(11.5130268050174,0.00778121190480877,
-2.62456771044986));
#1070=CARTESIAN_POINT('Ctrl Pts',(11.4987540769404,0.207492693088919,-2.61347262816185));
#1071=CARTESIAN_POINT('Ctrl Pts',(11.3944359978193,0.585897244449213,-2.59245015308628));
#1072=CARTESIAN_POINT('Ctrl Pts',(11.3069547536325,0.761308531726756,-2.5834000973545));
#1073=CARTESIAN_POINT('Ctrl Pts',(11.0706432614687,1.06818017908607,-2.56350634296006));
#1074=CARTESIAN_POINT('Ctrl Pts',(10.9244035964557,1.19697447859467,-2.5528927643658));
#1075=CARTESIAN_POINT('Ctrl Pts',(10.5845537739909,1.39592096851291,-2.53101544077218));
#1076=CARTESIAN_POINT('Ctrl Pts',(10.392682534054,1.46154588660519,-2.51996111704512));
#1077=CARTESIAN_POINT('Ctrl Pts',(10.0047864027382,1.51202550242264,-2.49989624417523));
#1078=CARTESIAN_POINT('Ctrl Pts',(9.81306781048048,1.50043543439704,-2.4910183162384));
#1079=CARTESIAN_POINT('Ctrl Pts',(9.43932591976825,1.40492332235759,-2.47038353691423));
#1080=CARTESIAN_POINT('Ctrl Pts',(9.26131915818294,1.32004124402817,-2.45946134709518));
#1081=CARTESIAN_POINT('Ctrl Pts',(8.94514506808885,1.08479576360072,-2.43771481741442));
#1082=CARTESIAN_POINT('Ctrl Pts',(8.81082261250512,0.935619752542238,-2.42710844717201));
#1083=CARTESIAN_POINT('Ctrl Pts',(8.61249110220626,0.600856888528029,-2.40826724948885));
#1084=CARTESIAN_POINT('Ctrl Pts',(8.54749693291027,0.420113069780985,-2.39833961498793));
#1085=CARTESIAN_POINT('Ctrl Pts',(8.5060062808904,0.155062843504826,-2.38361460241703));
#1086=CARTESIAN_POINT('Ctrl Pts',(8.5,0.0775010518744701,-2.37930561399303));
#1087=CARTESIAN_POINT('Ctrl Pts',(8.5,7.13960070880198E-15,-2.375));
#1088=CARTESIAN_POINT('Ctrl Pts',(8.5,1.73472347597681E-16,-2.3125));
#1089=CARTESIAN_POINT('Ctrl Pts',(8.5,0.141419169617187,-2.32035662053429));
#1090=CARTESIAN_POINT('Ctrl Pts',(8.5200007885022,0.282425064566036,-2.32819028136472));
#1091=CARTESIAN_POINT('Ctrl Pts',(8.61369828044672,0.604696661756794,-2.34609425898643));
#1092=CARTESIAN_POINT('Ctrl Pts',(8.70322377145919,0.778368617793698,-2.35506350844198));
#1093=CARTESIAN_POINT('Ctrl Pts',(8.94319947117179,1.0819207475531,-2.37504134828208));
#1094=CARTESIAN_POINT('Ctrl Pts',(9.09128883255163,1.20897015656912,-2.38569545125392));
#1095=CARTESIAN_POINT('Ctrl Pts',(9.43232223719806,1.40260154442186,-2.40748207824778));
#1096=CARTESIAN_POINT('Ctrl Pts',(9.62309346626775,1.46543801178741,-2.41840602071268));
#1097=CARTESIAN_POINT('Ctrl Pts',(10.0094540936525,1.51198603616954,-2.43828780574204));
#1098=CARTESIAN_POINT('Ctrl Pts',(10.2009168551393,1.49860975002581,-2.44720523475474));
#1099=CARTESIAN_POINT('Ctrl Pts',(10.5738037431405,1.39963728200812,-2.46789499874118));
#1100=CARTESIAN_POINT('Ctrl Pts',(10.7511705202229,1.3130012158497,-2.47883511917563));
#1101=CARTESIAN_POINT('Ctrl Pts',(11.0652062030676,1.07463064631738,-2.50056557272031));
#1102=CARTESIAN_POINT('Ctrl Pts',(11.1980841517342,0.924184363419943,-2.51113772942013));
#1103=CARTESIAN_POINT('Ctrl Pts',(11.3932733363288,0.587416197122205,-2.52988344472854));
#1104=CARTESIAN_POINT('Ctrl Pts',(11.4565645346285,0.405888289810331,-2.53995065056602));
#1105=CARTESIAN_POINT('Ctrl Pts',(11.5128435887349,0.0215091502758755,-2.56130504720682));
#1106=CARTESIAN_POINT('Ctrl Pts',(11.5024855627238,-0.178045196691293,-2.57239139981611));
#1107=CARTESIAN_POINT('Ctrl Pts',(11.4055705200594,-0.558987498633027,-2.59355486103509));
#1108=CARTESIAN_POINT('Ctrl Pts',(11.3210085541005,-0.736900850202417,-2.60274574770182));
#1109=CARTESIAN_POINT('Ctrl Pts',(11.0899063514025,-1.04845488547536,-2.62251893637091));
#1110=CARTESIAN_POINT('Ctrl Pts',(10.9463154357976,-1.17967085317782,-2.63307234551079));
#1111=CARTESIAN_POINT('Ctrl Pts',(10.6108729515773,-1.38454886797166,-2.65490238552414));
#1112=CARTESIAN_POINT('Ctrl Pts',(10.4206695434076,-1.45368298450164,-2.66597394339226));
#1113=CARTESIAN_POINT('Ctrl Pts',(10.0338714090965,-1.51169824499669,-2.68619531231989));
#1114=CARTESIAN_POINT('Ctrl Pts',(9.84160813108062,-1.50376012482797,-2.69501618443458));
#1115=CARTESIAN_POINT('Ctrl Pts',(9.46615563735398,-1.41528545218902,-2.71553778075685));
#1116=CARTESIAN_POINT('Ctrl Pts',(9.2869006914805,-1.33398044641935,-2.72642066074381));
#1117=CARTESIAN_POINT('Ctrl Pts',(8.96647768212073,-1.1051438526234,-2.7481935920194));
#1118=CARTESIAN_POINT('Ctrl Pts',(8.82925848290459,-0.958593028296754,-2.75886641005115));
#1119=CARTESIAN_POINT('Ctrl Pts',(8.62456503987078,-0.627932265025052,-2.77789974912289));
#1120=CARTESIAN_POINT('Ctrl Pts',(8.5561229153992,-0.448750749029148,-2.78756940283168));
#1121=CARTESIAN_POINT('Ctrl Pts',(8.50765038868687,-0.174973771908024,-2.80277923489396));
#1122=CARTESIAN_POINT('Ctrl Pts',(8.5,-0.0874670668948689,-2.80764071850584));
#1123=CARTESIAN_POINT('Ctrl Pts',(8.5,7.43708407166873E-16,-2.8125));
#1124=CARTESIAN_POINT('Origin',(10.,0.,-4.09375000000066));
#1125=CARTESIAN_POINT('',(8.5,5.79908874589975E-15,-3.375));
#1126=CARTESIAN_POINT('',(8.5,4.60477248581123E-16,-3.3125));
#1127=CARTESIAN_POINT('',(8.5,1.83697019872103E-16,-4.09375000000066));
#1128=CARTESIAN_POINT('Ctrl Pts',(8.5,1.42594269725294E-14,-3.375));
#1129=CARTESIAN_POINT('Ctrl Pts',(8.5,-0.180830117311047,-3.36495388237161));
#1130=CARTESIAN_POINT('Ctrl Pts',(8.53270189484034,-0.360358990765823,-3.35498005606873));
#1131=CARTESIAN_POINT('Ctrl Pts',(8.66417723519315,-0.708570730414359,-3.33563495942159));
#1132=CARTESIAN_POINT('Ctrl Pts',(8.7651603857747,-0.872736128213478,-3.32683524507861));
#1133=CARTESIAN_POINT('Ctrl Pts',(9.02583826419426,-1.15712266308452,-3.30639374883686));
#1134=CARTESIAN_POINT('Ctrl Pts',(9.18412339588363,-1.27367969967062,-3.295540556427));
#1135=CARTESIAN_POINT('Ctrl Pts',(9.54004595254461,-1.44151325010455,-3.27375418136782));
#1136=CARTESIAN_POINT('Ctrl Pts',(9.73495145296673,-1.48972863369603,-3.26303746989567));
#1137=CARTESIAN_POINT('Ctrl Pts',(10.123371057053,-1.50693730703847,-3.2438716042769));
#1138=CARTESIAN_POINT('Ctrl Pts',(10.3130432576541,-1.47922793946309,-3.23436169756238));
#1139=CARTESIAN_POINT('Ctrl Pts',(10.6786271563032,-1.35213896902074,-3.21324228485871));
#1140=CARTESIAN_POINT('Ctrl Pts',(10.8501631623327,-1.25141433978572,-3.202191348553));
#1141=CARTESIAN_POINT('Ctrl Pts',(11.1449692050198,-0.98899795666025,-3.18071814223529));
#1142=CARTESIAN_POINT('Ctrl Pts',(11.2651578238586,-0.829714835146172,-3.17109526861942));
#1143=CARTESIAN_POINT('Ctrl Pts',(11.4344321285529,-0.47881326296726,-3.15160073683169));
#1144=CARTESIAN_POINT('Ctrl Pts',(11.4838671156274,-0.291506423510034,-3.14119480130628));
#1145=CARTESIAN_POINT('Ctrl Pts',(11.5099619123318,0.0990362487182962,-3.11949798618248));
#1146=CARTESIAN_POINT('Ctrl Pts',(11.4834247517163,0.298757444748857,-3.10840236418078));
#1147=CARTESIAN_POINT('Ctrl Pts',(11.3562438254487,0.668889653532111,-3.08783946369282));
#1148=CARTESIAN_POINT('Ctrl Pts',(11.2596789898049,0.836671633280373,-3.07903212161927));
#1149=CARTESIAN_POINT('Ctrl Pts',(11.0070115148983,1.12855598546344,-3.05876775339311));
#1150=CARTESIAN_POINT('Ctrl Pts',(10.8526145444533,1.24929885383611,-3.04798535712316));
#1151=CARTESIAN_POINT('Ctrl Pts',(10.5022634471845,1.42732726334858,-3.02618384849901));
#1152=CARTESIAN_POINT('Ctrl Pts',(10.3088327563302,1.48127502526555,-3.01537886110402));
#1153=CARTESIAN_POINT('Ctrl Pts',(9.92112104660164,1.50991238398746,-2.99592959058565));
#1154=CARTESIAN_POINT('Ctrl Pts',(9.73080325438411,1.48782033882276,-2.98670994161635));
#1155=CARTESIAN_POINT('Ctrl Pts',(9.36226280279557,1.3718147721778,-2.96575615402078));
#1156=CARTESIAN_POINT('Ctrl Pts',(9.18829562268473,1.27660429402653,-2.95474141866098));
#1157=CARTESIAN_POINT('Ctrl Pts',(8.88452272952458,1.02252184126535,-2.9330682926144));
#1158=CARTESIAN_POINT('Ctrl Pts',(8.75854807094913,0.865219631289861,-2.92306775729403));
#1159=CARTESIAN_POINT('Ctrl Pts',(8.57923391698928,0.517769883144665,-2.90376499350818));
#1160=CARTESIAN_POINT('Ctrl Pts',(8.52482130072316,0.332397224631318,-2.89346651247966));
#1161=CARTESIAN_POINT('Ctrl Pts',(8.50223495821052,0.0946082996400243,-2.88025601664681));
#1162=CARTESIAN_POINT('Ctrl Pts',(8.5,0.0472759526146969,-2.87762644181193));
#1163=CARTESIAN_POINT('Ctrl Pts',(8.5,1.05606593817696E-14,-2.875));
#1164=CARTESIAN_POINT('Ctrl Pts',(8.5,9.36750677027476E-16,-2.8125));
#1165=CARTESIAN_POINT('Ctrl Pts',(8.5,0.108890542991952,-2.81854947461066));
#1166=CARTESIAN_POINT('Ctrl Pts',(8.51185734904872,0.217719652629453,-2.82459553625716));
#1167=CARTESIAN_POINT('Ctrl Pts',(8.57811510247998,0.516706864953338,-2.84120593694182));
#1168=CARTESIAN_POINT('Ctrl Pts',(8.65809476004152,0.698582064658776,-2.85067594472518));
#1169=CARTESIAN_POINT('Ctrl Pts',(8.88108662769644,1.01734118780375,-2.87025906604735));
#1170=CARTESIAN_POINT('Ctrl Pts',(9.02051466431911,1.15218900212324,-2.88071307320706));
#1171=CARTESIAN_POINT('Ctrl Pts',(9.34896224330583,1.36603495429284,-2.90245568005699));
#1172=CARTESIAN_POINT('Ctrl Pts',(9.53647302763891,1.44050597961738,-2.9135459364669));
#1173=CARTESIAN_POINT('Ctrl Pts',(9.92147298440933,1.51012901028422,-2.9340032285976));
#1174=CARTESIAN_POINT('Ctrl Pts',(10.1146299924762,1.50781862633985,-2.94279795401942));
#1175=CARTESIAN_POINT('Ctrl Pts',(10.4926209130651,1.43008117210291,-2.96314342439433));
#1176=CARTESIAN_POINT('Ctrl Pts',(10.6736415001209,1.35425406207488,-2.97395909006168));
#1177=CARTESIAN_POINT('Ctrl Pts',(11.000283845703,1.13532286310474,-2.99575609943451));
#1178=CARTESIAN_POINT('Ctrl Pts',(11.1418127091951,0.992880779071368,-3.00652213461059));
#1179=CARTESIAN_POINT('Ctrl Pts',(11.3561374512868,0.668541999604604,-3.02584324911303));
#1180=CARTESIAN_POINT('Ctrl Pts',(11.4298069943782,0.491663503193999,-3.03518536093362));
#1181=CARTESIAN_POINT('Ctrl Pts',(11.5086049884903,0.113134392562232,-3.05621475596872));
#1182=CARTESIAN_POINT('Ctrl Pts',(11.510425861945,-0.0854477532706294,-3.06724709740388));
#1183=CARTESIAN_POINT('Ctrl Pts',(11.4369584504413,-0.473953486112215,-3.08883074922841));
#1184=CARTESIAN_POINT('Ctrl Pts',(11.3616245245533,-0.659873931239548,-3.09865197427446));
#1185=CARTESIAN_POINT('Ctrl Pts',(11.1467567450116,-0.985747965110088,-3.1180418616341));
#1186=CARTESIAN_POINT('Ctrl Pts',(11.0115377182062,-1.12406427674378,-3.12838970986218));
#1187=CARTESIAN_POINT('Ctrl Pts',(10.690242328663,-1.34656341763141,-3.15002857319035));
#1188=CARTESIAN_POINT('Ctrl Pts',(10.5055374623791,-1.42622221533572,-3.16112793459349));
#1189=CARTESIAN_POINT('Ctrl Pts',(10.1224454405936,-1.50732235888665,-3.18181223985064));
#1190=CARTESIAN_POINT('Ctrl Pts',(9.92834903625418,-1.51058876605149,-3.19065317621021));
#1191=CARTESIAN_POINT('Ctrl Pts',(9.54795494124491,-1.44334840078404,-3.21082268356362));
#1192=CARTESIAN_POINT('Ctrl Pts',(9.3653710756737,-1.37289208750105,-3.22156437370513));
#1193=CARTESIAN_POINT('Ctrl Pts',(9.03296264018581,-1.16377695034228,-3.24336613582425));
#1194=CARTESIAN_POINT('Ctrl Pts',(8.88735471887107,-1.02546525089676,-3.25421369185612));
#1195=CARTESIAN_POINT('Ctrl Pts',(8.66370382328686,-0.707383789574088,-3.27380969673481));
#1196=CARTESIAN_POINT('Ctrl Pts',(8.58495283306189,-0.532667900180301,-3.28290733887888));
#1197=CARTESIAN_POINT('Ctrl Pts',(8.51366259375967,-0.233643147598146,-3.29951982513344));
#1198=CARTESIAN_POINT('Ctrl Pts',(8.5,-0.116885306440197,-3.30600637186443));
#1199=CARTESIAN_POINT('Ctrl Pts',(8.5,1.17961196366423E-15,-3.3125));
#1200=CARTESIAN_POINT('Origin',(10.,0.,-4.09375000000066));
#1201=CARTESIAN_POINT('',(8.5,3.28373970573338E-15,-3.875));
#1202=CARTESIAN_POINT('',(8.5,2.97148948005755E-15,-3.8125));
#1203=CARTESIAN_POINT('',(8.5,1.83697019872103E-16,-4.09375000000066));
#1204=CARTESIAN_POINT('Ctrl Pts',(8.5,5.50344221303486E-15,-3.875));
#1205=CARTESIAN_POINT('Ctrl Pts',(8.5,-0.0110053918888026,-3.87438858933951));
#1206=CARTESIAN_POINT('Ctrl Pts',(8.50012111831725,-0.0220159016646482,
-3.87377689435196));
#1207=CARTESIAN_POINT('Ctrl Pts',(8.5047424645492,-0.231838174301002,-3.86212010142772));
#1208=CARTESIAN_POINT('Ctrl Pts',(8.5486128200913,-0.427829951072206,-3.85123166938487));
#1209=CARTESIAN_POINT('Ctrl Pts',(8.70668390008148,-0.783236518084753,-3.8314868601064));
#1210=CARTESIAN_POINT('Ctrl Pts',(8.816217450061,-0.940635581295921,-3.82249266500866));
#1211=CARTESIAN_POINT('Ctrl Pts',(9.09238361245388,-1.21019757269534,-3.80171778123102));
#1212=CARTESIAN_POINT('Ctrl Pts',(9.25794807746869,-1.31821847072723,-3.79075147669309));
#1213=CARTESIAN_POINT('Ctrl Pts',(9.62403948652231,-1.46567404261087,-3.76904190745478));
#1214=CARTESIAN_POINT('Ctrl Pts',(9.8213829663202,-1.50252780100917,-3.75866393273445));
#1215=CARTESIAN_POINT('Ctrl Pts',(10.2109138433049,-1.49730873649016,-3.73977764566296));
#1216=CARTESIAN_POINT('Ctrl Pts',(10.3994689538231,-1.45836168326399,-3.72962392108878));
#1217=CARTESIAN_POINT('Ctrl Pts',(10.7586590953554,-1.30909104003599,-3.70819597059045));
#1218=CARTESIAN_POINT('Ctrl Pts',(10.9248132207047,-1.19750135855778,-3.69710216313313));
#1219=CARTESIAN_POINT('Ctrl Pts',(11.2014336242843,-0.918884453180532,-3.67605389927794));
#1220=CARTESIAN_POINT('Ctrl Pts',(11.3102588855052,-0.755649799745938,-3.66698054443054));
#1221=CARTESIAN_POINT('Ctrl Pts',(11.4590730078294,-0.397954416790984,-3.64710857871081));
#1222=CARTESIAN_POINT('Ctrl Pts',(11.4981168423511,-0.207102561212835,-3.63650569784535));
#1223=CARTESIAN_POINT('Ctrl Pts',(11.5018225529342,0.1865443203988,-3.6146364266447));
#1224=CARTESIAN_POINT('Ctrl Pts',(11.463424723088,0.385583992229578,-3.60357866709855));
#1225=CARTESIAN_POINT('Ctrl Pts',(11.3144795152022,0.74726803695194,-3.58348510905841));
#1226=CARTESIAN_POINT('Ctrl Pts',(11.2091103431799,0.907922735579636,-3.57461993918809));
#1227=CARTESIAN_POINT('Ctrl Pts',(10.9404790190137,1.18475234901007,-3.55400569709389));
#1228=CARTESIAN_POINT('Ctrl Pts',(10.7784139283764,1.29699795208542,-3.54309040336632));
#1229=CARTESIAN_POINT('Ctrl Pts',(10.4172144638368,1.4544534560631,-3.52133842202668));
#1230=CARTESIAN_POINT('Ctrl Pts',(10.2210080654068,1.4968915612657,-3.5107196010252));
#1231=CARTESIAN_POINT('Ctrl Pts',(9.83199350868258,1.50265248006167,-3.49184310391614));
#1232=CARTESIAN_POINT('Ctrl Pts',(9.64290196585079,1.4692581263637,-3.48196517188724));
#1233=CARTESIAN_POINT('Ctrl Pts',(9.28043588452235,1.33089386365629,-3.46068256267644));
#1234=CARTESIAN_POINT('Ctrl Pts',(9.11154612849002,1.22462405136247,-3.44960491127033));
#1235=CARTESIAN_POINT('Ctrl Pts',(8.82593125674724,0.953908347451953,-3.42834337868238));
#1236=CARTESIAN_POINT('Ctrl Pts',(8.71154473547014,0.792622045738314,-3.41903455809676));
#1237=CARTESIAN_POINT('Ctrl Pts',(8.55259048145868,0.438253738598535,-3.39934742992232));
#1238=CARTESIAN_POINT('Ctrl Pts',(8.50835784173016,0.249090661057635,-3.38883837005893));
#1239=CARTESIAN_POINT('Ctrl Pts',(8.50035760526253,0.0378352825607713,-3.37710196014244));
#1240=CARTESIAN_POINT('Ctrl Pts',(8.5,0.0189105259612509,-3.37605058477563));
#1241=CARTESIAN_POINT('Ctrl Pts',(8.5,1.36842346918705E-14,-3.375));
#1242=CARTESIAN_POINT('Ctrl Pts',(8.5,7.43708407166873E-16,-3.3125));
#1243=CARTESIAN_POINT('Ctrl Pts',(8.5,0.0783447140999596,-3.31685248411666));
#1244=CARTESIAN_POINT('Ctrl Pts',(8.50613776958109,0.156746693490995,-3.3212081496384));
#1245=CARTESIAN_POINT('Ctrl Pts',(8.54981152018275,0.432698349243026,-3.33653879718018));
#1246=CARTESIAN_POINT('Ctrl Pts',(8.62063304213439,0.622559785943412,-3.34676183701775));
#1247=CARTESIAN_POINT('Ctrl Pts',(8.82771883817754,0.955153662180287,-3.36596397580967));
#1248=CARTESIAN_POINT('Ctrl Pts',(8.95887838572193,1.0966333751095,-3.37620438450895));
#1249=CARTESIAN_POINT('Ctrl Pts',(9.27320433625469,1.32710840707795,-3.39772948307641));
#1250=CARTESIAN_POINT('Ctrl Pts',(9.45512842592796,1.41158476637647,-3.40882887545789));
#1251=CARTESIAN_POINT('Ctrl Pts',(9.83629072137184,1.50353786784893,-3.42972180776652));
#1252=CARTESIAN_POINT('Ctrl Pts',(10.0313229863958,1.51209851647214,-3.43867095798362));
#1253=CARTESIAN_POINT('Ctrl Pts',(10.4138964321038,1.45468082672273,-3.4586724672987));
#1254=CARTESIAN_POINT('Ctrl Pts',(10.5977968929475,1.38925543813141,-3.4693377542517));
#1255=CARTESIAN_POINT('Ctrl Pts',(10.9353137848773,1.18942675741981,-3.49112733997244));
#1256=CARTESIAN_POINT('Ctrl Pts',(11.0846129600539,1.05507387844816,-3.50204252430314));
#1257=CARTESIAN_POINT('Ctrl Pts',(11.31690728084,0.742918500050649,-3.52188977275615));
#1258=CARTESIAN_POINT('Ctrl Pts',(11.4003953736071,0.570152392671146,-3.53082486707383));
#1259=CARTESIAN_POINT('Ctrl Pts',(11.499772278141,0.197347910314881,-3.55153622720473));
#1260=CARTESIAN_POINT('Ctrl Pts',(11.5126987105155,0.000302860138951845,
-3.56248317443673));
#1261=CARTESIAN_POINT('Ctrl Pts',(11.461774861492,-0.390837801528533,-3.58421321119603));
#1262=CARTESIAN_POINT('Ctrl Pts',(11.3971586909158,-0.580883897082933,-3.59474816828281));
#1263=CARTESIAN_POINT('Ctrl Pts',(11.2017888100805,-0.917627699073058,-3.61350190055688));
#1264=CARTESIAN_POINT('Ctrl Pts',(11.0755874413324,-1.06274365900413,-3.62360476562875));
#1265=CARTESIAN_POINT('Ctrl Pts',(10.7698631751223,-1.30249773778121,-3.64497376676652));
#1266=CARTESIAN_POINT('Ctrl Pts',(10.5914287041939,-1.3926258304837,-3.65606225738241));
#1267=CARTESIAN_POINT('Ctrl Pts',(10.2127498902171,-1.49758277342834,-3.67719692095192));
#1268=CARTESIAN_POINT('Ctrl Pts',(10.0165387447534,-1.5125259738472,-3.68635633555412));
#1269=CARTESIAN_POINT('Ctrl Pts',(9.63146951203615,-1.46675353112203,-3.70615444439365));
#1270=CARTESIAN_POINT('Ctrl Pts',(9.44619103261417,-1.40728790842636,-3.71672048224375));
#1271=CARTESIAN_POINT('Ctrl Pts',(9.10163183359622,-1.21782926299707,-3.73856083458663));
#1272=CARTESIAN_POINT('Ctrl Pts',(8.947105749247,-1.08701576919758,-3.74962918244738));
#1273=CARTESIAN_POINT('Ctrl Pts',(8.70468831974993,-0.78007430920107,-3.76981864812865));
#1274=CARTESIAN_POINT('Ctrl Pts',(8.61613728524875,-0.609324505231307,-3.77864863859832));
#1275=CARTESIAN_POINT('Ctrl Pts',(8.52078048898379,-0.287823460881707,-3.79650980772885));
#1276=CARTESIAN_POINT('Ctrl Pts',(8.5,-0.144149223312181,-3.80449170981599));
#1277=CARTESIAN_POINT('Ctrl Pts',(8.5,7.80625564189563E-15,-3.8125));
#1278=CARTESIAN_POINT('Origin',(10.,0.,-4.09375000000066));
#1279=CARTESIAN_POINT('',(8.5,-3.4183235905815E-16,-4.375));
#1280=CARTESIAN_POINT('',(8.5,-9.83680045169569E-16,-4.3125));
#1281=CARTESIAN_POINT('',(8.5,1.83697019872103E-16,-4.09375000000066));
#1282=CARTESIAN_POINT('Ctrl Pts',(8.5,-1.04119177003362E-15,-4.375));
#1283=CARTESIAN_POINT('Ctrl Pts',(8.5,-0.0396338362071437,-4.37279812021072));
#1284=CARTESIAN_POINT('Ctrl Pts',(8.50157080884967,-0.0793116750200296,
-4.37059379583223));
#1285=CARTESIAN_POINT('Ctrl Pts',(8.52048633430188,-0.317110762193828,-4.35738273543368));
#1286=CARTESIAN_POINT('Ctrl Pts',(8.57549134849189,-0.510214376609591,-4.34665475685503));
#1287=CARTESIAN_POINT('Ctrl Pts',(8.75355177479981,-0.855827002363592,-4.32745405542425));
#1288=CARTESIAN_POINT('Ctrl Pts',(8.87182712049141,-1.00664204381704,-4.31798363064482));
#1289=CARTESIAN_POINT('Ctrl Pts',(9.16368785862826,-1.26070149334201,-4.2968842674028));
#1290=CARTESIAN_POINT('Ctrl Pts',(9.33625652745125,-1.359496662294,-4.28583724320425));
#1291=CARTESIAN_POINT('Ctrl Pts',(9.71059347431991,-1.48506059335644,-4.26433906147677));
#1292=CARTESIAN_POINT('Ctrl Pts',(9.90877403973935,-1.51023747876559,-4.25467348546964));
#1293=CARTESIAN_POINT('Ctrl Pts',(10.2975548022246,-1.48266469352384,-4.23520235161209));
#1294=CARTESIAN_POINT('Ctrl Pts',(10.4845931987321,-1.43247429464936,-4.22480928481787));
#1295=CARTESIAN_POINT('Ctrl Pts',(10.8363337862261,-1.26107518632444,-4.2031250715693));
#1296=CARTESIAN_POINT('Ctrl Pts',(10.9964023601237,-1.1388409427892,-4.19202837306316));
#1297=CARTESIAN_POINT('Ctrl Pts',(11.2544431817008,-0.844527424377938,-4.17143800273513));
#1298=CARTESIAN_POINT('Ctrl Pts',(11.3521053561897,-0.677248111344034,-4.16262489507469));
#1299=CARTESIAN_POINT('Ctrl Pts',(11.4797960466312,-0.312872631346896,-4.14238181285262));
#1300=CARTESIAN_POINT('Ctrl Pts',(11.5078210746658,-0.118951033038787,-4.13160839072439));
#1301=CARTESIAN_POINT('Ctrl Pts',(11.4881998688331,0.273485495978084,-4.10980636133456));
#1302=CARTESIAN_POINT('Ctrl Pts',(11.4388842875249,0.468152307369807,-4.09899153847947));
#1303=CARTESIAN_POINT('Ctrl Pts',(11.2710489314116,0.818837488149811,-4.07950902843614));
#1304=CARTESIAN_POINT('Ctrl Pts',(11.1572914368409,0.973013133411089,-4.07031873428782));
#1305=CARTESIAN_POINT('Ctrl Pts',(10.8735157228877,1.23512261415529,-4.04938474997489));
#1306=CARTESIAN_POINT('Ctrl Pts',(10.7045048663223,1.33874127286519,-4.03837491527178));
#1307=CARTESIAN_POINT('Ctrl Pts',(10.3329106081857,1.47617991402588,-4.01667883815917));
#1308=CARTESIAN_POINT('Ctrl Pts',(10.1335555716186,1.50733714117384,-4.00662950491252));
#1309=CARTESIAN_POINT('Ctrl Pts',(9.74276523696346,1.49012395946151,-3.98734945223358));
#1310=CARTESIAN_POINT('Ctrl Pts',(9.55493614768212,1.44517656461946,-3.97706398221645));
#1311=CARTESIAN_POINT('Ctrl Pts',(9.19955182018624,1.28406432435111,-3.9554902057802));
#1312=CARTESIAN_POINT('Ctrl Pts',(9.03655986352437,1.16676070073277,-3.9443898176196));
#1313=CARTESIAN_POINT('Ctrl Pts',(8.76981021047193,0.879705077698299,-3.92358205164675));
#1314=CARTESIAN_POINT('Ctrl Pts',(8.66696645660094,0.714329645529273,-3.91468498030718));
#1315=CARTESIAN_POINT('Ctrl Pts',(8.53326320063107,0.363350328718332,-3.89518612937323));
#1316=CARTESIAN_POINT('Ctrl Pts',(8.5,0.182377903453154,-3.8851321057474));
#1317=CARTESIAN_POINT('Ctrl Pts',(8.5,5.82867087928207E-15,-3.875));
#1318=CARTESIAN_POINT('Ctrl Pts',(8.5,7.43708407166873E-15,-3.8125));
#1319=CARTESIAN_POINT('Ctrl Pts',(8.5,0.0502018192095093,-3.81528898995608));
#1320=CARTESIAN_POINT('Ctrl Pts',(8.5025201593396,0.100461248020518,-3.81808118044564));
#1321=CARTESIAN_POINT('Ctrl Pts',(8.52753304649809,0.348353699511981,-3.83185298330628));
#1322=CARTESIAN_POINT('Ctrl Pts',(8.58660321581262,0.540225908165566,-3.8425125504537));
#1323=CARTESIAN_POINT('Ctrl Pts',(8.77199537670588,0.882122496641686,-3.86150680536903));
#1324=CARTESIAN_POINT('Ctrl Pts',(8.89357576291588,1.03053440786278,-3.87122642818082));
#1325=CARTESIAN_POINT('Ctrl Pts',(9.19130628292978,1.27865909419576,-3.89244334690196));
#1326=CARTESIAN_POINT('Ctrl Pts',(9.36638662271899,1.37385987072669,-3.9035113696923));
#1327=CARTESIAN_POINT('Ctrl Pts',(9.74260938266255,1.49077143027177,-3.92485993899039));
#1328=CARTESIAN_POINT('Ctrl Pts',(9.93995032673828,1.5116310688424,-3.93428777350273));
#1329=CARTESIAN_POINT('Ctrl Pts',(10.3337795089294,1.47585574155707,-3.95422964795688));
#1330=CARTESIAN_POINT('Ctrl Pts',(10.5262878754405,1.41864712145177,-3.96508083939497));
#1331=CARTESIAN_POINT('Ctrl Pts',(10.8733177603541,1.23486546123052,-3.98688236863487));
#1332=CARTESIAN_POINT('Ctrl Pts',(11.0254406158822,1.11178282468298,-3.99762034506027));
#1333=CARTESIAN_POINT('Ctrl Pts',(11.2734937923982,0.815625454365298,-4.01778140269977));
#1334=CARTESIAN_POINT('Ctrl Pts',(11.3675050798851,0.645726402388326,-4.02662631097839));
#1335=CARTESIAN_POINT('Ctrl Pts',(11.4882941294076,0.27321653182585,-4.04732130378742));
#1336=CARTESIAN_POINT('Ctrl Pts',(11.5113785923606,0.073424400495265,-4.05842086663912));
#1337=CARTESIAN_POINT('Ctrl Pts',(11.4788093846572,-0.31597821344001,-4.08005434519108));
#1338=CARTESIAN_POINT('Ctrl Pts',(11.426390985529,-0.502144698267698,-4.0903969276815));
#1339=CARTESIAN_POINT('Ctrl Pts',(11.2511200269621,-0.850994043638245,-4.10977744686875));
#1340=CARTESIAN_POINT('Ctrl Pts',(11.1274924719547,-1.00909863726869,-4.11961734418583));
#1341=CARTESIAN_POINT('Ctrl Pts',(10.8273329275763,-1.26656878184382,-4.14121072545848));
#1342=CARTESIAN_POINT('Ctrl Pts',(10.6543272396746,-1.36401357864826,-4.15224126540983));
#1343=CARTESIAN_POINT('Ctrl Pts',(10.2869684896998,-1.48449611789176,-4.17326255870997));
#1344=CARTESIAN_POINT('Ctrl Pts',(10.0969206773777,-1.50886140465524,-4.18259075160613));
#1345=CARTESIAN_POINT('Ctrl Pts',(9.70890765883411,-1.48486170925733,-4.2019256948704));
#1346=CARTESIAN_POINT('Ctrl Pts',(9.51485742478298,-1.43323519037989,-4.21269601107803));
#1347=CARTESIAN_POINT('Ctrl Pts',(9.16220953358301,-1.25932265493076,-4.23449369441663));
#1348=CARTESIAN_POINT('Ctrl Pts',(9.00622140645852,-1.14026366274009,-4.24530587090962));
#1349=CARTESIAN_POINT('Ctrl Pts',(8.75029497692334,-0.851416470192139,-4.26564267011803));
#1350=CARTESIAN_POINT('Ctrl Pts',(8.65193162251457,-0.685115674938669,-4.27443801805891));
#1351=CARTESIAN_POINT('Ctrl Pts',(8.52952310940459,-0.342587243850923,-4.29346737534157));
#1352=CARTESIAN_POINT('Ctrl Pts',(8.5,-0.171815618183747,-4.30295468787868));
#1353=CARTESIAN_POINT('Ctrl Pts',(8.5,-2.77555756156289E-15,-4.3125));
#1354=CARTESIAN_POINT('Origin',(11.6380695676704,-1.43081683129597,50.));
#1355=CARTESIAN_POINT('',(11.1752404735808,7.7196243189343E-16,50.));
#1356=CARTESIAN_POINT('Origin',(10.,6.2803698347351E-16,50.));
#1357=CARTESIAN_POINT('Origin',(10.,6.2803698347351E-16,45.425));
#1358=CARTESIAN_POINT('',(11.1752404735808,4.8411153505359E-16,70.));
#1359=CARTESIAN_POINT('',(11.1752404735808,7.7196243189343E-16,45.425));
#1360=CARTESIAN_POINT('Origin',(10.,6.2803698347351E-16,70.));
#1361=CARTESIAN_POINT('Origin',(9.99999999999998,3.31679128606766E-14,-0.250000000000001));
#1362=CARTESIAN_POINT('',(11.4252404735808,3.27042992204375E-14,0.));
#1363=CARTESIAN_POINT('Origin',(10.,-2.77555756156289E-16,0.));
#1364=CARTESIAN_POINT('',(11.1752404735808,3.30239874122566E-14,-0.25));
#1365=CARTESIAN_POINT('Origin',(11.4252404735808,3.2993371242278E-14,-0.250000000000001));
#1366=CARTESIAN_POINT('',(8.82475952641916,1.39999941536694E-15,-0.25));
#1367=CARTESIAN_POINT('Origin',(9.99999999999996,0.,-0.25));
#1368=CARTESIAN_POINT('Origin',(9.99999999999996,0.,-0.25));
#1369=CARTESIAN_POINT('Origin',(10.,1.25607396694702E-15,-0.425));
#1370=CARTESIAN_POINT('',(8.87889204115911,-0.352572142073256,-0.6));
#1371=CARTESIAN_POINT('',(8.95047669813045,0.528858213111385,-0.599999999999999));
#1372=CARTESIAN_POINT('Origin',(9.99999999999996,-4.16333634234434E-16,
-0.6));
#1373=CARTESIAN_POINT('',(8.82475952641916,1.39999941536694E-15,-0.6));
#1374=CARTESIAN_POINT('Origin',(10.,1.37390099297363E-14,-0.599999999999997));
#1375=CARTESIAN_POINT('',(8.82475952641916,1.39999941536694E-15,-0.425));
#1376=CARTESIAN_POINT('Origin',(10.,1.37390099297363E-14,-0.599999999999997));
#1377=CARTESIAN_POINT('Origin',(10.,5.20417042793042E-16,-0.014686890631815));
#1378=CARTESIAN_POINT('',(8.87889204115911,-0.352572142073256,-0.6));
#1379=CARTESIAN_POINT('Ctrl Pts',(9.31588999195394,-1.33491329190002,-0.787500000000036));
#1380=CARTESIAN_POINT('Ctrl Pts',(9.45096423983429,-1.39613718768898,-0.78339040056373));
#1381=CARTESIAN_POINT('Ctrl Pts',(9.59435203957863,-1.43701449684519,-0.779303659361223));
#1382=CARTESIAN_POINT('Ctrl Pts',(9.87021537697088,-1.47305291976775,-0.771943157085211));
#1383=CARTESIAN_POINT('Ctrl Pts',(10.0316511564353,-1.47765112293986,-0.768157840298919));
#1384=CARTESIAN_POINT('Ctrl Pts',(10.3981804009214,-1.40633119562302,-0.758248415469018));
#1385=CARTESIAN_POINT('Ctrl Pts',(10.5749312819463,-1.33367500406789,-0.752841312442329));
#1386=CARTESIAN_POINT('Ctrl Pts',(10.8810273602356,-1.12964248209161,-0.742140561377099));
#1387=CARTESIAN_POINT('Ctrl Pts',(11.0097724421679,-1.00359599007114,-0.736951841472897));
#1388=CARTESIAN_POINT('Ctrl Pts',(11.1623245938582,-0.784943043059515,-0.729643403436835));
#1389=CARTESIAN_POINT('Ctrl Pts',(11.2068144868733,-0.706988703463572,-0.727361082536208));
#1390=CARTESIAN_POINT('Ctrl Pts',(11.3162197159035,-0.46210646825122,-0.720196667899025));
#1391=CARTESIAN_POINT('Ctrl Pts',(11.3562289706922,-0.285472776137852,-0.714942377760899));
#1392=CARTESIAN_POINT('Ctrl Pts',(11.3652048103844,0.0705795678135917,-0.704117479044929));
#1393=CARTESIAN_POINT('Ctrl Pts',(11.3350833319173,0.246502974812524,-0.698655202939958));
#1394=CARTESIAN_POINT('Ctrl Pts',(11.2228004414835,0.540940885640987,-0.689324498143678));
#1395=CARTESIAN_POINT('Ctrl Pts',(11.139355749309,0.70206509469239,-0.684671532576503));
#1396=CARTESIAN_POINT('Ctrl Pts',(10.8853112808815,0.968914520806622,-0.673640516116689));
#1397=CARTESIAN_POINT('Ctrl Pts',(10.7549867063736,1.06287396576039,-0.668560219664057));
#1398=CARTESIAN_POINT('Ctrl Pts',(10.4560024056832,1.20335504178432,-0.657870333983341));
#1399=CARTESIAN_POINT('Ctrl Pts',(10.2882256142559,1.24445496259069,-0.652355238900997));
#1400=CARTESIAN_POINT('Ctrl Pts',(10.0458298221492,1.25447762911488,-0.645056022132201));
#1401=CARTESIAN_POINT('Ctrl Pts',(9.95976203410233,1.25223583900462,-0.642651933840289));
#1402=CARTESIAN_POINT('Ctrl Pts',(9.71755095444843,1.212465047317,-0.635135277128015));
#1403=CARTESIAN_POINT('Ctrl Pts',(9.57691285160305,1.16185665169924,-0.630233901507229));
#1404=CARTESIAN_POINT('Ctrl Pts',(9.34244867379831,1.02503681453156,-0.620983776053291));
#1405=CARTESIAN_POINT('Ctrl Pts',(9.2460990400825,0.947065227973087,-0.61673534058863));
#1406=CARTESIAN_POINT('Ctrl Pts',(9.12031464861094,0.808843103072976,-0.610443953900247));
#1407=CARTESIAN_POINT('Ctrl Pts',(9.08124815032045,0.758470976466744,-0.608338100134911));
#1408=CARTESIAN_POINT('Ctrl Pts',(9.00997963108962,0.649934636611001,-0.604162272430054));
#1409=CARTESIAN_POINT('Ctrl Pts',(8.97737927124866,0.590421723402226,-0.60212396404191));
#1410=CARTESIAN_POINT('Ctrl Pts',(8.95047669813045,0.528858213111379,-0.600000000000003));
#1411=CARTESIAN_POINT('Origin',(10.,0.,-4.09375000000066));
#1412=CARTESIAN_POINT('',(8.94905609616687,-1.07028823734356,-4.75));
#1413=CARTESIAN_POINT('Ctrl Pts',(8.5,-2.52860858436737E-15,-4.3125));
#1414=CARTESIAN_POINT('Ctrl Pts',(8.5,0.0274437503251295,-4.31402465279584));
#1415=CARTESIAN_POINT('Ctrl Pts',(8.50075314914041,0.0549141360382147,-4.31555078533542));
#1416=CARTESIAN_POINT('Ctrl Pts',(8.51281673955152,0.274238858712601,-4.32773549215066));
#1417=CARTESIAN_POINT('Ctrl Pts',(8.56013862238322,0.462319710809062,-4.33818442837824));
#1418=CARTESIAN_POINT('Ctrl Pts',(8.72520110101653,0.814646015261691,-4.35775811195895));
#1419=CARTESIAN_POINT('Ctrl Pts',(8.84300415890819,0.974749960834825,-4.36724373277546));
#1420=CARTESIAN_POINT('Ctrl Pts',(9.13405526801533,1.24058557962676,-4.38863125853559));
#1421=CARTESIAN_POINT('Ctrl Pts',(9.30452874313987,1.34358879138029,-4.39969436775815));
#1422=CARTESIAN_POINT('Ctrl Pts',(9.66884997798739,1.4752938707141,-4.42088125576831));
#1423=CARTESIAN_POINT('Ctrl Pts',(9.85827544507659,1.50533361404286,-4.43053311822634));
#1424=CARTESIAN_POINT('Ctrl Pts',(10.2469532865546,1.4928332156697,-4.4495806228816));
#1425=CARTESIAN_POINT('Ctrl Pts',(10.4424153038462,1.44699024351283,-4.46025820946648));
#1426=CARTESIAN_POINT('Ctrl Pts',(10.8005455008481,1.28340590224318,-4.4820327660832));
#1427=CARTESIAN_POINT('Ctrl Pts',(10.9603995334275,1.16860811207587,-4.49291257431624));
#1428=CARTESIAN_POINT('Ctrl Pts',(11.2243570708007,0.887323837723595,-4.51342568931966));
#1429=CARTESIAN_POINT('Ctrl Pts',(11.3271482762418,0.724615621109246,-4.52224357660497));
#1430=CARTESIAN_POINT('Ctrl Pts',(11.4697757525067,0.360422693350202,-4.54247651703603));
#1431=CARTESIAN_POINT('Ctrl Pts',(11.5047165205679,0.161114398455689,-4.55354920008573));
#1432=CARTESIAN_POINT('Ctrl Pts',(11.4944613606605,-0.23175743416047,-4.57537541300885));
#1433=CARTESIAN_POINT('Ctrl Pts',(11.4523660474824,-0.421635508810544,-4.58592419493385));
#1434=CARTESIAN_POINT('Ctrl Pts',(11.2976058646789,-0.777389409518537,-4.60568830052873));
#1435=CARTESIAN_POINT('Ctrl Pts',(11.1855360714827,-0.939483271634024,-4.61489096004492));
#1436=CARTESIAN_POINT('Ctrl Pts',(10.9036463804616,-1.21349687346659,-4.63606487306746));
#1437=CARTESIAN_POINT('Ctrl Pts',(10.7358723954166,-1.32198290482353,-4.64715040355755));
#1438=CARTESIAN_POINT('Ctrl Pts',(10.3746967643035,-1.4648951482614,-4.66849725875148));
#1439=CARTESIAN_POINT('Ctrl Pts',(10.185818855603,-1.50057678649115,-4.67854376429436));
#1440=CARTESIAN_POINT('Ctrl Pts',(9.80405749322727,-1.49940627481901,-4.69694378061864));
#1441=CARTESIAN_POINT('Ctrl Pts',(9.61461670938636,-1.46221328539442,-4.70709139317593));
#1442=CARTESIAN_POINT('Ctrl Pts',(9.25516248530186,-1.31674840974681,-4.72842633358586));
#1443=CARTESIAN_POINT('Ctrl Pts',(9.08926743828778,-1.20796540701542,-4.73942971283271));
#1444=CARTESIAN_POINT('Ctrl Pts',(8.94905609616572,-1.07028823734243,-4.75000000000009));
#1445=CARTESIAN_POINT('',(10.,-1.50000000000001,-4.75));
#1446=CARTESIAN_POINT('Origin',(10.,1.41553435639707E-14,-4.74999999999999));
#1447=CARTESIAN_POINT('Ctrl Pts',(9.99999999999913,-1.5,-4.75000000000005));
#1448=CARTESIAN_POINT('Ctrl Pts',(10.1255895199393,-1.50000000000007,-4.74395757140465));
#1449=CARTESIAN_POINT('Ctrl Pts',(10.2507308814189,-1.48422861589677,-4.73749861084036));
#1450=CARTESIAN_POINT('Ctrl Pts',(10.4985368493372,-1.42070122718309,-4.7238113909635));
#1451=CARTESIAN_POINT('Ctrl Pts',(10.6198343434766,-1.37212705522902,-4.71662618000144));
#1452=CARTESIAN_POINT('Ctrl Pts',(10.9083258766354,-1.2104484538323,-4.69825505237974));
#1453=CARTESIAN_POINT('Ctrl Pts',(11.0619008220634,-1.07825083374469,-4.68719401825923));
#1454=CARTESIAN_POINT('Ctrl Pts',(11.3017355126512,-0.769268115158225,-4.66707211303419));
#1455=CARTESIAN_POINT('Ctrl Pts',(11.3888013055456,-0.597933807348888,-4.65821854485274));
#1456=CARTESIAN_POINT('Ctrl Pts',(11.495484249408,-0.227244404456969,-4.63762468913652));
#1457=CARTESIAN_POINT('Ctrl Pts',(11.5123331114375,-0.0308942278626437,
-4.62671634599238));
#1458=CARTESIAN_POINT('Ctrl Pts',(11.4694815398784,0.360733570476433,-4.60495924608465));
#1459=CARTESIAN_POINT('Ctrl Pts',(11.4088028156369,0.552091678685792,-4.59432824007303));
#1460=CARTESIAN_POINT('Ctrl Pts',(11.2205015206609,0.892495877747804,-4.57541689568069));
#1461=CARTESIAN_POINT('Ctrl Pts',(11.0975935417275,1.03995516931373,-4.56558701697272));
#1462=CARTESIAN_POINT('Ctrl Pts',(10.7975174391253,1.28568595533751,-4.54432374358749));
#1463=CARTESIAN_POINT('Ctrl Pts',(10.6214508701799,1.37942897086947,-4.53324876418583));
#1464=CARTESIAN_POINT('Ctrl Pts',(10.2444986873023,1.4928755826989,-4.51196134905813));
#1465=CARTESIAN_POINT('Ctrl Pts',(10.0474891632961,1.51201493633908,-4.50261857166602));
#1466=CARTESIAN_POINT('Ctrl Pts',(9.66085558517198,1.47377647538471,-4.48295447549442));
#1467=CARTESIAN_POINT('Ctrl Pts',(9.47479068400493,1.41815824435774,-4.47245747290127));
#1468=CARTESIAN_POINT('Ctrl Pts',(9.12713776541182,1.23616912866612,-4.45067576084309));
#1469=CARTESIAN_POINT('Ctrl Pts',(8.97025468464088,1.10889196418845,-4.43959224330918));
#1470=CARTESIAN_POINT('Ctrl Pts',(8.72131971383391,0.807158859326236,-4.41923387880694));
#1471=CARTESIAN_POINT('Ctrl Pts',(8.62899538544012,0.637869113850251,-4.41043717299168));
#1472=CARTESIAN_POINT('Ctrl Pts',(8.52384951354157,0.308185521496491,-4.39212141786092));
#1473=CARTESIAN_POINT('Ctrl Pts',(8.5,0.154426772207714,-4.38357926512265));
#1474=CARTESIAN_POINT('Ctrl Pts',(8.5,-6.93889390390723E-16,-4.375));
#1475=CARTESIAN_POINT('Origin',(10.,6.93889390390723E-17,-6.09806372604691));
#1476=CARTESIAN_POINT('',(10.6443298834465,-1.07113911388665,-5.));
#1477=CARTESIAN_POINT('',(8.78412041694949,-0.290063509461163,-5.));
#1478=CARTESIAN_POINT('Origin',(9.99999999999998,-1.13797860024079E-14,
-4.99999999999999));
#1479=CARTESIAN_POINT('Ctrl Pts',(8.78412041694947,-0.290063509461163,-4.99999999999999));
#1480=CARTESIAN_POINT('Ctrl Pts',(8.79336831497995,-0.402668090853589,-4.98286548027303));
#1481=CARTESIAN_POINT('Ctrl Pts',(8.81855548790337,-0.513524868267334,-4.96668035250675));
#1482=CARTESIAN_POINT('Ctrl Pts',(8.87348094514196,-0.657428766680883,-4.94630258178761));
#1483=CARTESIAN_POINT('Ctrl Pts',(8.89036556196882,-0.695695745300903,-4.94090840401214));
#1484=CARTESIAN_POINT('Ctrl Pts',(8.97645374420734,-0.87105264194039,-4.91484743980917));
#1485=CARTESIAN_POINT('Ctrl Pts',(9.06781875114683,-0.998034204940183,-4.89302514868297));
#1486=CARTESIAN_POINT('Ctrl Pts',(9.28262868845915,-1.21034627359954,-4.85054699009318));
#1487=CARTESIAN_POINT('Ctrl Pts',(9.40267222397502,-1.29628843126461,-4.83014533678493));
#1488=CARTESIAN_POINT('Ctrl Pts',(9.60392124441673,-1.39681863214303,-4.8001776785817));
#1489=CARTESIAN_POINT('Ctrl Pts',(9.67666586925919,-1.42580180076185,-4.79005687278183));
#1490=CARTESIAN_POINT('Ctrl Pts',(9.79101809489918,-1.46056097182177,-4.77513315557713));
#1491=CARTESIAN_POINT('Ctrl Pts',(9.83106504321369,-1.47081735077962,-4.77008153382727));
#1492=CARTESIAN_POINT('Ctrl Pts',(9.92442725123966,-1.49036268626192,-4.75868779013612));
#1493=CARTESIAN_POINT('Ctrl Pts',(9.96639652896039,-1.49617473374205,-4.75382526625796));
#1494=CARTESIAN_POINT('Ctrl Pts',(10.,-1.50000000000001,-4.75));
#1495=CARTESIAN_POINT('Ctrl Pts',(8.94905609616687,-1.07028823734356,-4.75));
#1496=CARTESIAN_POINT('Ctrl Pts',(8.88048002431175,-0.998199014453058,-4.75339109508933));
#1497=CARTESIAN_POINT('Ctrl Pts',(8.81918867282277,-0.919524387385814,-4.75669843060152));
#1498=CARTESIAN_POINT('Ctrl Pts',(8.71097449305476,-0.748159557544319,-4.7631589040441));
#1499=CARTESIAN_POINT('Ctrl Pts',(8.66466709958596,-0.655062197520237,-4.76629029828746));
#1500=CARTESIAN_POINT('Ctrl Pts',(8.56186918253385,-0.376051172385046,-4.77611622876661));
#1501=CARTESIAN_POINT('Ctrl Pts',(8.53173024571444,-0.183268031214154,-4.78299012969882));
#1502=CARTESIAN_POINT('Ctrl Pts',(8.54781857072166,0.19183936578167,-4.79656675400034));
#1503=CARTESIAN_POINT('Ctrl Pts',(8.58965911926261,0.37084172856208,-4.80313791143504));
#1504=CARTESIAN_POINT('Ctrl Pts',(8.7282784194181,0.684306569655476,-4.81479257032263));
#1505=CARTESIAN_POINT('Ctrl Pts',(8.82969241906386,0.848554529634141,-4.82063380171928));
#1506=CARTESIAN_POINT('Ctrl Pts',(9.12090089114092,1.12410941382214,-4.83498378132651));
#1507=CARTESIAN_POINT('Ctrl Pts',(9.27900025841762,1.22349274924891,-4.84194571908824));
#1508=CARTESIAN_POINT('Ctrl Pts',(9.61234668683674,1.35071484274753,-4.85529047149639));
#1509=CARTESIAN_POINT('Ctrl Pts',(9.78278473237956,1.38205314022897,-4.86156680198945));
#1510=CARTESIAN_POINT('Ctrl Pts',(9.97651288258527,1.38188133934352,-4.86809170161775));
#1511=CARTESIAN_POINT('Ctrl Pts',(9.99866641785605,1.38135261176334,-4.86882232218483));
#1512=CARTESIAN_POINT('Ctrl Pts',(10.1834948329215,1.37240120630269,-4.87500432781037));
#1513=CARTESIAN_POINT('Ctrl Pts',(10.3435424249825,1.33518884446457,-4.88097594258612));
#1514=CARTESIAN_POINT('Ctrl Pts',(10.6530240524541,1.2012172822316,-4.89388665129064));
#1515=CARTESIAN_POINT('Ctrl Pts',(10.798071739099,1.10176683221065,-4.90074515506571));
#1516=CARTESIAN_POINT('Ctrl Pts',(10.9807336019928,0.91611676118869,-4.91071271756164));
#1517=CARTESIAN_POINT('Ctrl Pts',(11.0351796318909,0.849043997110775,-4.91394151311341));
#1518=CARTESIAN_POINT('Ctrl Pts',(11.132065905334,0.703223726200913,-4.92026008116464));
#1519=CARTESIAN_POINT('Ctrl Pts',(11.1745716303164,0.623441645351299,-4.92328285528754));
#1520=CARTESIAN_POINT('Ctrl Pts',(11.2679507966456,0.392153828008909,-4.93236789096539));
#1521=CARTESIAN_POINT('Ctrl Pts',(11.2999561328232,0.234795704048855,-4.93862633010872));
#1522=CARTESIAN_POINT('Ctrl Pts',(11.3057475717508,-0.0949774628164109,
-4.95194611175233));
#1523=CARTESIAN_POINT('Ctrl Pts',(11.2751627247682,-0.264473725604603,-4.95890530450437));
#1524=CARTESIAN_POINT('Ctrl Pts',(11.1733401725867,-0.523458564831564,-4.96970385822774));
#1525=CARTESIAN_POINT('Ctrl Pts',(11.1027417698804,-0.668286678049642,-4.97517368734288));
#1526=CARTESIAN_POINT('Ctrl Pts',(10.8787277539701,-0.916282624157924,-4.98824328631997));
#1527=CARTESIAN_POINT('Ctrl Pts',(10.767648972228,-1.00387908882771,-4.99406933563244));
#1528=CARTESIAN_POINT('Ctrl Pts',(10.644329883445,-1.07113911388744,-5.00000000000007));
#1529=CARTESIAN_POINT('Origin',(10.,-1.97758476261356E-15,-1.11180034750007));
#1530=CARTESIAN_POINT('',(7.75,1.07820162771162,0.167430854930704));
#1531=CARTESIAN_POINT('',(7.75,-1.07820162771163,0.167430854930704));
#1532=CARTESIAN_POINT('Ctrl Pts',(7.74999999999987,1.07820162771162,0.167430854930692));
#1533=CARTESIAN_POINT('Ctrl Pts',(7.74999999999987,0.101905922377729,-0.0761540675789283));
#1534=CARTESIAN_POINT('Ctrl Pts',(7.74999999999987,-0.955556563998336,0.136831019063787));
#1535=CARTESIAN_POINT('Ctrl Pts',(7.74999999999987,-1.07820162771163,0.167430854930702));
#1536=CARTESIAN_POINT('',(7.94125000000001,1.40945634465917,0.167430854930701));
#1537=CARTESIAN_POINT('Ctrl Pts',(7.75,1.07820162771162,0.1674308549307));
#1538=CARTESIAN_POINT('Ctrl Pts',(7.75,1.08822882740562,0.169932632462967));
#1539=CARTESIAN_POINT('Ctrl Pts',(7.75039494983514,1.09830001494465,0.172268201928529));
#1540=CARTESIAN_POINT('Ctrl Pts',(7.75566690600961,1.16494227339007,0.1865478019635));
#1541=CARTESIAN_POINT('Ctrl Pts',(7.77351823958108,1.22142697967552,0.192779134401903));
#1542=CARTESIAN_POINT('Ctrl Pts',(7.82897232652383,1.31747627574771,0.192779134401904));
#1543=CARTESIAN_POINT('Ctrl Pts',(7.8689638503066,1.36117833725476,0.186547801963505));
#1544=CARTESIAN_POINT('Ctrl Pts',(7.92404176099867,1.3990651144522,0.172268201928533));
#1545=CARTESIAN_POINT('Ctrl Pts',(7.93256619033618,1.40444274481217,0.169932632462963));
#1546=CARTESIAN_POINT('Ctrl Pts',(7.94125000000001,1.40945634465917,0.167430854930694));
#1547=CARTESIAN_POINT('',(9.80874999999225,2.48765797236632,0.167430854928471));
#1548=CARTESIAN_POINT('Ctrl Pts',(9.80874999999219,2.48765797236642,0.167430854928496));
#1549=CARTESIAN_POINT('Ctrl Pts',(8.96325553214691,1.99951151375761,-0.0761533719469303));
#1550=CARTESIAN_POINT('Ctrl Pts',(8.04746658506355,1.47078051863815,0.136830199647584));
#1551=CARTESIAN_POINT('Ctrl Pts',(7.94124999999993,1.40945634465926,0.167430854930605));
#1552=CARTESIAN_POINT('',(10.19125,2.48765797237079,0.167430854930702));
#1553=CARTESIAN_POINT('Ctrl Pts',(9.80874999999225,2.48765797236632,0.167430854928472));
#1554=CARTESIAN_POINT('Ctrl Pts',(9.81743380965852,2.49267157221501,0.169932632461582));
#1555=CARTESIAN_POINT('Ctrl Pts',(9.82635318883376,2.49736512939557,0.172268201927895));
#1556=CARTESIAN_POINT('Ctrl Pts',(9.88670305570301,2.52612061064484,0.186547801963509));
#1557=CARTESIAN_POINT('Ctrl Pts',(9.94454591305725,2.53890325542325,0.192779134401916));
#1558=CARTESIAN_POINT('Ctrl Pts',(10.0554540869428,2.53890325542325,0.192779134401916));
#1559=CARTESIAN_POINT('Ctrl Pts',(10.113296944297,2.52612061064484,0.186547801963509));
#1560=CARTESIAN_POINT('Ctrl Pts',(10.1736468111635,2.49736512939686,0.172268201928537));
#1561=CARTESIAN_POINT('Ctrl Pts',(10.1825661903362,2.4926715722178,0.169932632462971));
#1562=CARTESIAN_POINT('Ctrl Pts',(10.19125,2.4876579723708,0.167430854930703));
#1563=CARTESIAN_POINT('',(12.0587499999922,1.40945634466364,0.167430854928471));
#1564=CARTESIAN_POINT('Ctrl Pts',(12.0587499999924,1.40945634466401,0.167430854928456));
#1565=CARTESIAN_POINT('Ctrl Pts',(11.2132555321468,1.89760280327304,-0.0761533719468779));
#1566=CARTESIAN_POINT('Ctrl Pts',(10.2974665850633,2.42633379839257,0.136830199647965));
#1567=CARTESIAN_POINT('Ctrl Pts',(10.1912500000002,2.48765797237113,0.167430854930822));
#1568=CARTESIAN_POINT('',(12.25,1.07820162771162,0.167430854930704));
#1569=CARTESIAN_POINT('Ctrl Pts',(12.0587499999922,1.40945634466366,0.167430854928468));
#1570=CARTESIAN_POINT('Ctrl Pts',(12.0674338096587,1.40444274481538,0.169932632461582));
#1571=CARTESIAN_POINT('Ctrl Pts',(12.0759582389988,1.39906511445392,0.172268201927899));
#1572=CARTESIAN_POINT('Ctrl Pts',(12.1310361496934,1.36117833725476,0.186547801963515));
#1573=CARTESIAN_POINT('Ctrl Pts',(12.1710276734762,1.31747627574772,0.19277913440193));
#1574=CARTESIAN_POINT('Ctrl Pts',(12.2264817604189,1.22142697967552,0.19277913440193));
#1575=CARTESIAN_POINT('Ctrl Pts',(12.2443330939904,1.16494227339007,0.186547801963508));
#1576=CARTESIAN_POINT('Ctrl Pts',(12.2496050501649,1.09830001494464,0.172268201928536));
#1577=CARTESIAN_POINT('Ctrl Pts',(12.25,1.08822882740562,0.169932632462973));
#1578=CARTESIAN_POINT('Ctrl Pts',(12.25,1.07820162771162,0.167430854930706));
#1579=CARTESIAN_POINT('',(12.25,-1.07820162771163,0.167430854930704));
#1580=CARTESIAN_POINT('Ctrl Pts',(12.2500000000004,1.07820162771161,0.167430854930734));
#1581=CARTESIAN_POINT('Ctrl Pts',(12.2500000000004,0.955556563999613,0.13683101906416));
#1582=CARTESIAN_POINT('Ctrl Pts',(12.2500000000004,-0.101905922376654,-0.0761540675790152));
#1583=CARTESIAN_POINT('Ctrl Pts',(12.2500000000004,-1.07820162771162,0.167430854930741));
#1584=CARTESIAN_POINT('',(12.05875,-1.40945634465918,0.167430854930701));
#1585=CARTESIAN_POINT('Ctrl Pts',(12.25,-1.07820162771163,0.167430854930707));
#1586=CARTESIAN_POINT('Ctrl Pts',(12.25,-1.08822882740564,0.169932632462975));
#1587=CARTESIAN_POINT('Ctrl Pts',(12.2496050501649,-1.09830001494466,0.172268201928546));
#1588=CARTESIAN_POINT('Ctrl Pts',(12.2443330939904,-1.16494227339009,0.186547801963517));
#1589=CARTESIAN_POINT('Ctrl Pts',(12.2264817604189,-1.22142697967554,0.19277913440193));
#1590=CARTESIAN_POINT('Ctrl Pts',(12.1710276734762,-1.31747627574773,0.19277913440193));
#1591=CARTESIAN_POINT('Ctrl Pts',(12.1310361496934,-1.36117833725477,0.186547801963508));
#1592=CARTESIAN_POINT('Ctrl Pts',(12.0759582390013,-1.39906511445221,0.172268201928536));
#1593=CARTESIAN_POINT('Ctrl Pts',(12.0674338096638,-1.40444274481218,0.169932632462968));
#1594=CARTESIAN_POINT('Ctrl Pts',(12.05875,-1.40945634465918,0.1674308549307));
#1595=CARTESIAN_POINT('',(11.3136047870823,-1.8396661339226,0.032051722242904));
#1596=CARTESIAN_POINT('Ctrl Pts',(12.05875,-1.40945634465921,0.167430854930669));
#1597=CARTESIAN_POINT('Ctrl Pts',(11.9525334149364,-1.47078051863809,0.136830199647644));
#1598=CARTESIAN_POINT('Ctrl Pts',(11.5738874817892,-1.6893918500682,0.0487691202162801));
#1599=CARTESIAN_POINT('Ctrl Pts',(11.3136047870823,-1.8396661339226,0.032051722242904));
#1600=CARTESIAN_POINT('',(11.2813444213584,-1.79448640949261,1.11022302462516E-15));
#1601=CARTESIAN_POINT('',(10.1623067125414,-0.227305933494581,-1.11180034750007));
#1602=CARTESIAN_POINT('Origin',(10.,-2.45850832763142E-16,0.));
#1603=CARTESIAN_POINT('',(10.1912500000077,-2.48765797236633,0.16743085492847));
#1604=CARTESIAN_POINT('Ctrl Pts',(11.3136047870823,-1.8396661339226,0.032051722242904));
#1605=CARTESIAN_POINT('Ctrl Pts',(10.7800977696077,-2.14768655407616,-0.00221428665468549));
#1606=CARTESIAN_POINT('Ctrl Pts',(10.1912500000077,-2.48765797236641,0.167430854928321));
#1607=CARTESIAN_POINT('',(9.80874999999999,-2.4876579723708,0.167430854930701));
#1608=CARTESIAN_POINT('Ctrl Pts',(10.1912500000077,-2.48765797236635,0.167430854928484));
#1609=CARTESIAN_POINT('Ctrl Pts',(10.1825661903415,-2.49267157221503,0.169932632461591));
#1610=CARTESIAN_POINT('Ctrl Pts',(10.1736468111662,-2.49736512939558,0.172268201927902));
#1611=CARTESIAN_POINT('Ctrl Pts',(10.113296944297,-2.52612061064485,0.186547801963512));
#1612=CARTESIAN_POINT('Ctrl Pts',(10.0554540869428,-2.53890325542326,0.192779134401922));
#1613=CARTESIAN_POINT('Ctrl Pts',(9.94454591305725,-2.53890325542326,0.192779134401922));
#1614=CARTESIAN_POINT('Ctrl Pts',(9.88670305570301,-2.52612061064485,0.186547801963512));
#1615=CARTESIAN_POINT('Ctrl Pts',(9.82635318883646,-2.49736512939687,0.172268201928539));
#1616=CARTESIAN_POINT('Ctrl Pts',(9.81743380966382,-2.49267157221781,0.169932632462973));
#1617=CARTESIAN_POINT('Ctrl Pts',(9.80874999999999,-2.4876579723708,0.167430854930705));
#1618=CARTESIAN_POINT('',(7.94125000000775,-1.40945634466365,0.167430854928471));
#1619=CARTESIAN_POINT('Ctrl Pts',(9.8087500000001,-2.48765797237069,0.167430854930522));
#1620=CARTESIAN_POINT('Ctrl Pts',(9.70253341493606,-2.42633379839157,0.13683019964737));
#1621=CARTESIAN_POINT('Ctrl Pts',(8.78674446785274,-1.89760280327212,-0.076153371947011));
#1622=CARTESIAN_POINT('Ctrl Pts',(7.9412500000078,-1.40945634466351,0.167430854928336));
#1623=CARTESIAN_POINT('Ctrl Pts',(7.94125000000775,-1.40945634466365,0.167430854928468));
#1624=CARTESIAN_POINT('Ctrl Pts',(7.93256619034125,-1.40444274481538,0.169932632461579));
#1625=CARTESIAN_POINT('Ctrl Pts',(7.92404176100115,-1.39906511445391,0.172268201927892));
#1626=CARTESIAN_POINT('Ctrl Pts',(7.8689638503066,-1.36117833725477,0.186547801963505));
#1627=CARTESIAN_POINT('Ctrl Pts',(7.82897232652383,-1.31747627574772,0.192779134401905));
#1628=CARTESIAN_POINT('Ctrl Pts',(7.77351823958107,-1.22142697967553,0.192779134401905));
#1629=CARTESIAN_POINT('Ctrl Pts',(7.75566690600961,-1.16494227339009,0.186547801963506));
#1630=CARTESIAN_POINT('Ctrl Pts',(7.75039494983514,-1.09830001494466,0.172268201928534));
#1631=CARTESIAN_POINT('Ctrl Pts',(7.75,-1.08822882740563,0.169932632462972));
#1632=CARTESIAN_POINT('Ctrl Pts',(7.75,-1.07820162771163,0.167430854930705));
#1633=CARTESIAN_POINT('Origin',(8.3619304323296,-1.43081683129597,-5.));
#1634=CARTESIAN_POINT('',(9.99999999999998,-1.17524047358085,-5.));
#1635=CARTESIAN_POINT('Ctrl Pts',(10.644338987182,-1.07113497601277,-5.));
#1636=CARTESIAN_POINT('Ctrl Pts',(10.5440050738937,-1.11673874287806,-5.));
#1637=CARTESIAN_POINT('Ctrl Pts',(10.4380540912739,-1.14875076448289,-4.99999999566118));
#1638=CARTESIAN_POINT('Ctrl Pts',(10.2203802376671,-1.18392468893706,-4.99999999566118));
#1639=CARTESIAN_POINT('Ctrl Pts',(10.1096697025943,-1.18690507596007,-5.));
#1640=CARTESIAN_POINT('Ctrl Pts',(9.99999999999998,-1.17524047358084,-5.));
#1641=CARTESIAN_POINT('',(9.17659212583488,-0.838564036615816,-5.));
#1642=CARTESIAN_POINT('Origin',(10.,-1.80411241501588E-15,-5.00000000000001));
#1643=CARTESIAN_POINT('Ctrl Pts',(9.17659212583488,-0.838564036615818,-5.));
#1644=CARTESIAN_POINT('Ctrl Pts',(9.09851202438752,-0.778225572908694,-5.));
#1645=CARTESIAN_POINT('Ctrl Pts',(9.02865043451385,-0.707952532814371,-5.));
#1646=CARTESIAN_POINT('Ctrl Pts',(8.9593649481068,-0.617298198088506,-5.));
#1647=CARTESIAN_POINT('Ctrl Pts',(8.95036011164251,-0.604979393142242,-5.00000000000001));
#1648=CARTESIAN_POINT('Ctrl Pts',(8.87589705237352,-0.499348593506461,-5.00000000000001));
#1649=CARTESIAN_POINT('Ctrl Pts',(8.82288050353553,-0.397568704911158,-5.));
#1650=CARTESIAN_POINT('Ctrl Pts',(8.78412041694949,-0.290063509461163,-5.));
#1651=CARTESIAN_POINT('Origin',(7.35388,-2.64612,-2.07615032504948E-16));
#1652=CARTESIAN_POINT('Ctrl Pts',(10.,1.52706329386826,-5.453125));
#1653=CARTESIAN_POINT('Ctrl Pts',(10.,1.1752404735808,-5.24999999999998));
#1654=CARTESIAN_POINT('Ctrl Pts',(9.11834959621556,1.52706329386826,-5.41145833333333));
#1655=CARTESIAN_POINT('Ctrl Pts',(9.32147459621558,1.1752404735808,-5.20833333333331));
#1656=CARTESIAN_POINT('Ctrl Pts',(8.67752439432334,0.763531646934129,-5.36979166666666));
#1657=CARTESIAN_POINT('Ctrl Pts',(8.98221189432337,0.587620236790398,-5.16666666666665));
#1658=CARTESIAN_POINT('Ctrl Pts',(8.23669919243112,-5.95778990892362E-15,
-5.328125));
#1659=CARTESIAN_POINT('Ctrl Pts',(8.64294919243116,-5.97022772797746E-15,
-5.12499999999998));
#1660=CARTESIAN_POINT('Ctrl Pts',(8.67752439432334,-0.76353164693414,-5.28645833333333));
#1661=CARTESIAN_POINT('Ctrl Pts',(8.98221189432337,-0.58762023679041,-5.08333333333331));
#1662=CARTESIAN_POINT('Ctrl Pts',(9.11834959621556,-1.52706329386827,-5.24479166666667));
#1663=CARTESIAN_POINT('Ctrl Pts',(9.32147459621558,-1.17524047358081,-5.04166666666664));
#1664=CARTESIAN_POINT('Ctrl Pts',(10.,-1.52706329386828,-5.203125));
#1665=CARTESIAN_POINT('Ctrl Pts',(10.,-1.17524047358081,-4.99999999999998));
#1666=CARTESIAN_POINT('Ctrl Pts',(10.8816504037844,-1.52706329386828,-5.16145833333333));
#1667=CARTESIAN_POINT('Ctrl Pts',(10.6785254037844,-1.17524047358081,-4.95833333333331));
#1668=CARTESIAN_POINT('Ctrl Pts',(11.3224756056767,-0.763531646934141,-5.11979166666667));
#1669=CARTESIAN_POINT('Ctrl Pts',(11.0177881056766,-0.58762023679041,-4.91666666666664));
#1670=CARTESIAN_POINT('Ctrl Pts',(11.7633008075689,-6.37436596191892E-15,
-5.078125));
#1671=CARTESIAN_POINT('Ctrl Pts',(11.3570508075688,-6.28730122854203E-15,
-4.87499999999998));
#1672=CARTESIAN_POINT('Ctrl Pts',(11.3224756056767,0.763531646934127,-5.03645833333333));
#1673=CARTESIAN_POINT('Ctrl Pts',(11.0177881056766,0.587620236790397,-4.83333333333331));
#1674=CARTESIAN_POINT('Ctrl Pts',(10.8816504037844,1.52706329386826,-4.99479166666666));
#1675=CARTESIAN_POINT('Ctrl Pts',(10.6785254037844,1.1752404735808,-4.79166666666665));
#1676=CARTESIAN_POINT('Ctrl Pts',(10.,1.52706329386826,-4.953125));
#1677=CARTESIAN_POINT('Ctrl Pts',(10.,1.1752404735808,-4.74999999999998));
#1678=CARTESIAN_POINT('Ctrl Pts',(9.11834959621556,1.52706329386826,-4.91145833333333));
#1679=CARTESIAN_POINT('Ctrl Pts',(9.32147459621558,1.1752404735808,-4.70833333333331));
#1680=CARTESIAN_POINT('Ctrl Pts',(8.67752439432334,0.763531646934129,-4.86979166666666));
#1681=CARTESIAN_POINT('Ctrl Pts',(8.98221189432337,0.587620236790398,-4.66666666666664));
#1682=CARTESIAN_POINT('Ctrl Pts',(8.23669919243112,-5.92717373894494E-15,
-4.828125));
#1683=CARTESIAN_POINT('Ctrl Pts',(8.64294919243116,-5.93961155799878E-15,
-4.62499999999998));
#1684=CARTESIAN_POINT('Ctrl Pts',(8.67752439432334,-0.76353164693414,-4.78645833333333));
#1685=CARTESIAN_POINT('Ctrl Pts',(8.98221189432337,-0.58762023679041,-4.58333333333331));
#1686=CARTESIAN_POINT('Ctrl Pts',(9.11834959621556,-1.52706329386827,-4.74479166666667));
#1687=CARTESIAN_POINT('Ctrl Pts',(9.32147459621558,-1.17524047358081,-4.54166666666665));
#1688=CARTESIAN_POINT('Ctrl Pts',(10.,-1.52706329386828,-4.703125));
#1689=CARTESIAN_POINT('Ctrl Pts',(10.,-1.17524047358081,-4.49999999999998));
#1690=CARTESIAN_POINT('Ctrl Pts',(10.8816504037844,-1.52706329386828,-4.66145833333333));
#1691=CARTESIAN_POINT('Ctrl Pts',(10.6785254037844,-1.17524047358081,-4.45833333333331));
#1692=CARTESIAN_POINT('Ctrl Pts',(11.3224756056767,-0.763531646934141,-4.61979166666666));
#1693=CARTESIAN_POINT('Ctrl Pts',(11.0177881056766,-0.58762023679041,-4.41666666666665));
#1694=CARTESIAN_POINT('Ctrl Pts',(11.7633008075689,-6.34374979194023E-15,
-4.578125));
#1695=CARTESIAN_POINT('Ctrl Pts',(11.3570508075688,-6.25668505856334E-15,
-4.37499999999998));
#1696=CARTESIAN_POINT('Ctrl Pts',(11.3224756056767,0.763531646934127,-4.53645833333333));
#1697=CARTESIAN_POINT('Ctrl Pts',(11.0177881056766,0.587620236790397,-4.33333333333331));
#1698=CARTESIAN_POINT('Ctrl Pts',(10.8816504037844,1.52706329386826,-4.49479166666666));
#1699=CARTESIAN_POINT('Ctrl Pts',(10.6785254037844,1.1752404735808,-4.29166666666664));
#1700=CARTESIAN_POINT('Ctrl Pts',(10.,1.52706329386826,-4.453125));
#1701=CARTESIAN_POINT('Ctrl Pts',(10.,1.1752404735808,-4.24999999999998));
#1702=CARTESIAN_POINT('Ctrl Pts',(9.11834959621556,1.52706329386826,-4.41145833333333));
#1703=CARTESIAN_POINT('Ctrl Pts',(9.32147459621558,1.1752404735808,-4.20833333333331));
#1704=CARTESIAN_POINT('Ctrl Pts',(8.67752439432334,0.763531646934129,-4.36979166666667));
#1705=CARTESIAN_POINT('Ctrl Pts',(8.98221189432337,0.587620236790398,-4.16666666666665));
#1706=CARTESIAN_POINT('Ctrl Pts',(8.23669919243112,-5.89655756896626E-15,
-4.328125));
#1707=CARTESIAN_POINT('Ctrl Pts',(8.64294919243116,-5.9089953880201E-15,
-4.12499999999998));
#1708=CARTESIAN_POINT('Ctrl Pts',(8.67752439432334,-0.76353164693414,-4.28645833333333));
#1709=CARTESIAN_POINT('Ctrl Pts',(8.98221189432337,-0.58762023679041,-4.08333333333331));
#1710=CARTESIAN_POINT('Ctrl Pts',(9.11834959621556,-1.52706329386827,-4.24479166666666));
#1711=CARTESIAN_POINT('Ctrl Pts',(9.32147459621558,-1.17524047358081,-4.04166666666664));
#1712=CARTESIAN_POINT('Ctrl Pts',(10.,-1.52706329386828,-4.203125));
#1713=CARTESIAN_POINT('Ctrl Pts',(10.,-1.17524047358081,-3.99999999999998));
#1714=CARTESIAN_POINT('Ctrl Pts',(10.8816504037844,-1.52706329386828,-4.16145833333333));
#1715=CARTESIAN_POINT('Ctrl Pts',(10.6785254037844,-1.17524047358081,-3.95833333333331));
#1716=CARTESIAN_POINT('Ctrl Pts',(11.3224756056767,-0.763531646934141,-4.11979166666666));
#1717=CARTESIAN_POINT('Ctrl Pts',(11.0177881056766,-0.58762023679041,-3.91666666666665));
#1718=CARTESIAN_POINT('Ctrl Pts',(11.7633008075689,-6.31313362196155E-15,
-4.078125));
#1719=CARTESIAN_POINT('Ctrl Pts',(11.3570508075688,-6.22606888858466E-15,
-3.87499999999998));
#1720=CARTESIAN_POINT('Ctrl Pts',(11.3224756056767,0.763531646934127,-4.03645833333333));
#1721=CARTESIAN_POINT('Ctrl Pts',(11.0177881056766,0.587620236790397,-3.83333333333331));
#1722=CARTESIAN_POINT('Ctrl Pts',(10.8816504037844,1.52706329386826,-3.99479166666666));
#1723=CARTESIAN_POINT('Ctrl Pts',(10.6785254037844,1.1752404735808,-3.79166666666665));
#1724=CARTESIAN_POINT('Ctrl Pts',(10.,1.52706329386826,-3.953125));
#1725=CARTESIAN_POINT('Ctrl Pts',(10.,1.1752404735808,-3.74999999999998));
#1726=CARTESIAN_POINT('Ctrl Pts',(9.11834959621556,1.52706329386826,-3.91145833333333));
#1727=CARTESIAN_POINT('Ctrl Pts',(9.32147459621558,1.1752404735808,-3.70833333333331));
#1728=CARTESIAN_POINT('Ctrl Pts',(8.67752439432334,0.763531646934129,-3.86979166666666));
#1729=CARTESIAN_POINT('Ctrl Pts',(8.98221189432337,0.587620236790398,-3.66666666666664));
#1730=CARTESIAN_POINT('Ctrl Pts',(8.23669919243112,-5.86594139898757E-15,
-3.828125));
#1731=CARTESIAN_POINT('Ctrl Pts',(8.64294919243116,-5.87837921804141E-15,
-3.62499999999998));
#1732=CARTESIAN_POINT('Ctrl Pts',(8.67752439432334,-0.76353164693414,-3.78645833333333));
#1733=CARTESIAN_POINT('Ctrl Pts',(8.98221189432337,-0.58762023679041,-3.58333333333331));
#1734=CARTESIAN_POINT('Ctrl Pts',(9.11834959621556,-1.52706329386827,-3.74479166666666));
#1735=CARTESIAN_POINT('Ctrl Pts',(9.32147459621558,-1.17524047358081,-3.54166666666664));
#1736=CARTESIAN_POINT('Ctrl Pts',(10.,-1.52706329386828,-3.703125));
#1737=CARTESIAN_POINT('Ctrl Pts',(10.,-1.17524047358081,-3.49999999999998));
#1738=CARTESIAN_POINT('Ctrl Pts',(10.8816504037844,-1.52706329386828,-3.66145833333333));
#1739=CARTESIAN_POINT('Ctrl Pts',(10.6785254037844,-1.17524047358081,-3.45833333333331));
#1740=CARTESIAN_POINT('Ctrl Pts',(11.3224756056767,-0.763531646934141,-3.61979166666666));
#1741=CARTESIAN_POINT('Ctrl Pts',(11.0177881056766,-0.58762023679041,-3.41666666666664));
#1742=CARTESIAN_POINT('Ctrl Pts',(11.7633008075689,-6.28251745198286E-15,
-3.578125));
#1743=CARTESIAN_POINT('Ctrl Pts',(11.3570508075688,-6.19545271860597E-15,
-3.37499999999998));
#1744=CARTESIAN_POINT('Ctrl Pts',(11.3224756056767,0.763531646934127,-3.53645833333333));
#1745=CARTESIAN_POINT('Ctrl Pts',(11.0177881056766,0.587620236790397,-3.33333333333331));
#1746=CARTESIAN_POINT('Ctrl Pts',(10.8816504037844,1.52706329386826,-3.49479166666667));
#1747=CARTESIAN_POINT('Ctrl Pts',(10.6785254037844,1.1752404735808,-3.29166666666664));
#1748=CARTESIAN_POINT('Ctrl Pts',(10.,1.52706329386826,-3.453125));
#1749=CARTESIAN_POINT('Ctrl Pts',(10.,1.1752404735808,-3.24999999999998));
#1750=CARTESIAN_POINT('Ctrl Pts',(9.11834959621556,1.52706329386826,-3.41145833333333));
#1751=CARTESIAN_POINT('Ctrl Pts',(9.32147459621558,1.1752404735808,-3.20833333333331));
#1752=CARTESIAN_POINT('Ctrl Pts',(8.67752439432334,0.763531646934129,-3.36979166666667));
#1753=CARTESIAN_POINT('Ctrl Pts',(8.98221189432337,0.587620236790398,-3.16666666666665));
#1754=CARTESIAN_POINT('Ctrl Pts',(8.23669919243112,-5.83532522900889E-15,
-3.328125));
#1755=CARTESIAN_POINT('Ctrl Pts',(8.64294919243116,-5.84776304806273E-15,
-3.12499999999998));
#1756=CARTESIAN_POINT('Ctrl Pts',(8.67752439432334,-0.76353164693414,-3.28645833333333));
#1757=CARTESIAN_POINT('Ctrl Pts',(8.98221189432337,-0.58762023679041,-3.08333333333331));
#1758=CARTESIAN_POINT('Ctrl Pts',(9.11834959621556,-1.52706329386827,-3.24479166666666));
#1759=CARTESIAN_POINT('Ctrl Pts',(9.32147459621558,-1.17524047358081,-3.04166666666665));
#1760=CARTESIAN_POINT('Ctrl Pts',(10.,-1.52706329386828,-3.203125));
#1761=CARTESIAN_POINT('Ctrl Pts',(10.,-1.17524047358081,-2.99999999999998));
#1762=CARTESIAN_POINT('Ctrl Pts',(10.8816504037844,-1.52706329386828,-3.16145833333333));
#1763=CARTESIAN_POINT('Ctrl Pts',(10.6785254037844,-1.17524047358081,-2.95833333333331));
#1764=CARTESIAN_POINT('Ctrl Pts',(11.3224756056767,-0.763531646934141,-3.11979166666666));
#1765=CARTESIAN_POINT('Ctrl Pts',(11.0177881056766,-0.58762023679041,-2.91666666666665));
#1766=CARTESIAN_POINT('Ctrl Pts',(11.7633008075689,-6.25190128200418E-15,
-3.078125));
#1767=CARTESIAN_POINT('Ctrl Pts',(11.3570508075688,-6.16483654862729E-15,
-2.87499999999998));
#1768=CARTESIAN_POINT('Ctrl Pts',(11.3224756056767,0.763531646934127,-3.03645833333333));
#1769=CARTESIAN_POINT('Ctrl Pts',(11.0177881056766,0.587620236790397,-2.83333333333331));
#1770=CARTESIAN_POINT('Ctrl Pts',(10.8816504037844,1.52706329386826,-2.99479166666666));
#1771=CARTESIAN_POINT('Ctrl Pts',(10.6785254037844,1.1752404735808,-2.79166666666664));
#1772=CARTESIAN_POINT('Ctrl Pts',(10.,1.52706329386826,-2.953125));
#1773=CARTESIAN_POINT('Ctrl Pts',(10.,1.1752404735808,-2.74999999999998));
#1774=CARTESIAN_POINT('Ctrl Pts',(9.11834959621556,1.52706329386826,-2.91145833333333));
#1775=CARTESIAN_POINT('Ctrl Pts',(9.32147459621558,1.1752404735808,-2.70833333333331));
#1776=CARTESIAN_POINT('Ctrl Pts',(8.67752439432334,0.763531646934129,-2.86979166666666));
#1777=CARTESIAN_POINT('Ctrl Pts',(8.98221189432337,0.587620236790398,-2.66666666666664));
#1778=CARTESIAN_POINT('Ctrl Pts',(8.23669919243112,-5.8047090590302E-15,
-2.828125));
#1779=CARTESIAN_POINT('Ctrl Pts',(8.64294919243116,-5.81714687808404E-15,
-2.62499999999998));
#1780=CARTESIAN_POINT('Ctrl Pts',(8.67752439432334,-0.76353164693414,-2.78645833333333));
#1781=CARTESIAN_POINT('Ctrl Pts',(8.98221189432337,-0.587620236790409,-2.58333333333331));
#1782=CARTESIAN_POINT('Ctrl Pts',(9.11834959621556,-1.52706329386827,-2.74479166666666));
#1783=CARTESIAN_POINT('Ctrl Pts',(9.32147459621558,-1.17524047358081,-2.54166666666665));
#1784=CARTESIAN_POINT('Ctrl Pts',(10.,-1.52706329386828,-2.703125));
#1785=CARTESIAN_POINT('Ctrl Pts',(10.,-1.17524047358081,-2.49999999999998));
#1786=CARTESIAN_POINT('Ctrl Pts',(10.8816504037844,-1.52706329386828,-2.66145833333333));
#1787=CARTESIAN_POINT('Ctrl Pts',(10.6785254037844,-1.17524047358081,-2.45833333333331));
#1788=CARTESIAN_POINT('Ctrl Pts',(11.3224756056767,-0.763531646934141,-2.61979166666666));
#1789=CARTESIAN_POINT('Ctrl Pts',(11.0177881056766,-0.58762023679041,-2.41666666666665));
#1790=CARTESIAN_POINT('Ctrl Pts',(11.7633008075689,-6.22128511202549E-15,
-2.578125));
#1791=CARTESIAN_POINT('Ctrl Pts',(11.3570508075688,-6.13422037864861E-15,
-2.37499999999998));
#1792=CARTESIAN_POINT('Ctrl Pts',(11.3224756056767,0.763531646934128,-2.53645833333333));
#1793=CARTESIAN_POINT('Ctrl Pts',(11.0177881056766,0.587620236790397,-2.33333333333331));
#1794=CARTESIAN_POINT('Ctrl Pts',(10.8816504037844,1.52706329386826,-2.49479166666667));
#1795=CARTESIAN_POINT('Ctrl Pts',(10.6785254037844,1.1752404735808,-2.29166666666664));
#1796=CARTESIAN_POINT('Ctrl Pts',(10.,1.52706329386826,-2.453125));
#1797=CARTESIAN_POINT('Ctrl Pts',(10.,1.1752404735808,-2.24999999999998));
#1798=CARTESIAN_POINT('Ctrl Pts',(9.11834959621556,1.52706329386826,-2.41145833333333));
#1799=CARTESIAN_POINT('Ctrl Pts',(9.32147459621558,1.1752404735808,-2.20833333333331));
#1800=CARTESIAN_POINT('Ctrl Pts',(8.67752439432334,0.763531646934129,-2.36979166666666));
#1801=CARTESIAN_POINT('Ctrl Pts',(8.98221189432337,0.587620236790398,-2.16666666666665));
#1802=CARTESIAN_POINT('Ctrl Pts',(8.23669919243112,-5.77409288905152E-15,
-2.328125));
#1803=CARTESIAN_POINT('Ctrl Pts',(8.64294919243116,-5.78653070810536E-15,
-2.12499999999998));
#1804=CARTESIAN_POINT('Ctrl Pts',(8.67752439432334,-0.76353164693414,-2.28645833333333));
#1805=CARTESIAN_POINT('Ctrl Pts',(8.98221189432337,-0.587620236790409,-2.08333333333331));
#1806=CARTESIAN_POINT('Ctrl Pts',(9.11834959621556,-1.52706329386827,-2.24479166666666));
#1807=CARTESIAN_POINT('Ctrl Pts',(9.32147459621558,-1.17524047358081,-2.04166666666664));
#1808=CARTESIAN_POINT('Ctrl Pts',(10.,-1.52706329386828,-2.203125));
#1809=CARTESIAN_POINT('Ctrl Pts',(10.,-1.17524047358081,-1.99999999999998));
#1810=CARTESIAN_POINT('Ctrl Pts',(10.8816504037844,-1.52706329386828,-2.16145833333333));
#1811=CARTESIAN_POINT('Ctrl Pts',(10.6785254037844,-1.17524047358081,-1.95833333333331));
#1812=CARTESIAN_POINT('Ctrl Pts',(11.3224756056767,-0.763531646934141,-2.11979166666666));
#1813=CARTESIAN_POINT('Ctrl Pts',(11.0177881056766,-0.58762023679041,-1.91666666666664));
#1814=CARTESIAN_POINT('Ctrl Pts',(11.7633008075689,-6.19066894204681E-15,
-2.078125));
#1815=CARTESIAN_POINT('Ctrl Pts',(11.3570508075688,-6.10360420866992E-15,
-1.87499999999998));
#1816=CARTESIAN_POINT('Ctrl Pts',(11.3224756056767,0.763531646934128,-2.03645833333333));
#1817=CARTESIAN_POINT('Ctrl Pts',(11.0177881056766,0.587620236790397,-1.83333333333331));
#1818=CARTESIAN_POINT('Ctrl Pts',(10.8816504037844,1.52706329386826,-1.99479166666666));
#1819=CARTESIAN_POINT('Ctrl Pts',(10.6785254037844,1.1752404735808,-1.79166666666665));
#1820=CARTESIAN_POINT('Ctrl Pts',(10.,1.52706329386826,-1.953125));
#1821=CARTESIAN_POINT('Ctrl Pts',(10.,1.1752404735808,-1.74999999999998));
#1822=CARTESIAN_POINT('Ctrl Pts',(9.11834959621556,1.52706329386826,-1.91145833333333));
#1823=CARTESIAN_POINT('Ctrl Pts',(9.32147459621558,1.1752404735808,-1.70833333333331));
#1824=CARTESIAN_POINT('Ctrl Pts',(8.67752439432334,0.763531646934129,-1.86979166666666));
#1825=CARTESIAN_POINT('Ctrl Pts',(8.98221189432337,0.587620236790398,-1.66666666666664));
#1826=CARTESIAN_POINT('Ctrl Pts',(8.23669919243112,-5.74347671907284E-15,
-1.828125));
#1827=CARTESIAN_POINT('Ctrl Pts',(8.64294919243116,-5.75591453812668E-15,
-1.62499999999998));
#1828=CARTESIAN_POINT('Ctrl Pts',(8.67752439432334,-0.76353164693414,-1.78645833333333));
#1829=CARTESIAN_POINT('Ctrl Pts',(8.98221189432337,-0.587620236790409,-1.58333333333331));
#1830=CARTESIAN_POINT('Ctrl Pts',(9.11834959621556,-1.52706329386827,-1.74479166666666));
#1831=CARTESIAN_POINT('Ctrl Pts',(9.32147459621558,-1.17524047358081,-1.54166666666665));
#1832=CARTESIAN_POINT('Ctrl Pts',(10.,-1.52706329386828,-1.703125));
#1833=CARTESIAN_POINT('Ctrl Pts',(10.,-1.17524047358081,-1.49999999999998));
#1834=CARTESIAN_POINT('Ctrl Pts',(10.8816504037844,-1.52706329386828,-1.66145833333333));
#1835=CARTESIAN_POINT('Ctrl Pts',(10.6785254037844,-1.17524047358081,-1.45833333333331));
#1836=CARTESIAN_POINT('Ctrl Pts',(11.3224756056767,-0.763531646934141,-1.61979166666666));
#1837=CARTESIAN_POINT('Ctrl Pts',(11.0177881056766,-0.58762023679041,-1.41666666666665));
#1838=CARTESIAN_POINT('Ctrl Pts',(11.7633008075689,-6.16005277206813E-15,
-1.578125));
#1839=CARTESIAN_POINT('Ctrl Pts',(11.3570508075688,-6.07298803869124E-15,
-1.37499999999998));
#1840=CARTESIAN_POINT('Ctrl Pts',(11.3224756056767,0.763531646934128,-1.53645833333333));
#1841=CARTESIAN_POINT('Ctrl Pts',(11.0177881056766,0.587620236790397,-1.33333333333331));
#1842=CARTESIAN_POINT('Ctrl Pts',(10.8816504037844,1.52706329386826,-1.49479166666667));
#1843=CARTESIAN_POINT('Ctrl Pts',(10.6785254037844,1.1752404735808,-1.29166666666665));
#1844=CARTESIAN_POINT('Ctrl Pts',(10.,1.52706329386826,-1.453125));
#1845=CARTESIAN_POINT('Ctrl Pts',(10.,1.1752404735808,-1.24999999999998));
#1846=CARTESIAN_POINT('Ctrl Pts',(9.11834959621556,1.52706329386826,-1.41145833333333));
#1847=CARTESIAN_POINT('Ctrl Pts',(9.32147459621558,1.1752404735808,-1.20833333333331));
#1848=CARTESIAN_POINT('Ctrl Pts',(8.67752439432334,0.763531646934129,-1.36979166666666));
#1849=CARTESIAN_POINT('Ctrl Pts',(8.98221189432337,0.587620236790398,-1.16666666666665));
#1850=CARTESIAN_POINT('Ctrl Pts',(8.23669919243112,-5.71286054909415E-15,
-1.328125));
#1851=CARTESIAN_POINT('Ctrl Pts',(8.64294919243116,-5.72529836814799E-15,
-1.12499999999998));
#1852=CARTESIAN_POINT('Ctrl Pts',(8.67752439432334,-0.76353164693414,-1.28645833333333));
#1853=CARTESIAN_POINT('Ctrl Pts',(8.98221189432337,-0.587620236790409,-1.08333333333331));
#1854=CARTESIAN_POINT('Ctrl Pts',(9.11834959621556,-1.52706329386827,-1.24479166666666));
#1855=CARTESIAN_POINT('Ctrl Pts',(9.32147459621558,-1.17524047358081,-1.04166666666665));
#1856=CARTESIAN_POINT('Ctrl Pts',(10.,-1.52706329386828,-1.203125));
#1857=CARTESIAN_POINT('Ctrl Pts',(10.,-1.17524047358081,-0.999999999999979));
#1858=CARTESIAN_POINT('Ctrl Pts',(10.8816504037844,-1.52706329386828,-1.16145833333333));
#1859=CARTESIAN_POINT('Ctrl Pts',(10.6785254037844,-1.17524047358081,-0.958333333333312));
#1860=CARTESIAN_POINT('Ctrl Pts',(11.3224756056767,-0.763531646934141,-1.11979166666666));
#1861=CARTESIAN_POINT('Ctrl Pts',(11.0177881056766,-0.58762023679041,-0.916666666666645));
#1862=CARTESIAN_POINT('Ctrl Pts',(11.7633008075689,-6.12943660208945E-15,
-1.078125));
#1863=CARTESIAN_POINT('Ctrl Pts',(11.3570508075688,-6.04237186871255E-15,
-0.874999999999979));
#1864=CARTESIAN_POINT('Ctrl Pts',(11.3224756056767,0.763531646934128,-1.03645833333333));
#1865=CARTESIAN_POINT('Ctrl Pts',(11.0177881056766,0.587620236790397,-0.833333333333311));
#1866=CARTESIAN_POINT('Ctrl Pts',(10.8816504037844,1.52706329386826,-0.994791666666665));
#1867=CARTESIAN_POINT('Ctrl Pts',(10.6785254037844,1.1752404735808,-0.791666666666645));
#1868=CARTESIAN_POINT('Ctrl Pts',(10.,1.52706329386826,-0.953124999999998));
#1869=CARTESIAN_POINT('Ctrl Pts',(10.,1.1752404735808,-0.749999999999979));
#1870=CARTESIAN_POINT('Ctrl Pts',(9.11834959621556,1.52706329386826,-0.911458333333331));
#1871=CARTESIAN_POINT('Ctrl Pts',(9.32147459621558,1.1752404735808,-0.708333333333311));
#1872=CARTESIAN_POINT('Ctrl Pts',(8.67752439432334,0.763531646934129,-0.869791666666665));
#1873=CARTESIAN_POINT('Ctrl Pts',(8.98221189432337,0.587620236790398,-0.666666666666645));
#1874=CARTESIAN_POINT('Ctrl Pts',(8.23669919243112,-5.68224437911547E-15,
-0.828124999999998));
#1875=CARTESIAN_POINT('Ctrl Pts',(8.64294919243116,-5.69468219816931E-15,
-0.624999999999979));
#1876=CARTESIAN_POINT('Ctrl Pts',(8.67752439432334,-0.76353164693414,-0.786458333333332));
#1877=CARTESIAN_POINT('Ctrl Pts',(8.98221189432337,-0.587620236790409,-0.583333333333312));
#1878=CARTESIAN_POINT('Ctrl Pts',(9.11834959621556,-1.52706329386827,-0.744791666666665));
#1879=CARTESIAN_POINT('Ctrl Pts',(9.32147459621558,-1.17524047358081,-0.541666666666645));
#1880=CARTESIAN_POINT('Ctrl Pts',(10.,-1.52706329386828,-0.703124999999998));
#1881=CARTESIAN_POINT('Ctrl Pts',(10.,-1.17524047358081,-0.499999999999978));
#1882=CARTESIAN_POINT('Ctrl Pts',(10.8816504037844,-1.52706329386828,-0.661458333333332));
#1883=CARTESIAN_POINT('Ctrl Pts',(10.6785254037844,-1.17524047358081,-0.458333333333312));
#1884=CARTESIAN_POINT('Ctrl Pts',(11.3224756056767,-0.763531646934141,-0.619791666666664));
#1885=CARTESIAN_POINT('Ctrl Pts',(11.0177881056766,-0.58762023679041,-0.416666666666645));
#1886=CARTESIAN_POINT('Ctrl Pts',(11.402733395249,-0.624521077691715,-0.612205724322264));
#1887=CARTESIAN_POINT('Ctrl Pts',(11.0795551607845,-0.480636559109726,-0.409080724322244));
#1888=CARTESIAN_POINT('Ctrl Pts',(11.4523325183228,-0.471860741852823,-0.6038749009017));
#1889=CARTESIAN_POINT('Ctrl Pts',(11.1177270539369,-0.363147908764509,-0.40074990090168));
#1890=CARTESIAN_POINT('Ctrl Pts',(11.5959124671629,-0.0299383478415521,
-0.579758764841407));
#1891=CARTESIAN_POINT('Ctrl Pts',(11.2282273637466,-0.0230407987912581,
-0.376633764841388));
#1892=CARTESIAN_POINT('Ctrl Pts',(11.7394924160029,0.411984046169719,-0.555642628781115));
#1893=CARTESIAN_POINT('Ctrl Pts',(11.3387276735563,0.317066311181993,-0.352517628781095));
#1894=CARTESIAN_POINT('Ctrl Pts',(9.99999999999998,-1.17524047358085,-5.));
#1895=CARTESIAN_POINT('Ctrl Pts',(10.6785254037865,-1.17524047357737,-4.95833333333308));
#1896=CARTESIAN_POINT('Ctrl Pts',(11.0177881056767,-0.587620236790428,-4.91666666666667));
#1897=CARTESIAN_POINT('Ctrl Pts',(11.3570508075689,-5.99520433297585E-15,
-4.875));
#1898=CARTESIAN_POINT('Ctrl Pts',(11.0177881056767,0.587620236790415,-4.83333333333333));
#1899=CARTESIAN_POINT('Ctrl Pts',(10.6785254037844,1.17524047358084,-4.79166666666667));
#1900=CARTESIAN_POINT('Ctrl Pts',(10.,1.17524047358084,-4.75));
#1901=CARTESIAN_POINT('Ctrl Pts',(9.32147459621556,1.17524047358084,-4.70833333333333));
#1902=CARTESIAN_POINT('Ctrl Pts',(8.98221189432333,0.587620236790416,-4.66666666666667));
#1903=CARTESIAN_POINT('Ctrl Pts',(8.64294919243111,-5.77315972805081E-15,
-4.625));
#1904=CARTESIAN_POINT('Ctrl Pts',(8.98221189432333,-0.587620236790427,-4.58333333333333));
#1905=CARTESIAN_POINT('Ctrl Pts',(9.32147459621556,-1.17524047358085,-4.54166666666667));
#1906=CARTESIAN_POINT('Ctrl Pts',(10.,-1.17524047358085,-4.5));
#1907=CARTESIAN_POINT('Ctrl Pts',(10.6785254037844,-1.17524047358085,-4.45833333333333));
#1908=CARTESIAN_POINT('Ctrl Pts',(11.0177881056767,-0.587620236790428,-4.41666666666667));
#1909=CARTESIAN_POINT('Ctrl Pts',(11.3570508075689,-5.99520433297585E-15,
-4.375));
#1910=CARTESIAN_POINT('Ctrl Pts',(11.0177881056767,0.587620236790415,-4.33333333333333));
#1911=CARTESIAN_POINT('Ctrl Pts',(10.6785254037844,1.17524047358084,-4.29166666666667));
#1912=CARTESIAN_POINT('Ctrl Pts',(10.,1.17524047358084,-4.25));
#1913=CARTESIAN_POINT('Ctrl Pts',(9.32147459621556,1.17524047358084,-4.20833333333333));
#1914=CARTESIAN_POINT('Ctrl Pts',(8.98221189432333,0.587620236790416,-4.16666666666667));
#1915=CARTESIAN_POINT('Ctrl Pts',(8.64294919243111,-5.6621374255883E-15,
-4.125));
#1916=CARTESIAN_POINT('Ctrl Pts',(8.98221189432333,-0.587620236790427,-4.08333333333333));
#1917=CARTESIAN_POINT('Ctrl Pts',(9.32147459621556,-1.17524047358085,-4.04166666666667));
#1918=CARTESIAN_POINT('Ctrl Pts',(10.,-1.17524047358085,-4.));
#1919=CARTESIAN_POINT('Ctrl Pts',(10.6785254037844,-1.17524047358085,-3.95833333333333));
#1920=CARTESIAN_POINT('Ctrl Pts',(11.0177881056767,-0.587620236790428,-3.91666666666667));
#1921=CARTESIAN_POINT('Ctrl Pts',(11.3570508075689,-6.21724893790088E-15,
-3.875));
#1922=CARTESIAN_POINT('Ctrl Pts',(11.0177881056767,0.587620236790415,-3.83333333333333));
#1923=CARTESIAN_POINT('Ctrl Pts',(10.6785254037844,1.17524047358084,-3.79166666666667));
#1924=CARTESIAN_POINT('Ctrl Pts',(10.,1.17524047358084,-3.75));
#1925=CARTESIAN_POINT('Ctrl Pts',(9.32147459621556,1.17524047358084,-3.70833333333333));
#1926=CARTESIAN_POINT('Ctrl Pts',(8.98221189432334,0.587620236790416,-3.66666666666667));
#1927=CARTESIAN_POINT('Ctrl Pts',(8.64294919243111,-5.77315972805081E-15,
-3.625));
#1928=CARTESIAN_POINT('Ctrl Pts',(8.98221189432333,-0.587620236790427,-3.58333333333333));
#1929=CARTESIAN_POINT('Ctrl Pts',(9.32147459621556,-1.17524047358085,-3.54166666666667));
#1930=CARTESIAN_POINT('Ctrl Pts',(10.,-1.17524047358085,-3.5));
#1931=CARTESIAN_POINT('Ctrl Pts',(10.6785254037844,-1.17524047358085,-3.45833333333333));
#1932=CARTESIAN_POINT('Ctrl Pts',(11.0177881056767,-0.587620236790428,-3.41666666666667));
#1933=CARTESIAN_POINT('Ctrl Pts',(11.3570508075689,-5.99520433297585E-15,
-3.375));
#1934=CARTESIAN_POINT('Ctrl Pts',(11.0177881056767,0.587620236790415,-3.33333333333333));
#1935=CARTESIAN_POINT('Ctrl Pts',(10.6785254037844,1.17524047358084,-3.29166666666667));
#1936=CARTESIAN_POINT('Ctrl Pts',(10.,1.17524047358084,-3.25));
#1937=CARTESIAN_POINT('Ctrl Pts',(9.32147459621556,1.17524047358084,-3.20833333333333));
#1938=CARTESIAN_POINT('Ctrl Pts',(8.98221189432333,0.587620236790416,-3.16666666666667));
#1939=CARTESIAN_POINT('Ctrl Pts',(8.64294919243111,-5.77315972805081E-15,
-3.125));
#1940=CARTESIAN_POINT('Ctrl Pts',(8.98221189432333,-0.587620236790427,-3.08333333333333));
#1941=CARTESIAN_POINT('Ctrl Pts',(9.32147459621556,-1.17524047358085,-3.04166666666667));
#1942=CARTESIAN_POINT('Ctrl Pts',(10.,-1.17524047358085,-3.));
#1943=CARTESIAN_POINT('Ctrl Pts',(10.6785254037844,-1.17524047358085,-2.95833333333333));
#1944=CARTESIAN_POINT('Ctrl Pts',(11.0177881056767,-0.587620236790428,-2.91666666666667));
#1945=CARTESIAN_POINT('Ctrl Pts',(11.3570508075689,-5.99520433297585E-15,
-2.875));
#1946=CARTESIAN_POINT('Ctrl Pts',(11.0177881056767,0.587620236790415,-2.83333333333333));
#1947=CARTESIAN_POINT('Ctrl Pts',(10.6785254037844,1.17524047358084,-2.79166666666667));
#1948=CARTESIAN_POINT('Ctrl Pts',(10.,1.17524047358084,-2.75));
#1949=CARTESIAN_POINT('Ctrl Pts',(9.32147459621556,1.17524047358084,-2.70833333333333));
#1950=CARTESIAN_POINT('Ctrl Pts',(8.98221189432333,0.587620236790416,-2.66666666666667));
#1951=CARTESIAN_POINT('Ctrl Pts',(8.64294919243111,-5.77315972805081E-15,
-2.625));
#1952=CARTESIAN_POINT('Ctrl Pts',(8.98221189432333,-0.587620236790427,-2.58333333333333));
#1953=CARTESIAN_POINT('Ctrl Pts',(9.32147459621556,-1.17524047358085,-2.54166666666667));
#1954=CARTESIAN_POINT('Ctrl Pts',(10.,-1.17524047358085,-2.5));
#1955=CARTESIAN_POINT('Ctrl Pts',(10.6785254037844,-1.17524047358085,-2.45833333333333));
#1956=CARTESIAN_POINT('Ctrl Pts',(11.0177881056767,-0.587620236790428,-2.41666666666667));
#1957=CARTESIAN_POINT('Ctrl Pts',(11.3570508075689,-5.99520433297585E-15,
-2.375));
#1958=CARTESIAN_POINT('Ctrl Pts',(11.0177881056767,0.587620236790415,-2.33333333333333));
#1959=CARTESIAN_POINT('Ctrl Pts',(10.6785254037844,1.17524047358084,-2.29166666666667));
#1960=CARTESIAN_POINT('Ctrl Pts',(10.,1.17524047358084,-2.25));
#1961=CARTESIAN_POINT('Ctrl Pts',(9.32147459621556,1.17524047358084,-2.20833333333333));
#1962=CARTESIAN_POINT('Ctrl Pts',(8.98221189432334,0.587620236790416,-2.16666666666667));
#1963=CARTESIAN_POINT('Ctrl Pts',(8.64294919243111,-5.77315972805081E-15,
-2.125));
#1964=CARTESIAN_POINT('Ctrl Pts',(8.98221189432334,-0.587620236790427,-2.08333333333333));
#1965=CARTESIAN_POINT('Ctrl Pts',(9.32147459621556,-1.17524047358085,-2.04166666666667));
#1966=CARTESIAN_POINT('Ctrl Pts',(10.,-1.17524047358085,-2.));
#1967=CARTESIAN_POINT('Ctrl Pts',(10.6785254037844,-1.17524047358085,-1.95833333333333));
#1968=CARTESIAN_POINT('Ctrl Pts',(11.0177881056767,-0.587620236790428,-1.91666666666667));
#1969=CARTESIAN_POINT('Ctrl Pts',(11.3570508075689,-5.99520433297585E-15,
-1.875));
#1970=CARTESIAN_POINT('Ctrl Pts',(11.0177881056767,0.587620236790415,-1.83333333333333));
#1971=CARTESIAN_POINT('Ctrl Pts',(10.6785254037844,1.17524047358084,-1.79166666666667));
#1972=CARTESIAN_POINT('Ctrl Pts',(10.,1.17524047358084,-1.75));
#1973=CARTESIAN_POINT('Ctrl Pts',(9.32147459621556,1.17524047358084,-1.70833333333333));
#1974=CARTESIAN_POINT('Ctrl Pts',(8.98221189432333,0.587620236790416,-1.66666666666667));
#1975=CARTESIAN_POINT('Ctrl Pts',(8.64294919243111,-5.77315972805081E-15,
-1.625));
#1976=CARTESIAN_POINT('Ctrl Pts',(8.98221189432334,-0.587620236790427,-1.58333333333333));
#1977=CARTESIAN_POINT('Ctrl Pts',(9.32147459621556,-1.17524047358085,-1.54166666666667));
#1978=CARTESIAN_POINT('Ctrl Pts',(10.,-1.17524047358085,-1.5));
#1979=CARTESIAN_POINT('Ctrl Pts',(10.6785254037844,-1.17524047358085,-1.45833333333333));
#1980=CARTESIAN_POINT('Ctrl Pts',(11.0177881056767,-0.587620236790428,-1.41666666666667));
#1981=CARTESIAN_POINT('Ctrl Pts',(11.3570508075689,-5.99520433297585E-15,
-1.375));
#1982=CARTESIAN_POINT('Ctrl Pts',(11.0177881056767,0.587620236790415,-1.33333333333333));
#1983=CARTESIAN_POINT('Ctrl Pts',(10.6785254037844,1.17524047358084,-1.29166666666667));
#1984=CARTESIAN_POINT('Ctrl Pts',(10.,1.17524047358084,-1.25));
#1985=CARTESIAN_POINT('Ctrl Pts',(9.32147459621556,1.17524047358084,-1.20833333333333));
#1986=CARTESIAN_POINT('Ctrl Pts',(8.98221189432334,0.587620236790415,-1.16666666666667));
#1987=CARTESIAN_POINT('Ctrl Pts',(8.64294919243111,-5.6621374255883E-15,
-1.125));
#1988=CARTESIAN_POINT('Ctrl Pts',(8.98221189432334,-0.587620236790427,-1.08333333333333));
#1989=CARTESIAN_POINT('Ctrl Pts',(9.32147459621556,-1.17524047358085,-1.04166666666667));
#1990=CARTESIAN_POINT('Ctrl Pts',(10.,-1.17524047358085,-0.999999999999999));
#1991=CARTESIAN_POINT('Ctrl Pts',(10.6785254037844,-1.17524047358085,-0.958333333333332));
#1992=CARTESIAN_POINT('Ctrl Pts',(11.0177881056767,-0.587620236790428,-0.916666666666665));
#1993=CARTESIAN_POINT('Ctrl Pts',(11.3570508075689,-6.0507154842071E-15,
-0.874999999999999));
#1994=CARTESIAN_POINT('Ctrl Pts',(11.0177881056767,0.587620236790415,-0.833333333333332));
#1995=CARTESIAN_POINT('Ctrl Pts',(10.6785254037844,1.17524047358084,-0.791666666666665));
#1996=CARTESIAN_POINT('Ctrl Pts',(10.,1.17524047358084,-0.749999999999999));
#1997=CARTESIAN_POINT('Ctrl Pts',(9.32147459621556,1.17524047358084,-0.708333333333332));
#1998=CARTESIAN_POINT('Ctrl Pts',(8.98221189432334,0.587620236790416,-0.666666666666665));
#1999=CARTESIAN_POINT('Ctrl Pts',(8.72391226141414,0.140232149015294,-0.634943507461357));
#2000=CARTESIAN_POINT('Ctrl Pts',(8.87889204115911,-0.352572142073256,-0.6));
#2001=CARTESIAN_POINT('Ctrl Pts',(10.,1.17524047358084,-5.1875));
#2002=CARTESIAN_POINT('Ctrl Pts',(10.,1.52706329386826,-4.984375));
#2003=CARTESIAN_POINT('Ctrl Pts',(9.32147459621556,1.17524047358084,-5.14583333333333));
#2004=CARTESIAN_POINT('Ctrl Pts',(9.11834959621556,1.52706329386826,-4.94270833333333));
#2005=CARTESIAN_POINT('Ctrl Pts',(8.98221189432333,0.587620236790415,-5.10416666666667));
#2006=CARTESIAN_POINT('Ctrl Pts',(8.67752439432334,0.763531646934129,-4.90104166666666));
#2007=CARTESIAN_POINT('Ctrl Pts',(8.64294919243111,-5.96640070673013E-15,
-5.0625));
#2008=CARTESIAN_POINT('Ctrl Pts',(8.23669919243112,-5.92908724956861E-15,
-4.859375));
#2009=CARTESIAN_POINT('Ctrl Pts',(8.98221189432333,-0.587620236790427,-5.02083333333333));
#2010=CARTESIAN_POINT('Ctrl Pts',(8.67752439432334,-0.76353164693414,-4.81770833333333));
#2011=CARTESIAN_POINT('Ctrl Pts',(9.32147459621556,-1.17524047358085,-4.97916666666667));
#2012=CARTESIAN_POINT('Ctrl Pts',(9.11834959621556,-1.52706329386827,-4.77604166666667));
#2013=CARTESIAN_POINT('Ctrl Pts',(10.,-1.17524047358085,-4.9375));
#2014=CARTESIAN_POINT('Ctrl Pts',(10.,-1.52706329386827,-4.734375));
#2015=CARTESIAN_POINT('Ctrl Pts',(10.6785254037844,-1.17524047358085,-4.89583333333333));
#2016=CARTESIAN_POINT('Ctrl Pts',(10.8816504037844,-1.52706329386828,-4.69270833333333));
#2017=CARTESIAN_POINT('Ctrl Pts',(11.0177881056767,-0.587620236790428,-4.85416666666667));
#2018=CARTESIAN_POINT('Ctrl Pts',(11.3224756056767,-0.763531646934141,-4.65104166666667));
#2019=CARTESIAN_POINT('Ctrl Pts',(11.3570508075689,-6.2834742072947E-15,
-4.8125));
#2020=CARTESIAN_POINT('Ctrl Pts',(11.7633008075689,-6.3456633025639E-15,
-4.609375));
#2021=CARTESIAN_POINT('Ctrl Pts',(11.0177881056767,0.587620236790414,-4.77083333333333));
#2022=CARTESIAN_POINT('Ctrl Pts',(11.3224756056767,0.763531646934127,-4.56770833333333));
#2023=CARTESIAN_POINT('Ctrl Pts',(10.6785254037844,1.17524047358084,-4.72916666666667));
#2024=CARTESIAN_POINT('Ctrl Pts',(10.8816504037844,1.52706329386826,-4.52604166666667));
#2025=CARTESIAN_POINT('Ctrl Pts',(10.,1.17524047358084,-4.6875));
#2026=CARTESIAN_POINT('Ctrl Pts',(10.,1.52706329386826,-4.484375));
#2027=CARTESIAN_POINT('Ctrl Pts',(9.32147459621556,1.17524047358084,-4.64583333333333));
#2028=CARTESIAN_POINT('Ctrl Pts',(9.11834959621556,1.52706329386826,-4.44270833333333));
#2029=CARTESIAN_POINT('Ctrl Pts',(8.98221189432333,0.587620236790415,-4.60416666666666));
#2030=CARTESIAN_POINT('Ctrl Pts',(8.67752439432334,0.763531646934129,-4.40104166666667));
#2031=CARTESIAN_POINT('Ctrl Pts',(8.64294919243111,-5.93578453675144E-15,
-4.5625));
#2032=CARTESIAN_POINT('Ctrl Pts',(8.23669919243112,-5.89847107958992E-15,
-4.359375));
#2033=CARTESIAN_POINT('Ctrl Pts',(8.98221189432333,-0.587620236790427,-4.52083333333333));
#2034=CARTESIAN_POINT('Ctrl Pts',(8.67752439432334,-0.76353164693414,-4.31770833333333));
#2035=CARTESIAN_POINT('Ctrl Pts',(9.32147459621556,-1.17524047358085,-4.47916666666667));
#2036=CARTESIAN_POINT('Ctrl Pts',(9.11834959621556,-1.52706329386827,-4.27604166666667));
#2037=CARTESIAN_POINT('Ctrl Pts',(10.,-1.17524047358085,-4.4375));
#2038=CARTESIAN_POINT('Ctrl Pts',(10.,-1.52706329386827,-4.234375));
#2039=CARTESIAN_POINT('Ctrl Pts',(10.6785254037844,-1.17524047358085,-4.39583333333333));
#2040=CARTESIAN_POINT('Ctrl Pts',(10.8816504037844,-1.52706329386828,-4.19270833333333));
#2041=CARTESIAN_POINT('Ctrl Pts',(11.0177881056767,-0.587620236790428,-4.35416666666667));
#2042=CARTESIAN_POINT('Ctrl Pts',(11.3224756056767,-0.763531646934141,-4.15104166666667));
#2043=CARTESIAN_POINT('Ctrl Pts',(11.3570508075689,-6.25285803731602E-15,
-4.3125));
#2044=CARTESIAN_POINT('Ctrl Pts',(11.7633008075689,-6.31504713258522E-15,
-4.109375));
#2045=CARTESIAN_POINT('Ctrl Pts',(11.0177881056767,0.587620236790415,-4.27083333333333));
#2046=CARTESIAN_POINT('Ctrl Pts',(11.3224756056767,0.763531646934127,-4.06770833333333));
#2047=CARTESIAN_POINT('Ctrl Pts',(10.6785254037844,1.17524047358084,-4.22916666666667));
#2048=CARTESIAN_POINT('Ctrl Pts',(10.8816504037844,1.52706329386826,-4.02604166666667));
#2049=CARTESIAN_POINT('Ctrl Pts',(10.,1.17524047358084,-4.1875));
#2050=CARTESIAN_POINT('Ctrl Pts',(10.,1.52706329386826,-3.984375));
#2051=CARTESIAN_POINT('Ctrl Pts',(9.32147459621556,1.17524047358084,-4.14583333333333));
#2052=CARTESIAN_POINT('Ctrl Pts',(9.11834959621556,1.52706329386826,-3.94270833333333));
#2053=CARTESIAN_POINT('Ctrl Pts',(8.98221189432333,0.587620236790416,-4.10416666666667));
#2054=CARTESIAN_POINT('Ctrl Pts',(8.67752439432334,0.763531646934129,-3.90104166666667));
#2055=CARTESIAN_POINT('Ctrl Pts',(8.64294919243111,-5.90516836677276E-15,
-4.0625));
#2056=CARTESIAN_POINT('Ctrl Pts',(8.23669919243112,-5.86785490961124E-15,
-3.859375));
#2057=CARTESIAN_POINT('Ctrl Pts',(8.98221189432333,-0.587620236790427,-4.02083333333333));
#2058=CARTESIAN_POINT('Ctrl Pts',(8.67752439432334,-0.76353164693414,-3.81770833333333));
#2059=CARTESIAN_POINT('Ctrl Pts',(9.32147459621556,-1.17524047358085,-3.97916666666667));
#2060=CARTESIAN_POINT('Ctrl Pts',(9.11834959621556,-1.52706329386827,-3.77604166666667));
#2061=CARTESIAN_POINT('Ctrl Pts',(10.,-1.17524047358085,-3.9375));
#2062=CARTESIAN_POINT('Ctrl Pts',(10.,-1.52706329386827,-3.734375));
#2063=CARTESIAN_POINT('Ctrl Pts',(10.6785254037844,-1.17524047358085,-3.89583333333333));
#2064=CARTESIAN_POINT('Ctrl Pts',(10.8816504037844,-1.52706329386828,-3.69270833333333));
#2065=CARTESIAN_POINT('Ctrl Pts',(11.0177881056767,-0.587620236790428,-3.85416666666667));
#2066=CARTESIAN_POINT('Ctrl Pts',(11.3224756056767,-0.763531646934141,-3.65104166666667));
#2067=CARTESIAN_POINT('Ctrl Pts',(11.3570508075689,-6.22224186733733E-15,
-3.8125));
#2068=CARTESIAN_POINT('Ctrl Pts',(11.7633008075689,-6.28443096260653E-15,
-3.609375));
#2069=CARTESIAN_POINT('Ctrl Pts',(11.0177881056767,0.587620236790415,-3.77083333333333));
#2070=CARTESIAN_POINT('Ctrl Pts',(11.3224756056767,0.763531646934127,-3.56770833333333));
#2071=CARTESIAN_POINT('Ctrl Pts',(10.6785254037844,1.17524047358084,-3.72916666666667));
#2072=CARTESIAN_POINT('Ctrl Pts',(10.8816504037844,1.52706329386826,-3.52604166666667));
#2073=CARTESIAN_POINT('Ctrl Pts',(10.,1.17524047358084,-3.6875));
#2074=CARTESIAN_POINT('Ctrl Pts',(10.,1.52706329386826,-3.484375));
#2075=CARTESIAN_POINT('Ctrl Pts',(9.32147459621556,1.17524047358084,-3.64583333333333));
#2076=CARTESIAN_POINT('Ctrl Pts',(9.11834959621556,1.52706329386826,-3.44270833333333));
#2077=CARTESIAN_POINT('Ctrl Pts',(8.98221189432333,0.587620236790416,-3.60416666666667));
#2078=CARTESIAN_POINT('Ctrl Pts',(8.67752439432334,0.763531646934129,-3.40104166666667));
#2079=CARTESIAN_POINT('Ctrl Pts',(8.64294919243111,-5.87455219679408E-15,
-3.5625));
#2080=CARTESIAN_POINT('Ctrl Pts',(8.23669919243112,-5.83723873963255E-15,
-3.359375));
#2081=CARTESIAN_POINT('Ctrl Pts',(8.98221189432333,-0.587620236790427,-3.52083333333333));
#2082=CARTESIAN_POINT('Ctrl Pts',(8.67752439432334,-0.76353164693414,-3.31770833333333));
#2083=CARTESIAN_POINT('Ctrl Pts',(9.32147459621556,-1.17524047358085,-3.47916666666667));
#2084=CARTESIAN_POINT('Ctrl Pts',(9.11834959621556,-1.52706329386827,-3.27604166666667));
#2085=CARTESIAN_POINT('Ctrl Pts',(10.,-1.17524047358085,-3.4375));
#2086=CARTESIAN_POINT('Ctrl Pts',(10.,-1.52706329386827,-3.234375));
#2087=CARTESIAN_POINT('Ctrl Pts',(10.6785254037844,-1.17524047358085,-3.39583333333333));
#2088=CARTESIAN_POINT('Ctrl Pts',(10.8816504037844,-1.52706329386828,-3.19270833333333));
#2089=CARTESIAN_POINT('Ctrl Pts',(11.0177881056767,-0.587620236790428,-3.35416666666667));
#2090=CARTESIAN_POINT('Ctrl Pts',(11.3224756056767,-0.763531646934141,-3.15104166666667));
#2091=CARTESIAN_POINT('Ctrl Pts',(11.3570508075689,-6.19162569735865E-15,
-3.3125));
#2092=CARTESIAN_POINT('Ctrl Pts',(11.7633008075689,-6.25381479262785E-15,
-3.109375));
#2093=CARTESIAN_POINT('Ctrl Pts',(11.0177881056767,0.587620236790415,-3.27083333333333));
#2094=CARTESIAN_POINT('Ctrl Pts',(11.3224756056767,0.763531646934127,-3.06770833333333));
#2095=CARTESIAN_POINT('Ctrl Pts',(10.6785254037844,1.17524047358084,-3.22916666666667));
#2096=CARTESIAN_POINT('Ctrl Pts',(10.8816504037844,1.52706329386826,-3.02604166666667));
#2097=CARTESIAN_POINT('Ctrl Pts',(10.,1.17524047358084,-3.1875));
#2098=CARTESIAN_POINT('Ctrl Pts',(10.,1.52706329386826,-2.984375));
#2099=CARTESIAN_POINT('Ctrl Pts',(9.32147459621556,1.17524047358084,-3.14583333333333));
#2100=CARTESIAN_POINT('Ctrl Pts',(9.11834959621556,1.52706329386826,-2.94270833333333));
#2101=CARTESIAN_POINT('Ctrl Pts',(8.98221189432333,0.587620236790416,-3.10416666666667));
#2102=CARTESIAN_POINT('Ctrl Pts',(8.67752439432334,0.763531646934129,-2.90104166666667));
#2103=CARTESIAN_POINT('Ctrl Pts',(8.64294919243111,-5.84393602681539E-15,
-3.0625));
#2104=CARTESIAN_POINT('Ctrl Pts',(8.23669919243112,-5.80662256965387E-15,
-2.859375));
#2105=CARTESIAN_POINT('Ctrl Pts',(8.98221189432333,-0.587620236790427,-3.02083333333333));
#2106=CARTESIAN_POINT('Ctrl Pts',(8.67752439432334,-0.76353164693414,-2.81770833333333));
#2107=CARTESIAN_POINT('Ctrl Pts',(9.32147459621556,-1.17524047358085,-2.97916666666667));
#2108=CARTESIAN_POINT('Ctrl Pts',(9.11834959621556,-1.52706329386827,-2.77604166666667));
#2109=CARTESIAN_POINT('Ctrl Pts',(10.,-1.17524047358085,-2.9375));
#2110=CARTESIAN_POINT('Ctrl Pts',(10.,-1.52706329386827,-2.734375));
#2111=CARTESIAN_POINT('Ctrl Pts',(10.6785254037844,-1.17524047358085,-2.89583333333333));
#2112=CARTESIAN_POINT('Ctrl Pts',(10.8816504037844,-1.52706329386828,-2.69270833333333));
#2113=CARTESIAN_POINT('Ctrl Pts',(11.0177881056767,-0.587620236790428,-2.85416666666667));
#2114=CARTESIAN_POINT('Ctrl Pts',(11.3224756056767,-0.763531646934141,-2.65104166666667));
#2115=CARTESIAN_POINT('Ctrl Pts',(11.3570508075689,-6.16100952737996E-15,
-2.8125));
#2116=CARTESIAN_POINT('Ctrl Pts',(11.7633008075689,-6.22319862264916E-15,
-2.609375));
#2117=CARTESIAN_POINT('Ctrl Pts',(11.0177881056767,0.587620236790415,-2.77083333333333));
#2118=CARTESIAN_POINT('Ctrl Pts',(11.3224756056767,0.763531646934127,-2.56770833333333));
#2119=CARTESIAN_POINT('Ctrl Pts',(10.6785254037844,1.17524047358084,-2.72916666666667));
#2120=CARTESIAN_POINT('Ctrl Pts',(10.8816504037844,1.52706329386826,-2.52604166666667));
#2121=CARTESIAN_POINT('Ctrl Pts',(10.,1.17524047358084,-2.6875));
#2122=CARTESIAN_POINT('Ctrl Pts',(10.,1.52706329386826,-2.484375));
#2123=CARTESIAN_POINT('Ctrl Pts',(9.32147459621556,1.17524047358084,-2.64583333333333));
#2124=CARTESIAN_POINT('Ctrl Pts',(9.11834959621556,1.52706329386826,-2.44270833333333));
#2125=CARTESIAN_POINT('Ctrl Pts',(8.98221189432333,0.587620236790416,-2.60416666666667));
#2126=CARTESIAN_POINT('Ctrl Pts',(8.67752439432334,0.763531646934129,-2.40104166666667));
#2127=CARTESIAN_POINT('Ctrl Pts',(8.64294919243111,-5.81331985683671E-15,
-2.5625));
#2128=CARTESIAN_POINT('Ctrl Pts',(8.23669919243112,-5.77600639967519E-15,
-2.359375));
#2129=CARTESIAN_POINT('Ctrl Pts',(8.98221189432333,-0.587620236790427,-2.52083333333333));
#2130=CARTESIAN_POINT('Ctrl Pts',(8.67752439432334,-0.76353164693414,-2.31770833333333));
#2131=CARTESIAN_POINT('Ctrl Pts',(9.32147459621556,-1.17524047358085,-2.47916666666667));
#2132=CARTESIAN_POINT('Ctrl Pts',(9.11834959621556,-1.52706329386827,-2.27604166666667));
#2133=CARTESIAN_POINT('Ctrl Pts',(10.,-1.17524047358085,-2.4375));
#2134=CARTESIAN_POINT('Ctrl Pts',(10.,-1.52706329386827,-2.234375));
#2135=CARTESIAN_POINT('Ctrl Pts',(10.6785254037844,-1.17524047358085,-2.39583333333333));
#2136=CARTESIAN_POINT('Ctrl Pts',(10.8816504037844,-1.52706329386828,-2.19270833333333));
#2137=CARTESIAN_POINT('Ctrl Pts',(11.0177881056767,-0.587620236790428,-2.35416666666667));
#2138=CARTESIAN_POINT('Ctrl Pts',(11.3224756056767,-0.763531646934141,-2.15104166666667));
#2139=CARTESIAN_POINT('Ctrl Pts',(11.3570508075689,-6.13039335740128E-15,
-2.3125));
#2140=CARTESIAN_POINT('Ctrl Pts',(11.7633008075689,-6.19258245267048E-15,
-2.109375));
#2141=CARTESIAN_POINT('Ctrl Pts',(11.0177881056767,0.587620236790415,-2.27083333333333));
#2142=CARTESIAN_POINT('Ctrl Pts',(11.3224756056767,0.763531646934128,-2.06770833333333));
#2143=CARTESIAN_POINT('Ctrl Pts',(10.6785254037844,1.17524047358084,-2.22916666666667));
#2144=CARTESIAN_POINT('Ctrl Pts',(10.8816504037844,1.52706329386826,-2.02604166666667));
#2145=CARTESIAN_POINT('Ctrl Pts',(10.,1.17524047358084,-2.1875));
#2146=CARTESIAN_POINT('Ctrl Pts',(10.,1.52706329386826,-1.984375));
#2147=CARTESIAN_POINT('Ctrl Pts',(9.32147459621556,1.17524047358084,-2.14583333333333));
#2148=CARTESIAN_POINT('Ctrl Pts',(9.11834959621556,1.52706329386826,-1.94270833333333));
#2149=CARTESIAN_POINT('Ctrl Pts',(8.98221189432333,0.587620236790416,-2.10416666666667));
#2150=CARTESIAN_POINT('Ctrl Pts',(8.67752439432334,0.763531646934129,-1.90104166666667));
#2151=CARTESIAN_POINT('Ctrl Pts',(8.64294919243111,-5.78270368685802E-15,
-2.0625));
#2152=CARTESIAN_POINT('Ctrl Pts',(8.23669919243112,-5.7453902296965E-15,
-1.859375));
#2153=CARTESIAN_POINT('Ctrl Pts',(8.98221189432333,-0.587620236790427,-2.02083333333333));
#2154=CARTESIAN_POINT('Ctrl Pts',(8.67752439432334,-0.76353164693414,-1.81770833333333));
#2155=CARTESIAN_POINT('Ctrl Pts',(9.32147459621556,-1.17524047358085,-1.97916666666667));
#2156=CARTESIAN_POINT('Ctrl Pts',(9.11834959621556,-1.52706329386827,-1.77604166666667));
#2157=CARTESIAN_POINT('Ctrl Pts',(10.,-1.17524047358085,-1.9375));
#2158=CARTESIAN_POINT('Ctrl Pts',(10.,-1.52706329386827,-1.734375));
#2159=CARTESIAN_POINT('Ctrl Pts',(10.6785254037844,-1.17524047358085,-1.89583333333333));
#2160=CARTESIAN_POINT('Ctrl Pts',(10.8816504037844,-1.52706329386828,-1.69270833333333));
#2161=CARTESIAN_POINT('Ctrl Pts',(11.0177881056767,-0.587620236790428,-1.85416666666667));
#2162=CARTESIAN_POINT('Ctrl Pts',(11.3224756056767,-0.763531646934141,-1.65104166666667));
#2163=CARTESIAN_POINT('Ctrl Pts',(11.3570508075689,-6.09977718742259E-15,
-1.8125));
#2164=CARTESIAN_POINT('Ctrl Pts',(11.7633008075689,-6.1619662826918E-15,
-1.609375));
#2165=CARTESIAN_POINT('Ctrl Pts',(11.0177881056767,0.587620236790415,-1.77083333333333));
#2166=CARTESIAN_POINT('Ctrl Pts',(11.3224756056767,0.763531646934128,-1.56770833333333));
#2167=CARTESIAN_POINT('Ctrl Pts',(10.6785254037844,1.17524047358084,-1.72916666666667));
#2168=CARTESIAN_POINT('Ctrl Pts',(10.8816504037844,1.52706329386826,-1.52604166666667));
#2169=CARTESIAN_POINT('Ctrl Pts',(10.,1.17524047358084,-1.6875));
#2170=CARTESIAN_POINT('Ctrl Pts',(10.,1.52706329386826,-1.484375));
#2171=CARTESIAN_POINT('Ctrl Pts',(9.32147459621556,1.17524047358084,-1.64583333333333));
#2172=CARTESIAN_POINT('Ctrl Pts',(9.11834959621556,1.52706329386826,-1.44270833333333));
#2173=CARTESIAN_POINT('Ctrl Pts',(8.98221189432333,0.587620236790416,-1.60416666666667));
#2174=CARTESIAN_POINT('Ctrl Pts',(8.67752439432334,0.763531646934129,-1.40104166666667));
#2175=CARTESIAN_POINT('Ctrl Pts',(8.64294919243111,-5.75208751687934E-15,
-1.5625));
#2176=CARTESIAN_POINT('Ctrl Pts',(8.23669919243112,-5.71477405971782E-15,
-1.359375));
#2177=CARTESIAN_POINT('Ctrl Pts',(8.98221189432333,-0.587620236790427,-1.52083333333333));
#2178=CARTESIAN_POINT('Ctrl Pts',(8.67752439432334,-0.76353164693414,-1.31770833333333));
#2179=CARTESIAN_POINT('Ctrl Pts',(9.32147459621556,-1.17524047358085,-1.47916666666667));
#2180=CARTESIAN_POINT('Ctrl Pts',(9.11834959621556,-1.52706329386827,-1.27604166666667));
#2181=CARTESIAN_POINT('Ctrl Pts',(10.,-1.17524047358085,-1.4375));
#2182=CARTESIAN_POINT('Ctrl Pts',(10.,-1.52706329386827,-1.234375));
#2183=CARTESIAN_POINT('Ctrl Pts',(10.6785254037844,-1.17524047358085,-1.39583333333333));
#2184=CARTESIAN_POINT('Ctrl Pts',(10.8816504037844,-1.52706329386828,-1.19270833333333));
#2185=CARTESIAN_POINT('Ctrl Pts',(11.0177881056767,-0.587620236790428,-1.35416666666667));
#2186=CARTESIAN_POINT('Ctrl Pts',(11.3224756056767,-0.763531646934141,-1.15104166666667));
#2187=CARTESIAN_POINT('Ctrl Pts',(11.3570508075689,-6.06916101744391E-15,
-1.3125));
#2188=CARTESIAN_POINT('Ctrl Pts',(11.7633008075689,-6.13135011271311E-15,
-1.109375));
#2189=CARTESIAN_POINT('Ctrl Pts',(11.0177881056767,0.587620236790415,-1.27083333333333));
#2190=CARTESIAN_POINT('Ctrl Pts',(11.3224756056767,0.763531646934128,-1.06770833333333));
#2191=CARTESIAN_POINT('Ctrl Pts',(10.6785254037844,1.17524047358084,-1.22916666666667));
#2192=CARTESIAN_POINT('Ctrl Pts',(10.8816504037844,1.52706329386826,-1.02604166666667));
#2193=CARTESIAN_POINT('Ctrl Pts',(10.,1.17524047358084,-1.1875));
#2194=CARTESIAN_POINT('Ctrl Pts',(10.,1.52706329386826,-0.984374999999999));
#2195=CARTESIAN_POINT('Ctrl Pts',(9.32147459621556,1.17524047358084,-1.14583333333333));
#2196=CARTESIAN_POINT('Ctrl Pts',(9.11834959621556,1.52706329386826,-0.942708333333333));
#2197=CARTESIAN_POINT('Ctrl Pts',(8.98221189432333,0.587620236790416,-1.10416666666667));
#2198=CARTESIAN_POINT('Ctrl Pts',(8.67752439432334,0.763531646934129,-0.901041666666666));
#2199=CARTESIAN_POINT('Ctrl Pts',(8.64294919243111,-5.72147134690065E-15,
-1.0625));
#2200=CARTESIAN_POINT('Ctrl Pts',(8.23669919243112,-5.68415788973913E-15,
-0.859374999999999));
#2201=CARTESIAN_POINT('Ctrl Pts',(8.98221189432333,-0.587620236790427,-1.02083333333333));
#2202=CARTESIAN_POINT('Ctrl Pts',(8.67752439432334,-0.76353164693414,-0.817708333333332));
#2203=CARTESIAN_POINT('Ctrl Pts',(9.32147459621556,-1.17524047358085,-0.979166666666666));
#2204=CARTESIAN_POINT('Ctrl Pts',(9.11834959621556,-1.52706329386827,-0.776041666666666));
#2205=CARTESIAN_POINT('Ctrl Pts',(10.,-1.17524047358085,-0.937499999999999));
#2206=CARTESIAN_POINT('Ctrl Pts',(10.,-1.52706329386827,-0.734375));
#2207=CARTESIAN_POINT('Ctrl Pts',(10.6785254037844,-1.17524047358085,-0.895833333333332));
#2208=CARTESIAN_POINT('Ctrl Pts',(10.8816504037844,-1.52706329386828,-0.692708333333333));
#2209=CARTESIAN_POINT('Ctrl Pts',(11.0177881056767,-0.587620236790428,-0.854166666666665));
#2210=CARTESIAN_POINT('Ctrl Pts',(11.3224756056767,-0.763531646934141,-0.651041666666666));
#2211=CARTESIAN_POINT('Ctrl Pts',(11.3570508075689,-6.03854484746523E-15,
-0.812499999999999));
#2212=CARTESIAN_POINT('Ctrl Pts',(11.7633008075689,-6.10073394273443E-15,
-0.609375));
#2213=CARTESIAN_POINT('Ctrl Pts',(11.0177881056767,0.587620236790415,-0.770833333333332));
#2214=CARTESIAN_POINT('Ctrl Pts',(11.3224756056767,0.763531646934128,-0.567708333333332));
#2215=CARTESIAN_POINT('Ctrl Pts',(10.6785254037844,1.17524047358084,-0.729166666666665));
#2216=CARTESIAN_POINT('Ctrl Pts',(10.8816504037844,1.52706329386826,-0.526041666666666));
#2217=CARTESIAN_POINT('Ctrl Pts',(10.,1.17524047358084,-0.687499999999999));
#2218=CARTESIAN_POINT('Ctrl Pts',(10.,1.52706329386826,-0.484375));
#2219=CARTESIAN_POINT('Ctrl Pts',(9.32147459621556,1.17524047358084,-0.645833333333332));
#2220=CARTESIAN_POINT('Ctrl Pts',(9.11834959621556,1.52706329386826,-0.442708333333332));
#2221=CARTESIAN_POINT('Ctrl Pts',(8.98221189432333,0.587620236790416,-0.604166666666665));
#2222=CARTESIAN_POINT('Ctrl Pts',(8.67752439432334,0.763531646934129,-0.401041666666666));
#2223=CARTESIAN_POINT('Ctrl Pts',(8.64294919243111,-5.69085517692197E-15,
-0.562499999999999));
#2224=CARTESIAN_POINT('Ctrl Pts',(8.23669919243112,-5.65354171976045E-15,
-0.359374999999999));
#2225=CARTESIAN_POINT('Ctrl Pts',(8.98221189432333,-0.587620236790427,-0.520833333333332));
#2226=CARTESIAN_POINT('Ctrl Pts',(8.67752439432334,-0.76353164693414,-0.317708333333333));
#2227=CARTESIAN_POINT('Ctrl Pts',(9.32147459621556,-1.17524047358085,-0.479166666666665));
#2228=CARTESIAN_POINT('Ctrl Pts',(9.11834959621556,-1.52706329386827,-0.276041666666666));
#2229=CARTESIAN_POINT('Ctrl Pts',(10.,-1.17524047358085,-0.437499999999999));
#2230=CARTESIAN_POINT('Ctrl Pts',(10.,-1.52706329386827,-0.234374999999999));
#2231=CARTESIAN_POINT('Ctrl Pts',(10.6785254037844,-1.17524047358085,-0.395833333333332));
#2232=CARTESIAN_POINT('Ctrl Pts',(10.8816504037844,-1.52706329386828,-0.192708333333333));
#2233=CARTESIAN_POINT('Ctrl Pts',(11.0177881056767,-0.587620236790428,-0.354166666666665));
#2234=CARTESIAN_POINT('Ctrl Pts',(11.3224756056767,-0.763531646934141,-0.151041666666666));
#2235=CARTESIAN_POINT('Ctrl Pts',(11.0795590523227,-0.480629818767809,-0.346580246381644));
#2236=CARTESIAN_POINT('Ctrl Pts',(11.4027384517675,-0.62451231954478,-0.143455246381645));
#2237=CARTESIAN_POINT('Ctrl Pts',(11.1177318111967,-0.363133266145384,-0.338248862630565));
#2238=CARTESIAN_POINT('Ctrl Pts',(11.4523386997274,-0.471841715783937,-0.135123862630565));
#2239=CARTESIAN_POINT('Ctrl Pts',(8.95047669813045,0.528858213111385,-0.6));
#2240=CARTESIAN_POINT('Ctrl Pts',(8.96550915948498,0.558690251425029,-0.602115314481322));
#2241=CARTESIAN_POINT('Ctrl Pts',(8.98221189432333,0.587620236790416,-0.604166666666665));
#2242=CARTESIAN_POINT('Ctrl Pts',(9.32147459621556,1.17524047358084,-0.645833333333331));
#2243=CARTESIAN_POINT('Ctrl Pts',(10.,1.17524047358084,-0.687499999999999));
#2244=CARTESIAN_POINT('Ctrl Pts',(10.6785254037844,1.17524047358084,-0.729166666666665));
#2245=CARTESIAN_POINT('Ctrl Pts',(11.0177881056767,0.587620236790415,-0.770833333333331));
#2246=CARTESIAN_POINT('Ctrl Pts',(11.3570508075689,-6.01624688687093E-15,
-0.812499999999999));
#2247=CARTESIAN_POINT('Ctrl Pts',(11.0177881056767,-0.587620236790428,-0.854166666666665));
#2248=CARTESIAN_POINT('Ctrl Pts',(10.6785254037844,-1.17524047358085,-0.895833333333331));
#2249=CARTESIAN_POINT('Ctrl Pts',(10.,-1.17524047358085,-0.937499999999999));
#2250=CARTESIAN_POINT('Ctrl Pts',(9.32147459621556,-1.17524047358085,-0.979166666666665));
#2251=CARTESIAN_POINT('Ctrl Pts',(8.98221189432333,-0.587620236790427,-1.02083333333333));
#2252=CARTESIAN_POINT('Ctrl Pts',(8.64294919243111,-5.6755689382128E-15,
-1.0625));
#2253=CARTESIAN_POINT('Ctrl Pts',(8.98221189432333,0.587620236790416,-1.10416666666667));
#2254=CARTESIAN_POINT('Ctrl Pts',(9.32147459621556,1.17524047358084,-1.14583333333333));
#2255=CARTESIAN_POINT('Ctrl Pts',(10.,1.17524047358084,-1.1875));
#2256=CARTESIAN_POINT('Ctrl Pts',(10.6785254037844,1.17524047358084,-1.22916666666667));
#2257=CARTESIAN_POINT('Ctrl Pts',(11.0177881056767,0.587620236790415,-1.27083333333333));
#2258=CARTESIAN_POINT('Ctrl Pts',(11.3570508075689,-5.95405927481978E-15,
-1.3125));
#2259=CARTESIAN_POINT('Ctrl Pts',(11.0177881056767,-0.587620236790428,-1.35416666666667));
#2260=CARTESIAN_POINT('Ctrl Pts',(10.6785254037844,-1.17524047358085,-1.39583333333333));
#2261=CARTESIAN_POINT('Ctrl Pts',(10.,-1.17524047358085,-1.4375));
#2262=CARTESIAN_POINT('Ctrl Pts',(9.32147459621556,-1.17524047358085,-1.47916666666667));
#2263=CARTESIAN_POINT('Ctrl Pts',(8.98221189432333,-0.587620236790427,-1.52083333333333));
#2264=CARTESIAN_POINT('Ctrl Pts',(8.64294919243111,-5.61338132616165E-15,
-1.5625));
#2265=CARTESIAN_POINT('Ctrl Pts',(8.98221189432333,0.587620236790416,-1.60416666666666));
#2266=CARTESIAN_POINT('Ctrl Pts',(9.32147459621556,1.17524047358084,-1.64583333333333));
#2267=CARTESIAN_POINT('Ctrl Pts',(10.,1.17524047358084,-1.6875));
#2268=CARTESIAN_POINT('Ctrl Pts',(10.6785254037844,1.17524047358084,-1.72916666666667));
#2269=CARTESIAN_POINT('Ctrl Pts',(11.0177881056767,0.587620236790415,-1.77083333333333));
#2270=CARTESIAN_POINT('Ctrl Pts',(11.3570508075689,-5.89187166276863E-15,
-1.8125));
#2271=CARTESIAN_POINT('Ctrl Pts',(11.0177881056767,-0.587620236790428,-1.85416666666667));
#2272=CARTESIAN_POINT('Ctrl Pts',(10.6785254037844,-1.17524047358085,-1.89583333333333));
#2273=CARTESIAN_POINT('Ctrl Pts',(10.,-1.17524047358085,-1.9375));
#2274=CARTESIAN_POINT('Ctrl Pts',(9.32147459621556,-1.17524047358085,-1.97916666666666));
#2275=CARTESIAN_POINT('Ctrl Pts',(8.98221189432333,-0.587620236790427,-2.02083333333333));
#2276=CARTESIAN_POINT('Ctrl Pts',(8.64294919243111,-5.62058265314958E-15,
-2.0625));
#2277=CARTESIAN_POINT('Ctrl Pts',(8.98221189432333,0.587620236790416,-2.10416666666666));
#2278=CARTESIAN_POINT('Ctrl Pts',(9.32147459621556,1.17524047358084,-2.14583333333333));
#2279=CARTESIAN_POINT('Ctrl Pts',(10.,1.17524047358084,-2.1875));
#2280=CARTESIAN_POINT('Ctrl Pts',(10.6785254037844,1.17524047358084,-2.22916666666666));
#2281=CARTESIAN_POINT('Ctrl Pts',(11.0177881056767,0.587620236790415,-2.27083333333333));
#2282=CARTESIAN_POINT('Ctrl Pts',(11.3570508075689,-5.87825630804484E-15,
-2.3125));
#2283=CARTESIAN_POINT('Ctrl Pts',(11.0177881056767,-0.587620236790428,-2.35416666666667));
#2284=CARTESIAN_POINT('Ctrl Pts',(10.6785254037844,-1.17524047358085,-2.39583333333333));
#2285=CARTESIAN_POINT('Ctrl Pts',(10.,-1.17524047358085,-2.4375));
#2286=CARTESIAN_POINT('Ctrl Pts',(9.32147459621556,-1.17524047358085,-2.47916666666666));
#2287=CARTESIAN_POINT('Ctrl Pts',(8.98221189432333,-0.587620236790427,-2.52083333333333));
#2288=CARTESIAN_POINT('Ctrl Pts',(8.64294919243111,-5.55839504109843E-15,
-2.5625));
#2289=CARTESIAN_POINT('Ctrl Pts',(8.98221189432333,0.587620236790416,-2.60416666666666));
#2290=CARTESIAN_POINT('Ctrl Pts',(9.32147459621556,1.17524047358084,-2.64583333333333));
#2291=CARTESIAN_POINT('Ctrl Pts',(10.,1.17524047358084,-2.6875));
#2292=CARTESIAN_POINT('Ctrl Pts',(10.6785254037844,1.17524047358084,-2.72916666666667));
#2293=CARTESIAN_POINT('Ctrl Pts',(11.0177881056767,0.587620236790415,-2.77083333333333));
#2294=CARTESIAN_POINT('Ctrl Pts',(11.3570508075689,-5.87851874112886E-15,
-2.8125));
#2295=CARTESIAN_POINT('Ctrl Pts',(11.0177881056767,-0.587620236790427,-2.85416666666667));
#2296=CARTESIAN_POINT('Ctrl Pts',(10.6785254037844,-1.17524047358085,-2.89583333333333));
#2297=CARTESIAN_POINT('Ctrl Pts',(10.,-1.17524047358085,-2.9375));
#2298=CARTESIAN_POINT('Ctrl Pts',(9.32147459621556,-1.17524047358085,-2.97916666666666));
#2299=CARTESIAN_POINT('Ctrl Pts',(8.98221189432333,-0.587620236790427,-3.02083333333333));
#2300=CARTESIAN_POINT('Ctrl Pts',(8.64294919243111,-5.56559636808635E-15,
-3.0625));
#2301=CARTESIAN_POINT('Ctrl Pts',(8.98221189432333,0.587620236790416,-3.10416666666666));
#2302=CARTESIAN_POINT('Ctrl Pts',(9.32147459621556,1.17524047358084,-3.14583333333333));
#2303=CARTESIAN_POINT('Ctrl Pts',(10.,1.17524047358084,-3.1875));
#2304=CARTESIAN_POINT('Ctrl Pts',(10.6785254037844,1.17524047358084,-3.22916666666666));
#2305=CARTESIAN_POINT('Ctrl Pts',(11.0177881056767,0.587620236790415,-3.27083333333333));
#2306=CARTESIAN_POINT('Ctrl Pts',(11.3570508075689,-5.89959785592459E-15,
-3.3125));
#2307=CARTESIAN_POINT('Ctrl Pts',(11.0177881056767,-0.587620236790427,-3.35416666666666));
#2308=CARTESIAN_POINT('Ctrl Pts',(10.6785254037844,-1.17524047358085,-3.39583333333333));
#2309=CARTESIAN_POINT('Ctrl Pts',(10.,-1.17524047358085,-3.4375));
#2310=CARTESIAN_POINT('Ctrl Pts',(9.32147459621556,-1.17524047358085,-3.47916666666667));
#2311=CARTESIAN_POINT('Ctrl Pts',(8.98221189432333,-0.587620236790427,-3.52083333333333));
#2312=CARTESIAN_POINT('Ctrl Pts',(8.64294919243111,-5.55891990726646E-15,
-3.5625));
#2313=CARTESIAN_POINT('Ctrl Pts',(8.98221189432333,0.587620236790416,-3.60416666666666));
#2314=CARTESIAN_POINT('Ctrl Pts',(9.32147459621556,1.17524047358084,-3.64583333333333));
#2315=CARTESIAN_POINT('Ctrl Pts',(10.,1.17524047358084,-3.6875));
#2316=CARTESIAN_POINT('Ctrl Pts',(10.6785254037844,1.17524047358084,-3.72916666666666));
#2317=CARTESIAN_POINT('Ctrl Pts',(11.0177881056767,0.587620236790415,-3.77083333333333));
#2318=CARTESIAN_POINT('Ctrl Pts',(11.3570508075689,-5.75414351702656E-15,
-3.8125));
#2319=CARTESIAN_POINT('Ctrl Pts',(11.0177881056767,-0.587620236790427,-3.85416666666666));
#2320=CARTESIAN_POINT('Ctrl Pts',(10.6785254037844,-1.17524047358085,-3.89583333333333));
#2321=CARTESIAN_POINT('Ctrl Pts',(10.,-1.17524047358085,-3.9375));
#2322=CARTESIAN_POINT('Ctrl Pts',(9.32147459621556,-1.17524047358085,-3.97916666666666));
#2323=CARTESIAN_POINT('Ctrl Pts',(8.98221189432333,-0.587620236790427,-4.02083333333333));
#2324=CARTESIAN_POINT('Ctrl Pts',(8.64294919243111,-5.41346556836843E-15,
-4.0625));
#2325=CARTESIAN_POINT('Ctrl Pts',(8.98221189432333,0.587620236790416,-4.10416666666667));
#2326=CARTESIAN_POINT('Ctrl Pts',(9.32147459621556,1.17524047358084,-4.14583333333333));
#2327=CARTESIAN_POINT('Ctrl Pts',(10.,1.17524047358084,-4.1875));
#2328=CARTESIAN_POINT('Ctrl Pts',(10.6785254037844,1.17524047358084,-4.22916666666666));
#2329=CARTESIAN_POINT('Ctrl Pts',(11.0177881056767,0.587620236790415,-4.27083333333333));
#2330=CARTESIAN_POINT('Ctrl Pts',(11.3570508075689,-5.71971148059104E-15,
-4.3125));
#2331=CARTESIAN_POINT('Ctrl Pts',(11.0177881056767,-0.587620236790427,-4.35416666666666));
#2332=CARTESIAN_POINT('Ctrl Pts',(10.6785254037844,-1.17524047358085,-4.39583333333333));
#2333=CARTESIAN_POINT('Ctrl Pts',(10.,-1.17524047358085,-4.4375));
#2334=CARTESIAN_POINT('Ctrl Pts',(9.32147459621556,-1.17524047358085,-4.47916666666666));
#2335=CARTESIAN_POINT('Ctrl Pts',(8.98221189432333,-0.587620236790427,-4.52083333333333));
#2336=CARTESIAN_POINT('Ctrl Pts',(8.64294919243111,-5.37903353193291E-15,
-4.5625));
#2337=CARTESIAN_POINT('Ctrl Pts',(8.98221189432333,0.587620236790416,-4.60416666666666));
#2338=CARTESIAN_POINT('Ctrl Pts',(9.32147459621556,1.17524047358084,-4.64583333333333));
#2339=CARTESIAN_POINT('Ctrl Pts',(10.,1.17524047358084,-4.6875));
#2340=CARTESIAN_POINT('Ctrl Pts',(10.6785254037844,1.17524047358084,-4.72916666666666));
#2341=CARTESIAN_POINT('Ctrl Pts',(11.0177881056767,0.587620236790415,-4.77083333333333));
#2342=CARTESIAN_POINT('Ctrl Pts',(11.3570508075689,-5.79630174661804E-15,
-4.8125));
#2343=CARTESIAN_POINT('Ctrl Pts',(11.0177881056767,-0.587620236790427,-4.85416666666666));
#2344=CARTESIAN_POINT('Ctrl Pts',(10.6785254037844,-1.17524047358085,-4.89583333333333));
#2345=CARTESIAN_POINT('Ctrl Pts',(10.,-1.17524047358085,-4.9375));
#2346=CARTESIAN_POINT('Ctrl Pts',(9.51946564073912,-1.17524047358085,-4.96700849718747));
#2347=CARTESIAN_POINT('Ctrl Pts',(9.17659212583488,-0.838564036615816,-5.));
#2348=CARTESIAN_POINT('Ctrl Pts',(10.,1.17524047358084,-5.25));
#2349=CARTESIAN_POINT('Ctrl Pts',(10.,1.17524047358084,-5.1875));
#2350=CARTESIAN_POINT('Ctrl Pts',(9.32147459621556,1.17524047358084,-5.20833333333333));
#2351=CARTESIAN_POINT('Ctrl Pts',(9.32147459621556,1.17524047358084,-5.14583333333333));
#2352=CARTESIAN_POINT('Ctrl Pts',(8.98221189432333,0.587620236790415,-5.16666666666667));
#2353=CARTESIAN_POINT('Ctrl Pts',(8.98221189432333,0.587620236790415,-5.10416666666666));
#2354=CARTESIAN_POINT('Ctrl Pts',(8.64294919243111,-5.97022772797746E-15,
-5.125));
#2355=CARTESIAN_POINT('Ctrl Pts',(8.64294919243111,-5.96640070673013E-15,
-5.0625));
#2356=CARTESIAN_POINT('Ctrl Pts',(8.98221189432333,-0.587620236790427,-5.08333333333333));
#2357=CARTESIAN_POINT('Ctrl Pts',(8.98221189432333,-0.587620236790427,-5.02083333333333));
#2358=CARTESIAN_POINT('Ctrl Pts',(9.32147459621556,-1.17524047358085,-5.04166666666667));
#2359=CARTESIAN_POINT('Ctrl Pts',(9.32147459621556,-1.17524047358085,-4.97916666666667));
#2360=CARTESIAN_POINT('Ctrl Pts',(10.,-1.17524047358085,-5.));
#2361=CARTESIAN_POINT('Ctrl Pts',(10.,-1.17524047358085,-4.9375));
#2362=CARTESIAN_POINT('Ctrl Pts',(10.6785254037844,-1.17524047358085,-4.95833333333333));
#2363=CARTESIAN_POINT('Ctrl Pts',(10.6785254037844,-1.17524047358085,-4.89583333333333));
#2364=CARTESIAN_POINT('Ctrl Pts',(11.0177881056767,-0.587620236790428,-4.91666666666667));
#2365=CARTESIAN_POINT('Ctrl Pts',(11.0177881056767,-0.587620236790428,-4.85416666666666));
#2366=CARTESIAN_POINT('Ctrl Pts',(11.3570508075689,-6.28730122854203E-15,
-4.875));
#2367=CARTESIAN_POINT('Ctrl Pts',(11.3570508075689,-6.2834742072947E-15,
-4.8125));
#2368=CARTESIAN_POINT('Ctrl Pts',(11.0177881056767,0.587620236790414,-4.83333333333333));
#2369=CARTESIAN_POINT('Ctrl Pts',(11.0177881056767,0.587620236790414,-4.77083333333333));
#2370=CARTESIAN_POINT('Ctrl Pts',(10.6785254037844,1.17524047358084,-4.79166666666667));
#2371=CARTESIAN_POINT('Ctrl Pts',(10.6785254037844,1.17524047358084,-4.72916666666666));
#2372=CARTESIAN_POINT('Ctrl Pts',(10.,1.17524047358084,-4.75));
#2373=CARTESIAN_POINT('Ctrl Pts',(10.,1.17524047358084,-4.6875));
#2374=CARTESIAN_POINT('Ctrl Pts',(9.32147459621556,1.17524047358084,-4.70833333333333));
#2375=CARTESIAN_POINT('Ctrl Pts',(9.32147459621556,1.17524047358084,-4.64583333333333));
#2376=CARTESIAN_POINT('Ctrl Pts',(8.98221189432333,0.587620236790415,-4.66666666666667));
#2377=CARTESIAN_POINT('Ctrl Pts',(8.98221189432333,0.587620236790415,-4.60416666666666));
#2378=CARTESIAN_POINT('Ctrl Pts',(8.64294919243111,-5.93961155799878E-15,
-4.625));
#2379=CARTESIAN_POINT('Ctrl Pts',(8.64294919243111,-5.93578453675144E-15,
-4.5625));
#2380=CARTESIAN_POINT('Ctrl Pts',(8.98221189432333,-0.587620236790427,-4.58333333333333));
#2381=CARTESIAN_POINT('Ctrl Pts',(8.98221189432333,-0.587620236790427,-4.52083333333333));
#2382=CARTESIAN_POINT('Ctrl Pts',(9.32147459621556,-1.17524047358085,-4.54166666666667));
#2383=CARTESIAN_POINT('Ctrl Pts',(9.32147459621556,-1.17524047358085,-4.47916666666666));
#2384=CARTESIAN_POINT('Ctrl Pts',(10.,-1.17524047358085,-4.5));
#2385=CARTESIAN_POINT('Ctrl Pts',(10.,-1.17524047358085,-4.4375));
#2386=CARTESIAN_POINT('Ctrl Pts',(10.6785254037844,-1.17524047358085,-4.45833333333333));
#2387=CARTESIAN_POINT('Ctrl Pts',(10.6785254037844,-1.17524047358085,-4.39583333333333));
#2388=CARTESIAN_POINT('Ctrl Pts',(11.0177881056767,-0.587620236790428,-4.41666666666667));
#2389=CARTESIAN_POINT('Ctrl Pts',(11.0177881056767,-0.587620236790428,-4.35416666666666));
#2390=CARTESIAN_POINT('Ctrl Pts',(11.3570508075689,-6.25668505856335E-15,
-4.375));
#2391=CARTESIAN_POINT('Ctrl Pts',(11.3570508075689,-6.25285803731602E-15,
-4.3125));
#2392=CARTESIAN_POINT('Ctrl Pts',(11.0177881056767,0.587620236790415,-4.33333333333333));
#2393=CARTESIAN_POINT('Ctrl Pts',(11.0177881056767,0.587620236790415,-4.27083333333333));
#2394=CARTESIAN_POINT('Ctrl Pts',(10.6785254037844,1.17524047358084,-4.29166666666667));
#2395=CARTESIAN_POINT('Ctrl Pts',(10.6785254037844,1.17524047358084,-4.22916666666666));
#2396=CARTESIAN_POINT('Ctrl Pts',(10.,1.17524047358084,-4.25));
#2397=CARTESIAN_POINT('Ctrl Pts',(10.,1.17524047358084,-4.1875));
#2398=CARTESIAN_POINT('Ctrl Pts',(9.32147459621556,1.17524047358084,-4.20833333333333));
#2399=CARTESIAN_POINT('Ctrl Pts',(9.32147459621556,1.17524047358084,-4.14583333333333));
#2400=CARTESIAN_POINT('Ctrl Pts',(8.98221189432333,0.587620236790415,-4.16666666666667));
#2401=CARTESIAN_POINT('Ctrl Pts',(8.98221189432333,0.587620236790415,-4.10416666666666));
#2402=CARTESIAN_POINT('Ctrl Pts',(8.64294919243111,-5.90899538802009E-15,
-4.125));
#2403=CARTESIAN_POINT('Ctrl Pts',(8.64294919243111,-5.90516836677276E-15,
-4.0625));
#2404=CARTESIAN_POINT('Ctrl Pts',(8.98221189432333,-0.587620236790427,-4.08333333333333));
#2405=CARTESIAN_POINT('Ctrl Pts',(8.98221189432333,-0.587620236790427,-4.02083333333333));
#2406=CARTESIAN_POINT('Ctrl Pts',(9.32147459621556,-1.17524047358085,-4.04166666666667));
#2407=CARTESIAN_POINT('Ctrl Pts',(9.32147459621556,-1.17524047358085,-3.97916666666666));
#2408=CARTESIAN_POINT('Ctrl Pts',(10.,-1.17524047358085,-4.));
#2409=CARTESIAN_POINT('Ctrl Pts',(10.,-1.17524047358085,-3.9375));
#2410=CARTESIAN_POINT('Ctrl Pts',(10.6785254037844,-1.17524047358085,-3.95833333333333));
#2411=CARTESIAN_POINT('Ctrl Pts',(10.6785254037844,-1.17524047358085,-3.89583333333333));
#2412=CARTESIAN_POINT('Ctrl Pts',(11.0177881056767,-0.587620236790428,-3.91666666666667));
#2413=CARTESIAN_POINT('Ctrl Pts',(11.0177881056767,-0.587620236790428,-3.85416666666666));
#2414=CARTESIAN_POINT('Ctrl Pts',(11.3570508075689,-6.22606888858467E-15,
-3.875));
#2415=CARTESIAN_POINT('Ctrl Pts',(11.3570508075689,-6.22224186733733E-15,
-3.8125));
#2416=CARTESIAN_POINT('Ctrl Pts',(11.0177881056767,0.587620236790415,-3.83333333333333));
#2417=CARTESIAN_POINT('Ctrl Pts',(11.0177881056767,0.587620236790415,-3.77083333333333));
#2418=CARTESIAN_POINT('Ctrl Pts',(10.6785254037844,1.17524047358084,-3.79166666666667));
#2419=CARTESIAN_POINT('Ctrl Pts',(10.6785254037844,1.17524047358084,-3.72916666666666));
#2420=CARTESIAN_POINT('Ctrl Pts',(10.,1.17524047358084,-3.75));
#2421=CARTESIAN_POINT('Ctrl Pts',(10.,1.17524047358084,-3.6875));
#2422=CARTESIAN_POINT('Ctrl Pts',(9.32147459621556,1.17524047358084,-3.70833333333333));
#2423=CARTESIAN_POINT('Ctrl Pts',(9.32147459621556,1.17524047358084,-3.64583333333333));
#2424=CARTESIAN_POINT('Ctrl Pts',(8.98221189432333,0.587620236790415,-3.66666666666667));
#2425=CARTESIAN_POINT('Ctrl Pts',(8.98221189432333,0.587620236790415,-3.60416666666666));
#2426=CARTESIAN_POINT('Ctrl Pts',(8.64294919243111,-5.87837921804141E-15,
-3.625));
#2427=CARTESIAN_POINT('Ctrl Pts',(8.64294919243111,-5.87455219679408E-15,
-3.5625));
#2428=CARTESIAN_POINT('Ctrl Pts',(8.98221189432333,-0.587620236790427,-3.58333333333333));
#2429=CARTESIAN_POINT('Ctrl Pts',(8.98221189432333,-0.587620236790427,-3.52083333333333));
#2430=CARTESIAN_POINT('Ctrl Pts',(9.32147459621556,-1.17524047358085,-3.54166666666667));
#2431=CARTESIAN_POINT('Ctrl Pts',(9.32147459621556,-1.17524047358085,-3.47916666666666));
#2432=CARTESIAN_POINT('Ctrl Pts',(10.,-1.17524047358085,-3.5));
#2433=CARTESIAN_POINT('Ctrl Pts',(10.,-1.17524047358085,-3.4375));
#2434=CARTESIAN_POINT('Ctrl Pts',(10.6785254037844,-1.17524047358085,-3.45833333333333));
#2435=CARTESIAN_POINT('Ctrl Pts',(10.6785254037844,-1.17524047358085,-3.39583333333333));
#2436=CARTESIAN_POINT('Ctrl Pts',(11.0177881056767,-0.587620236790428,-3.41666666666667));
#2437=CARTESIAN_POINT('Ctrl Pts',(11.0177881056767,-0.587620236790428,-3.35416666666666));
#2438=CARTESIAN_POINT('Ctrl Pts',(11.3570508075689,-6.19545271860598E-15,
-3.375));
#2439=CARTESIAN_POINT('Ctrl Pts',(11.3570508075689,-6.19162569735865E-15,
-3.3125));
#2440=CARTESIAN_POINT('Ctrl Pts',(11.0177881056767,0.587620236790415,-3.33333333333333));
#2441=CARTESIAN_POINT('Ctrl Pts',(11.0177881056767,0.587620236790415,-3.27083333333333));
#2442=CARTESIAN_POINT('Ctrl Pts',(10.6785254037844,1.17524047358084,-3.29166666666667));
#2443=CARTESIAN_POINT('Ctrl Pts',(10.6785254037844,1.17524047358084,-3.22916666666666));
#2444=CARTESIAN_POINT('Ctrl Pts',(10.,1.17524047358084,-3.25));
#2445=CARTESIAN_POINT('Ctrl Pts',(10.,1.17524047358084,-3.1875));
#2446=CARTESIAN_POINT('Ctrl Pts',(9.32147459621556,1.17524047358084,-3.20833333333333));
#2447=CARTESIAN_POINT('Ctrl Pts',(9.32147459621556,1.17524047358084,-3.14583333333333));
#2448=CARTESIAN_POINT('Ctrl Pts',(8.98221189432333,0.587620236790415,-3.16666666666667));
#2449=CARTESIAN_POINT('Ctrl Pts',(8.98221189432333,0.587620236790415,-3.10416666666666));
#2450=CARTESIAN_POINT('Ctrl Pts',(8.64294919243111,-5.84776304806273E-15,
-3.125));
#2451=CARTESIAN_POINT('Ctrl Pts',(8.64294919243111,-5.84393602681539E-15,
-3.0625));
#2452=CARTESIAN_POINT('Ctrl Pts',(8.98221189432333,-0.587620236790427,-3.08333333333333));
#2453=CARTESIAN_POINT('Ctrl Pts',(8.98221189432333,-0.587620236790427,-3.02083333333333));
#2454=CARTESIAN_POINT('Ctrl Pts',(9.32147459621556,-1.17524047358085,-3.04166666666667));
#2455=CARTESIAN_POINT('Ctrl Pts',(9.32147459621556,-1.17524047358085,-2.97916666666666));
#2456=CARTESIAN_POINT('Ctrl Pts',(10.,-1.17524047358085,-3.));
#2457=CARTESIAN_POINT('Ctrl Pts',(10.,-1.17524047358085,-2.9375));
#2458=CARTESIAN_POINT('Ctrl Pts',(10.6785254037844,-1.17524047358085,-2.95833333333333));
#2459=CARTESIAN_POINT('Ctrl Pts',(10.6785254037844,-1.17524047358085,-2.89583333333333));
#2460=CARTESIAN_POINT('Ctrl Pts',(11.0177881056767,-0.587620236790428,-2.91666666666667));
#2461=CARTESIAN_POINT('Ctrl Pts',(11.0177881056767,-0.587620236790428,-2.85416666666666));
#2462=CARTESIAN_POINT('Ctrl Pts',(11.3570508075689,-6.1648365486273E-15,
-2.875));
#2463=CARTESIAN_POINT('Ctrl Pts',(11.3570508075689,-6.16100952737996E-15,
-2.8125));
#2464=CARTESIAN_POINT('Ctrl Pts',(11.0177881056767,0.587620236790415,-2.83333333333333));
#2465=CARTESIAN_POINT('Ctrl Pts',(11.0177881056767,0.587620236790415,-2.77083333333333));
#2466=CARTESIAN_POINT('Ctrl Pts',(10.6785254037844,1.17524047358084,-2.79166666666667));
#2467=CARTESIAN_POINT('Ctrl Pts',(10.6785254037844,1.17524047358084,-2.72916666666666));
#2468=CARTESIAN_POINT('Ctrl Pts',(10.,1.17524047358084,-2.75));
#2469=CARTESIAN_POINT('Ctrl Pts',(10.,1.17524047358084,-2.6875));
#2470=CARTESIAN_POINT('Ctrl Pts',(9.32147459621556,1.17524047358084,-2.70833333333333));
#2471=CARTESIAN_POINT('Ctrl Pts',(9.32147459621556,1.17524047358084,-2.64583333333333));
#2472=CARTESIAN_POINT('Ctrl Pts',(8.98221189432333,0.587620236790415,-2.66666666666667));
#2473=CARTESIAN_POINT('Ctrl Pts',(8.98221189432333,0.587620236790415,-2.60416666666666));
#2474=CARTESIAN_POINT('Ctrl Pts',(8.64294919243111,-5.81714687808404E-15,
-2.625));
#2475=CARTESIAN_POINT('Ctrl Pts',(8.64294919243111,-5.81331985683671E-15,
-2.5625));
#2476=CARTESIAN_POINT('Ctrl Pts',(8.98221189432333,-0.587620236790427,-2.58333333333333));
#2477=CARTESIAN_POINT('Ctrl Pts',(8.98221189432333,-0.587620236790427,-2.52083333333333));
#2478=CARTESIAN_POINT('Ctrl Pts',(9.32147459621556,-1.17524047358085,-2.54166666666667));
#2479=CARTESIAN_POINT('Ctrl Pts',(9.32147459621556,-1.17524047358085,-2.47916666666666));
#2480=CARTESIAN_POINT('Ctrl Pts',(10.,-1.17524047358085,-2.5));
#2481=CARTESIAN_POINT('Ctrl Pts',(10.,-1.17524047358085,-2.4375));
#2482=CARTESIAN_POINT('Ctrl Pts',(10.6785254037844,-1.17524047358085,-2.45833333333333));
#2483=CARTESIAN_POINT('Ctrl Pts',(10.6785254037844,-1.17524047358085,-2.39583333333333));
#2484=CARTESIAN_POINT('Ctrl Pts',(11.0177881056767,-0.587620236790428,-2.41666666666667));
#2485=CARTESIAN_POINT('Ctrl Pts',(11.0177881056767,-0.587620236790428,-2.35416666666666));
#2486=CARTESIAN_POINT('Ctrl Pts',(11.3570508075689,-6.13422037864861E-15,
-2.375));
#2487=CARTESIAN_POINT('Ctrl Pts',(11.3570508075689,-6.13039335740128E-15,
-2.3125));
#2488=CARTESIAN_POINT('Ctrl Pts',(11.0177881056767,0.587620236790415,-2.33333333333333));
#2489=CARTESIAN_POINT('Ctrl Pts',(11.0177881056767,0.587620236790415,-2.27083333333333));
#2490=CARTESIAN_POINT('Ctrl Pts',(10.6785254037844,1.17524047358084,-2.29166666666667));
#2491=CARTESIAN_POINT('Ctrl Pts',(10.6785254037844,1.17524047358084,-2.22916666666666));
#2492=CARTESIAN_POINT('Ctrl Pts',(10.,1.17524047358084,-2.25));
#2493=CARTESIAN_POINT('Ctrl Pts',(10.,1.17524047358084,-2.1875));
#2494=CARTESIAN_POINT('Ctrl Pts',(9.32147459621556,1.17524047358084,-2.20833333333333));
#2495=CARTESIAN_POINT('Ctrl Pts',(9.32147459621556,1.17524047358084,-2.14583333333333));
#2496=CARTESIAN_POINT('Ctrl Pts',(8.98221189432333,0.587620236790416,-2.16666666666667));
#2497=CARTESIAN_POINT('Ctrl Pts',(8.98221189432333,0.587620236790416,-2.10416666666666));
#2498=CARTESIAN_POINT('Ctrl Pts',(8.64294919243111,-5.78653070810536E-15,
-2.125));
#2499=CARTESIAN_POINT('Ctrl Pts',(8.64294919243111,-5.78270368685802E-15,
-2.0625));
#2500=CARTESIAN_POINT('Ctrl Pts',(8.98221189432333,-0.587620236790427,-2.08333333333333));
#2501=CARTESIAN_POINT('Ctrl Pts',(8.98221189432333,-0.587620236790427,-2.02083333333333));
#2502=CARTESIAN_POINT('Ctrl Pts',(9.32147459621556,-1.17524047358085,-2.04166666666667));
#2503=CARTESIAN_POINT('Ctrl Pts',(9.32147459621556,-1.17524047358085,-1.97916666666666));
#2504=CARTESIAN_POINT('Ctrl Pts',(10.,-1.17524047358085,-2.));
#2505=CARTESIAN_POINT('Ctrl Pts',(10.,-1.17524047358085,-1.9375));
#2506=CARTESIAN_POINT('Ctrl Pts',(10.6785254037844,-1.17524047358085,-1.95833333333333));
#2507=CARTESIAN_POINT('Ctrl Pts',(10.6785254037844,-1.17524047358085,-1.89583333333333));
#2508=CARTESIAN_POINT('Ctrl Pts',(11.0177881056767,-0.587620236790428,-1.91666666666667));
#2509=CARTESIAN_POINT('Ctrl Pts',(11.0177881056767,-0.587620236790428,-1.85416666666666));
#2510=CARTESIAN_POINT('Ctrl Pts',(11.3570508075689,-6.10360420866993E-15,
-1.875));
#2511=CARTESIAN_POINT('Ctrl Pts',(11.3570508075689,-6.09977718742259E-15,
-1.8125));
#2512=CARTESIAN_POINT('Ctrl Pts',(11.0177881056767,0.587620236790415,-1.83333333333333));
#2513=CARTESIAN_POINT('Ctrl Pts',(11.0177881056767,0.587620236790415,-1.77083333333333));
#2514=CARTESIAN_POINT('Ctrl Pts',(10.6785254037844,1.17524047358084,-1.79166666666667));
#2515=CARTESIAN_POINT('Ctrl Pts',(10.6785254037844,1.17524047358084,-1.72916666666666));
#2516=CARTESIAN_POINT('Ctrl Pts',(10.,1.17524047358084,-1.75));
#2517=CARTESIAN_POINT('Ctrl Pts',(10.,1.17524047358084,-1.6875));
#2518=CARTESIAN_POINT('Ctrl Pts',(9.32147459621556,1.17524047358084,-1.70833333333333));
#2519=CARTESIAN_POINT('Ctrl Pts',(9.32147459621556,1.17524047358084,-1.64583333333333));
#2520=CARTESIAN_POINT('Ctrl Pts',(8.98221189432333,0.587620236790416,-1.66666666666667));
#2521=CARTESIAN_POINT('Ctrl Pts',(8.98221189432333,0.587620236790416,-1.60416666666666));
#2522=CARTESIAN_POINT('Ctrl Pts',(8.64294919243111,-5.75591453812668E-15,
-1.625));
#2523=CARTESIAN_POINT('Ctrl Pts',(8.64294919243111,-5.75208751687934E-15,
-1.5625));
#2524=CARTESIAN_POINT('Ctrl Pts',(8.98221189432333,-0.587620236790427,-1.58333333333333));
#2525=CARTESIAN_POINT('Ctrl Pts',(8.98221189432333,-0.587620236790427,-1.52083333333333));
#2526=CARTESIAN_POINT('Ctrl Pts',(9.32147459621556,-1.17524047358085,-1.54166666666667));
#2527=CARTESIAN_POINT('Ctrl Pts',(9.32147459621556,-1.17524047358085,-1.47916666666666));
#2528=CARTESIAN_POINT('Ctrl Pts',(10.,-1.17524047358085,-1.5));
#2529=CARTESIAN_POINT('Ctrl Pts',(10.,-1.17524047358085,-1.4375));
#2530=CARTESIAN_POINT('Ctrl Pts',(10.6785254037844,-1.17524047358085,-1.45833333333333));
#2531=CARTESIAN_POINT('Ctrl Pts',(10.6785254037844,-1.17524047358085,-1.39583333333333));
#2532=CARTESIAN_POINT('Ctrl Pts',(11.0177881056767,-0.587620236790428,-1.41666666666667));
#2533=CARTESIAN_POINT('Ctrl Pts',(11.0177881056767,-0.587620236790428,-1.35416666666666));
#2534=CARTESIAN_POINT('Ctrl Pts',(11.3570508075689,-6.07298803869125E-15,
-1.375));
#2535=CARTESIAN_POINT('Ctrl Pts',(11.3570508075689,-6.06916101744391E-15,
-1.3125));
#2536=CARTESIAN_POINT('Ctrl Pts',(11.0177881056767,0.587620236790415,-1.33333333333333));
#2537=CARTESIAN_POINT('Ctrl Pts',(11.0177881056767,0.587620236790415,-1.27083333333333));
#2538=CARTESIAN_POINT('Ctrl Pts',(10.6785254037844,1.17524047358084,-1.29166666666667));
#2539=CARTESIAN_POINT('Ctrl Pts',(10.6785254037844,1.17524047358084,-1.22916666666666));
#2540=CARTESIAN_POINT('Ctrl Pts',(10.,1.17524047358084,-1.25));
#2541=CARTESIAN_POINT('Ctrl Pts',(10.,1.17524047358084,-1.1875));
#2542=CARTESIAN_POINT('Ctrl Pts',(9.32147459621556,1.17524047358084,-1.20833333333333));
#2543=CARTESIAN_POINT('Ctrl Pts',(9.32147459621556,1.17524047358084,-1.14583333333333));
#2544=CARTESIAN_POINT('Ctrl Pts',(8.98221189432333,0.587620236790416,-1.16666666666667));
#2545=CARTESIAN_POINT('Ctrl Pts',(8.98221189432333,0.587620236790416,-1.10416666666666));
#2546=CARTESIAN_POINT('Ctrl Pts',(8.64294919243111,-5.72529836814799E-15,
-1.125));
#2547=CARTESIAN_POINT('Ctrl Pts',(8.64294919243111,-5.72147134690065E-15,
-1.0625));
#2548=CARTESIAN_POINT('Ctrl Pts',(8.98221189432333,-0.587620236790427,-1.08333333333333));
#2549=CARTESIAN_POINT('Ctrl Pts',(8.98221189432333,-0.587620236790427,-1.02083333333333));
#2550=CARTESIAN_POINT('Ctrl Pts',(9.32147459621556,-1.17524047358085,-1.04166666666667));
#2551=CARTESIAN_POINT('Ctrl Pts',(9.32147459621556,-1.17524047358085,-0.979166666666664));
#2552=CARTESIAN_POINT('Ctrl Pts',(10.,-1.17524047358085,-1.));
#2553=CARTESIAN_POINT('Ctrl Pts',(10.,-1.17524047358085,-0.937499999999998));
#2554=CARTESIAN_POINT('Ctrl Pts',(10.6785254037844,-1.17524047358085,-0.958333333333333));
#2555=CARTESIAN_POINT('Ctrl Pts',(10.6785254037844,-1.17524047358085,-0.89583333333333));
#2556=CARTESIAN_POINT('Ctrl Pts',(11.0177881056767,-0.587620236790428,-0.916666666666667));
#2557=CARTESIAN_POINT('Ctrl Pts',(11.0177881056767,-0.587620236790428,-0.854166666666664));
#2558=CARTESIAN_POINT('Ctrl Pts',(11.3570508075689,-6.04237186871256E-15,
-0.875));
#2559=CARTESIAN_POINT('Ctrl Pts',(11.3570508075689,-6.03854484746523E-15,
-0.812499999999998));
#2560=CARTESIAN_POINT('Ctrl Pts',(11.0177881056767,0.587620236790415,-0.833333333333333));
#2561=CARTESIAN_POINT('Ctrl Pts',(11.0177881056767,0.587620236790415,-0.77083333333333));
#2562=CARTESIAN_POINT('Ctrl Pts',(10.6785254037844,1.17524047358084,-0.791666666666667));
#2563=CARTESIAN_POINT('Ctrl Pts',(10.6785254037844,1.17524047358084,-0.729166666666664));
#2564=CARTESIAN_POINT('Ctrl Pts',(10.,1.17524047358084,-0.75));
#2565=CARTESIAN_POINT('Ctrl Pts',(10.,1.17524047358084,-0.687499999999998));
#2566=CARTESIAN_POINT('Ctrl Pts',(9.32147459621556,1.17524047358084,-0.708333333333333));
#2567=CARTESIAN_POINT('Ctrl Pts',(9.32147459621556,1.17524047358084,-0.64583333333333));
#2568=CARTESIAN_POINT('Ctrl Pts',(8.98221189432333,0.587620236790416,-0.666666666666666));
#2569=CARTESIAN_POINT('Ctrl Pts',(8.98221189432333,0.587620236790416,-0.604166666666664));
#2570=CARTESIAN_POINT('Ctrl Pts',(8.64294919243111,-5.69468219816931E-15,
-0.625));
#2571=CARTESIAN_POINT('Ctrl Pts',(8.64294919243111,-5.69085517692197E-15,
-0.562499999999997));
#2572=CARTESIAN_POINT('Ctrl Pts',(8.98221189432333,-0.587620236790427,-0.583333333333333));
#2573=CARTESIAN_POINT('Ctrl Pts',(8.98221189432333,-0.587620236790427,-0.520833333333331));
#2574=CARTESIAN_POINT('Ctrl Pts',(9.32147459621556,-1.17524047358085,-0.541666666666666));
#2575=CARTESIAN_POINT('Ctrl Pts',(9.32147459621556,-1.17524047358085,-0.479166666666664));
#2576=CARTESIAN_POINT('Ctrl Pts',(10.,-1.17524047358085,-0.5));
#2577=CARTESIAN_POINT('Ctrl Pts',(10.,-1.17524047358085,-0.437499999999997));
#2578=CARTESIAN_POINT('Ctrl Pts',(10.6785254037844,-1.17524047358085,-0.458333333333333));
#2579=CARTESIAN_POINT('Ctrl Pts',(10.6785254037844,-1.17524047358085,-0.395833333333331));
#2580=CARTESIAN_POINT('Ctrl Pts',(11.0177881056767,-0.587620236790428,-0.416666666666666));
#2581=CARTESIAN_POINT('Ctrl Pts',(11.0177881056767,-0.587620236790428,-0.354166666666664));
#2582=CARTESIAN_POINT('Ctrl Pts',(11.0795494812912,-0.480646396280717,-0.409081421851211));
#2583=CARTESIAN_POINT('Ctrl Pts',(11.0795494812912,-0.480646396280717,-0.346581421851208));
#2584=CARTESIAN_POINT('Ctrl Pts',(11.1177201106129,-0.36316927881361,-0.400751416197902));
#2585=CARTESIAN_POINT('Ctrl Pts',(11.1177201106129,-0.36316927881361,-0.3382514161979));
#2586=CARTESIAN_POINT('Ctrl Pts',(11.2282265536564,-0.0230654183068613,
-0.376635510549072));
#2587=CARTESIAN_POINT('Ctrl Pts',(11.2282265536564,-0.0230654183068613,
-0.314135510549069));
#2588=CARTESIAN_POINT('Ctrl Pts',(11.3387329966998,0.317038442199887,-0.352519604900241));
#2589=CARTESIAN_POINT('Ctrl Pts',(11.3387329966998,0.317038442199888,-0.290019604900239));
#2590=CARTESIAN_POINT('Origin',(10.,-6.93889390390723E-15,71.1118003475001));
#2591=CARTESIAN_POINT('',(8.71865557864162,-1.79448640949261,70.));
#2592=CARTESIAN_POINT('Origin',(10.,6.88382331736933E-17,70.));
#2593=CARTESIAN_POINT('',(8.68639521291712,-1.83966613392338,69.9679482777569));
#2594=CARTESIAN_POINT('',(9.83769328745861,-0.227305933494591,71.1118003475001));
#2595=CARTESIAN_POINT('',(9.80874999999225,-2.48765797236633,69.8325691450715));
#2596=CARTESIAN_POINT('Ctrl Pts',(8.68639521291712,-1.83966613392338,69.9679482777569));
#2597=CARTESIAN_POINT('Ctrl Pts',(8.82926072519056,-1.92214957589237,69.9771242225039));
#2598=CARTESIAN_POINT('Ctrl Pts',(9.36883822951651,-2.23367479326362,69.9593063060808));
#2599=CARTESIAN_POINT('Ctrl Pts',(9.80874999999186,-2.48765797236725,69.8325691450717));
#2600=CARTESIAN_POINT('',(10.19125,-2.4876579723708,69.8325691450693));
#2601=CARTESIAN_POINT('Ctrl Pts',(9.80874999999225,-2.48765797236633,69.8325691450715));
#2602=CARTESIAN_POINT('Ctrl Pts',(9.81743380965852,-2.49267157221502,69.8300673675384));
#2603=CARTESIAN_POINT('Ctrl Pts',(9.82635318883376,-2.49736512939558,69.8277317980721));
#2604=CARTESIAN_POINT('Ctrl Pts',(9.88670305570302,-2.52612061064485,69.8134521980365));
#2605=CARTESIAN_POINT('Ctrl Pts',(9.94454591305724,-2.53890325542326,69.8072208655981));
#2606=CARTESIAN_POINT('Ctrl Pts',(10.0554540869427,-2.53890325542326,69.8072208655981));
#2607=CARTESIAN_POINT('Ctrl Pts',(10.113296944297,-2.52612061064486,69.8134521980365));
#2608=CARTESIAN_POINT('Ctrl Pts',(10.1736468111635,-2.49736512939687,69.8277317980714));
#2609=CARTESIAN_POINT('Ctrl Pts',(10.1825661903362,-2.49267157221781,69.830067367537));
#2610=CARTESIAN_POINT('Ctrl Pts',(10.19125,-2.4876579723708,69.8325691450693));
#2611=CARTESIAN_POINT('',(12.0587499999922,-1.40945634466365,69.8325691450715));
#2612=CARTESIAN_POINT('Ctrl Pts',(10.1912499999997,-2.487657972371,69.8325691450705));
#2613=CARTESIAN_POINT('Ctrl Pts',(10.732728652591,-2.17503512653698,69.9885673969545));
#2614=CARTESIAN_POINT('Ctrl Pts',(11.6188382295376,-1.66343952375537,69.9593063060751));
#2615=CARTESIAN_POINT('Ctrl Pts',(12.058749999992,-1.40945634466383,69.8325691450703));
#2616=CARTESIAN_POINT('',(12.25,-1.07820162771163,69.8325691450693));
#2617=CARTESIAN_POINT('Ctrl Pts',(12.0587499999922,-1.40945634466367,69.8325691450715));
#2618=CARTESIAN_POINT('Ctrl Pts',(12.0674338096587,-1.40444274481539,69.8300673675384));
#2619=CARTESIAN_POINT('Ctrl Pts',(12.0759582389988,-1.39906511445393,69.8277317980721));
#2620=CARTESIAN_POINT('Ctrl Pts',(12.1310361496934,-1.36117833725477,69.8134521980365));
#2621=CARTESIAN_POINT('Ctrl Pts',(12.1710276734762,-1.31747627574773,69.8072208655981));
#2622=CARTESIAN_POINT('Ctrl Pts',(12.2264817604189,-1.22142697967554,69.8072208655981));
#2623=CARTESIAN_POINT('Ctrl Pts',(12.2443330939904,-1.16494227339009,69.8134521980365));
#2624=CARTESIAN_POINT('Ctrl Pts',(12.2496050501649,-1.09830001494465,69.8277317980714));
#2625=CARTESIAN_POINT('Ctrl Pts',(12.25,-1.08822882740562,69.830067367537));
#2626=CARTESIAN_POINT('Ctrl Pts',(12.25,-1.07820162771162,69.8325691450693));
#2627=CARTESIAN_POINT('',(12.25,1.07820162771162,69.8325691450693));
#2628=CARTESIAN_POINT('Ctrl Pts',(12.2500000000013,-1.07820162771207,69.832569145071));
#2629=CARTESIAN_POINT('Ctrl Pts',(12.2500000000013,-0.452955936066207,69.9885673969477));
#2630=CARTESIAN_POINT('Ctrl Pts',(12.2500000000013,0.570235269502466,69.9593063060808));
#2631=CARTESIAN_POINT('Ctrl Pts',(12.2500000000013,1.07820162771206,69.8325691450708));
#2632=CARTESIAN_POINT('',(12.05875,1.40945634465917,69.8325691450693));
#2633=CARTESIAN_POINT('Ctrl Pts',(12.05875,1.40945634465917,69.8325691450693));
#2634=CARTESIAN_POINT('Ctrl Pts',(12.0674338096638,1.40444274481217,69.830067367537));
#2635=CARTESIAN_POINT('Ctrl Pts',(12.0759582390013,1.39906511445221,69.8277317980714));
#2636=CARTESIAN_POINT('Ctrl Pts',(12.1310361496934,1.36117833725476,69.8134521980365));
#2637=CARTESIAN_POINT('Ctrl Pts',(12.1710276734762,1.31747627574772,69.8072208655981));
#2638=CARTESIAN_POINT('Ctrl Pts',(12.2264817604189,1.22142697967553,69.8072208655981));
#2639=CARTESIAN_POINT('Ctrl Pts',(12.2443330939904,1.16494227339008,69.8134521980365));
#2640=CARTESIAN_POINT('Ctrl Pts',(12.2496050501649,1.09830001494464,69.8277317980714));
#2641=CARTESIAN_POINT('Ctrl Pts',(12.25,1.08822882740562,69.830067367537));
#2642=CARTESIAN_POINT('Ctrl Pts',(12.25,1.07820162771161,69.8325691450693));
#2643=CARTESIAN_POINT('',(10.1912500000078,2.48765797236632,69.8325691450715));
#2644=CARTESIAN_POINT('Ctrl Pts',(12.0587499999999,1.40945634465969,69.8325691450678));
#2645=CARTESIAN_POINT('Ctrl Pts',(11.5172713474041,1.72207919049631,69.9885673969541));
#2646=CARTESIAN_POINT('Ctrl Pts',(10.6311617704576,2.23367479327785,69.9593063060749));
#2647=CARTESIAN_POINT('Ctrl Pts',(10.1912500000077,2.48765797236677,69.8325691450723));
#2648=CARTESIAN_POINT('',(9.80874999999999,2.48765797237079,69.8325691450693));
#2649=CARTESIAN_POINT('Ctrl Pts',(9.80874999999998,2.48765797237079,69.8325691450693));
#2650=CARTESIAN_POINT('Ctrl Pts',(9.81743380966381,2.49267157221779,69.830067367537));
#2651=CARTESIAN_POINT('Ctrl Pts',(9.82635318883646,2.49736512939686,69.8277317980714));
#2652=CARTESIAN_POINT('Ctrl Pts',(9.88670305570301,2.52612061064484,69.8134521980365));
#2653=CARTESIAN_POINT('Ctrl Pts',(9.94454591305725,2.53890325542325,69.8072208655981));
#2654=CARTESIAN_POINT('Ctrl Pts',(10.0554540869428,2.53890325542325,69.8072208655981));
#2655=CARTESIAN_POINT('Ctrl Pts',(10.113296944297,2.52612061064485,69.8134521980365));
#2656=CARTESIAN_POINT('Ctrl Pts',(10.1736468111663,2.49736512939556,69.8277317980721));
#2657=CARTESIAN_POINT('Ctrl Pts',(10.1825661903415,2.49267157221499,69.8300673675384));
#2658=CARTESIAN_POINT('Ctrl Pts',(10.1912500000078,2.4876579723663,69.8325691450715));
#2659=CARTESIAN_POINT('',(7.94125000000775,1.40945634466364,69.8325691450715));
#2660=CARTESIAN_POINT('Ctrl Pts',(9.80874999999915,2.48765797237228,69.8325691450693));
#2661=CARTESIAN_POINT('Ctrl Pts',(9.26727134742415,2.17503512654767,69.9885673969476));
#2662=CARTESIAN_POINT('Ctrl Pts',(8.3811617704763,1.66343952376533,69.9593063060807));
#2663=CARTESIAN_POINT('Ctrl Pts',(7.94125000000625,1.40945634466476,69.8325691450743));
#2664=CARTESIAN_POINT('',(7.75,1.07820162771162,69.8325691450693));
#2665=CARTESIAN_POINT('Ctrl Pts',(7.75,1.07820162771161,69.8325691450693));
#2666=CARTESIAN_POINT('Ctrl Pts',(7.75,1.08822882740562,69.830067367537));
#2667=CARTESIAN_POINT('Ctrl Pts',(7.75039494983514,1.09830001494464,69.8277317980714));
#2668=CARTESIAN_POINT('Ctrl Pts',(7.75566690600961,1.16494227339007,69.8134521980365));
#2669=CARTESIAN_POINT('Ctrl Pts',(7.77351823958108,1.22142697967553,69.8072208655981));
#2670=CARTESIAN_POINT('Ctrl Pts',(7.82897232652383,1.31747627574772,69.8072208655981));
#2671=CARTESIAN_POINT('Ctrl Pts',(7.8689638503066,1.36117833725476,69.8134521980365));
#2672=CARTESIAN_POINT('Ctrl Pts',(7.92404176100115,1.39906511445391,69.8277317980721));
#2673=CARTESIAN_POINT('Ctrl Pts',(7.93256619034125,1.40444274481537,69.8300673675384));
#2674=CARTESIAN_POINT('Ctrl Pts',(7.94125000000775,1.40945634466364,69.8325691450715));
#2675=CARTESIAN_POINT('',(7.75,-1.07820162771163,69.8325691450693));
#2676=CARTESIAN_POINT('Ctrl Pts',(7.75000000000031,1.07820162771109,69.8325691450671));
#2677=CARTESIAN_POINT('Ctrl Pts',(7.75000000000031,0.452955936015644,69.9885673969607));
#2678=CARTESIAN_POINT('Ctrl Pts',(7.75000000000031,-0.570235269549749,69.9593063060688));
#2679=CARTESIAN_POINT('Ctrl Pts',(7.75000000000031,-1.07820162771118,69.8325691450673));
#2680=CARTESIAN_POINT('',(7.94125000000001,-1.40945634465918,69.8325691450693));
#2681=CARTESIAN_POINT('Ctrl Pts',(7.75,-1.07820162771162,69.8325691450693));
#2682=CARTESIAN_POINT('Ctrl Pts',(7.75,-1.08822882740563,69.830067367537));
#2683=CARTESIAN_POINT('Ctrl Pts',(7.75039494983514,-1.09830001494465,69.8277317980714));
#2684=CARTESIAN_POINT('Ctrl Pts',(7.75566690600961,-1.16494227339009,69.8134521980364));
#2685=CARTESIAN_POINT('Ctrl Pts',(7.77351823958108,-1.22142697967554,69.8072208655981));
#2686=CARTESIAN_POINT('Ctrl Pts',(7.82897232652383,-1.31747627574773,69.8072208655981));
#2687=CARTESIAN_POINT('Ctrl Pts',(7.86896385030661,-1.36117833725477,69.8134521980365));
#2688=CARTESIAN_POINT('Ctrl Pts',(7.92404176099869,-1.39906511445222,69.8277317980714));
#2689=CARTESIAN_POINT('Ctrl Pts',(7.93256619033619,-1.40444274481218,69.830067367537));
#2690=CARTESIAN_POINT('Ctrl Pts',(7.94125000000002,-1.40945634465919,69.8325691450693));
#2691=CARTESIAN_POINT('Ctrl Pts',(7.94124999999887,-1.40945634465967,69.8325691450722));
#2692=CARTESIAN_POINT('Ctrl Pts',(8.33219331106918,-1.63516757054399,69.945198651));
#2693=CARTESIAN_POINT('Ctrl Pts',(8.68639521291712,-1.83966613392338,69.9679482777569));
#2694=CARTESIAN_POINT('Origin',(12.64612,-2.64612,70.));
#2695=CARTESIAN_POINT('Origin',(9.99564196152422,2.59556009666618,-5.06907123838741));
#2696=CARTESIAN_POINT('',(9.80874999999999,2.48765797237079,44.8325691450693));
#2697=CARTESIAN_POINT('',(7.94125000000001,1.40945634465917,0.167430854930701));
#2698=CARTESIAN_POINT('Origin',(12.2456419615242,1.30155422036379,-5.06907123838741));
#2699=CARTESIAN_POINT('',(12.05875,1.40945634465917,44.8325691450693));
#2700=CARTESIAN_POINT('',(10.19125,2.48765797237079,0.167430854930702));
#2701=CARTESIAN_POINT('Origin',(10.,2.15640325542325,25.5));
#2702=CARTESIAN_POINT('Origin',(11.8675,1.07820162771162,25.4999999999989));
#2703=CARTESIAN_POINT('',(12.25,1.07820162771162,0.167430854930704));
#2704=CARTESIAN_POINT('Origin',(8.1325,1.07820162771162,25.5000000000011));
#2705=CARTESIAN_POINT('',(7.75,1.07820162771162,44.8325691450693));
#2706=CARTESIAN_POINT('Origin',(12.25,-1.293961953259,56.0689430854641));
#2707=CARTESIAN_POINT('',(12.25,-1.07820162771163,44.8325691450693));
#2708=CARTESIAN_POINT('Origin',(7.75,1.29396195325441,-5.0689430854642));
#2709=CARTESIAN_POINT('',(7.75,-1.07820162771163,0.167430854930704));
#2710=CARTESIAN_POINT('Origin',(10.0043580384758,-2.59556009666619,-5.06907123838741));
#2711=CARTESIAN_POINT('',(10.19125,-2.4876579723708,44.8325691450693));
#2712=CARTESIAN_POINT('',(12.05875,-1.40945634465918,0.167430854930701));
#2713=CARTESIAN_POINT('Origin',(7.75435803847501,-1.30155422036335,-5.06907123838746));
#2714=CARTESIAN_POINT('',(7.94125000000001,-1.40945634465918,44.8325691450693));
#2715=CARTESIAN_POINT('',(9.80874999999999,-2.4876579723708,0.167430854930701));
#2716=CARTESIAN_POINT('Origin',(8.1325,-1.07820162771163,25.4999999999989));
#2717=CARTESIAN_POINT('Origin',(10.,-2.15640325542326,25.4999999999989));
#2718=CARTESIAN_POINT('Origin',(11.8675,-1.07820162771163,25.5000000000011));
#2719=UNCERTAINTY_MEASURE_WITH_UNIT(LENGTH_MEASURE(0.01),#2723,
'DISTANCE_ACCURACY_VALUE',
'Maximum model space distance between geometric entities at asserted c
onnectivities');
#2720=UNCERTAINTY_MEASURE_WITH_UNIT(LENGTH_MEASURE(0.01),#2723,
'DISTANCE_ACCURACY_VALUE',
'Maximum model space distance between geometric entities at asserted c
onnectivities');
#2721=(
GEOMETRIC_REPRESENTATION_CONTEXT(3)
GLOBAL_UNCERTAINTY_ASSIGNED_CONTEXT((#2719))
GLOBAL_UNIT_ASSIGNED_CONTEXT((#2723,#2725,#2726))
REPRESENTATION_CONTEXT('','3D')
);
#2722=(
GEOMETRIC_REPRESENTATION_CONTEXT(3)
GLOBAL_UNCERTAINTY_ASSIGNED_CONTEXT((#2720))
GLOBAL_UNIT_ASSIGNED_CONTEXT((#2723,#2725,#2726))
REPRESENTATION_CONTEXT('','3D')
);
#2723=(
LENGTH_UNIT()
NAMED_UNIT(*)
SI_UNIT(.MILLI.,.METRE.)
);
#2724=(
LENGTH_UNIT()
NAMED_UNIT(*)
SI_UNIT(.CENTI.,.METRE.)
);
#2725=(
NAMED_UNIT(*)
PLANE_ANGLE_UNIT()
SI_UNIT($,.RADIAN.)
);
#2726=(
NAMED_UNIT(*)
SI_UNIT($,.STERADIAN.)
SOLID_ANGLE_UNIT()
);
#2727=SHAPE_DEFINITION_REPRESENTATION(#2728,#2729);
#2728=PRODUCT_DEFINITION_SHAPE('',$,#2731);
#2729=SHAPE_REPRESENTATION('',(#627),#2721);
#2730=PRODUCT_DEFINITION_CONTEXT('part definition',#2735,'design');
#2731=PRODUCT_DEFINITION('Standoff M3 M-M H 45mm','spacers for prop',#2732,
#2730);
#2732=PRODUCT_DEFINITION_FORMATION('AFirst version',$,#2737);
#2733=PRODUCT_RELATED_PRODUCT_CATEGORY('spacers for prop',
'spacers for prop',(#2737));
#2734=APPLICATION_PROTOCOL_DEFINITION('international standard',
'automotive_design',2009,#2735);
#2735=APPLICATION_CONTEXT(
'Core Data for Automotive Mechanical Design Process');
#2736=PRODUCT_CONTEXT('part definition',#2735,'mechanical');
#2737=PRODUCT('Standoff M3 M-M H 45mm','spacers for prop',$,(#2736));
#2738=PRESENTATION_STYLE_ASSIGNMENT((#2740));
#2739=PRESENTATION_STYLE_ASSIGNMENT((#2741));
#2740=SURFACE_STYLE_USAGE(.BOTH.,#2746);
#2741=SURFACE_STYLE_USAGE(.BOTH.,#2747);
#2742=SURFACE_STYLE_RENDERING_WITH_PROPERTIES($,#2754,(#2744));
#2743=SURFACE_STYLE_RENDERING_WITH_PROPERTIES($,#2755,(#2745));
#2744=SURFACE_STYLE_TRANSPARENT(0.);
#2745=SURFACE_STYLE_TRANSPARENT(0.);
#2746=SURFACE_SIDE_STYLE('',(#2748,#2742));
#2747=SURFACE_SIDE_STYLE('',(#2749,#2743));
#2748=SURFACE_STYLE_FILL_AREA(#2750);
#2749=SURFACE_STYLE_FILL_AREA(#2751);
#2750=FILL_AREA_STYLE('',(#2752));
#2751=FILL_AREA_STYLE('',(#2753));
#2752=FILL_AREA_STYLE_COLOUR('',#2754);
#2753=FILL_AREA_STYLE_COLOUR('',#2755);
#2754=COLOUR_RGB('',0.92156862745098,0.92156862745098,0.92156862745098);
#2755=COLOUR_RGB('',0.901960784313726,0.901960784313726,0.901960784313726);
ENDSEC;
END-ISO-10303-21;
